ST_CASE,VEH_NO,PER_NO,YEAR,P1,P2,P3,P4,P5,P6,P7,P8,P9,P10
10578,2,1,1984,13,13,13,13,13,13,13,13,13,13
10579,1,1,1984,0,0,0,0,0,0,0,0,0,0
10580,1,1,1984,35,35,35,35,35,35,35,35,35,35
10581,1,1,1984,17,17,17,17,17,17,17,17,17,17
10582,1,1,1984,16,16,16,16,16,16,16,16,16,16
10583,1,1,1984,0,0,0,0,0,0,0,0,0,0
10584,1,1,1984,6,6,6,6,6,6,6,6,6,6
10585,1,1,1984,8,8,8,8,8,8,8,8,8,8
10586,1,1,1984,27,27,27,27,27,27,27,27,27,27
10587,1,1,1984,0,0,0,0,0,0,0,0,0,0
10588,1,1,1984,19,19,19,19,19,19,19,19,19,19
10589,1,1,1984,27,13,9,8,31,4,11,7,20,27
10590,1,1,1984,17,17,17,17,17,17,17,17,17,17
10591,1,1,1984,0,0,0,0,0,0,0,0,0,0
10592,1,1,1984,0,0,0,5,0,0,0,9,0,0
10593,1,1,1984,0,0,0,0,0,0,0,0,0,0
10594,1,1,1984,0,0,0,0,0,0,0,0,0,0
10594,2,1,1984,0,0,0,0,0,0,0,0,10,0
10595,1,1,1984,0,18,0,0,0,0,0,0,23,0
10595,2,1,1984,0,0,0,0,17,0,0,0,0,0
10596,1,1,1984,0,0,0,0,0,0,0,0,0,0
10596,2,1,1984,0,0,0,0,0,0,0,0,0,0
10597,1,1,1984,8,0,0,0,0,0,0,17,0,0
10597,2,1,1984,0,0,0,0,0,0,0,0,8,0
10598,1,1,1984,29,29,29,29,29,29,29,29,29,29
10599,0,1,1984,0,0,0,0,0,0,0,0,0,0
10599,1,1,1984,0,0,0,0,0,0,14,0,0,0
10600,0,1,1984,0,23,0,0,34,9,0,13,0,16
10600,1,1,1984,0,0,0,0,0,0,0,0,0,0
10600,2,1,1984,0,0,0,0,0,0,0,0,0,0
10601,1,1,1984,0,0,0,0,10,0,0,0,0,0
10601,2,1,1984,0,0,0,0,0,0,0,0,0,0
10602,1,1,1984,0,0,0,0,0,0,0,0,0,0
10603,1,1,1984,20,20,20,20,20,20,20,20,20,20
10604,1,1,1984,11,9,20,16,27,12,0,18,6,33
10605,1,1,1984,17,17,17,17,17,17,17,17,17,17
10606,1,1,1984,0,0,14,0,0,17,13,0,0,0
10607,1,1,1984,8,20,13,14,18,13,7,10,8,17
10608,1,1,1984,0,0,0,0,0,0,0,0,0,0
10609,1,1,1984,11,11,11,11,11,11,11,11,11,11
10610,1,1,1984,0,0,0,0,0,0,0,0,0,0
10611,1,1,1984,15,15,15,15,15,15,15,15,15,15
10612,0,1,1984,0,0,0,0,0,0,0,11,0,0
10612,1,1,1984,22,0,0,0,0,0,0,0,0,0
10613,1,1,1984,0,0,0,0,23,0,0,16,0,0
10614,1,1,1984,13,13,13,13,13,13,13,13,13,13
10615,1,1,1984,0,0,0,0,0,0,0,0,0,0
10616,1,1,1984,12,12,12,12,12,12,12,12,12,12
10617,0,1,1984,16,16,16,16,16,16,16,16,16,16
10617,1,1,1984,4,0,11,0,0,0,0,0,0,0
10618,1,1,1984,16,16,16,16,16,16,16,16,16,16
10618,2,1,1984,0,3,0,0,0,0,0,0,0,0
10619,1,1,1984,0,0,13,17,0,9,23,0,0,21
10619,2,1,1984,18,0,0,0,0,0,0,0,0,0
10619,3,1,1984,9,2,18,22,21,16,0,5,19,10
10620,1,1,1984,0,0,0,0,0,0,0,0,0,0
10620,2,1,1984,23,23,23,23,23,23,23,23,23,23
10621,0,1,1984,7,7,7,7,7,7,7,7,7,7
10621,1,1,1984,25,32,10,21,6,16,14,15,0,9
10622,1,1,1984,26,8,8,20,11,11,14,24,10,12
10622,2,1,1984,5,5,5,5,5,5,5,5,5,5
10623,1,1,1984,12,6,0,17,21,17,0,17,10,0
10624,0,1,1984,29,16,10,26,17,12,18,15,28,8
10624,1,1,1984,0,0,0,0,0,19,0,0,0,0
10625,1,1,1984,0,0,0,0,0,0,0,0,0,0
10625,2,1,1984,0,0,0,0,0,0,0,0,0,0
10626,1,1,1984,6,6,6,6,6,6,6,6,6,6
10627,1,1,1984,22,20,24,27,33,21,15,13,34,30
10628,1,1,1984,15,15,15,15,15,15,15,15,15,15
10629,1,1,1984,22,19,21,30,21,23,24,6,18,20
10630,1,1,1984,0,0,0,0,0,0,0,0,0,0
10631,1,1,1984,0,0,0,0,14,0,0,0,0,9
10632,1,1,1984,0,0,0,27,0,0,0,0,0,0
10632,2,1,1984,0,0,5,0,0,0,0,0,0,0
10633,1,1,1984,0,0,0,0,0,0,0,0,0,0
10634,1,1,1984,0,18,0,0,0,0,0,12,0,0
10634,2,1,1984,0,0,0,0,0,0,0,0,0,0
10635,0,1,1984,0,16,0,0,0,0,0,0,0,0
10635,1,1,1984,0,0,0,0,0,0,10,0,15,0
10636,1,1,1984,20,20,20,20,20,20,20,20,20,20
10637,1,1,1984,10,10,10,10,10,10,10,10,10,10
10637,2,1,1984,0,23,20,0,0,14,13,20,0,24
10638,1,1,1984,18,18,18,18,18,18,18,18,18,18
10639,1,1,1984,16,16,16,16,16,16,16,16,16,16
10640,1,1,1984,22,22,22,22,22,22,22,22,22,22
10641,1,1,1984,0,0,0,0,0,0,0,0,0,0
10641,2,1,1984,15,15,15,15,15,15,15,15,15,15
10642,1,1,1984,3,3,3,3,3,3,3,3,3,3
10643,1,1,1984,0,0,0,0,15,0,0,0,0,0
10643,2,1,1984,1,1,1,1,1,1,1,1,1,1
10644,1,1,1984,0,0,0,0,0,0,0,0,0,0
10644,2,1,1984,0,0,0,0,0,15,0,0,0,0
10645,0,1,1984,25,23,15,24,10,17,16,29,17,17
10645,1,1,1984,0,0,0,0,0,0,0,28,0,0
10646,1,1,1984,29,29,29,29,29,29,29,29,29,29
10646,2,1,1984,0,0,0,0,0,0,0,0,0,0
10647,1,1,1984,19,19,19,19,19,19,19,19,19,19
10647,2,3,1984,0,0,0,0,0,0,0,0,0,0
10648,1,1,1984,5,5,5,5,5,5,5,5,5,5
10648,2,1,1984,0,0,0,0,0,1,0,0,6,0
10649,1,1,1984,0,0,0,0,0,0,0,0,0,0
10649,2,1,1984,0,0,0,0,0,0,0,0,0,0
10650,1,1,1984,21,21,21,21,21,21,21,21,21,21
10651,1,1,1984,23,23,23,23,23,23,23,23,23,23
10652,1,1,1984,10,10,10,10,10,10,10,10,10,10
10653,1,1,1984,0,0,0,0,0,0,0,17,0,26
10654,1,1,1984,0,0,0,0,0,13,0,0,0,0
10654,2,1,1984,23,23,23,23,23,23,23,23,23,23
10655,1,1,1984,0,0,0,0,0,0,0,0,0,0
10656,1,1,1984,1,1,1,1,1,1,1,1,1,1
10656,2,1,1984,0,0,0,0,0,0,0,0,0,0
10657,1,1,1984,12,17,5,14,18,5,6,19,16,14
10658,1,1,1984,0,0,0,9,0,0,0,0,0,0
10659,1,1,1984,0,0,0,0,0,0,0,0,0,0
10659,2,1,1984,0,0,0,0,0,0,0,0,0,0
10660,1,1,1984,28,28,28,28,28,28,28,28,28,28
10661,1,1,1984,13,13,13,13,13,13,13,13,13,13
10662,1,1,1984,0,0,0,0,0,0,0,0,0,0
10662,2,1,1984,0,0,0,16,14,0,0,0,6,0
10663,1,1,1984,0,0,12,0,0,0,0,0,0,0
10663,2,1,1984,0,0,0,0,6,0,5,0,0,0
10664,1,1,1984,21,11,0,12,24,0,6,17,15,33
10665,0,1,1984,0,0,0,0,0,0,0,0,0,0
10665,1,1,1984,21,14,0,28,12,0,0,16,1,8
10666,1,1,1984,0,0,0,0,0,0,0,0,0,0
10667,1,1,1984,14,14,14,14,14,14,14,14,14,14
10668,1,1,1984,20,0,0,5,46,0,22,27,0,36
10669,1,1,1984,0,0,0,0,11,0,0,0,0,0
10670,1,1,1984,16,16,16,16,16,16,16,16,16,16
10671,1,1,1984,0,0,6,0,0,0,0,0,0,0
10671,2,1,1984,0,0,0,0,0,0,0,0,0,0
10671,3,1,1984,0,0,0,0,0,0,0,0,0,0
10672,1,1,1984,18,16,18,24,27,15,15,0,0,16
10673,1,1,1984,24,24,24,24,24,24,24,24,24,24
10674,1,1,1984,23,23,23,23,23,23,23,23,23,23
10675,1,1,1984,14,9,25,0,12,14,23,25,20,14
10676,1,1,1984,21,13,25,6,25,17,17,29,22,40
10677,1,1,1984,29,29,29,29,29,29,29,29,29,29
10678,1,1,1984,7,12,0,14,43,13,22,14,23,16
10679,1,1,1984,0,0,0,0,0,0,0,0,0,0
10680,1,1,1984,17,17,17,17,17,17,17,17,17,17
10681,1,1,1984,0,0,0,0,0,0,0,0,0,0
10681,2,1,1984,0,0,0,0,0,0,8,0,0,0
10682,1,1,1984,0,0,0,0,0,0,0,0,0,0
10682,2,1,1984,0,0,0,0,0,0,0,0,0,14
10683,0,1,1984,21,21,21,21,21,21,21,21,21,21
10683,1,1,1984,21,21,21,21,21,21,21,21,21,21
10684,1,1,1984,32,28,20,32,18,28,21,12,8,23
10685,1,1,1984,0,0,0,0,0,0,0,0,0,0
10685,2,1,1984,0,0,0,0,0,0,0,0,0,10
10686,1,1,1984,0,8,2,16,12,0,16,9,10,11
10687,1,1,1984,0,30,13,8,26,20,29,31,25,34
10688,1,1,1984,0,0,0,0,0,0,0,0,0,0
10688,2,1,1984,3,3,3,3,3,3,3,3,3,3
10689,1,1,1984,38,38,38,38,38,38,38,38,38,38
10690,1,1,1984,21,21,21,21,21,21,21,21,21,21
10691,1,1,1984,12,0,0,0,0,0,0,0,0,0
10691,2,1,1984,0,0,0,0,0,21,0,0,0,0
10692,0,1,1984,0,0,0,0,0,0,0,12,0,0
10692,1,1,1984,0,0,0,0,0,0,0,0,5,0
10693,1,1,1984,0,0,0,0,0,0,0,0,0,0
10693,2,1,1984,0,0,0,0,0,0,0,0,0,0
10694,0,1,1984,0,0,0,0,0,0,0,0,0,0
10694,1,1,1984,0,0,0,0,0,0,0,0,0,0
10695,1,1,1984,12,17,27,12,14,24,22,15,30,35
10696,1,1,1984,37,10,13,26,25,17,25,0,12,16
10697,1,1,1984,12,0,29,16,14,13,32,17,14,24
10698,1,1,1984,0,0,0,0,0,0,0,0,0,0
10698,2,1,1984,0,0,0,0,0,0,0,0,0,0
10699,1,1,1984,0,0,0,0,0,0,0,0,0,0
10700,1,1,1984,27,27,27,27,27,27,27,27,27,27
10701,1,1,1984,25,25,25,25,25,25,25,25,25,25
10702,1,1,1984,5,0,0,0,0,0,5,0,0,0
10702,2,1,1984,0,0,0,0,0,0,0,0,0,0
10703,1,1,1984,0,0,0,0,10,15,0,0,0,0
10703,2,1,1984,0,0,0,0,0,0,0,0,0,0
10704,0,1,1984,0,0,0,0,0,0,0,0,0,0
10704,1,1,1984,0,0,0,0,0,0,0,0,0,0
10705,1,1,1984,0,0,0,0,0,0,0,0,0,0
10705,2,1,1984,0,0,12,0,0,0,0,0,0,0
10706,1,1,1984,33,33,33,33,33,33,33,33,33,33
10707,0,1,1984,0,0,0,0,8,11,0,0,0,0
10707,1,1,1984,0,0,0,0,0,0,0,0,0,0
10708,0,1,1984,0,0,0,0,0,0,0,0,0,0
10708,1,1,1984,17,10,16,10,15,14,5,17,21,27
10709,1,1,1984,13,20,16,11,18,10,10,18,6,12
10710,1,1,1984,0,0,0,0,0,0,0,0,0,0
10711,1,1,1984,7,0,0,0,0,0,0,0,0,20
10712,1,1,1984,0,0,0,0,0,0,0,0,0,0
10712,2,1,1984,0,0,0,0,0,0,0,0,0,0
10713,2,1,1984,0,0,16,7,8,19,0,15,21,14
10714,1,1,1984,0,0,0,0,0,0,0,0,14,0
10714,2,1,1984,13,13,13,13,13,13,13,13,13,13
10715,1,1,1984,0,0,0,0,0,0,0,0,0,0
10715,2,1,1984,0,0,0,0,0,0,0,0,0,0
10716,0,1,1984,0,0,0,0,16,0,0,0,0,7
10716,1,1,1984,0,0,0,0,0,0,0,0,0,0
10717,1,1,1984,0,0,0,0,0,0,0,0,0,0
10718,1,1,1984,0,0,0,0,0,0,0,0,0,0
10719,0,1,1984,14,0,0,21,0,0,10,0,0,0
10719,1,1,1984,0,0,0,0,0,0,0,0,14,0
10720,1,1,1984,22,22,22,22,22,22,22,22,22,22
10721,1,1,1984,0,0,0,0,0,0,0,0,0,0
10721,2,1,1984,0,0,0,0,0,0,0,0,0,0
10722,1,1,1984,0,0,0,0,0,0,0,0,0,0
10723,0,1,1984,23,0,0,0,5,0,29,0,23,0
10723,1,1,1984,0,0,0,0,0,0,0,0,0,0
10724,1,1,1984,0,0,0,0,0,0,0,0,0,0
10725,1,1,1984,0,0,0,0,0,0,0,0,0,0
10726,0,1,1984,0,0,0,0,0,0,0,0,0,0
10726,1,1,1984,15,0,0,0,0,0,0,0,0,0
10727,1,1,1984,0,0,0,0,0,0,0,12,11,0
10728,1,1,1984,0,0,0,0,0,0,0,0,0,0
10729,1,1,1984,15,15,15,15,15,15,15,15,15,15
10730,0,1,1984,0,0,0,0,0,0,0,0,0,0
10730,1,1,1984,0,0,0,0,0,0,0,0,0,0
10731,1,1,1984,0,0,0,0,0,0,0,0,0,0
10731,2,1,1984,0,0,0,0,0,0,0,0,0,0
10731,3,1,1984,0,0,0,0,0,0,0,0,0,0
10731,4,1,1984,0,0,0,0,0,0,0,0,0,0
10732,1,1,1984,12,12,4,5,26,17,26,22,21,14
10732,2,1,1984,15,15,12,8,0,12,14,22,0,8
10732,3,1,1984,0,0,0,0,0,0,0,0,0,0
10733,1,1,1984,9,0,0,0,0,12,0,13,16,0
10733,2,1,1984,0,0,0,0,0,6,0,0,18,0
10734,1,1,1984,0,0,0,0,0,0,0,0,0,0
10735,1,1,1984,0,0,0,11,0,0,0,11,0,0
10735,2,1,1984,0,0,0,0,0,0,0,0,0,0
10736,1,1,1984,48,48,48,48,48,48,48,48,48,48
10737,1,1,1984,19,19,19,19,19,19,19,19,19,19
10737,2,1,1984,0,0,0,0,0,0,0,0,19,0
10737,3,1,1984,0,0,0,0,0,0,0,0,0,0
10738,1,1,1984,0,0,0,0,0,0,0,0,0,0
10738,2,1,1984,7,13,6,7,13,17,4,21,21,18
10739,1,1,1984,0,0,0,0,0,0,0,0,0,0
10740,1,1,1984,0,0,0,0,0,0,0,0,0,10
10740,2,1,1984,0,0,0,0,0,0,0,0,0,0
10741,1,1,1984,0,0,0,0,0,0,0,0,0,11
10741,2,1,1984,0,0,0,0,0,0,0,0,0,0
10742,1,1,1984,0,0,10,0,0,0,0,0,0,0
10742,2,1,1984,17,17,17,17,17,17,17,17,17,17
10743,1,1,1984,0,12,0,20,16,0,0,11,0,0
10743,2,1,1984,0,0,9,24,11,0,0,0,0,0
10744,1,1,1984,0,0,0,0,0,0,0,11,0,0
10745,1,1,1984,8,8,8,8,8,8,8,8,8,8
10745,2,1,1984,0,0,0,0,0,3,0,0,0,0
10746,1,1,1984,0,0,0,0,0,0,0,0,0,0
10746,2,1,1984,0,0,0,0,0,0,0,0,0,0
10747,1,1,1984,0,0,0,0,0,0,0,18,0,0
10748,1,1,1984,0,0,0,0,0,0,0,0,0,0
10748,2,1,1984,0,0,0,0,0,10,0,0,0,0
10748,3,1,1984,0,0,0,0,0,0,0,0,0,0
10749,1,1,1984,15,15,15,15,15,15,15,15,15,15
10749,2,1,1984,0,0,0,0,0,0,0,0,0,0
10750,1,1,1984,16,16,16,16,16,16,16,16,16,16
10750,2,1,1984,19,0,10,0,0,0,12,0,12,0
10751,0,1,1984,17,15,27,26,25,0,23,23,22,0
10751,1,1,1984,0,0,0,0,0,0,18,0,0,0
10752,1,1,1984,10,11,22,0,17,18,27,10,26,0
10753,1,1,1984,0,0,0,0,0,0,0,0,0,0
10753,2,1,1984,0,0,0,0,0,0,0,0,0,0
10754,1,1,1984,0,0,0,0,0,0,0,0,0,0
10754,2,1,1984,13,0,0,4,0,0,0,0,0,0
10755,1,1,1984,7,7,7,7,7,7,7,7,7,7
10756,1,1,1984,14,0,0,0,0,21,6,0,0,19
10757,1,1,1984,12,6,19,0,10,2,15,0,22,10
10757,2,1,1984,0,0,0,0,0,0,0,0,0,0
10758,1,1,1984,0,0,0,0,0,0,0,0,0,0
10758,2,1,1984,0,0,0,0,0,0,0,0,0,0
10759,1,1,1984,24,24,24,24,24,24,24,24,24,24
10760,1,1,1984,10,8,19,0,0,28,5,15,20,16
10761,1,1,1984,0,0,0,0,0,0,0,0,0,9
10762,0,1,1984,40,14,0,16,31,34,8,17,29,24
10762,1,1,1984,0,0,0,0,0,0,0,0,0,10
10762,2,1,1984,17,0,0,0,0,0,0,0,9,0
10763,1,1,1984,30,30,30,30,30,30,30,30,30,30
10764,1,1,1984,2,2,2,2,2,2,2,2,2,2
10765,1,1,1984,0,0,0,0,0,0,0,0,0,0
10765,2,1,1984,0,0,0,0,0,0,0,0,0,0
10766,1,1,1984,10,10,10,10,10,10,10,10,10,10
10767,1,1,1984,22,22,22,22,22,22,22,22,22,22
10767,2,1,1984,0,10,0,0,21,7,0,11,6,10
10768,1,1,1984,0,0,0,0,0,0,0,0,0,0
10768,2,1,1984,0,0,0,0,0,0,0,0,21,0
10769,0,1,1984,0,0,0,0,0,0,0,0,0,0
10769,1,1,1984,0,0,0,0,0,0,0,0,0,0
10770,0,1,1984,18,0,11,17,12,17,7,38,21,13
10770,1,1,1984,0,0,0,28,0,0,24,0,0,0
10771,1,1,1984,36,21,8,11,6,6,9,21,12,8
10771,2,1,1984,0,0,0,0,9,0,0,0,0,5
10771,3,1,1984,0,30,0,0,0,0,0,0,0,0
10772,1,1,1984,0,0,0,0,0,0,0,0,0,0
10772,2,1,1984,0,0,0,0,0,0,0,0,0,0
10773,1,1,1984,13,13,13,13,13,13,13,13,13,13
10773,2,1,1984,0,0,0,0,0,0,0,0,0,0
10774,1,1,1984,0,0,0,0,0,0,0,0,0,0
10775,1,1,1984,0,0,0,0,0,0,0,0,11,0
10775,2,1,1984,17,25,18,12,12,15,13,18,28,6
10776,0,1,1984,0,0,0,0,0,0,0,0,0,0
10776,1,1,1984,0,11,0,0,0,0,0,0,0,0
10777,1,1,1984,17,0,0,27,9,19,0,0,14,0
10777,2,1,1984,0,0,0,0,0,0,0,0,0,0
10778,0,1,1984,25,25,25,25,25,25,25,25,25,25
10778,1,1,1984,27,0,0,0,0,0,0,0,0,0
10779,1,1,1984,14,14,14,14,14,14,14,14,14,14
10779,2,1,1984,0,0,0,0,19,0,0,0,0,0
10780,1,1,1984,8,8,8,8,8,8,8,8,8,8
10781,1,1,1984,0,0,0,0,0,0,0,0,0,0
10781,2,1,1984,0,0,0,0,0,0,0,0,0,0
10782,1,1,1984,0,0,0,0,0,0,0,0,0,0
10783,1,1,1984,0,0,0,0,0,0,0,0,0,0
10783,2,1,1984,30,30,30,30,30,30,30,30,30,30
10784,1,1,1984,11,0,7,0,0,0,0,20,0,0
10784,2,1,1984,0,0,0,0,0,0,0,0,0,0
10785,1,1,1984,0,0,0,0,0,0,0,0,0,0
10786,1,1,1984,26,22,15,0,45,18,18,0,23,16
10787,1,1,1984,0,0,0,0,0,0,0,0,0,0
10787,2,1,1984,0,0,0,0,13,0,0,0,0,0
10788,1,1,1984,0,0,0,0,0,0,0,0,0,0
10788,2,1,1984,2,2,2,2,2,2,2,2,2,2
10789,1,1,1984,18,18,18,18,18,18,18,18,18,18
10790,1,1,1984,16,16,16,16,16,16,16,16,16,16
10791,1,1,1984,13,13,13,13,13,13,13,13,13,13
10792,1,1,1984,13,13,13,13,13,13,13,13,13,13
10793,0,1,1984,0,0,0,0,0,0,0,0,0,0
10793,1,1,1984,0,0,0,0,0,0,0,0,0,0
10794,1,1,1984,11,11,11,11,11,11,11,11,11,11
10795,0,1,1984,0,0,0,0,0,0,0,0,0,0
10795,1,1,1984,0,0,0,0,0,0,0,0,0,0
10796,1,1,1984,20,20,20,20,20,20,20,20,20,20
10797,1,1,1984,22,22,22,22,22,22,22,22,22,22
10798,0,1,1984,0,0,12,0,0,27,0,0,0,0
10798,1,1,1984,0,0,0,0,0,0,1,0,0,0
10799,1,1,1984,18,18,18,18,18,18,18,18,18,18
10799,2,1,1984,12,12,12,12,12,12,12,12,12,12
10800,1,1,1984,18,12,8,28,0,11,8,28,0,0
10801,1,1,1984,0,0,0,0,0,18,0,32,0,8
10801,2,1,1984,0,0,0,0,17,0,0,0,0,0
10802,1,1,1984,5,5,5,5,5,5,5,5,5,5
10802,2,1,1984,0,0,0,0,0,0,14,0,0,0
10803,0,1,1984,31,31,31,31,31,31,31,31,31,31
10803,1,1,1984,0,0,0,8,0,0,0,0,0,0
10804,0,1,1984,22,20,0,0,17,19,17,18,8,21
10804,1,1,1984,0,0,0,0,0,0,0,0,0,0
10805,1,1,1984,0,0,0,0,0,0,0,0,0,13
10805,2,1,1984,0,0,0,0,0,0,12,0,0,0
10806,1,1,1984,20,20,20,20,20,20,20,20,20,20
10807,1,1,1984,3,3,3,3,3,3,3,3,3,3
10807,2,1,1984,0,0,0,0,0,0,0,0,0,0
10808,1,1,1984,0,0,24,0,0,0,0,29,0,0
10809,0,1,1984,0,0,0,0,0,0,0,0,0,0
10809,1,1,1984,0,9,0,0,0,0,0,0,0,0
10810,1,1,1984,0,0,0,0,0,0,0,0,0,0
10810,2,1,1984,13,13,13,13,13,13,13,13,13,13
10811,1,1,1984,26,26,17,19,18,18,18,21,7,11
10812,1,1,1984,0,0,0,0,0,0,0,0,0,0
10812,2,1,1984,0,0,0,0,0,0,0,0,0,0
10813,1,1,1984,0,7,0,8,0,0,0,0,0,0
10813,2,1,1984,19,19,19,19,19,19,19,19,19,19
10814,1,1,1984,19,7,0,6,13,0,0,0,24,0
10814,2,1,1984,0,0,0,0,0,0,0,0,0,0
10814,3,1,1984,0,0,0,0,0,0,0,0,0,0
10815,1,1,1984,25,16,29,29,16,12,10,28,17,18
10816,0,1,1984,0,0,0,0,0,0,0,0,0,0
10816,1,1,1984,17,12,33,0,0,0,9,0,21,0
10817,1,1,1984,0,26,0,0,0,0,21,0,0,0
10818,1,1,1984,9,17,10,31,18,22,39,31,18,20
10819,1,1,1984,17,40,0,0,0,0,0,0,22,0
10820,0,1,1984,21,0,0,0,19,0,0,0,0,10
10820,0,2,1984,0,0,0,0,0,0,0,0,0,0
10820,1,1,1984,0,0,0,0,0,0,0,0,0,0
10821,0,1,1984,18,18,18,18,18,18,18,18,18,18
10821,1,1,1984,0,0,0,0,0,0,0,0,0,0
10822,1,1,1984,0,0,0,33,0,0,0,8,11,0
10822,2,1,1984,0,0,0,0,0,0,0,0,0,0
10823,1,1,1984,23,16,0,0,16,14,7,0,22,12
10824,1,1,1984,0,0,0,20,0,34,0,0,0,0
20001,1,1,1984,0,0,0,0,0,0,0,0,0,0
20001,2,1,1984,25,25,25,25,25,25,25,25,25,25
20002,0,1,1984,0,0,0,0,0,0,0,0,0,0
20002,1,1,1984,0,0,0,0,0,0,0,0,0,0
20003,1,1,1984,0,0,0,0,0,14,0,6,0,0
20004,1,1,1984,23,7,15,26,16,19,17,0,7,29
20005,1,1,1984,11,0,15,0,16,0,15,5,18,0
20006,1,1,1984,0,0,0,0,0,0,0,0,0,0
20006,2,1,1984,0,0,0,0,0,0,0,0,0,0
20007,0,1,1984,36,17,23,48,0,14,27,0,12,16
20007,1,1,1984,8,8,8,8,8,8,8,8,8,8
20008,1,1,1984,0,0,0,0,0,0,0,0,0,0
20008,2,1,1984,0,10,7,11,8,24,3,9,12,6
20009,0,1,1984,0,0,0,0,0,0,0,0,0,0
20009,1,1,1984,0,0,0,0,0,0,0,0,0,0
20010,0,1,1984,0,24,0,0,0,26,0,0,0,0
20010,1,1,1984,19,19,19,19,19,19,19,19,19,19
20011,1,1,1984,20,20,20,20,20,20,20,20,20,20
20012,1,1,1984,0,0,0,0,0,0,0,12,0,0
20012,2,1,1984,17,0,0,0,0,0,16,0,0,0
20013,0,1,1984,8,0,0,0,0,0,0,0,0,26
20013,1,1,1984,0,0,0,0,0,0,0,0,7,0
20014,1,1,1984,0,0,0,0,0,0,0,0,0,0
20014,2,1,1984,36,36,36,36,36,36,36,36,36,36
20015,0,1,1984,27,17,32,25,40,15,0,20,36,10
20015,1,1,1984,0,0,0,0,0,16,0,0,0,0
20016,1,1,1984,0,29,22,22,20,0,0,0,0,29
20017,1,1,1984,0,0,0,0,0,0,0,0,0,0
20017,2,1,1984,0,7,0,0,0,0,4,0,21,0
20018,1,1,1984,0,0,0,0,0,0,0,0,0,0
20018,2,1,1984,0,0,0,0,0,0,0,0,0,0
20019,1,1,1984,7,7,7,7,7,7,7,7,7,7
20019,2,1,1984,22,22,22,22,22,22,22,22,22,22
20020,1,1,1984,14,15,0,0,0,0,0,0,6,0
20020,2,1,1984,0,0,0,0,0,0,0,0,0,0
20020,3,1,1984,0,0,0,0,0,0,0,0,0,0
20020,4,1,1984,0,0,0,0,0,0,0,0,0,0
20021,1,1,1984,11,20,13,11,20,15,7,8,4,20
20022,1,1,1984,0,0,0,0,0,0,0,0,0,0
20022,2,1,1984,0,0,0,0,0,0,0,0,0,0
20023,1,1,1984,9,19,18,23,19,28,24,11,21,14
20024,1,1,1984,0,0,0,0,0,0,0,0,0,0
20025,1,1,1984,20,21,10,12,24,9,18,20,13,12
20026,0,1,1984,21,21,21,21,21,21,21,21,21,21
20026,1,1,1984,15,15,15,15,15,15,15,15,15,15
20027,0,1,1984,0,0,0,0,0,0,0,0,0,0
20027,1,1,1984,0,0,0,0,0,0,0,0,0,0
20027,2,1,1984,0,22,0,0,0,0,0,0,0,0
20028,1,1,1984,0,0,10,23,10,19,6,17,13,18
20029,1,1,1984,18,18,18,18,18,18,18,18,18,18
20030,1,1,1984,0,14,13,0,14,0,19,0,0,37
20031,1,1,1984,10,20,17,5,13,24,16,23,30,11
20032,0,1,1984,0,0,0,0,0,0,0,0,0,0
20032,1,1,1984,0,0,0,0,0,0,0,0,0,0
20033,0,1,1984,0,10,0,12,28,23,10,29,0,0
20033,1,1,1984,10,27,0,20,0,0,0,0,0,0
20034,1,1,1984,1,1,1,1,1,1,1,1,1,1
20035,1,1,1984,22,22,22,22,22,22,22,22,22,22
20036,1,1,1984,18,17,6,32,14,17,19,13,22,31
20037,1,1,1984,34,34,34,34,34,34,34,34,34,34
20038,1,1,1984,10,26,15,24,14,23,0,14,14,15
20039,1,1,1984,0,0,0,0,32,0,18,13,0,20
20040,0,1,1984,0,0,0,0,0,0,0,0,0,0
20040,1,1,1984,0,0,0,0,0,0,0,0,0,0
20041,1,1,1984,0,0,0,0,0,0,0,0,0,0
20041,2,1,1984,0,0,0,0,0,0,0,0,0,0
20042,1,1,1984,25,25,25,25,25,25,25,25,25,25
20043,1,1,1984,9,9,9,9,9,9,9,9,9,9
20043,2,1,1984,0,0,0,0,0,0,0,0,0,0
20044,1,1,1984,20,20,20,20,20,20,20,20,20,20
20045,1,1,1984,25,8,0,12,24,11,27,24,24,27
20045,2,1,1984,0,0,0,0,0,0,0,0,0,0
20046,1,1,1984,0,0,0,17,0,15,0,30,0,0
20047,1,1,1984,25,25,25,25,25,25,25,25,25,25
20048,0,1,1984,0,0,0,0,0,0,0,0,0,0
20048,1,1,1984,0,0,0,0,0,0,21,0,0,0
20049,1,1,1984,14,14,14,14,14,14,14,14,14,14
20050,1,1,1984,0,0,0,0,8,0,0,0,0,0
20050,2,1,1984,13,13,13,13,13,13,13,13,13,13
20051,0,1,1984,0,0,0,0,0,0,0,0,0,0
20051,1,1,1984,0,0,0,0,0,0,0,0,0,0
20052,1,1,1984,11,7,12,8,24,7,10,6,13,4
20052,2,1,1984,7,7,7,7,7,7,7,7,7,7
20053,1,1,1984,28,0,32,19,32,0,0,13,26,22
20054,1,1,1984,0,0,0,0,0,0,0,0,0,0
20054,2,1,1984,4,4,4,4,4,4,4,4,4,4
20055,1,1,1984,0,0,0,0,0,0,0,0,0,0
20055,2,1,1984,0,0,0,0,0,0,0,0,0,0
20055,3,1,1984,0,0,0,0,0,0,0,0,0,0
20056,0,1,1984,0,0,0,0,0,0,0,0,0,0
20056,1,1,1984,0,0,0,0,0,0,0,0,0,0