ST_CASE,VEH_NO,PER_NO,YEAR,P1,P2,P3,P4,P5,P6,P7,P8,P9,P10
20057,1,1,1984,13,0,13,32,17,21,15,22,24,23
20058,1,1,1984,26,8,7,0,11,21,14,17,12,0
20059,1,1,1984,0,0,13,0,0,21,0,0,30,0
20060,0,1,1984,0,0,0,0,0,11,0,0,0,0
20060,0,2,1984,23,0,0,0,0,9,0,0,0,0
20060,0,3,1984,0,0,0,0,0,0,0,0,0,0
20060,0,4,1984,0,0,0,0,0,0,0,0,0,0
20060,1,1,1984,0,0,0,0,0,0,0,0,0,0
20061,0,1,1984,0,0,0,0,0,16,0,0,0,16
20061,1,1,1984,1,1,1,1,1,1,1,1,1,1
20062,1,1,1984,9,9,9,9,9,9,9,9,9,9
20063,1,1,1984,12,12,12,12,12,12,12,12,12,12
20063,2,1,1984,0,0,0,18,0,0,0,0,0,0
20064,1,1,1984,0,0,7,0,0,0,0,10,0,28
20064,2,1,1984,0,0,0,0,0,0,0,0,0,0
20065,1,1,1984,23,23,23,23,23,23,23,23,23,23
20066,1,1,1984,0,0,0,22,0,10,0,0,0,0
20067,1,1,1984,0,0,0,0,0,0,0,0,0,0
20067,2,1,1984,0,0,0,0,0,0,15,0,0,0
20068,1,1,1984,0,0,0,0,0,0,0,0,0,0
20068,2,1,1984,0,9,0,0,0,0,0,0,0,0
20068,3,1,1984,0,0,0,0,0,0,0,0,0,0
20069,1,1,1984,0,0,0,0,0,0,0,0,0,0
20069,2,1,1984,0,0,0,0,0,0,0,0,0,0
20070,1,1,1984,0,0,0,0,0,0,0,0,0,0
20070,2,1,1984,0,0,0,0,0,0,0,0,0,0
20071,1,1,1984,0,0,0,0,0,0,0,0,0,0
20071,2,1,1984,0,0,0,0,0,0,0,0,0,0
20072,1,1,1984,45,11,43,21,17,23,9,35,17,21
20073,1,1,1984,27,12,26,27,6,22,19,23,14,16
20074,1,1,1984,11,11,11,11,11,11,11,11,11,11
20075,1,1,1984,8,8,8,8,8,8,8,8,8,8
20075,2,1,1984,10,10,10,10,10,10,10,10,10,10
20076,1,1,1984,0,0,0,8,6,9,0,0,0,0
20077,1,1,1984,23,11,15,16,27,27,19,28,37,11
20078,0,1,1984,20,20,7,22,14,13,28,18,26,12
20078,1,1,1984,29,15,22,16,10,19,19,3,12,14
20079,1,1,1984,6,6,6,6,6,6,6,6,6,6
20080,1,1,1984,18,27,26,20,14,26,0,0,32,0
20081,1,1,1984,17,17,17,17,17,17,17,17,17,17
20081,2,1,1984,0,13,0,0,27,9,24,11,0,0
20082,1,1,1984,5,5,5,5,5,5,5,5,5,5
20083,1,1,1984,12,18,23,20,17,6,32,33,23,18
20084,1,1,1984,21,21,21,21,21,21,21,21,21,21
20085,0,1,1984,39,39,39,39,39,39,39,39,39,39
20085,1,1,1984,1,1,1,1,1,1,1,1,1,1
20086,1,1,1984,19,8,18,27,27,16,14,32,16,24
20087,1,1,1984,24,24,24,24,24,24,24,24,24,24
20087,2,1,1984,24,24,24,24,24,24,24,24,24,24
20088,1,1,1984,0,0,0,0,0,0,0,0,0,0
20088,2,1,1984,0,0,0,0,0,0,0,0,0,0
20089,1,1,1984,7,13,20,21,8,11,6,13,14,16
20089,2,1,1984,0,0,0,0,0,0,0,0,0,0
20090,1,1,1984,0,0,0,0,0,0,15,0,0,0
20091,1,1,1984,0,0,0,0,0,0,0,0,0,0
20091,2,1,1984,0,0,0,0,0,0,0,0,0,0
20092,1,1,1984,0,0,0,0,0,0,0,0,0,0
20092,2,1,1984,0,0,0,0,0,0,0,0,0,0
20093,1,1,1984,19,19,19,19,19,19,19,19,19,19
20094,1,1,1984,15,15,15,15,15,15,15,15,15,15
20095,0,1,1984,0,0,15,0,6,13,4,0,7,0
20095,0,2,1984,18,17,7,0,0,0,14,9,2,7
20095,1,1,1984,0,48,0,0,28,28,10,0,35,28
20096,1,1,1984,13,18,16,0,15,23,0,0,19,13
20096,2,1,1984,0,0,0,0,0,17,0,0,30,0
20097,0,1,1984,0,0,0,0,0,0,0,0,0,0
20097,1,1,1984,0,0,0,0,0,0,0,0,0,0
20098,1,1,1984,12,12,12,12,12,12,12,12,12,12
20099,0,1,1984,9,9,9,9,9,9,9,9,9,9
20099,0,2,1984,21,26,30,19,32,32,46,9,14,9
20099,1,1,1984,0,0,0,0,0,0,0,0,0,0
20100,0,1,1984,0,20,22,22,15,0,35,25,23,0
20100,1,1,1984,12,12,12,12,12,12,12,12,12,12
20101,1,1,1984,0,0,0,0,0,0,0,0,0,0
20101,2,1,1984,0,0,0,0,0,0,0,10,0,0
20102,0,1,1984,0,20,9,0,12,0,0,24,21,13
20102,1,1,1984,15,15,15,15,15,15,15,15,15,15
20103,1,1,1984,12,12,12,12,12,12,12,12,12,12
20103,2,1,1984,0,0,0,0,0,0,0,0,0,0
20104,1,1,1984,0,0,0,0,0,0,0,0,0,0
20104,2,1,1984,0,0,0,0,0,0,0,0,0,0
20105,1,1,1984,20,20,20,20,20,20,20,20,20,20
20106,1,1,1984,0,0,0,0,0,0,0,0,0,0
20106,2,1,1984,0,0,0,0,0,0,0,0,0,0
20106,3,1,1984,0,0,0,0,0,0,0,0,0,0
20107,1,1,1984,0,0,0,0,0,0,0,0,0,0
20107,2,1,1984,0,0,0,0,0,0,0,0,0,0
20108,1,1,1984,21,21,21,21,21,21,21,21,21,21
20109,1,1,1984,13,15,25,35,28,28,22,17,24,25
20110,1,1,1984,5,13,14,14,17,19,23,35,24,20
20111,1,1,1984,18,0,13,0,0,0,0,11,19,0
20111,2,1,1984,0,0,0,0,0,0,0,0,0,0
20112,0,1,1984,0,0,0,0,0,0,0,0,0,0
20112,1,1,1984,0,0,0,0,0,0,0,0,0,0
20113,1,1,1984,8,8,8,8,8,8,8,8,8,8
20113,2,1,1984,20,20,20,20,20,20,20,20,20,20
20114,1,1,1984,16,16,29,16,12,0,26,0,21,10
20115,1,1,1984,0,0,0,0,0,0,0,0,0,0
20115,2,1,1984,1,1,1,1,1,1,1,1,1,1
20116,1,1,1984,0,0,0,0,0,0,0,0,0,0
20116,2,1,1984,0,0,0,10,0,0,0,0,0,0
20117,0,1,1984,11,11,11,11,11,11,11,11,11,11
20117,1,1,1984,10,13,9,13,18,17,16,11,0,29
20118,0,1,1984,14,14,14,14,14,14,14,14,14,14
20118,1,1,1984,0,0,0,0,20,0,0,0,0,0
20119,1,1,1984,20,20,20,20,20,20,20,20,20,20
20119,2,1,1984,2,2,2,2,2,2,2,2,2,2
20120,1,1,1984,10,10,10,10,10,10,10,10,10,10
40001,1,1,1984,6,6,6,6,6,6,6,6,6,6
40002,1,1,1984,0,0,0,0,0,0,0,0,0,0
40003,0,1,1984,26,26,26,26,26,26,26,26,26,26
40003,1,1,1984,0,0,0,0,7,0,0,0,0,0
40004,1,1,1984,0,0,0,0,0,0,0,0,0,0
40004,2,1,1984,0,0,0,0,0,0,0,0,0,0
40005,1,1,1984,0,0,21,0,0,0,0,0,0,0
40005,2,1,1984,0,0,0,0,10,0,0,0,0,0
40005,3,1,1984,0,0,0,0,7,0,16,0,0,14
40006,1,1,1984,24,24,24,24,24,24,24,24,24,24
40006,2,1,1984,0,0,0,0,0,0,0,0,0,0
40006,3,1,1984,0,0,0,0,0,0,0,0,0,0
40007,0,1,1984,16,16,16,16,16,16,16,16,16,16
40007,1,1,1984,0,15,20,0,0,0,0,0,0,0
40008,0,1,1984,0,0,0,0,0,0,0,0,0,0
40008,0,2,1984,9,0,0,0,17,31,0,16,25,0
40008,1,1,1984,0,0,0,0,0,0,0,0,0,0
40009,1,1,1984,22,0,0,0,0,0,0,0,0,0
40009,2,1,1984,0,0,0,0,0,0,0,0,0,0
40010,0,1,1984,25,25,25,25,25,25,25,25,25,25
40010,1,1,1984,0,0,0,0,0,0,0,0,0,0
40011,1,1,1984,0,0,0,0,0,0,0,0,0,0
40011,2,1,1984,0,0,0,0,0,0,0,0,0,0
40012,0,1,1984,0,0,0,27,0,5,0,0,0,0
40012,1,1,1984,0,0,0,0,0,0,0,0,0,9
40013,1,1,1984,0,10,8,7,27,34,15,6,20,0
40014,0,1,1984,0,0,0,0,0,0,0,0,0,0
40014,1,1,1984,0,0,0,0,0,0,0,0,0,0
40015,0,1,1984,16,16,16,16,16,16,16,16,16,16
40015,1,1,1984,6,6,6,6,6,6,6,6,6,6
40016,1,1,1984,3,14,22,13,7,15,11,17,27,16
40017,0,1,1984,0,0,0,0,0,0,0,0,0,0
40017,1,1,1984,0,0,0,0,0,0,0,0,0,0
40018,1,1,1984,11,10,7,10,0,23,21,26,22,9
40018,2,1,1984,0,0,0,0,0,0,0,0,0,16
40019,0,1,1984,45,45,45,45,45,45,45,45,45,45
40019,1,1,1984,0,0,17,0,0,8,0,0,0,0
40020,0,1,1984,0,0,0,0,0,0,0,0,0,0
40020,1,1,1984,0,0,0,0,0,0,0,0,0,0
40021,1,1,1984,18,27,8,15,11,13,23,7,0,0
40021,2,1,1984,0,0,0,10,0,0,0,0,0,11
40022,0,1,1984,2,2,2,2,2,2,2,2,2,2
40022,0,2,1984,0,0,0,0,0,7,0,0,0,0
40022,0,3,1984,16,10,11,17,9,12,2,21,10,27
40022,1,1,1984,13,13,13,13,13,13,13,13,13,13
40023,0,1,1984,0,0,0,0,0,0,0,0,0,0
40023,1,1,1984,0,0,0,0,0,0,0,0,0,0
40024,1,1,1984,3,3,3,3,3,3,3,3,3,3
40025,0,1,1984,0,0,0,0,0,0,0,0,0,0
40025,1,1,1984,0,19,0,0,0,0,0,0,0,0
40026,1,1,1984,20,20,20,20,20,20,20,20,20,20
40027,1,1,1984,25,25,25,25,25,25,25,25,25,25
40028,0,1,1984,0,0,0,0,0,0,0,0,0,0
40028,1,1,1984,0,0,0,0,0,0,0,0,0,0
40029,1,1,1984,5,0,27,2,33,3,5,14,23,10
40029,2,1,1984,0,0,0,0,0,0,0,0,0,0
40030,1,1,1984,16,16,16,16,16,16,16,16,16,16
40030,2,1,1984,0,4,0,15,12,10,21,19,23,4
40031,1,1,1984,0,0,0,0,0,0,0,0,0,0
40032,1,1,1984,0,0,0,0,0,0,0,0,0,0
40032,2,1,1984,28,28,28,28,28,28,28,28,28,28
40033,1,1,1984,0,0,0,0,0,0,0,0,0,0
40033,2,1,1984,0,0,0,0,0,0,0,0,0,0
40033,3,1,1984,0,0,0,0,0,0,0,0,0,0
40033,4,1,1984,0,0,0,0,0,7,0,0,0,0
40034,1,1,1984,0,0,0,0,0,0,0,0,0,0
40034,2,1,1984,0,0,0,0,0,0,0,0,0,13
40035,1,1,1984,9,0,21,14,12,0,0,6,0,0
40035,2,1,1984,0,0,0,0,0,0,0,11,0,0
40035,3,1,1984,0,0,0,0,0,0,0,0,0,0
40036,1,1,1984,33,0,0,0,0,0,0,0,0,0
40036,2,1,1984,0,0,0,0,0,0,0,0,0,0
40037,1,1,1984,0,0,0,0,0,0,0,0,0,0
40038,1,1,1984,11,11,11,11,11,11,11,11,11,11
40038,2,1,1984,32,0,0,0,0,0,0,0,12,0
40039,1,1,1984,0,12,6,10,16,9,0,11,11,17
40039,2,1,1984,15,0,0,0,0,0,0,0,0,18
40040,1,1,1984,7,0,0,0,12,0,0,0,0,27
40041,1,1,1984,0,0,0,14,0,0,0,0,0,0
40041,2,1,1984,0,0,0,0,0,0,0,0,0,0
40042,1,1,1984,0,0,0,0,0,0,0,0,0,0
40043,1,1,1984,0,0,0,0,0,0,0,0,0,0
40043,2,1,1984,0,0,0,0,0,0,0,0,0,0
40043,3,1,1984,0,0,0,0,0,7,0,0,0,0
40044,0,1,1984,0,0,0,0,0,0,0,0,0,0
40044,0,2,1984,0,0,0,0,0,0,0,0,0,0
40044,1,1,1984,31,31,31,31,31,31,31,31,31,31
40045,1,1,1984,0,0,0,0,0,0,0,0,0,0
40045,2,1,1984,0,0,13,0,0,0,0,0,0,0
40046,0,1,1984,0,0,0,0,0,0,0,0,0,0
40046,0,2,1984,0,0,0,0,0,0,0,0,0,0
40046,1,1,1984,0,0,0,0,0,0,0,0,0,0
40047,1,1,1984,16,16,16,16,16,16,16,16,16,16
40047,2,1,1984,23,0,12,10,0,0,12,0,0,0
40048,0,1,1984,0,0,0,0,0,0,0,0,0,0
40048,1,1,1984,0,0,0,0,0,0,0,0,0,0
40049,1,1,1984,0,0,0,0,0,15,0,0,0,0
40049,2,1,1984,0,0,0,0,28,0,0,0,0,0
40050,0,1,1984,0,0,0,0,0,0,0,0,22,0
40050,1,1,1984,0,0,0,0,0,0,0,0,0,0
40051,0,1,1984,0,0,0,0,0,0,0,0,0,0
40051,1,1,1984,0,0,0,0,0,0,0,0,0,0
40052,1,1,1984,0,0,0,0,0,0,0,0,0,0
40052,2,1,1984,0,0,0,0,0,0,0,0,0,25
40053,1,1,1984,0,0,0,0,0,0,0,0,0,0
40053,2,1,1984,0,0,0,0,0,0,0,0,0,0
40053,3,1,1984,0,0,0,0,0,0,0,0,0,0
40054,1,1,1984,0,0,0,0,0,0,0,0,0,0
40054,2,1,1984,0,0,0,0,0,0,0,0,0,0
40055,0,1,1984,17,17,17,17,17,17,17,17,17,17
40055,1,1,1984,0,16,0,0,0,0,20,22,0,0
40056,1,1,1984,0,0,0,0,0,0,0,0,0,0
40057,1,1,1984,0,0,0,0,0,0,0,0,0,0
40058,0,1,1984,26,26,26,26,26,26,26,26,26,26
40058,1,1,1984,13,11,17,21,7,19,0,20,16,0
40059,1,1,1984,15,15,15,15,15,15,15,15,15,15
40059,2,1,1984,0,0,0,0,0,0,0,0,0,0
40060,1,1,1984,0,0,0,0,0,0,0,0,0,0
40061,1,1,1984,0,0,0,0,0,0,0,0,0,0
40061,2,1,1984,0,0,0,0,0,0,0,0,0,0
40062,1,1,1984,15,15,15,15,15,15,15,15,15,15
40063,1,1,1984,0,0,0,0,0,0,0,0,0,0
40063,2,1,1984,0,0,0,0,0,0,0,0,0,0
40064,1,1,1984,7,11,16,5,5,5,13,12,9,5
40064,2,1,1984,0,0,0,0,0,0,0,0,0,0
40065,1,1,1984,0,0,0,0,0,0,0,0,0,0
40065,2,1,1984,0,0,0,0,0,0,0,0,0,0
40066,1,1,1984,22,13,12,5,10,13,23,18,6,6
40067,1,1,1984,0,0,0,0,0,0,0,0,0,0
40068,1,1,1984,0,0,0,0,0,0,0,0,0,0
40068,2,1,1984,0,0,0,0,0,0,0,0,0,0
40069,1,1,1984,18,18,18,18,18,18,18,18,18,18
40070,1,1,1984,16,0,0,0,22,19,30,13,0,0
40071,0,1,1984,0,0,0,0,0,0,0,0,0,0
40071,1,1,1984,0,0,0,0,0,0,0,0,0,6
40072,0,1,1984,0,0,0,0,0,0,0,0,0,0
40072,1,1,1984,0,0,0,0,0,0,0,0,0,0
40073,0,1,1984,0,0,0,0,0,0,0,0,0,0
40073,1,1,1984,21,0,10,0,0,0,0,0,0,0
40074,1,1,1984,19,31,3,12,21,24,18,24,0,23
40075,1,1,1984,19,0,0,0,0,0,0,0,0,0
40075,2,1,1984,0,0,0,0,0,0,0,0,0,23
40076,1,1,1984,26,26,26,26,26,26,26,26,26,26
40076,2,1,1984,0,0,0,0,0,0,0,0,0,0
40076,3,1,1984,18,21,0,13,0,20,19,19,23,17
40077,0,1,1984,0,0,0,0,0,0,0,0,0,0
40077,1,1,1984,0,0,0,0,9,0,0,0,0,0
40078,1,1,1984,17,17,17,17,17,17,17,17,17,17
40079,1,1,1984,0,0,0,0,0,0,0,0,0,0
40079,2,1,1984,10,10,10,10,10,10,10,10,10,10
40080,1,1,1984,0,0,0,0,0,0,0,0,0,0
40080,2,1,1984,0,0,0,0,0,0,0,0,0,0
40081,1,1,1984,19,19,19,19,19,19,19,19,19,19
40082,0,1,1984,0,0,0,0,0,0,0,0,0,0
40082,1,1,1984,0,0,0,0,13,0,0,0,0,0
40083,1,1,1984,18,18,18,18,18,18,18,18,18,18
40084,1,1,1984,0,15,0,10,0,11,0,6,18,22
40084,2,1,1984,0,0,0,0,0,0,0,0,0,0
40085,1,1,1984,26,26,26,26,26,26,26,26,26,26
40086,0,1,1984,24,24,24,24,24,24,24,24,24,24
40086,1,1,1984,0,0,0,18,0,0,0,0,0,0
40087,1,3,1984,13,13,13,13,13,13,13,13,13,13
40088,0,1,1984,0,10,0,0,0,0,0,0,0,23
40088,1,1,1984,0,0,0,0,0,4,0,0,0,0
40089,0,1,1984,15,15,15,15,15,15,15,15,15,15
40089,1,1,1984,2,22,8,3,19,8,11,0,20,0
40089,2,1,1984,16,16,15,16,4,23,17,17,18,17
40090,1,1,1984,2,2,2,2,2,2,2,2,2,2
40090,2,1,1984,9,16,15,19,5,4,12,12,22,27
40091,1,1,1984,17,17,17,17,17,17,17,17,17,17
40092,1,1,1984,0,0,0,0,0,0,0,0,0,0
40092,2,1,1984,0,0,0,0,0,0,0,0,0,0
40093,0,1,1984,0,0,0,0,0,0,0,0,0,0
40093,1,1,1984,0,0,0,0,0,0,0,0,0,0
40094,0,1,1984,25,12,36,45,18,23,9,17,0,42
40094,1,1,1984,0,21,0,21,10,18,23,16,10,9
40095,0,1,1984,21,21,21,21,21,21,21,21,21,21
40095,1,1,1984,0,0,0,0,0,0,0,19,14,0
40096,1,1,1984,0,0,0,0,0,0,0,0,0,0
40096,2,1,1984,0,0,0,0,0,0,0,0,0,0
40097,1,1,1984,31,28,10,21,17,19,12,14,21,26
40097,2,1,1984,0,13,0,0,24,0,0,0,0,0
40098,0,1,1984,0,0,0,0,0,0,0,0,0,0
40098,1,1,1984,0,0,0,0,0,0,0,0,0,0
40099,0,1,1984,20,20,20,20,20,20,20,20,20,20
40099,1,1,1984,14,14,14,14,14,14,14,14,14,14
40100,0,1,1984,19,0,0,0,0,20,0,0,0,0
40100,1,1,1984,11,0,0,15,0,0,0,0,0,0
40101,1,1,1984,10,10,10,10,10,10,10,10,10,10
40102,1,1,1984,0,0,0,0,0,0,0,0,0,0
40103,1,1,1984,0,0,0,0,0,0,0,0,0,0
40103,2,1,1984,15,23,8,10,10,16,19,16,15,17
40104,1,1,1984,22,22,22,22,22,22,22,22,22,22
40105,1,1,1984,0,0,15,0,0,0,12,22,0,0
40106,1,1,1984,20,20,20,20,20,20,20,20,20,20
40107,1,1,1984,14,0,20,7,27,21,20,15,6,22
40108,1,1,1984,0,12,7,14,11,23,11,12,4,0
40108,2,1,1984,19,19,19,19,19,19,19,19,19,19
40109,1,1,1984,20,0,29,0,22,2,0,0,0,0
40110,1,1,1984,0,0,0,2,0,0,0,0,0,0
40110,2,1,1984,18,18,18,18,18,18,18,18,18,18
40111,1,1,1984,0,0,0,0,0,0,0,0,0,0
40112,1,1,1984,0,0,0,0,0,0,0,0,0,0
40112,2,1,1984,0,0,0,0,0,0,0,0,0,0
40113,1,1,1984,29,29,29,29,29,29,29,29,29,29
40113,2,1,1984,0,0,0,0,0,0,0,0,0,0
40114,0,1,1984,0,0,0,0,0,0,0,0,0,0
40114,1,1,1984,0,0,0,0,0,0,0,0,0,0
40115,1,1,1984,3,3,3,3,3,3,3,3,3,3
40115,2,1,1984,0,0,0,0,0,0,0,0,0,0
40116,1,1,1984,0,0,0,0,0,0,0,0,0,0
40116,2,1,1984,0,0,0,0,0,0,0,0,0,0
40116,3,1,1984,0,0,0,33,0,0,0,5,0,7
40117,1,1,1984,0,0,0,0,0,0,0,0,0,0
40118,1,1,1984,26,0,21,0,0,0,0,0,0,0
40118,2,1,1984,0,0,0,0,0,0,0,0,0,0
40119,1,1,1984,27,0,19,38,24,15,27,9,17,0
40120,1,1,1984,0,0,0,0,0,0,0,0,0,0
40120,2,1,1984,0,0,0,0,0,0,0,0,0,0
40121,0,1,1984,28,28,28,28,28,28,28,28,28,28
40121,1,1,1984,0,0,13,0,0,5,0,13,27,10
40122,0,1,1984,0,0,0,0,0,0,0,0,0,0
40122,1,1,1984,0,0,0,0,0,0,0,0,0,0
40123,1,1,1984,0,0,0,0,0,0,0,0,0,0
40124,1,1,1984,13,13,13,13,13,13,13,13,13,13
40125,1,1,1984,0,0,0,0,0,0,0,0,0,0
40125,2,1,1984,26,26,26,26,26,26,26,26,26,26
40126,1,1,1984,20,20,20,20,20,20,20,20,20,20
40127,1,1,1984,0,0,0,0,0,0,0,0,0,0
40128,1,1,1984,17,17,17,17,17,17,17,17,17,17
40128,2,1,1984,0,0,0,0,0,0,0,0,0,0
40128,3,1,1984,0,0,0,0,0,0,0,0,19,0
40129,1,1,1984,0,0,0,0,0,0,0,0,0,0
40129,2,1,1984,0,0,0,0,0,7,0,17,0,0
40130,1,1,1984,0,0,0,0,0,0,0,0,0,0
40130,2,1,1984,0,14,0,0,0,0,3,7,0,0
40131,1,1,1984,16,0,11,10,0,12,21,0,0,0
40132,0,1,1984,0,0,0,0,0,0,0,0,0,0
40132,1,1,1984,29,30,12,26,13,30,18,16,0,16
40133,0,1,1984,0,0,0,0,0,0,0,0,0,0
40133,0,2,1984,26,0,0,23,0,18,18,0,0,21
40133,1,1,1984,22,22,22,22,22,22,22,22,22,22
40134,0,1,1984,0,0,0,0,0,0,0,0,0,0
40134,1,1,1984,0,0,0,0,0,0,0,0,0,0
40135,0,1,1984,0,0,0,0,0,0,0,0,0,0
40135,0,2,1984,0,0,0,0,0,0,0,0,0,0
40135,1,1,1984,20,20,20,20,20,20,20,20,20,20
40136,0,1,1984,21,20,11,19,0,21,0,0,18,27
40136,1,1,1984,0,0,0,0,0,13,0,0,0,0
40137,1,1,1984,8,8,8,8,8,8,8,8,8,8
40138,1,1,1984,0,0,0,0,0,0,0,0,0,0
40139,0,1,1984,0,0,0,17,36,0,0,0,0,0
40139,1,1,1984,0,0,0,10,0,0,0,0,0,0
40140,0,1,1984,9,9,9,9,9,9,9,9,9,9
40140,1,1,1984,0,0,0,0,0,0,0,0,0,0
40141,1,1,1984,0,0,0,0,0,0,0,0,0,0
40141,2,1,1984,0,0,0,0,8,11,0,17,0,0
40141,3,1,1984,3,0,0,0,0,0,0,0,0,0
40142,1,1,1984,12,12,12,12,12,12,12,12,12,12
40143,1,1,1984,0,0,0,18,0,0,13,0,0,0
40144,0,1,1984,13,8,27,28,5,10,22,31,21,33
40144,1,1,1984,0,0,0,0,0,0,0,0,0,0
40145,1,1,1984,5,5,5,5,5,5,5,5,5,5
40146,0,1,1984,0,0,0,0,0,0,0,0,0,0
40146,1,1,1984,16,0,11,0,0,0,15,22,17,0
40147,1,1,1984,0,0,0,0,0,0,0,0,0,0
40148,1,1,1984,24,24,24,24,24,24,24,24,24,24
40148,2,1,1984,0,0,0,0,0,0,0,0,0,0
40148,3,1,1984,0,40,28,16,0,0,16,16,9,22
40148,4,1,1984,0,0,0,0,0,0,0,0,6,0
40149,1,1,1984,0,0,0,0,0,0,0,0,0,0
40149,2,1,1984,0,9,0,0,0,0,0,0,0,0
40150,1,1,1984,16,16,16,16,16,16,16,16,16,16
40151,1,1,1984,0,0,0,0,0,0,0,0,0,0
40151,2,1,1984,0,0,0,0,0,4,0,0,0,0
40152,1,1,1984,0,0,20,0,0,0,0,0,0,0
40152,2,1,1984,0,0,0,0,0,0,11,0,0,0
40152,3,1,1984,0,0,0,0,0,0,0,0,0,0
40153,1,1,1984,6,0,11,24,0,0,27,0,0,13
40154,1,1,1984,0,0,0,0,0,0,0,0,0,0
40154,2,1,1984,0,0,0,0,0,0,0,0,0,0
40155,1,1,1984,33,33,33,33,33,33,33,33,33,33
40156,1,1,1984,0,0,0,0,0,0,0,0,0,0
40156,2,1,1984,0,0,0,0,0,0,0,0,0,0
40157,1,1,1984,1,1,1,1,1,1,1,1,1,1
40158,1,1,1984,0,0,0,0,0,0,0,0,0,0
40158,2,1,1984,0,0,0,0,0,0,0,0,0,0
40159,1,1,1984,0,0,0,0,0,0,0,0,0,0
40159,2,1,1984,0,0,0,0,0,0,0,0,0,0
40159,3,1,1984,0,0,0,0,0,0,0,0,0,0
40160,1,1,1984,0,0,0,0,0,0,0,0,0,0
40160,2,1,1984,16,16,16,16,16,16,16,16,16,16
40161,0,1,1984,10,10,10,10,10,10,10,10,10,10
40161,1,1,1984,15,0,0,0,0,0,0,0,0,0
40162,1,1,1984,12,12,12,12,12,12,12,12,12,12
40162,2,1,1984,0,0,0,0,0,0,0,0,0,0
40163,1,1,1984,0,0,0,0,0,0,0,0,0,0
40164,1,1,1984,0,0,0,0,0,0,0,0,0,0
40165,0,1,1984,0,0,0,0,0,0,0,0,0,0
40165,1,1,1984,0,0,0,0,0,0,0,0,0,0
40166,0,1,1984,0,0,0,0,0,0,0,0,0,0
40166,1,1,1984,0,0,0,0,0,0,0,0,0,0
40167,1,1,1984,0,0,0,0,0,0,0,0,0,0
40168,1,1,1984,8,8,8,8,8,8,8,8,8,8
40169,0,1,1984,14,15,0,5,0,0,0,0,0,0
40169,1,1,1984,0,0,0,0,29,0,0,10,0,6
40170,1,1,1984,15,15,15,15,15,15,15,15,15,15
40170,2,1,1984,0,0,0,4,0,0,0,0,0,0
40170,3,1,1984,0,0,0,0,0,0,0,0,0,0
40171,0,1,1984,0,0,6,0,0,0,0,0,0,0
40171,1,1,1984,0,0,0,0,0,0,0,0,20,0
40172,1,1,1984,0,0,0,0,0,15,0,0,0,0
40173,1,1,1984,4,4,4,4,4,4,4,4,4,4
40174,1,1,1984,0,0,0,0,0,0,0,0,0,0
40174,2,1,1984,0,15,0,0,0,0,16,0,12,0
40175,1,1,1984,12,12,12,12,12,12,12,12,12,12
40176,1,1,1984,9,5,12,19,14,11,30,25,10,32
40176,2,1,1984,0,0,0,0,0,0,0,0,0,0
40176,3,1,1984,0,0,0,0,21,0,0,0,0,0
40176,4,1,1984,0,0,0,0,0,0,0,0,0,0
40177,1,1,1984,0,0,0,0,0,0,0,0,0,0
40178,1,1,1984,0,0,0,0,0,0,0,0,0,0
40179,1,1,1984,0,37,0,16,0,0,0,0,0,0
40179,2,1,1984,0,0,0,0,0,0,0,0,0,0
40180,1,1,1984,2,2,2,2,2,2,2,2,2,2
40180,2,1,1984,9,0,0,0,0,0,0,0,18,0
40180,3,1,1984,0,0,11,0,0,0,0,0,0,0
40181,0,1,1984,0,0,0,0,0,0,0,0,0,0
40181,1,1,1984,0,0,0,0,0,0,0,0,0,0
40182,1,1,1984,27,27,27,27,27,27,27,27,27,27
40183,1,1,1984,0,0,0,0,0,0,0,0,0,0
40183,2,1,1984,0,0,0,7,22,12,0,0,0,0
40184,1,1,1984,8,8,8,8,8,8,8,8,8,8
40184,2,1,1984,0,0,0,0,0,0,0,0,0,0
40185,1,1,1984,23,23,23,23,23,23,23,23,23,23
40186,1,1,1984,6,6,6,6,6,6,6,6,6,6
40187,1,1,1984,13,13,13,13,13,13,13,13,13,13
40188,0,1,1984,0,0,0,0,0,0,0,8,10,20
40188,0,2,1984,11,0,0,24,0,0,0,0,0,0
40188,1,1,1984,0,0,0,0,0,0,0,0,0,0
40189,1,1,1984,0,0,0,0,0,0,0,0,0,0
40189,2,1,1984,0,0,0,0,0,0,0,0,0,0
40190,1,1,1984,0,0,0,0,0,0,0,0,0,0
40191,0,1,1984,0,0,0,0,0,0,0,0,0,0
40191,1,1,1984,0,0,0,0,0,0,0,0,0,0
40192,1,1,1984,20,20,20,20,20,20,20,20,20,20
40192,2,1,1984,0,0,0,0,0,0,0,0,0,0
40192,3,1,1984,5,17,0,0,0,5,0,0,0,0
40192,4,1,1984,0,16,0,12,24,12,0,0,15,17
40193,1,1,1984,23,23,23,23,23,23,23,23,23,23
40194,1,1,1984,16,16,16,16,16,16,16,16,16,16
40195,1,1,1984,0,0,0,0,0,0,0,0,0,0
40195,2,1,1984,0,0,0,0,0,0,0,0,0,0
40196,0,1,1984,0,0,0,0,0,0,0,0,0,0
40196,1,1,1984,0,0,0,0,0,0,0,0,0,0
40197,1,1,1984,30,30,30,30,30,30,30,30,30,30
40198,1,1,1984,0,0,0,0,0,0,0,0,0,0
40199,1,1,1984,1,1,1,1,1,1,1,1,1,1
40199,2,1,1984,0,0,0,0,0,0,0,0,0,0
40200,1,1,1984,0,0,0,0,0,0,0,0,0,0
40200,2,1,1984,0,0,0,0,0,0,0,0,0,0
40201,1,1,1984,0,0,0,0,0,0,0,0,0,0
40202,1,1,1984,0,0,0,0,0,0,0,0,0,0
40203,0,1,1984,11,11,11,11,11,11,11,11,11,11
40203,1,1,1984,0,0,0,0,23,0,0,12,0,0
40204,1,1,1984,0,0,0,0,0,0,0,0,0,0