ST_CASE,VEH_NO,PER_NO,YEAR,P1,P2,P3,P4,P5,P6,P7,P8,P9,P10
40204,2,1,1984,0,0,0,0,0,0,0,0,0,0
40205,1,1,1984,20,20,20,20,20,20,20,20,20,20
40205,2,1,1984,0,0,0,0,0,0,0,0,0,0
40206,0,1,1984,0,0,0,0,0,0,0,0,0,0
40206,1,1,1984,0,0,0,0,0,0,0,0,0,0
40207,0,1,1984,0,14,0,0,0,0,20,14,0,0
40207,1,1,1984,16,0,8,11,16,7,0,0,0,0
40208,1,1,1984,3,3,3,3,3,3,3,3,3,3
40209,1,1,1984,0,0,0,0,0,21,14,0,0,0
40210,1,1,1984,27,27,27,27,27,27,27,27,27,27
40211,1,1,1984,0,0,0,0,0,0,0,0,0,0
40211,2,1,1984,0,0,0,0,0,0,0,0,0,0
40212,1,1,1984,5,17,3,7,0,14,7,12,15,6
40212,2,1,1984,0,0,0,0,0,0,0,0,0,0
40213,1,1,1984,10,10,10,10,10,10,10,10,10,10
40214,1,1,1984,20,20,20,20,20,20,20,20,20,20
40215,1,1,1984,0,0,0,14,12,0,0,12,0,15
40216,1,1,1984,19,19,19,19,19,19,19,19,19,19
40217,1,1,1984,31,31,31,31,31,31,31,31,31,31
40218,1,1,1984,8,10,21,15,17,23,0,20,32,20
40219,1,1,1984,20,20,20,20,20,20,20,20,20,20
40220,1,1,1984,0,0,0,16,0,0,0,0,0,0
40220,2,1,1984,0,0,0,0,0,0,0,0,0,0
40221,1,1,1984,14,14,14,14,14,14,14,14,14,14
40222,1,1,1984,18,18,18,18,18,18,18,18,18,18
40223,1,1,1984,13,13,13,13,13,13,13,13,13,13
40223,2,1,1984,0,0,0,0,8,0,0,0,0,0
40223,3,1,1984,0,0,0,0,0,0,0,0,0,11
40224,0,1,1984,0,0,0,0,0,0,0,0,0,0
40224,1,1,1984,0,17,0,0,0,0,0,0,0,0
40225,1,1,1984,0,0,0,0,0,0,0,0,0,19
40226,0,1,1984,0,0,0,0,0,0,0,0,0,0
40226,1,1,1984,0,0,0,0,0,0,0,0,0,0
40227,1,1,1984,0,0,0,0,0,15,0,0,0,10
40228,1,1,1984,4,4,4,4,4,4,4,4,4,4
40228,2,1,1984,0,0,0,0,0,0,0,0,0,0
40229,0,1,1984,3,3,3,3,3,3,3,3,3,3
40229,1,1,1984,9,0,0,0,0,0,0,0,0,0
40230,1,1,1984,0,0,0,11,0,0,11,0,0,14
40230,2,1,1984,0,0,0,0,0,0,0,0,0,0
40231,1,1,1984,23,8,20,18,13,0,15,15,3,24
40231,2,1,1984,19,0,0,0,0,0,0,0,0,0
40232,1,1,1984,0,0,0,0,0,0,0,0,0,0
40233,0,1,1984,0,0,0,0,0,0,0,0,0,0
40233,1,1,1984,0,0,0,0,0,0,0,0,0,0
40234,1,1,1984,0,0,0,0,0,0,0,0,0,0
40234,2,1,1984,0,0,0,0,0,0,0,0,0,0
40235,1,1,1984,22,22,22,22,22,22,22,22,22,22
40236,1,1,1984,10,10,10,10,10,10,10,10,10,10
40237,1,1,1984,14,0,0,0,17,0,0,6,23,0
40238,1,1,1984,30,0,5,0,19,0,23,19,8,12
40239,1,1,1984,16,16,16,16,16,16,16,16,16,16
40240,1,1,1984,22,22,22,22,22,22,22,22,22,22
40241,1,1,1984,0,0,0,0,0,0,0,0,0,24
40241,2,1,1984,0,0,0,0,0,0,0,0,0,0
40241,3,1,1984,0,0,0,0,3,0,0,3,15,0
40241,4,1,1984,0,0,29,0,0,0,0,14,0,0
40242,0,1,1984,15,16,28,20,38,10,20,40,18,26
40242,0,2,1984,34,15,14,0,0,20,30,45,0,39
40242,1,1,1984,0,2,0,0,0,19,0,0,0,0
40243,1,1,1984,0,0,0,0,0,12,0,0,0,4
40244,1,1,1984,11,11,11,11,11,11,11,11,11,11
40244,2,1,1984,0,0,0,0,0,0,0,0,0,10
40245,1,1,1984,0,0,0,0,0,0,0,0,0,0
40246,0,1,1984,0,0,0,0,0,0,0,0,0,0
40246,1,1,1984,0,0,0,0,0,0,0,0,0,0
40247,1,1,1984,15,15,15,15,15,15,15,15,15,15
40248,1,1,1984,8,8,8,8,8,8,8,8,8,8
40248,2,1,1984,0,0,0,0,0,0,0,0,0,0
40249,1,1,1984,13,13,13,13,13,13,13,13,13,13
40249,2,1,1984,0,0,0,0,0,0,0,0,0,0
40250,1,1,1984,4,0,0,0,0,0,0,0,0,0
40251,1,1,1984,0,0,0,0,0,0,0,0,0,0
40251,2,1,1984,0,0,0,0,0,0,0,0,0,0
40252,1,1,1984,34,34,34,34,34,34,34,34,34,34
40253,0,1,1984,0,24,0,0,0,0,0,0,0,0
40253,1,1,1984,0,0,0,0,0,0,0,0,0,0
40254,0,1,1984,0,0,0,0,0,0,0,0,0,0
40254,0,2,1984,0,0,0,0,0,3,0,0,0,0
40254,1,1,1984,0,0,13,0,0,0,16,0,0,0
40255,1,1,1984,16,0,21,10,21,21,0,20,0,21
40256,1,1,1984,0,0,0,0,0,0,0,0,0,0
40256,2,1,1984,0,0,6,0,0,0,0,0,0,0
40257,1,1,1984,22,11,9,0,11,10,19,3,0,7
40258,1,1,1984,13,18,4,14,15,26,20,17,17,15
40259,1,1,1984,0,0,0,0,0,0,0,0,0,0
40259,2,1,1984,0,0,0,0,0,0,0,0,0,0
40260,1,1,1984,8,21,0,0,0,8,0,4,25,0
40261,1,1,1984,0,0,0,0,0,0,0,0,8,0
40261,2,1,1984,13,0,0,0,0,0,0,0,0,0
40262,1,1,1984,0,0,0,0,0,0,0,0,0,0
40262,2,1,1984,0,0,0,0,0,0,0,0,0,0
40263,1,1,1984,0,15,14,0,0,0,0,6,18,0
40264,1,1,1984,20,27,19,8,11,21,16,20,12,30
40265,0,1,1984,18,18,18,18,18,18,18,18,18,18
40265,1,1,1984,0,0,0,0,0,0,0,0,0,0
40266,1,1,1984,0,0,0,0,0,0,0,0,0,0
40266,2,1,1984,18,0,0,0,0,0,11,0,0,0
40267,1,1,1984,0,0,0,0,0,0,0,0,0,0
40268,0,1,1984,0,0,0,0,0,0,0,0,0,0
40268,1,1,1984,0,0,0,0,0,0,0,0,0,0
40269,2,1,1984,0,0,0,0,0,0,0,0,0,0
40270,1,1,1984,0,0,0,0,0,0,0,0,0,0
40271,1,1,1984,0,0,0,0,0,0,0,0,0,0
40271,2,1,1984,0,0,0,0,0,0,0,0,0,0
40272,0,1,1984,0,0,0,0,0,0,0,0,0,0
40272,1,1,1984,0,0,0,0,0,0,0,0,0,0
40272,2,1,1984,21,22,11,3,18,6,21,15,13,7
40273,1,1,1984,0,0,0,0,0,0,0,0,0,0
40273,2,1,1984,18,18,18,18,18,18,18,18,18,18
40274,1,1,1984,17,17,17,17,17,17,17,17,17,17
40274,2,1,1984,0,0,0,0,11,0,0,0,0,0
40275,1,1,1984,0,0,0,0,0,0,0,0,0,0
40275,2,1,1984,7,0,0,0,0,12,0,20,0,12
40276,1,1,1984,0,0,0,0,0,0,0,0,0,0
40277,0,1,1984,0,0,0,0,0,0,0,0,0,0
40277,1,1,1984,0,17,19,6,8,21,22,0,22,23
40278,1,1,1984,26,26,26,26,26,26,26,26,26,26
40279,1,1,1984,0,0,0,0,0,0,0,0,0,0
40280,1,1,1984,11,8,10,19,15,24,9,11,13,18
40280,2,1,1984,13,13,13,13,13,13,13,13,13,13
40281,1,1,1984,24,24,24,24,24,24,24,24,24,24
40281,2,1,1984,16,0,34,0,0,0,0,19,0,0
40281,3,1,1984,0,0,0,0,0,0,0,0,0,0
40282,1,1,1984,0,0,0,0,0,0,0,0,0,0
40282,2,1,1984,3,3,3,3,3,3,3,3,3,3
40283,1,1,1984,0,0,0,0,0,0,0,0,0,0
40283,2,1,1984,0,0,0,0,0,0,0,0,0,0
40284,1,1,1984,0,0,0,0,0,0,0,0,0,0
40285,1,1,1984,16,16,16,16,16,16,16,16,16,16
40286,0,1,1984,0,20,0,0,25,23,0,29,0,0
40286,1,1,1984,14,14,14,14,14,14,14,14,14,14
40287,0,1,1984,13,0,16,0,0,23,0,19,0,21
40287,1,1,1984,0,0,0,0,0,0,0,0,0,0
40288,1,1,1984,23,39,12,29,16,8,24,21,29,14
40289,1,1,1984,0,0,0,0,0,0,0,0,0,0
40290,1,1,1984,25,25,17,18,18,23,25,20,14,17
40291,1,1,1984,22,12,14,14,0,26,5,16,0,0
40291,2,1,1984,0,0,0,0,0,0,0,0,0,0
40292,1,1,1984,0,0,0,0,0,0,0,0,0,0
40293,1,1,1984,6,6,6,6,6,6,6,6,6,6
40294,1,1,1984,35,35,35,35,35,35,35,35,35,35
40295,1,1,1984,0,0,0,0,0,0,0,0,0,0
40295,2,1,1984,0,0,0,0,0,0,0,0,0,0
40296,0,1,1984,24,24,0,0,21,0,19,12,0,10
40296,1,1,1984,0,0,0,0,0,12,0,0,0,0
40297,1,1,1984,14,7,28,2,27,22,30,8,6,20
40298,0,1,1984,0,0,0,0,0,0,0,0,0,0
40298,1,1,1984,0,19,16,4,19,12,18,13,18,9
40299,0,1,1984,28,28,28,28,28,28,28,28,28,28
40299,1,1,1984,15,0,22,0,8,16,0,0,20,0
40300,1,1,1984,0,0,0,0,0,0,0,0,0,12
40300,2,1,1984,0,0,0,0,0,0,0,0,0,0
40301,1,1,1984,28,28,28,28,28,28,28,28,28,28
40302,0,1,1984,0,0,0,0,0,0,0,0,0,0
40302,1,1,1984,0,0,0,0,0,0,0,0,0,0
40303,0,1,1984,0,0,0,0,0,0,0,0,0,0
40303,1,1,1984,1,1,1,1,1,1,1,1,1,1
40304,1,1,1984,5,3,12,16,10,0,15,11,22,15
40305,1,2,1984,0,0,0,0,0,0,0,0,0,0
40306,1,1,1984,27,27,27,27,27,27,27,27,27,27
40306,2,1,1984,0,0,0,0,0,0,0,0,0,0
40306,3,1,1984,0,0,0,2,0,0,0,0,8,24
40307,1,1,1984,41,41,41,41,41,41,41,41,41,41
40308,1,1,1984,19,21,5,20,0,17,12,0,17,19
40308,2,1,1984,0,0,0,0,0,15,0,16,18,0
40309,0,1,1984,0,0,0,0,0,0,0,0,0,0
40309,1,1,1984,0,0,0,27,12,0,0,0,0,0
40310,1,1,1984,27,27,27,27,27,27,27,27,27,27
40311,1,1,1984,0,0,0,0,0,0,0,0,0,0
40311,2,1,1984,0,0,0,0,0,0,0,0,0,0
40312,1,1,1984,0,0,0,0,0,0,12,0,0,0
40313,1,1,1984,0,0,0,0,4,0,0,23,0,0
40314,1,1,1984,2,3,10,8,7,15,7,4,6,11
40314,2,1,1984,0,0,0,0,10,0,0,0,0,0
40315,0,1,1984,0,0,0,0,0,0,0,0,0,0
40315,1,1,1984,0,0,0,0,0,0,0,9,0,0
40316,0,1,1984,28,28,28,28,28,28,28,28,28,28
40316,2,1,1984,0,0,0,0,0,0,0,0,17,0
40317,1,1,1984,19,0,0,0,14,21,0,22,24,14
40318,1,1,1984,0,0,0,12,0,0,0,0,0,34
40319,0,1,1984,0,0,0,0,0,0,0,0,0,0
40319,1,1,1984,0,0,0,0,0,0,0,0,0,0
40320,1,1,1984,0,0,0,0,0,0,0,0,0,0
40320,2,1,1984,0,0,0,0,0,0,0,0,0,0
40320,3,1,1984,7,0,0,0,0,0,0,0,7,0
40321,1,1,1984,0,23,0,0,0,0,0,0,0,0
40322,1,1,1984,16,5,8,11,4,13,18,5,14,12
40322,2,1,1984,8,0,0,0,0,0,0,0,15,0
40322,3,1,1984,0,0,0,0,0,0,0,0,0,0
40323,1,1,1984,13,6,27,15,31,18,22,14,23,9
40324,1,1,1984,0,0,0,0,0,0,0,0,0,0
40325,1,1,1984,35,0,0,21,18,18,0,0,0,9
40326,1,1,1984,0,0,0,0,0,0,0,0,0,0
40326,2,1,1984,0,0,0,0,0,0,0,0,0,0
40327,0,1,1984,22,22,22,22,22,22,22,22,22,22
40327,1,1,1984,0,0,0,0,0,0,0,0,0,0
40328,1,1,1984,24,24,24,24,24,24,24,24,24,24
40329,1,1,1984,19,19,19,19,19,19,19,19,19,19
40330,1,1,1984,0,0,0,27,0,0,0,0,0,0
40330,2,1,1984,0,0,0,0,0,0,0,0,0,0
40331,1,1,1984,0,0,0,0,0,0,0,0,0,0
40331,2,1,1984,0,0,0,0,0,0,0,0,0,0
40332,1,1,1984,25,25,25,25,25,25,25,25,25,25
40333,1,1,1984,0,0,19,0,0,5,0,9,0,0
40333,2,1,1984,1,1,1,1,1,1,1,1,1,1
40334,1,1,1984,2,20,15,7,23,28,21,9,22,25
40334,2,1,1984,0,0,0,0,0,0,0,0,0,0
40335,1,1,1984,12,12,12,12,12,12,12,12,12,12
40335,2,1,1984,0,0,0,0,0,0,0,0,0,0
40336,1,1,1984,0,0,0,0,0,13,0,31,0,0
40336,2,1,1984,0,0,0,0,11,0,0,0,0,0
40336,3,1,1984,0,7,0,0,0,0,0,21,0,0
40337,1,1,1984,6,13,17,15,18,19,14,0,21,12
40338,1,1,1984,7,7,7,7,7,7,7,7,7,7
40339,1,1,1984,0,0,0,0,0,0,0,0,0,0
40339,2,1,1984,0,0,0,0,0,0,0,0,0,0
40340,1,1,1984,17,10,19,20,7,21,10,29,17,25
40341,1,1,1984,0,0,0,0,0,0,0,0,0,0
40342,1,1,1984,0,0,0,0,0,0,0,0,0,0
40342,2,1,1984,0,0,0,0,9,0,0,0,15,0
40343,1,1,1984,18,18,18,18,18,18,18,18,18,18
40344,1,1,1984,22,0,0,21,0,0,6,7,15,0
40345,1,1,1984,20,20,20,20,20,20,20,20,20,20
40346,1,1,1984,0,0,0,0,9,0,0,0,0,0
40346,2,1,1984,0,0,0,0,0,0,0,0,0,0
40347,1,1,1984,0,0,0,0,0,0,0,0,0,0
40347,2,1,1984,0,0,0,0,0,0,0,7,0,0
40348,1,1,1984,23,23,23,23,23,23,23,23,23,23
40349,1,1,1984,18,18,18,18,18,18,18,18,18,18
40349,2,1,1984,0,0,0,0,0,16,0,0,0,0
40350,1,1,1984,0,0,0,23,0,0,0,0,0,0
40350,2,1,1984,0,0,0,0,0,0,0,0,0,19
40351,1,1,1984,0,0,0,0,0,0,0,0,0,0
40351,2,1,1984,0,0,0,0,0,0,0,0,0,0
40352,1,1,1984,0,40,23,0,7,21,16,19,0,16
40353,1,1,1984,18,24,12,26,11,20,26,42,9,7
40354,1,1,1984,7,6,30,8,8,7,9,8,16,6
40355,0,1,1984,0,0,0,0,0,0,0,0,0,0
40355,1,1,1984,0,0,0,0,0,0,0,0,0,0
40356,1,1,1984,13,23,19,20,16,15,17,12,15,15
40357,1,1,1984,0,0,8,0,0,0,0,0,0,0
40357,2,1,1984,0,0,10,5,0,12,12,9,15,23
40358,1,1,1984,27,27,27,27,27,27,27,27,27,27
40359,1,1,1984,0,0,0,0,0,0,0,0,0,0
40360,1,1,1984,0,0,0,0,0,0,0,0,0,0
40361,1,1,1984,0,9,0,0,0,0,0,0,0,0
40361,2,1,1984,0,0,0,0,0,0,0,10,4,0
40361,3,1,1984,0,0,0,0,0,0,0,0,0,0
40361,4,1,1984,0,0,0,0,0,0,0,0,0,0
40362,0,1,1984,0,0,0,0,0,0,0,0,0,0
40362,0,2,1984,17,10,17,7,0,25,22,11,12,11
40362,1,1,1984,0,0,0,0,0,0,0,0,0,0
40363,1,1,1984,0,0,0,0,0,0,0,0,0,0
40363,2,1,1984,7,0,0,0,23,15,0,0,0,0
40364,1,1,1984,0,0,0,0,0,0,0,0,0,0
40364,2,1,1984,0,0,0,0,0,0,0,0,0,0
40365,1,1,1984,9,9,9,9,9,9,9,9,9,9
40365,2,1,1984,0,0,0,0,0,0,0,0,0,0
40365,3,1,1984,0,0,10,0,0,28,0,0,0,29
40366,0,1,1984,9,9,9,9,9,9,9,9,9,9
40366,1,1,1984,12,24,0,7,20,12,12,22,11,22
40366,2,1,1984,0,0,22,0,0,0,13,0,0,0
40367,0,1,1984,13,13,13,13,13,13,13,13,13,13
40367,1,1,1984,0,0,0,0,0,0,16,0,0,0
40368,1,1,1984,23,23,23,23,23,23,23,23,23,23
40369,1,1,1984,0,0,0,0,0,0,0,0,0,0
40369,2,1,1984,23,18,11,25,9,11,15,10,12,19
40370,0,1,1984,28,23,16,29,20,8,0,36,14,12
40370,1,1,1984,0,0,19,9,0,0,0,15,0,0
40371,0,1,1984,29,29,29,29,29,29,29,29,29,29
40371,1,1,1984,0,0,12,0,0,3,17,0,0,9
40372,1,1,1984,15,15,15,15,15,15,15,15,15,15
40373,0,1,1984,22,12,8,0,0,18,0,23,25,10
40373,1,1,1984,10,9,11,0,16,3,7,11,7,14
40374,1,1,1984,0,0,0,0,0,0,0,0,0,0
40375,1,1,1984,25,25,25,25,25,25,25,25,25,25
40376,1,1,1984,21,21,21,21,21,21,21,21,21,21
40377,1,1,1984,0,0,0,0,0,0,0,0,0,5
40377,2,1,1984,0,0,0,0,0,0,0,0,0,0
40378,1,1,1984,0,0,0,0,0,0,0,0,0,0
40379,1,1,1984,0,0,0,0,0,0,0,0,0,0
40379,2,1,1984,0,0,0,0,0,21,0,0,0,0
40380,0,1,1984,0,0,0,0,0,0,0,0,0,0
40380,1,1,1984,0,38,0,0,0,0,0,7,0,0
40381,1,1,1984,0,0,0,0,0,7,0,0,0,31
40381,2,1,1984,0,0,0,0,0,0,0,0,0,0
40381,3,1,1984,0,0,0,0,0,0,0,0,0,0
40382,1,1,1984,14,14,14,14,14,14,14,14,14,14
40383,1,1,1984,0,0,0,0,0,0,0,0,0,0
40383,2,1,1984,0,0,0,0,15,0,0,0,0,0
40384,0,1,1984,0,19,0,0,0,17,0,0,26,22
40384,1,1,1984,0,0,0,0,0,0,18,0,0,0
40385,1,1,1984,19,19,19,19,19,19,19,19,19,19
40386,1,1,1984,22,22,22,22,22,22,22,22,22,22
40387,1,1,1984,12,0,0,0,0,0,0,0,0,0
40387,2,1,1984,0,6,0,0,0,0,0,0,0,0
40388,1,1,1984,0,0,0,0,0,0,0,0,0,0
40389,1,1,1984,13,13,13,13,13,13,13,13,13,13
40390,0,1,1984,0,0,0,0,0,0,0,0,0,0
40390,1,1,1984,0,0,0,6,0,0,0,0,0,0
40391,1,1,1984,0,0,0,0,0,0,0,0,0,0
40391,2,1,1984,0,0,0,0,0,0,0,0,0,0
40392,1,1,1984,0,22,0,0,0,0,0,0,0,0
40393,1,1,1984,0,0,0,0,0,0,0,0,0,0
40394,1,1,1984,0,0,0,0,0,0,0,4,9,0
40394,2,1,1984,0,0,0,0,0,0,0,0,0,0
40395,0,1,1984,22,22,22,22,22,22,22,22,22,22
40395,1,1,1984,0,0,0,0,0,0,0,0,0,0
40396,1,1,1984,0,0,17,0,0,0,0,0,0,0
40397,1,1,1984,11,11,11,11,11,11,11,11,11,11
40397,2,1,1984,11,0,0,0,29,0,0,10,0,0
40398,1,1,1984,20,20,20,20,20,20,20,20,20,20
40399,1,1,1984,0,0,0,0,0,0,0,0,0,0
40400,0,1,1984,23,23,23,23,23,23,23,23,23,23
40400,1,1,1984,0,0,0,0,0,0,0,0,0,0
40400,2,1,1984,0,11,0,0,0,0,26,11,0,0
40401,0,1,1984,7,0,0,0,0,0,0,0,0,0
40401,1,1,1984,20,20,20,20,20,20,20,20,20,20
40402,1,1,1984,6,37,21,18,15,5,26,21,20,15
40403,0,1,1984,0,0,0,0,0,0,0,0,0,0
40403,1,1,1984,18,18,18,18,18,18,18,18,18,18
40404,1,1,1984,0,0,0,0,0,0,0,0,0,0
40404,2,1,1984,0,0,0,0,0,0,0,0,0,0
40405,1,1,1984,13,9,4,22,12,10,13,9,18,5
40405,2,1,1984,0,0,0,34,0,0,0,0,13,0
40406,1,1,1984,13,14,14,3,0,0,10,21,8,11
40406,2,1,1984,0,0,0,0,0,0,0,0,0,0
40406,3,1,1984,0,0,0,23,0,0,0,0,0,17
40407,1,1,1984,0,0,0,0,0,16,0,15,17,0
40408,1,1,1984,8,8,8,8,8,8,8,8,8,8
40409,0,1,1984,26,26,26,26,26,26,26,26,26,26
40409,1,1,1984,14,0,29,18,0,23,12,12,17,5
40409,2,1,1984,0,0,0,0,0,0,0,0,0,13
40410,1,1,1984,23,23,23,23,23,23,23,23,23,23
40411,1,1,1984,0,0,0,0,0,0,0,0,0,0
40412,1,1,1984,0,9,13,7,28,26,12,10,12,11
40413,0,1,1984,23,23,23,23,23,23,23,23,23,23
40413,1,1,1984,0,17,0,0,0,0,0,0,0,0
40414,1,1,1984,0,0,0,0,0,0,0,0,0,0
40415,0,1,1984,19,21,16,10,16,11,13,11,4,8
40415,0,2,1984,30,10,8,0,12,0,0,12,0,10
40415,1,1,1984,13,13,13,13,13,13,13,13,13,13
40416,1,1,1984,18,0,13,17,19,21,4,18,16,0
40416,2,1,1984,0,0,0,0,0,0,0,0,0,0
40417,1,1,1984,0,0,0,0,0,0,0,0,0,0
40418,0,1,1984,23,0,22,25,0,0,0,0,21,0
40418,2,1,1984,0,6,4,0,0,0,0,0,0,0
40419,0,1,1984,0,0,0,0,0,0,0,0,0,0
40419,1,1,1984,22,9,12,9,7,23,19,0,28,11
40420,1,1,1984,4,8,7,21,0,15,18,0,27,21
40420,2,1,1984,0,0,0,0,0,0,0,0,0,0
40420,3,1,1984,0,0,0,0,0,0,0,0,0,0
40421,0,1,1984,17,26,10,19,6,24,11,29,18,0
40421,1,1,1984,19,7,27,19,13,10,14,19,0,16
40422,1,1,1984,22,22,22,22,22,22,22,22,22,22
40423,1,1,1984,8,11,14,7,9,4,15,20,18,1
40423,2,1,1984,0,0,0,0,0,0,0,0,0,0
40424,1,1,1984,0,0,0,0,0,0,0,0,0,0
40425,1,1,1984,14,14,14,14,14,14,14,14,14,14
40425,2,1,1984,0,0,0,0,0,0,0,0,0,15
40426,1,1,1984,12,12,12,12,12,12,12,12,12,12
40426,2,1,1984,0,0,0,0,0,0,0,0,0,0
40427,1,1,1984,0,0,18,5,10,0,0,31,0,10
40427,2,1,1984,0,0,0,0,0,0,0,0,0,0
40428,0,1,1984,21,21,21,21,21,21,21,21,21,21
40428,1,1,1984,11,22,0,0,12,0,0,0,0,0
40428,2,1,1984,0,0,0,0,0,0,0,0,0,0
40429,1,1,1984,0,9,0,28,0,0,0,0,0,0
40430,0,1,1984,7,12,19,9,23,35,33,33,26,27
40430,1,1,1984,19,19,19,19,19,19,19,19,19,19
40431,0,1,1984,0,0,12,0,0,0,0,0,0,0
40431,1,1,1984,5,0,0,0,22,0,0,0,0,0
40432,0,1,1984,0,0,0,0,0,0,0,0,0,0
40432,1,1,1984,0,0,0,0,0,10,0,0,0,0
40433,1,2,1984,15,14,29,0,27,0,9,0,0,29
40434,1,1,1984,18,18,18,18,18,18,18,18,18,18
40435,1,1,1984,11,11,11,11,11,11,11,11,11,11
40435,2,1,1984,0,0,0,0,0,0,0,0,0,0
40436,1,1,1984,10,0,0,0,0,0,4,0,0,0
40437,1,1,1984,0,0,0,0,0,0,0,0,0,0
40437,2,1,1984,19,19,19,19,19,19,19,19,19,19
40438,1,1,1984,7,24,17,0,0,15,15,10,14,30
40439,1,1,1984,0,0,0,0,0,0,0,0,0,0
40439,2,1,1984,0,0,0,0,0,0,0,0,0,0
40440,0,1,1984,24,20,0,24,16,0,0,0,0,23
40440,0,2,1984,0,0,0,0,0,0,0,0,0,0
40440,1,1,1984,0,0,0,0,0,0,0,0,0,0
40441,0,1,1984,0,0,0,0,0,0,0,0,0,0
40441,1,1,1984,0,0,0,0,0,0,0,0,0,0
40442,1,1,1984,11,11,11,11,11,11,11,11,11,11
40442,2,1,1984,0,0,0,0,0,0,0,0,0,0
40443,1,1,1984,0,0,0,0,0,0,0,0,0,0
40444,1,1,1984,0,0,0,0,0,0,0,0,0,0
40445,1,1,1984,9,0,15,0,0,0,24,5,0,13
40446,0,1,1984,15,15,15,15,15,15,15,15,15,15
40446,1,1,1984,0,0,0,25,0,0,16,0,30,0
40447,1,1,1984,0,0,0,0,0,0,0,0,0,0
40447,2,1,1984,0,0,0,0,0,0,0,0,0,0
40448,1,1,1984,11,6,0,0,0,11,15,0,19,14
40449,1,1,1984,0,0,0,0,0,0,0,0,0,0
40450,0,1,1984,0,0,0,0,0,0,0,0,0,0
40450,1,1,1984,0,0,0,21,0,0,0,0,0,0
40451,1,1,1984,0,0,0,0,0,0,0,4,0,0
40452,0,1,1984,0,0,0,0,0,0,0,0,0,0
40452,1,1,1984,0,0,0,0,0,0,0,0,0,0
40453,0,1,1984,0,0,0,0,0,18,0,0,26,0
40453,1,1,1984,0,0,0,0,0,0,0,0,0,0
40454,1,1,1984,0,0,0,0,0,0,0,0,0,0
40454,2,1,1984,0,0,0,0,0,0,0,0,0,0
40454,3,1,1984,0,0,0,0,0,0,0,0,0,0
40455,0,1,1984,0,0,0,0,0,0,0,0,0,0
40455,1,1,1984,0,0,0,0,0,0,13,0,0,0
40456,1,1,1984,0,0,0,0,0,0,0,0,0,14
40456,2,1,1984,0,0,0,0,0,0,0,0,0,0
40457,1,1,1984,0,0,0,13,9,0,0,0,0,0
40458,0,1,1984,11,11,11,11,11,11,11,11,11,11
40458,0,2,1984,0,0,0,22,8,24,21,19,0,0
40458,1,1,1984,7,7,7,7,7,7,7,7,7,7
40459,1,1,1984,15,21,22,8,22,9,35,5,12,17
40460,1,1,1984,14,24,7,22,15,18,24,13,14,19
40461,0,1,1984,8,0,0,0,0,0,0,0,0,0
40461,1,1,1984,0,0,0,0,0,0,0,0,0,0
40462,1,1,1984,0,0,0,0,0,0,0,0,0,0
40462,2,1,1984,0,0,0,0,0,0,0,0,4,0
40463,1,1,1984,0,0,0,0,0,0,0,0,0,0
40463,2,1,1984,0,0,0,0,0,0,0,0,0,0
40464,1,1,1984,0,0,0,0,0,0,0,0,0,0
40464,2,1,1984,0,0,0,0,0,0,0,11,21,0
40464,3,1,1984,0,0,0,0,0,0,13,0,0,0
40465,1,1,1984,0,0,0,0,0,0,0,0,0,0
40465,2,1,1984,0,0,0,0,0,0,0,0,0,0
40465,3,1,1984,0,0,0,0,0,6,0,0,0,0
40465,4,1,1984,0,0,0,0,0,0,0,0,0,0
40465,5,1,1984,0,0,0,0,0,0,0,0,0,0
40466,1,1,1984,0,0,0,0,0,0,0,0,0,17
40466,2,1,1984,0,0,0,0,0,0,0,0,0,0
40467,1,1,1984,0,0,0,0,0,0,0,34,0,0
40468,1,1,1984,6,6,6,6,6,6,6,6,6,6
40468,2,1,1984,0,0,0,0,0,0,0,0,0,0
40469,1,1,1984,0,18,12,0,0,0,0,0,0,0
40470,1,1,1984,9,9,9,9,9,9,9,9,9,9
40470,2,1,1984,7,7,7,7,7,7,7,7,7,7
40471,1,1,1984,0,0,0,0,0,0,0,0,0,0
40471,2,1,1984,2,2,2,2,2,2,2,2,2,2
40472,1,1,1984,29,29,29,29,29,29,29,29,29,29
40472,2,1,1984,0,0,0,0,0,0,0,0,0,0
40473,0,1,1984,16,18,0,0,0,18,23,0,10,0
40473,1,1,1984,0,0,0,0,0,0,0,0,4,0
40474,1,1,1984,19,19,19,19,19,19,19,19,19,19
40475,1,1,1984,0,0,15,16,0,24,0,0,23,26
40476,1,1,1984,20,20,20,20,20,20,20,20,20,20
40477,0,1,1984,17,19,16,28,12,27,9,0,0,18
40477,0,2,1984,18,19,16,16,14,28,0,0,0,0
40477,1,1,1984,0,0,0,0,0,0,0,0,0,0
40478,0,1,1984,17,17,17,17,17,17,17,17,17,17
40478,1,1,1984,17,17,17,17,17,17,17,17,17,17
40479,0,1,1984,3,20,0,34,9,0,13,38,0,20
40479,1,1,1984,0,0,0,0,0,0,0,0,0,0
40480,1,1,1984,0,0,0,0,0,0,0,0,0,0
40480,2,1,1984,0,0,0,0,0,0,0,0,0,0
40481,1,1,1984,23,23,23,23,23,23,23,23,23,23
40482,1,1,1984,0,0,0,0,0,0,0,0,0,0
40482,2,1,1984,0,0,0,0,0,0,0,4,0,0
40483,1,1,1984,0,0,0,0,0,0,0,0,0,0
40483,2,1,1984,16,0,15,0,0,0,19,0,0,32
40484,1,1,1984,33,33,33,33,33,33,33,33,33,33
40484,2,1,1984,0,0,0,0,0,0,0,0,0,0
40485,1,1,1984,22,0,0,0,0,0,0,0,0,0
40486,1,1,1984,14,14,14,14,14,14,14,14,14,14
40486,2,1,1984,18,19,14,10,21,15,12,11,12,21