ST_CASE,VEH_NO,PER_NO,YEAR,P1,P2,P3,P4,P5,P6,P7,P8,P9,P10
40487,0,1,1984,0,0,0,0,0,0,0,0,0,0
40487,1,1,1984,0,0,0,0,0,14,0,0,0,0
40488,1,1,1984,11,0,0,0,0,0,0,0,0,0
40488,2,1,1984,13,13,13,13,13,13,13,13,13,13
40489,1,1,1984,2,2,2,2,2,2,2,2,2,2
40490,1,1,1984,0,0,0,0,0,0,0,0,0,0
40490,2,1,1984,0,0,0,0,0,0,0,0,0,0
40491,1,1,1984,0,0,0,0,0,0,0,0,0,0
40491,2,1,1984,0,0,0,0,0,0,0,0,0,0
40492,1,1,1984,15,0,0,17,5,0,0,0,0,0
40493,1,1,1984,18,18,18,18,18,18,18,18,18,18
40494,1,1,1984,0,0,0,0,0,0,0,0,0,0
40494,2,1,1984,0,0,0,0,0,0,0,0,0,0
40495,1,1,1984,0,0,0,0,0,0,0,0,0,0
40495,2,1,1984,0,0,13,0,0,0,0,0,0,0
40496,0,1,1984,0,0,0,0,0,0,0,0,0,0
40496,1,1,1984,0,0,0,0,0,0,0,0,0,0
40496,2,1,1984,0,0,0,0,0,0,0,0,0,0
40497,1,1,1984,0,0,0,0,0,0,0,0,0,0
40498,1,1,1984,11,0,13,32,17,5,6,25,6,9
40499,1,1,1984,11,19,9,10,31,0,0,8,0,4
40500,1,1,1984,15,15,15,15,15,15,15,15,15,15
40500,2,1,1984,0,0,0,0,0,0,0,0,0,0
40501,1,1,1984,20,20,20,20,20,20,20,20,20,20
40502,1,1,1984,0,21,0,0,0,0,0,0,0,0
40503,1,1,1984,0,0,0,0,0,0,0,0,0,0
40503,2,1,1984,0,0,0,0,0,0,0,0,0,0
40503,3,1,1984,19,0,0,8,0,0,28,0,12,0
40503,4,1,1984,0,0,0,0,0,0,0,0,0,0
40504,1,1,1984,11,22,10,19,14,21,17,8,26,6
40505,1,1,1984,15,15,15,15,15,15,15,15,15,15
40506,1,1,1984,18,18,18,18,18,18,18,18,18,18
40506,2,1,1984,16,0,0,0,0,0,39,0,0,0
40507,1,1,1984,10,16,11,8,37,33,11,17,17,29
40508,1,1,1984,0,0,0,0,0,0,0,0,0,0
40509,0,1,1984,0,0,0,0,0,0,0,0,0,0
40509,1,1,1984,0,0,0,0,0,0,0,0,0,0
40510,1,1,1984,0,0,0,0,0,0,4,0,0,18
40510,2,1,1984,0,0,0,0,0,0,0,0,0,0
40510,3,1,1984,0,0,0,0,0,0,0,0,0,0
40511,1,1,1984,13,13,13,13,13,13,13,13,13,13
40512,0,1,1984,13,13,13,13,13,13,13,13,13,13
40512,1,1,1984,0,0,0,0,0,0,0,0,0,0
40513,1,1,1984,16,16,16,16,16,16,16,16,16,16
40514,0,1,1984,0,0,0,0,0,15,0,0,0,0
40514,1,1,1984,0,0,0,0,0,0,0,11,0,0
40515,0,1,1984,0,0,0,27,0,0,0,0,0,4
40515,1,1,1984,12,0,11,0,0,20,0,0,0,0
40516,1,1,1984,0,19,0,12,21,0,0,0,0,0
40517,1,1,1984,20,22,0,0,0,0,0,0,0,0
40518,1,1,1984,0,0,0,0,0,0,0,0,0,0
40519,1,1,1984,25,25,25,25,25,25,25,25,25,25
40520,1,1,1984,0,0,0,0,0,0,18,8,0,0
40520,2,1,1984,0,0,0,0,0,0,0,0,0,0
40521,1,1,1984,15,0,0,25,0,0,0,0,11,0
40521,2,1,1984,0,0,0,0,0,0,0,0,0,0
40522,1,1,1984,0,0,0,0,0,0,0,0,0,0
40524,0,1,1984,0,0,9,0,0,0,0,19,0,30
40524,1,1,1984,0,0,0,0,0,0,0,0,0,0
40525,0,1,1984,0,0,8,0,0,0,0,0,0,0
40525,1,1,1984,0,0,0,0,0,0,0,0,0,0
40526,1,1,1984,0,0,0,0,0,0,0,0,0,0
40526,2,1,1984,0,0,0,0,0,0,0,0,0,0
40527,1,1,1984,0,0,0,0,0,0,0,0,0,0
40527,2,1,1984,0,0,0,0,0,0,0,0,0,0
40528,1,1,1984,2,0,14,22,10,14,3,11,3,12
40529,1,1,1984,20,0,0,17,13,8,0,0,0,0
40529,2,1,1984,0,17,0,0,0,0,9,0,0,0
40530,0,1,1984,12,0,0,0,0,3,0,0,0,0
40530,1,1,1984,0,0,0,0,0,0,0,0,0,0
40531,0,1,1984,0,33,17,0,0,0,0,11,23,0
40531,0,2,1984,0,0,0,21,0,47,28,0,16,0
40531,1,1,1984,0,0,0,0,0,0,0,0,0,0
40532,0,1,1984,16,16,16,16,16,16,16,16,16,16
40532,1,1,1984,0,0,0,0,0,0,0,0,0,0
40533,0,1,1984,0,0,0,0,0,0,0,0,0,0
40533,1,1,1984,0,0,0,0,0,0,0,0,0,0
40534,0,1,1984,15,15,15,15,15,15,15,15,15,15
40534,1,1,1984,0,14,0,0,0,0,0,0,16,0
40535,1,1,1984,13,13,13,13,13,13,13,13,13,13
40536,1,1,1984,0,0,0,0,0,0,0,0,0,0
40537,1,1,1984,12,12,12,12,12,12,12,12,12,12
40538,0,1,1984,0,0,27,0,14,0,0,16,24,0
40538,2,1,1984,0,0,0,0,0,0,0,0,0,0
40539,1,1,1984,15,17,7,13,11,31,17,10,13,12
40540,1,1,1984,21,0,0,16,38,0,0,0,0,17
40541,1,1,1984,19,16,21,35,27,23,0,21,18,16
40542,0,1,1984,0,0,0,0,0,0,0,0,0,0
40542,1,1,1984,0,0,0,0,0,0,0,0,0,0
40543,0,1,1984,37,37,37,37,37,37,37,37,37,37
40544,1,1,1984,16,16,16,16,16,16,16,16,16,16
40545,0,1,1984,0,16,0,0,17,0,26,0,0,0
40545,1,1,1984,9,0,0,0,0,0,0,0,0,0
40546,1,1,1984,0,0,0,0,0,0,0,0,0,0
40547,0,1,1984,0,0,0,0,0,0,0,0,0,0
40547,1,1,1984,0,0,0,0,0,0,0,11,0,0
40548,0,1,1984,0,0,0,0,0,0,0,0,0,0
40548,1,1,1984,0,0,0,0,0,0,0,0,0,0
40549,1,1,1984,0,0,0,3,0,0,0,0,0,0
40549,2,1,1984,39,27,14,24,10,19,13,5,18,4
40550,1,1,1984,17,17,17,17,17,17,17,17,17,17
40550,2,1,1984,0,0,0,0,0,0,0,0,0,0
40551,1,1,1984,21,21,21,21,21,21,21,21,21,21
40551,2,1,1984,0,0,16,0,0,0,0,19,0,0
40552,1,1,1984,14,14,14,14,14,14,14,14,14,14
40552,2,1,1984,0,0,0,0,0,0,0,0,0,0
40554,1,1,1984,13,13,13,13,13,13,13,13,13,13
40554,2,1,1984,0,0,0,0,0,0,0,0,0,0
40555,0,1,1984,0,0,0,0,0,0,0,0,0,0
40555,1,1,1984,0,0,0,0,0,0,0,0,0,0
40556,1,1,1984,19,19,19,19,19,19,19,19,19,19
40556,2,1,1984,0,0,0,0,0,0,0,0,0,8
40557,0,1,1984,0,0,0,0,0,29,0,0,0,0
40557,1,1,1984,0,0,0,0,0,0,21,0,0,0
40558,1,1,1984,27,27,27,27,27,27,27,27,27,27
40559,1,1,1984,0,0,0,0,0,0,0,0,0,0
40559,2,1,1984,8,0,0,0,0,0,0,0,0,0
40560,1,1,1984,14,11,13,12,0,29,15,26,39,30
40561,1,1,1984,0,0,0,0,0,0,0,0,0,0
40561,2,1,1984,11,11,11,11,11,11,11,11,11,11
40562,0,1,1984,21,23,22,29,0,0,18,11,3,0
40562,1,1,1984,0,0,0,0,0,0,0,0,16,0
40563,1,1,1984,13,0,0,0,0,2,15,0,5,3
40564,1,1,1984,0,0,0,0,0,0,0,0,0,0
40564,2,1,1984,0,0,0,0,14,0,0,9,0,0
40565,1,1,1984,0,0,0,0,0,0,0,0,0,0
40566,1,1,1984,0,0,0,0,0,0,0,0,0,0
40566,2,1,1984,0,0,0,0,0,0,0,0,0,0
40568,1,1,1984,0,0,0,0,0,0,0,0,0,0
40568,2,1,1984,0,0,21,0,5,0,0,0,0,0
40569,0,1,1984,0,0,0,0,0,0,0,9,0,0
40569,0,2,1984,22,0,20,15,0,0,0,0,0,16
40569,1,1,1984,0,0,0,0,0,0,0,0,0,0
40570,1,1,1984,7,7,7,7,7,7,7,7,7,7
40571,1,1,1984,18,18,18,18,18,18,18,18,18,18
40572,1,1,1984,0,0,0,0,0,0,0,0,0,0
40572,2,1,1984,0,0,0,0,0,13,0,0,0,0
40573,1,1,1984,8,8,8,8,8,8,8,8,8,8
40574,0,1,1984,0,0,0,0,0,0,0,0,0,0
40574,1,1,1984,0,0,0,0,0,0,0,0,0,0
40575,1,1,1984,10,10,10,10,10,10,10,10,10,10
40575,2,1,1984,0,0,0,0,0,0,0,0,0,0
40576,0,1,1984,0,0,0,0,0,0,0,0,0,0
40576,1,1,1984,0,0,0,0,0,0,0,0,0,0
40577,1,1,1984,12,0,0,10,0,0,2,9,0,29
40579,1,1,1984,21,15,25,4,15,6,16,11,33,20
40579,2,1,1984,1,1,1,1,1,1,1,1,1,1
40580,1,1,1984,22,0,0,0,0,0,0,0,0,0
40581,1,1,1984,0,0,0,0,0,0,0,0,0,0
40581,2,1,1984,13,13,13,13,13,13,13,13,13,13
40582,1,1,1984,4,4,4,4,4,4,4,4,4,4
40582,2,1,1984,17,17,17,17,17,17,17,17,17,17
40583,1,1,1984,19,19,19,19,19,19,19,19,19,19
40583,2,1,1984,0,19,0,0,0,0,0,0,0,0
40584,1,1,1984,7,0,0,0,0,0,0,0,4,0
40585,1,1,1984,19,19,19,19,19,19,19,19,19,19
40586,1,1,1984,0,0,0,0,0,0,0,0,0,0
40586,2,1,1984,0,0,0,0,0,0,0,0,0,0
40586,3,1,1984,0,0,0,0,0,0,0,0,0,0
40587,1,1,1984,0,0,0,0,0,0,0,0,0,0
40588,1,1,1984,0,12,23,8,17,10,25,5,0,0
40589,1,1,1984,30,19,0,0,15,7,32,5,17,0
40590,1,3,1984,0,11,18,12,17,11,13,5,2,35
40591,1,1,1984,10,0,0,32,0,0,0,0,0,25
40592,1,1,1984,15,0,5,11,6,9,0,20,30,0
40593,1,1,1984,13,13,13,13,13,13,13,13,13,13
40594,1,1,1984,0,0,0,0,0,0,0,0,0,0
40594,2,1,1984,0,0,0,0,0,0,0,0,0,0
40595,1,1,1984,0,0,0,0,0,0,0,0,0,0
40595,2,1,1984,0,5,0,0,0,0,0,0,0,0
40596,1,1,1984,6,0,0,0,0,0,18,0,0,0
40597,0,1,1984,0,0,33,0,0,21,24,18,44,37
40597,1,1,1984,8,10,27,31,18,21,0,27,0,0
40598,1,1,1984,0,0,0,0,0,0,0,0,0,0
40599,1,1,1984,0,0,0,0,0,0,0,0,0,0
40600,0,1,1984,22,22,22,22,22,22,22,22,22,22
40600,1,1,1984,0,0,0,0,0,0,0,0,0,0
40601,0,1,1984,25,25,25,25,25,25,25,25,25,25
40601,1,1,1984,0,0,0,0,0,0,0,0,0,0
40602,1,1,1984,0,0,0,0,0,0,0,0,0,0
40603,1,1,1984,21,21,21,21,21,21,21,21,21,21
40604,0,1,1984,7,19,5,3,14,18,5,35,0,0
40604,1,1,1984,14,14,14,14,14,14,14,14,14,14
40605,0,1,1984,0,0,0,0,0,0,0,0,0,0
40605,1,1,1984,21,22,8,18,14,3,10,7,17,10
40606,0,1,1984,0,0,0,0,0,0,0,0,0,0
40606,1,1,1984,0,0,0,0,0,0,0,0,0,0
40606,2,1,1984,0,0,0,0,0,0,0,0,0,0
40606,3,1,1984,0,0,0,0,0,0,0,0,0,0
40606,4,1,1984,0,0,0,0,0,0,0,0,0,0
40606,5,1,1984,0,0,0,0,0,0,0,0,0,0
40607,1,1,1984,0,0,0,0,0,0,0,0,0,0
40607,2,1,1984,0,0,0,0,0,13,0,0,0,0
40608,1,1,1984,24,11,20,14,21,7,13,6,19,19
40609,1,1,1984,0,0,0,0,0,0,0,0,0,0
40609,2,1,1984,0,0,0,0,0,0,0,0,0,0
40610,1,1,1984,0,0,0,0,0,0,0,0,0,0
40611,1,1,1984,0,0,0,0,0,0,0,0,0,0
40612,0,1,1984,0,0,0,0,0,0,0,0,0,0
40613,1,1,1984,10,0,0,12,0,0,0,0,26,0
40613,2,1,1984,0,0,0,0,0,0,0,0,0,0
40613,3,1,1984,0,0,14,0,0,9,0,0,0,0
40614,1,1,1984,10,10,10,10,10,10,10,10,10,10
40615,0,1,1984,23,23,23,23,23,23,23,23,23,23
40615,1,1,1984,0,0,0,0,0,11,19,0,13,0
40616,0,1,1984,0,0,0,0,0,0,0,0,0,0
40616,1,1,1984,0,0,0,41,0,0,0,0,0,0
40617,0,1,1984,0,0,0,0,0,0,0,0,0,0
40617,1,1,1984,0,0,0,0,0,0,0,0,0,0
40618,0,1,1984,18,18,18,18,18,18,18,18,18,18
40618,1,1,1984,31,0,8,22,0,25,0,0,0,20
40619,1,1,1984,0,0,0,19,0,0,0,0,0,11
40620,1,1,1984,0,0,29,0,0,21,21,14,10,35
40621,1,1,1984,0,0,0,0,0,0,0,0,0,0
40621,2,1,1984,0,0,0,0,0,0,0,0,0,0
40622,1,1,1984,0,0,14,0,0,0,0,0,0,0
40623,0,1,1984,21,13,20,14,16,40,3,37,26,13
40623,1,1,1984,0,0,0,0,0,0,0,0,0,0
40624,1,1,1984,10,10,10,10,10,10,10,10,10,10
40624,2,1,1984,35,35,35,35,35,35,35,35,35,35
40625,1,1,1984,23,23,23,23,23,23,23,23,23,23
40626,1,1,1984,0,0,0,14,0,0,0,0,0,0
40626,2,1,1984,0,0,0,0,0,0,0,0,0,0
40627,1,1,1984,0,0,0,0,0,23,0,11,47,8
40627,2,1,1984,0,0,12,24,0,0,17,0,0,0
40628,0,1,1984,21,21,21,21,21,21,21,21,21,21
40628,1,1,1984,0,0,0,0,0,0,0,0,0,0
40629,0,1,1984,0,0,0,20,0,0,0,0,0,0
40629,1,1,1984,0,0,0,0,0,0,0,0,0,0
40630,0,1,1984,31,31,31,31,31,31,31,31,31,31
40630,1,1,1984,0,0,0,0,0,0,0,0,0,0
40631,1,1,1984,0,0,0,0,0,0,0,0,0,0
40631,2,1,1984,0,0,0,0,0,0,0,0,0,0
40632,1,1,1984,17,10,10,7,11,20,13,46,27,13
40633,1,1,1984,21,21,21,21,21,21,21,21,21,21
40633,2,1,1984,0,0,11,0,0,0,0,0,0,0
40634,0,1,1984,15,14,17,0,0,17,10,26,11,6
40634,1,1,1984,13,0,26,0,11,18,0,0,11,24
40635,1,1,1984,22,22,22,22,22,22,22,22,22,22
40636,1,1,1984,15,15,15,15,15,15,15,15,15,15
40637,1,1,1984,0,0,3,7,7,9,6,5,9,0
40637,2,1,1984,22,7,8,8,11,10,10,8,29,14
40638,0,1,1984,23,0,0,14,14,0,0,19,11,27
40638,1,1,1984,18,9,0,0,0,15,0,17,0,5
40639,1,1,1984,0,0,0,0,0,0,0,0,0,0
40639,2,1,1984,22,22,22,22,22,22,22,22,22,22
40640,1,1,1984,0,0,0,0,0,0,0,0,0,0
40640,2,1,1984,0,0,0,0,0,0,0,0,0,0
40641,0,1,1984,0,0,0,0,0,0,0,0,0,0
40641,1,1,1984,0,27,0,0,0,0,0,0,0,0
40642,1,1,1984,0,0,12,13,17,26,15,18,31,22
40643,0,1,1984,0,0,0,0,0,0,13,0,0,0
40643,0,2,1984,0,0,0,0,0,0,0,0,0,0
40643,1,1,1984,14,14,14,14,14,14,14,14,14,14
40644,1,1,1984,0,0,0,0,0,0,0,0,0,0
40645,1,1,1984,0,0,0,0,0,0,0,0,0,0
40645,2,1,1984,0,0,0,0,0,0,0,0,0,0
40646,0,1,1984,0,0,0,0,0,0,0,0,0,0
40646,1,1,1984,0,22,0,0,0,0,0,0,0,0
40647,1,1,1984,9,9,9,9,9,9,9,9,9,9
40648,1,1,1984,0,0,0,0,12,0,0,0,0,0
40649,1,1,1984,0,0,0,0,0,0,0,0,0,0
40650,1,1,1984,10,10,10,10,10,10,10,10,10,10
40650,2,1,1984,0,0,13,0,0,0,0,0,0,0
40651,1,1,1984,3,3,3,3,3,3,3,3,3,3
40651,2,1,1984,0,12,0,0,0,0,0,29,0,0
40652,0,1,1984,0,0,0,0,0,0,0,0,0,0
40652,1,1,1984,0,0,0,17,0,0,0,0,0,0
40653,1,1,1984,0,0,8,0,0,0,0,0,0,0
40653,2,1,1984,0,0,0,0,0,0,0,0,0,0
40654,1,1,1984,9,5,24,12,31,15,16,13,25,0
40655,1,1,1984,27,7,14,20,22,32,21,5,33,12
40655,2,1,1984,0,0,7,17,17,11,9,7,0,0
40656,1,1,1984,0,0,0,0,0,0,0,0,0,0
40656,2,1,1984,0,0,0,0,0,0,0,0,0,0
40657,1,1,1984,23,23,23,23,23,23,23,23,23,23
40657,2,1,1984,21,15,0,0,20,18,0,0,11,0
40658,1,1,1984,0,0,0,0,0,0,0,0,0,0
40658,2,1,1984,0,0,0,0,0,0,0,0,0,0
40658,3,1,1984,0,0,0,0,0,0,0,0,0,0
40658,4,1,1984,0,0,0,0,0,0,0,0,0,0
40658,5,1,1984,0,0,0,0,0,0,0,0,0,0
40659,0,1,1984,24,24,24,24,24,24,24,24,24,24
40659,1,1,1984,0,9,0,0,16,14,0,0,0,6
40660,1,1,1984,0,0,0,0,0,0,0,0,0,0
40660,2,1,1984,0,0,0,0,0,0,0,0,0,0
40661,1,1,1984,0,0,0,0,0,0,0,0,0,0
40662,1,1,1984,0,0,0,0,0,0,0,0,0,0
40662,2,1,1984,0,0,0,0,0,0,0,0,0,0
40663,0,1,1984,28,28,28,28,28,28,28,28,28,28
40663,1,1,1984,20,0,0,0,6,0,24,4,0,28
40664,1,1,1984,0,0,0,0,0,0,0,0,0,0
40665,1,1,1984,0,0,0,0,0,0,0,0,0,0
40665,2,1,1984,0,11,0,0,0,0,0,0,0,0
40666,0,1,1984,47,47,47,47,47,47,47,47,47,47
40666,1,1,1984,0,0,0,0,0,0,0,0,0,0
40667,0,1,1984,28,35,17,25,20,11,13,13,14,14
40667,1,1,1984,10,5,13,12,0,20,0,0,0,14
40668,1,1,1984,32,32,32,32,32,32,32,32,32,32
40668,2,1,1984,0,0,0,0,0,0,0,0,0,0
40669,0,1,1984,0,8,35,0,0,0,3,0,0,22
40669,1,1,1984,0,0,0,0,0,0,0,0,0,0
40670,1,1,1984,0,0,0,3,0,0,0,0,0,0
40670,2,1,1984,0,0,0,0,0,0,0,0,0,0
40671,1,1,1984,0,0,0,0,0,0,0,0,0,9
40671,2,1,1984,0,0,0,0,14,23,3,0,0,0
40672,1,1,1984,0,0,0,0,0,0,20,0,0,0
40672,2,1,1984,0,18,0,0,0,0,0,0,0,0
40672,3,1,1984,0,0,0,0,0,0,0,0,0,17
40673,0,1,1984,0,0,0,0,0,0,0,0,0,0
40673,1,1,1984,0,0,0,0,0,7,0,0,0,0
40674,1,1,1984,7,0,0,14,0,0,0,0,0,8
40675,0,1,1984,0,0,0,0,0,0,0,0,0,0
40675,1,1,1984,0,0,0,0,0,0,0,0,0,0
40676,1,1,1984,8,0,17,0,0,19,17,0,16,5
40677,1,1,1984,0,0,0,0,0,0,0,0,0,0
40677,2,1,1984,0,0,0,0,0,0,4,0,0,0
40678,1,1,1984,11,29,19,0,11,14,4,18,30,30
40678,2,1,1984,5,5,5,5,5,5,5,5,5,5
40679,0,1,1984,0,0,26,0,14,0,0,0,4,25
40679,1,1,1984,24,0,0,0,0,0,0,27,6,0
40680,0,1,1984,0,0,0,0,0,0,0,0,0,0
40680,1,1,1984,0,0,0,0,0,0,0,0,0,0
40681,1,1,1984,10,10,10,10,10,10,10,10,10,10
40682,0,1,1984,14,17,8,12,28,50,0,13,0,13
40682,1,1,1984,0,0,0,0,0,0,8,0,0,0
40683,1,1,1984,20,20,20,20,20,20,20,20,20,20
40683,2,1,1984,2,2,2,2,2,2,2,2,2,2
40684,0,1,1984,0,0,0,0,0,0,0,0,0,0
40684,1,1,1984,0,0,0,0,0,0,0,0,0,0
40685,1,1,1984,0,0,0,0,0,0,0,0,0,0
40685,2,1,1984,11,0,0,0,0,0,0,0,0,0
40686,0,1,1984,2,20,34,25,0,0,16,0,0,45
40686,1,1,1984,0,0,0,0,0,0,0,0,0,0
40687,1,1,1984,0,0,0,0,0,5,13,0,0,0
40687,2,1,1984,0,0,0,0,0,0,0,0,0,0
40687,3,1,1984,0,0,0,0,0,0,0,0,0,0
40688,1,1,1984,39,11,37,0,16,13,31,32,4,19
40689,1,1,1984,20,9,11,15,13,13,0,12,21,7
40690,0,1,1984,26,26,26,26,26,26,26,26,26,26
40690,1,1,1984,0,0,0,0,0,0,0,0,0,0
40691,0,1,1984,12,22,23,17,18,0,7,0,34,0
40691,1,1,1984,0,0,0,0,0,0,24,0,21,25
40692,1,1,1984,0,14,0,0,0,0,28,25,0,0
40692,2,1,1984,0,0,0,0,0,0,0,0,0,0
40693,1,1,1984,0,0,0,0,0,0,0,0,0,0
40693,2,1,1984,0,0,0,0,0,0,0,13,0,0
40694,1,1,1984,36,36,36,36,36,36,36,36,36,36
40695,1,1,1984,6,6,6,6,6,6,6,6,6,6
40696,1,1,1984,0,0,0,0,14,13,25,0,0,0
40696,2,1,1984,0,0,0,0,0,0,35,0,0,0
40697,1,1,1984,0,0,0,0,8,0,0,0,0,0
40697,2,1,1984,0,0,0,0,0,0,0,0,0,0
40698,0,1,1984,22,22,22,22,22,22,22,22,22,22
40698,1,1,1984,0,0,0,0,0,0,0,0,0,0
40698,2,1,1984,0,0,0,0,0,0,0,0,0,0
40699,1,1,1984,0,0,0,0,0,0,0,0,0,0
40699,2,1,1984,0,0,0,0,0,0,0,0,4,0
40700,1,1,1984,4,12,14,23,10,8,19,13,16,13
40700,2,1,1984,0,0,27,0,0,20,0,0,0,0
40701,1,1,1984,27,27,27,27,27,27,27,27,27,27
40702,1,1,1984,21,21,21,21,21,21,21,21,21,21
40702,2,1,1984,0,0,0,0,0,0,0,0,0,0
40703,1,1,1984,18,8,5,26,17,11,14,31,19,4
40704,1,1,1984,0,0,0,0,0,0,0,0,0,0
40704,2,1,1984,0,13,0,0,0,0,28,0,0,0
40705,0,1,1984,22,17,19,15,10,10,27,18,20,24
40705,1,1,1984,0,0,16,0,0,24,24,10,0,15
40706,0,1,1984,24,24,24,24,24,24,24,24,24,24
40706,1,1,1984,0,16,0,16,0,0,0,0,0,11
40707,1,1,1984,0,0,0,0,0,0,0,0,0,0
40707,2,1,1984,0,0,0,0,0,0,0,0,0,0
40708,1,1,1984,0,0,0,0,0,0,0,0,0,0
40708,2,1,1984,0,0,0,0,0,0,34,0,0,0
40709,1,1,1984,0,0,0,6,0,17,0,0,0,0
40709,2,1,1984,0,0,0,0,0,0,0,0,0,0
40710,0,1,1984,0,0,0,0,0,0,0,0,0,0
40710,1,1,1984,0,0,25,0,19,6,9,23,0,0
40711,1,1,1984,7,11,41,15,9,4,10,13,14,0
40711,2,1,1984,2,2,2,2,2,2,2,2,2,2
40712,1,1,1984,0,0,0,0,0,0,0,9,0,0
40712,2,1,1984,0,0,0,0,0,0,0,0,0,0
40713,1,1,1984,20,20,20,20,20,20,20,20,20,20
40713,2,1,1984,0,0,0,0,0,0,0,12,0,0
40714,1,1,1984,0,0,0,0,0,0,0,0,0,0
40714,2,1,1984,0,0,0,0,0,0,0,0,0,0
40715,1,1,1984,0,0,0,0,0,0,0,0,0,0
40716,1,1,1984,11,11,11,11,11,11,11,11,11,11
40717,0,1,1984,0,0,0,0,0,0,0,0,0,0
40717,1,1,1984,0,0,0,0,0,0,0,0,0,0
40718,1,1,1984,0,0,0,0,0,0,0,0,0,0
40718,2,1,1984,0,0,0,0,0,0,0,0,0,0
40719,1,1,1984,8,21,19,19,39,34,17,24,18,6
40720,0,1,1984,19,19,19,19,19,19,19,19,19,19
40720,1,1,1984,0,0,0,0,0,0,0,0,0,0
40721,0,1,1984,0,0,0,0,0,0,0,0,0,0
40721,1,1,1984,0,0,0,0,0,0,0,0,0,0
40722,1,1,1984,13,13,13,13,13,13,13,13,13,13
40722,2,1,1984,0,0,0,0,0,0,0,0,0,0
40723,1,1,1984,15,15,15,15,15,15,15,15,15,15
40723,2,1,1984,0,0,0,0,0,0,0,0,0,0
40724,0,1,1984,0,0,0,0,0,0,0,0,0,0
40724,1,1,1984,0,0,8,0,0,0,0,0,0,0
40725,1,1,1984,15,25,11,7,19,36,30,20,23,5
40726,1,1,1984,0,33,11,0,0,0,0,0,0,11
40727,1,1,1984,0,16,41,0,26,10,10,0,18,14
40728,1,1,1984,0,9,16,4,0,16,4,16,0,0
40729,1,1,1984,0,0,0,0,0,0,0,0,0,12
40730,0,1,1984,30,30,30,30,30,30,30,30,30,30
40730,1,1,1984,0,0,0,0,0,0,0,0,0,0
40731,1,1,1984,0,0,8,0,5,25,12,0,23,16
40732,0,1,1984,25,25,25,25,25,25,25,25,25,25
40732,1,1,1984,0,0,21,0,0,0,0,0,0,0
40732,2,1,1984,0,0,0,0,0,0,0,0,0,0
40733,1,1,1984,0,0,0,0,0,0,0,0,0,0
40733,2,1,1984,0,0,0,0,0,0,0,0,0,0
40734,1,1,1984,0,19,0,0,0,0,0,0,12,0
40735,1,1,1984,0,0,0,0,0,0,0,0,0,0
40735,2,1,1984,0,0,0,0,0,0,0,0,0,0
40736,1,1,1984,25,25,25,25,25,25,25,25,25,25
40736,2,1,1984,7,7,7,7,7,7,7,7,7,7
40737,1,1,1984,15,15,15,15,15,15,15,15,15,15
40738,1,1,1984,0,0,0,0,0,0,0,0,0,0
40738,2,1,1984,2,2,2,2,2,2,2,2,2,2
40739,0,1,1984,0,0,0,0,0,0,0,0,0,0
40739,1,1,1984,0,0,0,0,0,0,0,0,0,0
40740,1,1,1984,0,0,0,0,0,0,0,0,0,0
40740,2,1,1984,25,25,25,25,25,25,25,25,25,25
40741,1,1,1984,7,7,7,7,7,7,7,7,7,7
40741,2,1,1984,0,0,0,0,0,0,0,0,8,0
40742,1,1,1984,0,0,0,0,0,0,0,0,0,0
40743,1,1,1984,0,0,0,0,0,0,13,0,0,0
40744,1,1,1984,0,0,0,0,0,0,0,0,0,0
40744,2,1,1984,4,5,0,6,0,0,0,21,16,21
40745,0,1,1984,2,2,2,2,2,2,2,2,2,2
40745,1,1,1984,0,0,0,0,0,0,0,0,18,0
40746,1,1,1984,0,0,21,0,30,13,0,0,0,0
40747,0,1,1984,38,38,38,38,38,38,38,38,38,38
40747,1,1,1984,5,0,0,28,24,0,0,0,29,0
40748,1,1,1984,12,12,12,12,12,12,12,12,12,12
40749,1,1,1984,18,18,18,18,18,18,18,18,18,18
40750,1,1,1984,30,30,30,30,30,30,30,30,30,30
40751,1,1,1984,0,0,0,0,0,0,0,0,0,0
40751,2,1,1984,0,0,0,0,0,0,0,0,0,0
40752,1,1,1984,15,0,0,0,0,0,0,0,0,0
40752,2,1,1984,0,0,0,0,0,0,0,0,0,0
40753,1,1,1984,0,0,0,0,0,0,0,0,0,0
40753,2,1,1984,0,0,0,0,0,0,0,0,7,0
40753,3,1,1984,0,0,0,0,0,0,0,0,0,0
40754,1,1,1984,13,22,29,12,0,0,20,21,11,18
40754,2,1,1984,0,0,0,15,0,0,0,0,0,0
40755,1,1,1984,0,0,0,0,0,0,0,0,0,0
40756,0,1,1984,0,14,0,0,0,0,0,0,0,0
40756,1,1,1984,17,13,0,0,21,31,0,0,0,0
40757,1,1,1984,1,1,1,1,1,1,1,1,1,1
40757,2,1,1984,0,0,0,0,0,0,0,0,0,0
40757,3,1,1984,19,19,19,19,19,19,19,19,19,19
40758,1,1,1984,0,0,0,0,0,0,0,0,0,0
40758,2,1,1984,48,48,48,48,48,48,48,48,48,48
40759,1,1,1984,0,0,0,0,0,0,0,0,0,0
40759,2,1,1984,0,0,0,0,0,0,0,0,0,0
40760,0,1,1984,0,0,0,0,0,0,0,0,0,0
40760,1,1,1984,0,0,0,0,0,16,0,0,0,0
40761,0,1,1984,0,0,0,0,0,0,0,0,0,0
40761,1,1,1984,0,0,0,0,0,0,0,0,0,0
40762,1,1,1984,0,0,0,0,0,0,0,0,0,6
40762,2,1,1984,0,0,0,0,0,0,0,7,0,0
40763,0,1,1984,0,0,0,0,0,0,0,0,0,0
40764,0,1,1984,0,0,0,0,20,44,12,26,11,17
40764,1,1,1984,0,0,0,0,0,0,0,0,23,0
40765,1,1,1984,0,0,0,0,0,0,0,0,0,0
40765,2,1,1984,0,0,0,0,0,0,0,0,0,0
40766,1,1,1984,0,0,0,0,0,0,0,0,0,0
40767,0,1,1984,0,0,0,0,0,0,0,0,0,0
40767,1,1,1984,0,0,0,0,0,0,0,0,0,0