ST_CASE,VEH_NO,PER_NO,YEAR,P1,P2,P3,P4,P5,P6,P7,P8,P9,P10
40768,1,1,1984,0,0,0,0,0,0,0,0,0,0
40768,2,1,1984,0,0,0,0,0,0,0,0,0,0
40769,2,1,1984,0,0,0,0,0,0,0,0,0,0
40770,1,1,1984,2,2,2,2,2,2,2,2,2,2
40770,2,1,1984,13,13,13,13,13,13,13,13,13,13
40771,1,1,1984,0,0,0,0,0,0,0,0,0,0
40772,1,1,1984,17,29,20,13,20,21,19,42,22,25
40772,2,1,1984,24,0,21,8,20,6,10,8,15,10
40773,1,1,1984,18,18,18,18,18,18,18,18,18,18
40774,1,1,1984,0,0,0,0,0,0,0,0,0,0
40774,2,1,1984,0,0,0,0,0,16,0,0,0,0
40774,3,1,1984,0,0,10,0,0,0,0,0,0,0
40775,1,1,1984,0,0,0,0,0,0,0,0,0,0
40776,1,1,1984,0,0,0,0,0,0,0,0,0,0
40776,2,1,1984,0,0,0,0,0,0,0,0,0,0
40777,1,1,1984,16,11,0,17,12,0,15,16,15,0
40777,2,1,1984,15,15,15,15,15,15,15,15,15,15
40778,0,1,1984,18,18,18,18,18,18,18,18,18,18
40778,1,1,1984,0,0,0,14,0,0,0,0,0,0
40779,1,1,1984,25,14,18,7,24,12,24,0,25,21
40780,0,1,1984,31,31,31,31,31,31,31,31,31,31
40780,1,1,1984,0,0,0,0,0,0,0,0,0,0
40781,1,4,1984,9,10,19,0,9,0,0,0,0,2
40782,1,1,1984,15,38,0,39,11,28,15,12,31,0
40783,1,1,1984,0,0,0,13,0,0,0,0,0,0
40783,2,1,1984,0,19,0,0,20,0,0,0,0,0
40784,1,1,1984,28,28,28,28,28,28,28,28,28,28
40785,1,1,1984,30,10,19,12,8,0,16,11,4,18
40785,2,1,1984,0,0,0,0,0,0,0,0,0,0
40786,1,1,1984,0,0,0,0,0,0,0,0,0,0
40787,1,1,1984,0,0,0,0,0,0,0,0,0,7
40787,2,1,1984,0,0,0,0,0,0,0,0,0,0
40788,1,1,1984,14,14,14,14,14,14,14,14,14,14
40788,2,1,1984,12,12,12,12,12,12,12,12,12,12
40789,1,1,1984,0,0,0,0,0,0,0,0,0,4
40789,2,1,1984,0,0,0,0,0,9,0,0,0,0
40790,1,1,1984,15,17,0,13,0,0,0,16,29,22
40791,1,1,1984,13,13,13,13,13,13,13,13,13,13
50001,1,1,1984,19,0,0,12,28,26,15,11,0,0
50003,1,1,1984,0,26,18,0,0,14,13,0,0,14
50004,1,1,1984,0,0,0,0,0,0,0,0,0,0
50004,2,1,1984,37,0,0,0,0,7,0,0,0,0
50005,1,1,1984,15,29,18,18,0,23,0,16,6,47
50006,1,1,1984,0,0,0,21,17,7,10,0,0,0
50007,1,1,1984,27,27,27,27,27,27,27,27,27,27
50008,1,1,1984,11,12,22,6,19,20,0,20,0,13
50009,0,1,1984,0,0,0,0,0,0,0,0,0,0
50009,1,1,1984,0,0,0,0,0,0,0,0,0,0
50010,1,1,1984,0,26,9,19,0,0,22,6,33,21
50011,1,1,1984,0,0,0,0,0,0,0,0,0,0
50011,2,1,1984,0,0,0,0,0,0,0,0,0,0
50011,3,1,1984,0,0,0,0,0,0,0,0,0,0
50012,1,1,1984,0,0,0,0,0,0,12,0,0,0
50012,2,1,1984,0,0,0,0,0,0,0,0,0,0
50013,0,1,1984,18,39,36,56,20,16,36,19,66,9
50013,1,1,1984,0,0,0,0,0,0,0,0,15,0
50014,1,1,1984,0,0,0,0,15,0,0,0,0,0
50014,2,1,1984,6,6,6,6,6,6,6,6,6,6
50015,1,1,1984,0,0,0,0,11,0,0,0,0,0
50015,2,1,1984,0,0,0,0,0,0,0,0,0,0
50016,0,1,1984,23,0,10,28,11,36,39,22,0,14
50016,1,1,1984,0,0,0,0,0,0,0,0,0,0
50017,1,1,1984,10,37,19,0,22,0,6,0,0,22
50018,1,1,1984,10,10,10,10,10,10,10,10,10,10
50019,1,1,1984,0,0,0,0,0,0,0,0,0,0
50019,2,1,1984,24,0,0,0,0,0,0,0,0,0
50020,1,1,1984,0,10,0,16,9,26,15,25,13,0
50021,1,1,1984,16,22,46,17,22,23,7,20,0,14
50022,1,1,1984,10,7,7,0,0,0,8,0,16,0
50023,1,1,1984,0,0,0,0,0,0,0,0,0,0
50023,2,1,1984,0,0,0,0,0,0,0,8,0,0
50024,1,1,1984,19,23,23,17,17,21,19,24,32,0
50024,2,1,1984,12,0,0,0,0,2,0,0,0,0
50025,1,1,1984,23,23,23,23,23,23,23,23,23,23
50025,2,1,1984,27,27,27,27,27,27,27,27,27,27
50026,1,1,1984,0,0,0,0,0,0,0,0,0,0
50026,2,1,1984,0,0,0,0,0,0,0,0,0,0
50027,1,1,1984,0,0,0,0,0,0,0,24,0,0
50027,2,1,1984,0,0,0,0,0,0,0,4,0,0
50027,3,1,1984,27,23,23,30,25,0,18,18,20,11
50028,1,1,1984,14,14,14,14,14,14,14,14,14,14
50028,2,1,1984,0,0,0,0,0,0,0,0,0,0
50029,1,1,1984,0,6,0,0,7,0,0,0,0,0
50029,2,1,1984,6,6,6,6,6,6,6,6,6,6
50030,1,1,1984,31,31,31,31,31,31,31,31,31,31
50031,1,1,1984,11,0,11,10,32,11,0,16,19,0
50032,0,1,1984,17,17,17,17,17,17,17,17,17,17
50032,1,1,1984,0,0,0,0,0,0,0,11,0,0
50033,1,2,1984,0,0,0,0,0,0,0,0,12,0
50033,2,1,1984,0,0,0,0,0,0,0,0,0,0
50034,0,1,1984,0,0,0,35,0,0,0,0,0,19
50034,1,1,1984,0,0,0,14,0,0,0,8,11,0
50035,1,1,1984,0,0,0,0,0,0,0,0,0,0
50036,1,1,1984,0,0,0,0,0,0,0,0,0,0
50037,1,1,1984,7,23,30,33,26,11,16,18,24,22
50037,2,1,1984,0,0,0,0,0,8,0,0,0,0
50038,1,1,1984,26,26,26,26,26,26,26,26,26,26
50038,2,1,1984,11,11,11,11,11,11,11,11,11,11
50039,1,1,1984,0,0,4,0,2,0,12,0,0,0
50039,2,1,1984,23,23,23,23,23,23,23,23,23,23
50040,1,1,1984,0,0,0,0,0,0,0,0,0,0
50040,2,1,1984,17,0,0,0,0,0,18,0,0,0
50041,1,1,1984,0,0,0,0,0,0,0,0,0,0
50041,2,1,1984,21,0,0,0,0,0,0,0,0,0
50042,1,1,1984,0,0,0,0,0,0,0,0,0,0
50043,0,1,1984,23,11,39,31,0,0,0,0,0,16
50043,1,1,1984,8,8,8,8,8,8,8,8,8,8
50044,1,1,1984,0,0,0,0,0,0,0,0,0,0
50044,2,1,1984,16,30,32,26,21,11,32,24,10,26
50045,1,1,1984,7,7,7,7,7,7,7,7,7,7
50046,0,1,1984,19,30,19,22,24,32,21,0,15,18
50046,1,1,1984,0,0,0,0,0,0,0,0,0,0
50047,0,1,1984,16,0,24,20,0,0,12,0,9,0
50047,1,1,1984,0,0,0,0,0,16,0,0,0,0
50048,1,1,1984,0,0,0,0,0,0,0,0,0,0
50048,2,1,1984,0,0,0,0,0,0,0,0,0,0
50049,1,1,1984,0,0,0,0,0,0,0,0,0,0
50049,2,1,1984,6,0,19,0,0,0,0,20,36,0
50050,1,1,1984,0,0,0,0,0,0,0,0,0,0
50050,2,1,1984,0,0,0,0,0,21,0,5,22,0
50051,1,1,1984,0,0,0,0,10,13,0,0,0,21
50051,2,1,1984,0,0,0,0,0,0,0,0,0,0
50051,3,1,1984,0,0,0,0,0,0,0,0,0,0
50052,1,1,1984,0,21,0,0,0,0,0,0,0,16
50053,1,1,1984,12,21,18,27,25,17,16,23,18,17
50054,1,1,1984,16,0,15,17,0,0,9,8,0,29
50054,2,1,1984,0,0,0,0,0,0,0,0,0,0
50055,1,1,1984,0,0,0,0,0,0,0,0,0,0
50055,2,1,1984,0,0,0,0,0,0,0,0,0,0
50056,1,1,1984,2,16,8,23,31,22,22,30,20,10
50057,1,1,1984,0,0,0,0,0,0,0,0,0,0
50057,2,1,1984,0,0,0,0,0,9,0,0,0,0
50058,1,1,1984,19,19,19,19,19,19,19,19,19,19
50059,1,1,1984,5,5,5,5,5,5,5,5,5,5
50059,2,1,1984,0,0,0,0,23,0,0,0,0,0
50060,0,1,1984,29,46,7,0,16,22,0,24,25,11
50060,1,1,1984,0,0,0,0,0,0,0,22,0,0
50061,1,1,1984,21,16,7,28,38,24,11,16,21,0
50062,1,1,1984,0,0,0,0,0,0,9,0,0,0
50062,2,1,1984,0,0,0,0,0,0,0,12,0,0
50063,1,1,1984,7,8,11,0,18,0,0,16,8,0
50063,2,1,1984,0,0,0,0,0,0,0,0,0,0
50064,1,1,1984,13,0,0,0,0,23,0,0,0,0
50065,1,1,1984,15,15,15,15,15,15,15,15,15,15
50065,2,1,1984,26,22,29,23,32,25,15,16,25,14
50066,1,1,1984,17,17,17,17,17,17,17,17,17,17
50067,1,1,1984,29,29,29,29,29,29,29,29,29,29
50067,2,1,1984,16,16,16,16,16,16,16,16,16,16
50068,1,1,1984,0,0,0,0,0,0,0,0,0,0
50069,1,1,1984,0,0,0,0,0,0,0,0,0,0
50070,1,1,1984,0,0,0,0,0,0,0,0,0,0
50071,1,1,1984,0,0,0,0,6,0,0,0,0,0
50071,2,1,1984,0,0,0,0,0,0,0,0,0,0
50072,1,1,1984,18,18,18,18,18,18,18,18,18,18
50073,1,1,1984,0,0,0,0,0,0,0,0,0,0
50073,2,1,1984,25,25,25,25,25,25,25,25,25,25
50074,1,1,1984,22,14,15,22,22,8,26,16,4,16
50075,1,1,1984,0,0,0,0,0,0,0,0,0,0
50075,2,1,1984,20,20,20,20,20,20,20,20,20,20
50076,1,1,1984,20,20,20,20,20,20,20,20,20,20
50076,2,1,1984,8,2,13,21,22,21,9,25,16,0
50077,1,1,1984,0,0,0,0,0,0,0,0,0,0
50077,2,1,1984,0,0,0,0,0,0,24,0,0,19
50077,3,1,1984,0,0,14,0,0,0,0,0,11,18
50078,1,1,1984,0,0,0,0,0,0,0,0,0,0
50078,2,1,1984,9,9,9,9,9,9,9,9,9,9
50079,1,1,1984,13,13,13,13,13,13,13,13,13,13
50080,1,1,1984,0,0,0,0,0,0,0,0,0,0
50080,2,1,1984,14,0,0,0,0,0,0,0,0,0
50081,1,1,1984,15,25,19,16,17,25,29,25,9,0
50082,1,1,1984,24,21,7,6,16,23,11,15,7,3
50083,1,1,1984,0,0,0,0,0,0,0,0,0,0
50083,2,1,1984,0,0,0,0,0,0,0,0,0,0
50084,1,1,1984,15,15,15,15,15,15,15,15,15,15
50085,1,1,1984,16,13,25,24,7,11,14,16,13,33
50085,2,1,1984,6,6,6,6,6,6,6,6,6,6
50086,1,1,1984,0,0,0,0,0,0,0,0,0,0
50086,2,1,1984,0,14,0,0,0,19,0,0,0,0
50087,1,1,1984,15,15,15,15,15,15,15,15,15,15
50088,0,1,1984,0,0,0,0,0,0,0,0,0,0
50088,1,1,1984,0,0,0,0,0,0,0,0,0,0
50089,0,1,1984,0,0,0,0,0,0,0,0,0,0
50089,1,1,1984,0,0,0,0,0,0,0,0,0,0
50090,1,1,1984,24,24,24,24,24,24,24,24,24,24
50091,1,1,1984,11,18,12,7,0,7,8,24,12,12
50092,0,1,1984,29,11,0,0,0,11,2,0,0,0
50092,1,1,1984,0,0,0,3,0,18,0,0,0,0
50093,1,1,1984,7,7,7,7,7,7,7,7,7,7
50094,1,1,1984,4,4,4,4,4,4,4,4,4,4
50094,2,1,1984,0,0,0,0,0,0,0,0,0,0
50095,1,1,1984,0,0,0,16,8,0,0,5,0,6
50095,2,1,1984,0,0,0,0,0,3,0,0,0,0
50096,1,1,1984,22,22,22,22,22,22,22,22,22,22
50097,1,1,1984,21,21,21,21,21,21,21,21,21,21
50098,1,1,1984,6,25,10,3,22,13,15,29,0,18
50099,1,1,1984,13,16,38,0,24,14,16,16,10,28
50100,1,1,1984,31,2,16,20,11,28,13,21,19,13
50101,1,1,1984,0,0,0,0,0,0,0,0,0,0
50101,2,1,1984,0,0,0,0,0,0,0,0,0,0
50102,1,1,1984,15,15,15,15,15,15,15,15,15,15
50103,1,1,1984,19,11,15,20,18,25,15,7,25,22
50104,1,1,1984,11,19,24,7,0,6,16,17,18,12
50104,2,1,1984,5,20,12,5,6,9,5,0,8,2
50105,1,1,1984,0,0,0,0,0,0,0,0,0,18
50106,1,1,1984,17,17,17,17,17,17,17,17,17,17
50107,1,1,1984,0,0,0,0,0,0,0,0,0,0
50107,2,1,1984,0,0,0,13,0,0,0,0,10,0
50108,1,1,1984,0,0,0,18,13,0,6,0,0,16
50108,2,1,1984,0,0,0,0,0,0,0,0,0,16
50109,1,1,1984,12,12,12,12,12,12,12,12,12,12
50110,0,1,1984,22,22,22,22,22,22,22,22,22,22
50110,1,1,1984,0,0,0,0,0,0,0,0,0,0
50110,2,1,1984,6,9,0,6,11,12,7,6,14,9
50111,1,1,1984,0,0,19,0,18,16,0,19,0,0
50112,0,1,1984,29,19,15,16,15,15,21,26,30,17
50112,1,1,1984,27,8,0,12,5,16,14,6,12,17
50113,1,1,1984,0,0,0,0,4,0,0,0,0,0
50113,2,1,1984,0,0,10,28,0,0,10,0,0,0
50114,1,1,1984,20,15,26,19,14,24,13,16,34,16
50115,1,1,1984,18,18,18,18,18,18,18,18,18,18
50116,1,1,1984,0,0,0,0,0,0,0,0,0,0
50116,2,1,1984,0,12,0,0,0,0,0,0,0,0
50117,1,1,1984,0,0,0,6,14,0,6,0,17,0
50117,2,1,1984,0,0,0,0,0,0,0,0,0,0
50118,1,1,1984,18,18,18,18,18,18,18,18,18,18
50119,1,1,1984,0,0,0,0,0,0,0,0,0,0
50119,2,1,1984,6,12,25,17,23,0,0,0,0,0
50120,1,1,1984,37,10,14,8,0,13,0,9,17,0
50121,0,1,1984,4,12,14,14,0,15,21,18,14,23
50121,1,1,1984,0,0,0,0,19,0,0,0,0,0
50122,1,1,1984,13,13,0,19,15,18,19,0,28,25
50122,2,1,1984,18,9,13,5,11,6,17,17,8,26
50123,1,1,1984,0,20,0,0,0,0,0,8,0,0
50123,2,1,1984,19,9,0,0,5,21,25,7,34,22
50124,1,1,1984,17,12,17,24,0,17,10,33,6,23
50125,1,1,1984,30,15,3,25,23,26,15,22,17,26
50126,1,1,1984,0,0,26,0,11,0,0,0,22,0
50126,2,1,1984,0,0,0,0,0,0,0,0,0,0
50127,1,1,1984,14,27,19,20,19,14,12,22,4,26
50128,1,1,1984,13,25,12,0,7,20,16,0,0,0
50129,1,1,1984,21,17,17,19,12,17,20,29,17,14
50129,2,1,1984,8,0,0,0,0,0,0,0,0,0
50130,1,1,1984,3,3,3,3,3,3,3,3,3,3
50130,2,1,1984,3,15,25,7,9,9,8,13,17,16
50131,1,1,1984,16,10,11,11,0,19,13,15,19,15
50131,2,1,1984,0,0,0,0,18,0,0,0,5,0
50132,1,1,1984,20,0,4,0,11,13,17,0,0,21
50133,1,1,1984,26,36,0,19,21,18,20,24,17,23
50133,2,1,1984,0,0,0,0,0,0,0,0,0,0
50134,1,1,1984,5,13,16,28,10,13,22,13,12,10
50134,2,1,1984,0,0,0,0,0,0,0,0,0,0
50134,3,1,1984,20,5,16,5,20,9,14,15,21,24
50135,1,1,1984,3,3,3,3,3,3,3,3,3,3
50136,1,1,1984,0,11,0,0,0,0,0,0,0,0
50136,2,1,1984,3,18,13,9,15,8,0,0,19,23
50137,1,1,1984,4,0,0,21,0,26,10,0,9,16
50137,2,1,1984,9,0,13,9,10,15,0,10,0,0
50138,1,1,1984,0,0,0,0,0,0,0,0,0,0
50139,1,1,1984,8,5,9,13,0,14,14,0,8,33
50140,1,1,1984,31,0,0,0,0,25,0,37,0,18
50141,1,1,1984,6,6,6,6,6,6,6,6,6,6
50142,1,1,1984,0,0,17,0,0,0,0,12,0,0
50142,2,1,1984,0,0,0,0,0,0,0,0,0,0
50143,1,1,1984,35,24,17,9,6,23,15,28,18,27
50144,1,1,1984,0,20,0,0,0,0,19,0,0,0
50144,2,1,1984,0,32,11,0,31,0,13,19,0,0
50145,1,1,1984,0,17,16,16,37,24,37,11,13,8
50145,2,1,1984,15,17,3,0,20,16,9,11,7,4
50146,0,1,1984,0,0,0,0,0,0,0,0,0,0
50146,1,1,1984,0,0,0,23,0,0,0,0,0,0
50147,1,1,1984,9,22,13,20,18,23,21,12,25,15
50148,1,1,1984,3,3,3,3,3,3,3,3,3,3
50148,2,1,1984,0,0,0,0,0,0,0,0,0,5
50149,1,1,1984,5,5,5,5,5,5,5,5,5,5
50150,1,1,1984,11,14,8,42,16,28,17,5,14,0
50151,1,1,1984,23,27,11,11,13,31,33,17,6,19
50152,0,1,1984,0,17,23,13,0,33,0,0,0,0
50152,1,1,1984,15,0,3,17,0,0,0,0,0,0
50153,1,1,1984,14,24,0,17,15,13,0,14,9,22
50153,2,1,1984,25,25,25,25,25,25,25,25,25,25
50154,1,1,1984,29,29,29,29,29,29,29,29,29,29
50154,2,1,1984,23,11,16,14,16,13,1,22,0,21
50155,1,1,1984,22,0,0,0,0,0,0,0,0,0
50155,2,1,1984,0,0,0,0,0,0,0,0,0,0
50156,1,1,1984,1,1,1,1,1,1,1,1,1,1
50157,1,1,1984,0,9,0,0,0,0,0,0,0,19
50157,2,1,1984,0,0,0,0,0,0,0,0,0,0
50158,0,1,1984,0,0,0,0,0,0,0,0,0,0
50158,1,1,1984,0,0,0,0,0,0,0,0,0,0
50159,1,1,1984,12,0,18,20,13,0,21,38,0,13
50160,1,1,1984,0,0,0,0,0,0,0,0,0,0
50160,2,1,1984,0,0,0,0,0,0,0,0,0,0
50160,3,1,1984,0,0,0,0,0,0,0,0,0,0
50161,1,1,1984,0,0,0,0,0,0,0,0,0,0
50161,2,1,1984,0,0,0,0,0,24,0,0,0,0
50162,1,1,1984,0,0,0,0,0,0,0,0,0,0
50162,2,1,1984,0,0,0,0,0,0,0,0,0,0
50163,1,1,1984,0,0,0,0,0,0,0,0,0,0
50163,2,1,1984,10,14,15,12,17,14,14,13,0,22
50164,1,1,1984,17,14,0,0,0,0,0,0,0,0
50165,0,1,1984,0,0,0,0,0,0,0,0,0,0
50165,1,1,1984,25,0,0,23,2,0,0,0,0,0
50166,0,1,1984,0,0,0,0,0,0,0,0,0,0
50166,1,1,1984,0,0,0,0,0,0,0,0,0,0
50167,0,1,1984,0,0,35,11,24,45,40,0,0,0
50167,1,1,1984,0,10,0,0,0,31,0,0,0,17
50168,1,1,1984,0,0,0,0,0,0,0,0,0,13
50168,2,1,1984,0,0,0,0,0,0,0,0,0,0
50169,1,1,1984,0,14,8,5,17,4,18,19,27,0
50170,1,1,1984,0,0,0,0,15,10,11,0,0,0
50171,1,1,1984,0,0,0,0,0,0,0,0,0,0
50171,2,1,1984,18,0,0,0,0,0,0,0,0,29
50171,3,1,1984,0,0,0,0,0,0,0,0,0,0
50172,1,1,1984,10,20,15,14,7,12,12,12,7,0
50172,2,1,1984,18,9,5,0,32,25,0,13,0,0
50173,1,1,1984,0,0,0,0,0,0,0,0,0,0
50173,2,1,1984,0,0,24,0,0,0,0,0,6,0
50174,1,1,1984,0,0,0,0,0,0,0,16,0,0
50174,2,1,1984,12,12,12,12,12,12,12,12,12,12
50175,1,1,1984,0,0,0,0,0,0,0,0,11,0
50175,2,1,1984,0,0,12,0,0,13,0,4,0,0
50176,1,1,1984,8,8,8,8,8,8,8,8,8,8
50177,1,1,1984,13,20,14,13,8,16,15,14,19,19
50178,0,1,1984,9,0,37,25,13,30,20,8,4,17
50178,1,1,1984,10,10,10,10,10,10,10,10,10,10
50179,1,1,1984,16,16,25,12,20,12,30,0,20,10
50180,1,1,1984,31,0,0,11,19,0,17,15,0,19
50181,0,1,1984,0,0,0,0,0,0,0,0,0,0
50181,1,1,1984,0,0,0,0,4,16,0,0,0,0
50182,1,1,1984,0,0,0,0,0,0,0,0,0,0
50183,1,1,1984,5,5,5,5,5,5,5,5,5,5
50184,1,1,1984,0,0,0,0,0,0,0,0,0,0
50184,2,1,1984,17,11,22,15,7,0,15,14,6,15
50185,0,1,1984,0,0,0,0,0,0,0,0,0,0
50185,1,1,1984,0,0,0,0,0,0,0,0,0,0
50186,1,1,1984,11,21,21,11,0,17,24,6,25,28
50187,1,1,1984,17,17,17,17,17,17,17,17,17,17
50188,1,1,1984,16,16,16,16,16,16,16,16,16,16
50189,0,1,1984,16,9,12,17,10,30,12,16,19,7
50189,1,1,1984,0,0,0,0,0,0,0,0,0,0
50190,1,1,1984,0,0,0,0,0,0,0,0,0,0
50191,1,1,1984,3,3,3,3,3,3,3,3,3,3
50192,1,1,1984,11,11,11,11,11,11,11,11,11,11
50192,2,1,1984,0,0,0,0,0,0,0,0,0,0
50193,1,1,1984,15,15,15,15,15,15,15,15,15,15
50194,1,1,1984,0,0,0,0,0,0,0,0,0,0
50194,2,1,1984,0,0,0,0,0,0,0,0,0,0
50195,1,1,1984,0,0,0,0,19,0,0,0,0,0
50195,2,1,1984,6,0,0,0,0,0,0,0,0,0
50196,1,1,1984,0,16,16,21,0,10,16,14,0,0
50196,2,1,1984,0,0,0,0,0,0,0,0,0,6
50197,0,1,1984,0,0,0,0,0,0,0,0,0,0
50197,1,1,1984,0,0,0,0,0,0,0,0,0,0
50198,1,1,1984,27,21,10,0,9,17,0,14,8,9
50198,2,1,1984,0,0,0,0,0,0,0,0,0,0
50199,1,1,1984,32,11,16,11,24,17,20,17,10,13
50200,1,1,1984,8,15,21,19,13,18,42,18,25,13
50201,1,1,1984,0,0,0,0,0,0,0,0,0,0
50202,1,1,1984,13,15,30,4,20,7,17,22,6,28
50202,2,1,1984,13,3,3,6,11,10,15,27,8,11
50203,1,1,1984,0,0,0,0,0,0,0,0,0,0
50203,2,1,1984,0,0,0,0,0,0,0,0,0,0
50204,1,1,1984,0,0,0,0,0,0,0,0,0,0
50205,1,1,1984,13,13,13,13,13,13,13,13,13,13
50206,1,1,1984,0,0,0,0,0,0,0,0,0,0
50206,2,1,1984,0,0,0,0,0,0,0,0,0,0
50207,0,1,1984,0,0,0,0,0,0,0,0,0,0
50207,1,1,1984,0,0,0,0,0,0,0,0,0,0
50208,0,1,1984,24,0,0,13,23,28,12,0,0,3
50208,1,1,1984,8,24,7,0,0,16,0,0,0,0
50209,1,1,1984,29,32,18,13,37,25,7,12,20,35
50210,1,1,1984,5,5,5,5,5,5,5,5,5,5
50211,0,1,1984,0,0,0,0,0,0,0,0,0,0
50211,1,1,1984,0,0,0,0,0,6,0,16,0,0
50212,0,1,1984,0,0,0,0,0,0,0,0,0,0
50212,1,1,1984,0,20,9,0,0,6,0,0,0,17
50213,0,1,1984,0,0,0,0,0,0,0,0,0,0
50213,1,1,1984,0,0,0,27,0,0,0,0,0,0
50214,0,1,1984,0,0,0,0,0,0,0,0,0,0
50214,1,1,1984,0,0,0,0,0,0,0,0,0,0
50215,1,1,1984,0,0,0,0,0,0,0,0,0,0
50215,2,1,1984,0,8,0,0,0,0,0,0,0,0
50216,1,1,1984,0,0,0,0,0,0,0,0,0,0
50216,2,1,1984,0,0,0,0,0,0,0,0,0,0
50217,1,1,1984,7,7,7,7,7,7,7,7,7,7
50217,2,1,1984,13,6,20,23,12,0,4,8,0,16
50218,1,1,1984,19,19,19,19,19,19,19,19,19,19
50218,2,1,1984,0,0,0,0,0,4,0,0,0,0
50219,1,1,1984,17,17,17,17,17,17,17,17,17,17
50220,1,1,1984,0,0,0,0,0,0,0,0,14,0
50220,2,1,1984,25,5,30,28,11,29,24,24,12,25
50221,1,1,1984,0,0,0,0,0,0,0,24,0,0
50222,0,1,1984,30,30,30,30,30,30,30,30,30,30
50222,1,1,1984,13,13,13,13,13,13,13,13,13,13
50223,1,1,1984,0,2,9,15,11,12,0,11,15,10
50223,2,1,1984,20,20,20,20,20,20,20,20,20,20
50224,1,1,1984,9,7,10,3,0,23,0,16,13,9
50225,1,1,1984,0,0,0,0,0,0,0,0,0,0
50225,2,1,1984,0,0,0,0,0,0,0,0,0,0
50226,1,1,1984,0,0,0,0,0,0,0,0,12,0
50226,2,1,1984,0,0,0,0,0,0,0,0,0,0
50227,0,1,1984,0,0,0,0,0,0,0,0,0,0
50227,1,1,1984,0,0,0,0,0,0,0,0,0,0
50228,1,1,1984,0,0,0,0,0,12,0,0,0,0
50229,1,1,1984,0,0,0,0,0,0,0,0,0,0
50229,2,1,1984,9,9,9,9,9,9,9,9,9,9
50230,1,1,1984,12,12,12,12,12,12,12,12,12,12
50231,1,1,1984,0,0,0,0,0,0,0,0,0,0
50232,1,1,1984,0,6,23,16,8,17,14,12,11,21
50232,2,1,1984,0,0,0,0,0,0,0,0,0,0
50233,1,1,1984,14,6,12,10,24,6,16,19,17,14
50234,1,1,1984,3,21,25,36,25,14,19,17,19,4
50234,2,1,1984,4,13,19,9,10,19,13,11,6,0
50234,3,1,1984,0,0,0,0,0,0,0,0,0,4
50235,0,1,1984,9,13,19,16,13,33,8,19,12,3
50235,1,1,1984,18,0,5,0,0,0,0,0,0,0
50236,1,1,1984,9,11,9,7,13,8,20,12,0,10
50236,2,1,1984,0,0,0,0,0,0,0,0,0,0
50237,1,1,1984,0,0,0,0,0,0,0,0,0,0
50237,2,1,1984,0,0,0,0,0,0,0,0,0,0
50238,1,1,1984,0,22,7,0,11,9,0,24,11,0
50238,2,1,1984,0,0,0,0,0,0,0,0,0,0
50238,3,1,1984,0,0,0,0,0,0,0,0,0,27
50239,1,1,1984,24,32,14,20,22,33,22,17,13,22
50239,2,1,1984,31,32,0,0,0,0,0,0,16,0
50239,3,1,1984,20,23,12,24,20,10,18,20,2,24
50241,1,1,1984,4,4,4,4,4,4,4,4,4,4
50242,1,1,1984,12,14,9,36,17,5,15,20,15,3
50243,1,1,1984,0,0,0,0,0,0,0,0,0,0
50244,1,1,1984,15,0,0,26,0,48,22,19,32,35
50245,0,1,1984,0,0,0,0,0,0,0,0,0,0
50245,0,2,1984,13,0,20,0,16,32,0,12,16,26
50245,1,1,1984,0,0,0,0,0,6,5,0,0,0
50246,1,1,1984,5,0,27,0,0,0,0,0,0,0
50247,1,1,1984,20,0,0,0,8,11,0,0,16,0
50248,1,1,1984,0,0,0,0,0,0,0,0,0,0
50248,2,1,1984,0,0,0,0,0,0,17,0,0,0
50249,1,1,1984,0,0,0,0,0,0,0,0,0,0
50250,1,1,1984,11,17,21,20,19,8,16,18,7,17
50251,1,1,1984,43,31,24,25,7,32,18,15,19,21
50252,1,1,1984,23,23,23,23,23,23,23,23,23,23
50253,1,1,1984,29,8,19,15,15,15,23,26,8,14
50254,1,1,1984,0,0,25,18,23,21,9,0,10,12
50254,2,1,1984,0,0,0,0,0,0,0,0,0,0
50255,2,1,1984,13,0,22,0,9,10,11,14,16,15
50256,1,1,1984,0,0,0,0,0,0,0,0,0,0
50257,1,1,1984,0,0,0,0,0,0,0,0,0,0
50258,1,1,1984,0,0,0,0,0,0,0,0,0,0
50258,2,1,1984,0,0,0,0,0,0,0,0,0,0
50259,1,1,1984,18,31,11,4,24,20,0,25,15,24
50260,1,1,1984,13,13,13,13,13,13,13,13,13,13
50260,2,1,1984,10,21,0,0,0,14,22,10,7,8
50261,1,1,1984,13,18,14,35,14,22,24,29,16,6
50262,1,1,1984,0,0,0,0,0,0,0,0,0,0
50263,1,1,1984,0,0,0,0,0,0,0,0,0,0
50263,2,1,1984,0,7,15,0,0,3,0,15,6,13
50264,0,1,1984,0,0,0,0,0,0,0,0,0,0
50264,1,1,1984,0,12,0,0,0,0,0,0,0,0
50265,1,1,1984,5,5,5,5,5,5,5,5,5,5
50266,1,1,1984,0,0,0,0,0,0,0,0,0,0
50266,2,1,1984,0,0,0,0,0,0,0,0,0,0
50266,3,1,1984,0,0,0,0,0,0,0,0,0,0
50266,4,1,1984,3,14,18,33,13,4,16,9,15,13
50267,0,1,1984,17,17,17,17,17,17,17,17,17,17
50267,1,1,1984,29,11,12,7,17,9,20,38,15,13
50268,1,1,1984,13,0,0,0,0,0,0,0,0,0
50269,1,1,1984,0,0,0,0,0,0,0,0,0,0