ST_CASE,VEH_NO,PER_NO,YEAR,P1,P2,P3,P4,P5,P6,P7,P8,P9,P10
50269,2,1,1984,0,0,0,0,0,0,0,0,0,0
50270,1,1,1984,4,4,4,4,4,4,4,4,4,4
50271,0,1,1984,0,0,0,0,0,0,0,0,0,0
50271,1,1,1984,0,0,0,0,0,0,0,0,0,0
50272,0,1,1984,0,0,0,0,0,0,0,0,0,0
50272,1,1,1984,0,0,0,0,0,0,0,0,0,0
50273,1,1,1984,0,20,0,5,0,0,0,0,0,0
50274,1,1,1984,28,25,28,28,22,27,16,0,23,0
50275,1,1,1984,10,15,4,0,0,0,0,25,0,0
50276,1,1,1984,19,19,19,19,19,19,19,19,19,19
50276,2,1,1984,0,0,0,0,0,0,9,0,0,0
50277,1,1,1984,25,16,22,16,32,16,25,11,19,13
50278,1,1,1984,0,13,19,14,0,8,13,17,0,31
50278,2,1,1984,9,9,9,9,9,9,9,9,9,9
50279,1,1,1984,19,19,19,19,19,19,19,19,19,19
50279,2,1,1984,22,17,13,15,17,19,25,21,31,22
50280,0,1,1984,7,7,7,7,7,7,7,7,7,7
50280,1,1,1984,7,0,0,0,0,0,0,0,0,0
50281,1,1,1984,0,0,0,0,0,0,0,0,0,0
50281,2,1,1984,0,0,0,0,0,0,0,0,0,0
50282,0,1,1984,0,0,0,0,0,0,0,0,0,0
50282,1,1,1984,0,0,0,41,0,0,0,0,0,0
50283,1,1,1984,0,0,0,0,0,0,0,0,0,24
50283,2,1,1984,0,0,0,0,0,0,0,0,0,0
50284,0,1,1984,0,0,0,0,0,0,0,7,0,7
50284,1,1,1984,0,0,0,0,0,0,0,0,0,0
50285,1,1,1984,17,24,25,15,11,12,14,17,28,24
50286,0,1,1984,0,0,0,0,0,0,0,0,0,0
50286,1,1,1984,0,0,0,0,0,0,0,0,0,0
50287,1,1,1984,15,20,23,27,30,19,25,26,11,14
50288,1,1,1984,0,0,0,0,0,0,0,0,0,0
50288,2,1,1984,0,0,0,0,0,0,0,0,0,0
50289,1,1,1984,0,6,0,2,0,0,0,0,0,0
50290,1,1,1984,0,0,0,0,9,0,0,0,0,0
50291,1,1,1984,0,13,0,0,0,13,16,19,0,14
50292,1,1,1984,6,6,6,6,6,6,6,6,6,6
50293,1,1,1984,17,12,15,12,19,12,16,11,35,19
50293,2,1,1984,0,0,0,0,0,0,0,0,0,0
50294,0,1,1984,0,10,18,23,3,19,0,0,13,21
50294,1,1,1984,0,0,0,0,13,13,0,0,12,24
50295,1,1,1984,13,21,7,0,12,13,11,8,0,13
50295,2,1,1984,0,0,7,0,0,0,0,0,0,0
50296,1,1,1984,0,9,16,10,15,16,12,30,30,15
50297,1,1,1984,0,0,0,16,0,0,0,0,14,0
50298,1,1,1984,0,0,0,0,0,12,0,0,0,0
50298,2,1,1984,11,25,0,20,25,24,4,7,25,12
50299,1,1,1984,0,0,0,0,0,0,0,0,0,0
50299,2,1,1984,31,31,31,31,31,31,31,31,31,31
50299,3,1,1984,0,0,0,19,0,0,0,14,0,13
50300,1,1,1984,18,9,16,0,0,13,9,19,0,13
50301,1,1,1984,0,8,15,17,18,18,10,5,12,12
50301,2,1,1984,0,0,0,0,0,0,0,0,0,7
50302,1,1,1984,0,0,0,0,0,0,0,0,0,0
50303,1,1,1984,12,0,0,0,0,0,0,0,0,0
50304,0,1,1984,25,16,0,6,22,23,38,30,18,22
50304,1,1,1984,0,9,0,8,0,23,0,0,0,20
50305,1,1,1984,15,12,18,19,9,21,0,19,16,25
50306,1,1,1984,5,5,5,5,5,5,5,5,5,5
50307,0,1,1984,0,0,0,0,0,0,0,0,0,0
50307,1,1,1984,0,0,0,0,0,0,0,0,0,0
50308,1,1,1984,0,0,0,0,0,0,0,0,0,0
50308,2,1,1984,0,0,0,0,21,0,0,7,14,0
50309,1,1,1984,44,3,4,9,18,6,0,17,0,24
50310,1,1,1984,0,0,0,0,0,0,0,0,0,0
50310,2,1,1984,0,0,0,0,0,0,0,0,0,0
50311,1,1,1984,2,0,15,11,11,14,23,15,11,15
50311,2,1,1984,19,19,19,19,19,19,19,19,19,19
50312,1,1,1984,31,31,31,31,31,31,31,31,31,31
50312,2,1,1984,0,0,0,0,0,0,0,0,0,0
50313,1,1,1984,24,19,18,34,15,16,17,11,22,8
50314,1,1,1984,0,0,0,0,0,0,0,0,0,0
50314,2,1,1984,0,11,0,0,0,0,0,0,5,10
50315,1,1,1984,0,0,0,0,0,0,0,0,0,0
50315,2,1,1984,1,0,0,0,4,0,0,11,7,0
50316,1,1,1984,0,0,0,0,0,0,0,0,0,0
50317,1,1,1984,0,0,0,0,0,0,0,0,0,0
50318,1,1,1984,13,15,10,21,9,10,3,24,21,8
50319,0,1,1984,0,14,0,0,7,0,0,0,0,27
50319,1,1,1984,22,22,22,22,22,22,22,22,22,22
50320,1,1,1984,0,0,0,0,0,0,0,0,0,0
50320,2,1,1984,0,0,0,0,0,0,0,0,0,0
50321,1,1,1984,0,12,11,7,8,0,0,0,0,0
50322,1,1,1984,8,8,8,8,8,8,8,8,8,8
50322,2,1,1984,0,0,0,0,0,0,0,0,0,0
50323,1,1,1984,9,0,26,13,0,11,20,13,25,0
50324,1,1,1984,0,0,0,0,0,0,0,0,0,0
50324,2,1,1984,0,0,0,0,0,0,0,0,0,0
50325,1,1,1984,8,8,8,8,8,8,8,8,8,8
50326,1,1,1984,14,14,14,14,14,14,14,14,14,14
50326,2,1,1984,30,14,9,11,14,18,10,13,0,9
50327,1,1,1984,0,17,0,0,10,0,0,0,6,0
50328,0,1,1984,0,0,0,0,0,0,0,0,0,0
50328,1,1,1984,0,0,0,0,0,0,0,0,0,0
50329,1,1,1984,20,21,10,0,0,15,0,7,16,0
50329,2,1,1984,0,0,0,0,0,0,0,0,0,0
50330,1,1,1984,0,0,0,0,0,0,0,14,0,0
50330,2,1,1984,0,10,0,0,0,0,0,0,0,0
50331,1,1,1984,12,12,12,12,12,12,12,12,12,12
50332,1,1,1984,0,0,4,0,0,0,15,12,12,5
50333,1,1,1984,26,26,26,26,26,26,26,26,26,26
50334,1,1,1984,22,26,10,0,0,9,0,16,9,8
50334,2,1,1984,11,11,11,11,11,11,11,11,11,11
50335,1,1,1984,7,16,7,0,22,16,0,0,17,16
50335,2,1,1984,0,0,0,0,0,0,0,0,0,0
50336,1,1,1984,11,19,16,12,21,19,25,9,15,10
50337,1,1,1984,0,0,0,0,11,0,0,0,0,0
50338,1,1,1984,5,5,5,5,5,5,5,5,5,5
50338,2,1,1984,0,0,0,0,0,0,0,0,0,0
50339,1,1,1984,22,22,22,22,22,22,22,22,22,22
50340,0,1,1984,0,0,0,0,13,0,0,0,0,29
50340,1,1,1984,0,0,0,0,0,0,0,0,0,0
50341,1,1,1984,4,4,4,4,4,4,4,4,4,4
50342,1,1,1984,0,0,0,0,0,0,0,0,0,0
50342,2,1,1984,0,0,0,0,0,0,0,0,0,0
50343,1,1,1984,29,29,29,29,29,29,29,29,29,29
50343,2,1,1984,0,0,0,0,0,0,0,0,0,0
50344,1,1,1984,32,32,32,32,32,32,32,32,32,32
50344,2,1,1984,0,0,0,0,0,0,0,0,0,0
50345,1,1,1984,17,17,17,17,17,17,17,17,17,17
50346,1,1,1984,21,14,0,0,10,0,0,0,0,15
50346,2,1,1984,0,0,0,0,0,0,0,0,0,0
50347,0,1,1984,0,0,0,0,0,0,0,0,0,0
50347,1,1,1984,0,0,0,0,0,0,0,0,0,0
50348,1,1,1984,18,13,0,10,26,10,35,24,52,8
50348,2,1,1984,0,0,0,20,0,12,0,0,0,0
50348,3,1,1984,0,0,0,0,0,0,0,0,0,0
50349,1,1,1984,0,0,0,0,0,0,0,0,0,0
50350,0,1,1984,10,33,16,12,15,2,34,17,21,9
50350,1,1,1984,0,11,0,0,0,5,0,0,0,0
50351,0,1,1984,6,6,6,6,6,6,6,6,6,6
50351,1,1,1984,0,0,0,0,0,0,0,0,2,0
50352,1,1,1984,9,11,14,0,22,11,15,9,21,19
50353,1,1,1984,0,0,0,0,0,0,0,0,0,0
50353,2,1,1984,0,0,0,0,0,0,0,0,0,0
50354,1,1,1984,21,0,3,30,0,0,0,0,25,0
50355,1,1,1984,0,0,0,0,0,0,0,0,0,16
50355,2,1,1984,22,18,14,16,12,0,19,13,19,15
50356,1,1,1984,0,0,0,0,0,0,0,0,0,0
50356,2,1,1984,0,0,0,0,17,0,0,0,0,0
50357,1,1,1984,0,0,0,0,0,0,0,0,0,0
50357,2,1,1984,0,0,12,0,0,0,0,0,0,0
50358,1,1,1984,0,0,0,0,0,0,0,0,0,0
50358,2,1,1984,22,12,15,24,0,0,17,13,11,17
50359,1,1,1984,21,21,21,21,21,21,21,21,21,21
50360,1,1,1984,13,27,23,26,23,0,0,0,4,22
50360,2,1,1984,0,0,0,0,0,0,0,0,0,0
50361,1,1,1984,0,0,0,24,0,0,0,0,0,17
50362,1,1,1984,10,11,11,1,5,4,7,15,0,19
50362,2,1,1984,0,0,0,0,0,0,0,0,0,0
50363,1,1,1984,14,0,0,28,0,0,22,0,15,3
50364,1,1,1984,0,0,0,0,0,0,0,0,0,0
50365,1,1,1984,12,27,39,18,15,22,34,36,52,19
50366,1,1,1984,0,0,17,0,0,0,0,0,0,0
50366,2,1,1984,0,0,0,0,0,0,0,0,0,0
50367,1,1,1984,7,7,7,7,7,7,7,7,7,7
50367,2,1,1984,10,20,24,16,9,28,24,4,32,13
50368,1,1,1984,0,0,0,0,0,0,0,0,0,0
50369,1,1,1984,0,0,0,0,0,0,0,0,0,0
50369,2,1,1984,0,23,0,0,0,0,0,0,0,0
50370,0,1,1984,0,11,0,11,21,19,11,0,0,0
50370,1,1,1984,12,12,12,12,12,12,12,12,12,12
50371,1,1,1984,0,0,0,7,0,0,0,0,0,0
50371,2,1,1984,0,0,0,0,0,0,0,0,0,0
50371,3,1,1984,0,0,0,0,0,0,0,0,0,0
50372,1,1,1984,0,0,34,0,0,0,0,0,16,0
50373,1,1,1984,8,8,8,8,8,8,8,8,8,8
50373,2,1,1984,17,17,17,17,17,17,17,17,17,17
50374,1,1,1984,0,0,0,0,0,0,0,0,0,0
50374,2,1,1984,0,0,0,0,0,0,0,0,0,0
50374,3,1,1984,0,0,0,0,0,0,0,0,0,0
50375,1,1,1984,0,0,0,0,0,0,23,0,0,0
50375,2,1,1984,0,0,0,0,0,0,0,0,0,0
50376,1,1,1984,21,21,21,21,21,21,21,21,21,21
50376,2,1,1984,0,0,0,0,0,0,0,0,0,0
50377,1,1,1984,0,0,0,0,0,0,0,0,23,0
50378,1,1,1984,16,0,0,10,0,0,0,0,0,0
50379,1,1,1984,0,0,0,0,0,10,0,0,0,0
50379,2,1,1984,0,0,0,0,0,0,0,0,0,0
50380,0,1,1984,16,30,31,0,11,13,32,29,11,9
50380,1,1,1984,0,0,0,0,0,0,0,17,0,0
50381,1,1,1984,0,0,0,0,0,0,0,0,0,0
50381,2,1,1984,0,0,0,0,0,0,0,0,0,0
50382,1,1,1984,0,0,0,0,0,0,0,0,0,0
50382,2,1,1984,0,0,0,0,0,0,0,0,0,0
50383,1,1,1984,12,25,18,20,21,26,24,32,38,27
50384,1,1,1984,30,30,30,30,30,30,30,30,30,30
50385,1,1,1984,0,0,0,0,0,0,0,0,0,0
50385,2,1,1984,0,0,0,0,0,0,0,0,0,0
50385,3,1,1984,0,0,0,0,0,0,0,0,0,0
50386,1,1,1984,11,20,4,0,0,8,30,21,10,34
50387,1,1,1984,0,0,0,0,0,0,0,0,0,0
50388,1,1,1984,0,0,0,0,0,0,0,0,0,0
50388,2,1,1984,0,0,0,0,0,0,0,0,0,0
50389,1,1,1984,0,0,0,0,0,0,0,0,0,0
50389,2,1,1984,0,0,0,0,0,0,0,0,0,0
50390,0,1,1984,15,15,15,15,15,15,15,15,15,15
50390,1,1,1984,0,0,0,0,0,0,0,0,0,0
50391,0,1,1984,18,18,18,18,18,18,18,18,18,18
50391,1,1,1984,0,0,0,0,0,0,0,0,0,0
50392,1,1,1984,8,8,8,8,8,8,8,8,8,8
50392,2,1,1984,35,0,0,0,14,0,0,0,0,0
50393,0,1,1984,0,0,0,0,0,0,0,0,0,0
50393,1,1,1984,0,16,0,0,0,0,0,0,0,0
50394,0,1,1984,0,0,0,16,8,10,0,0,0,0
50394,1,1,1984,0,14,9,0,0,0,0,0,0,16
50395,0,1,1984,0,0,0,0,0,0,0,0,0,0
50395,1,1,1984,0,0,0,0,0,0,0,0,12,0
50396,1,1,1984,0,2,12,5,0,0,0,0,0,0
50397,1,1,1984,0,0,0,0,0,0,0,0,18,0
50398,1,1,1984,27,22,15,8,13,16,2,10,17,19
50399,1,1,1984,13,0,31,19,16,21,24,20,27,25
50400,1,1,1984,11,11,11,11,11,11,11,11,11,11
50401,1,1,1984,0,0,0,0,0,0,0,0,0,0
50401,2,1,1984,21,21,21,21,21,21,21,21,21,21
50402,1,1,1984,0,0,0,0,0,0,0,0,0,0
50402,2,1,1984,0,0,0,0,5,14,0,7,9,0
50403,1,1,1984,0,0,0,0,0,0,0,0,0,0
50403,2,1,1984,0,0,0,0,18,0,0,0,0,0
50403,3,1,1984,0,0,0,0,0,0,0,0,0,0
50404,1,1,1984,23,13,26,15,28,16,15,10,4,3
50405,1,1,1984,0,0,0,0,0,0,0,0,0,0
50405,2,1,1984,5,16,17,16,7,12,7,11,15,21
50406,1,1,1984,13,8,21,11,17,13,13,11,22,13
50407,1,1,1984,13,8,15,29,7,29,16,17,23,19
50408,1,1,1984,29,11,18,31,14,10,25,13,15,17
50409,1,1,1984,0,0,0,0,0,0,0,0,0,0
50410,1,1,1984,16,0,11,10,12,23,17,19,11,11
50410,2,1,1984,0,11,0,13,0,0,0,0,14,0
50411,1,1,1984,0,0,0,0,0,0,0,0,0,0
50411,2,1,1984,0,0,0,0,0,0,0,0,0,0
50412,1,1,1984,0,25,0,0,0,34,0,0,0,0
50413,1,1,1984,0,0,0,0,0,0,0,0,0,0
50413,2,1,1984,0,0,0,0,0,0,0,0,0,0
50413,3,1,1984,0,0,0,0,0,0,0,0,0,0
50415,1,1,1984,0,0,0,0,0,0,0,0,0,0
50415,2,1,1984,22,22,22,22,22,22,22,22,22,22
50416,1,1,1984,0,0,0,0,0,0,0,0,0,0
50417,1,1,1984,0,0,0,0,0,0,0,0,0,4
50417,2,1,1984,0,0,0,0,20,32,0,0,0,0
50418,1,1,1984,0,10,9,0,0,0,10,17,16,0
50419,1,1,1984,0,0,16,0,0,0,0,0,0,19
50420,1,1,1984,24,24,24,24,24,24,24,24,24,24
50421,1,1,1984,19,19,19,19,19,19,19,19,19,19
50422,1,1,1984,0,0,0,0,0,0,0,0,0,0
50422,2,1,1984,0,0,0,0,0,0,0,20,0,0
50423,1,1,1984,41,16,18,23,0,10,0,0,17,7
50424,0,1,1984,7,28,9,14,0,24,40,11,16,23
50424,1,1,1984,0,0,0,0,0,0,0,0,0,0
50425,1,1,1984,0,0,0,8,55,0,29,0,0,13
50425,2,1,1984,0,0,0,0,0,0,0,0,0,0
50426,1,1,1984,0,0,0,0,0,0,0,10,0,0
50426,2,1,1984,27,27,27,27,27,27,27,27,27,27
50427,1,1,1984,28,28,28,28,28,28,28,28,28,28
50428,0,1,1984,3,3,3,3,3,3,3,3,3,3
50428,1,1,1984,0,21,0,33,9,0,0,0,10,0
50429,1,1,1984,0,0,0,0,0,0,0,20,0,0
50430,0,1,1984,0,0,0,0,0,0,0,0,0,0
50430,1,1,1984,0,0,0,0,0,0,0,0,0,0
50431,0,1,1984,21,12,17,26,44,23,33,25,27,0
50431,1,1,1984,0,0,0,0,27,0,12,0,17,0
50432,1,1,1984,0,0,0,0,0,0,0,0,0,0
50433,1,1,1984,14,14,14,14,14,14,14,14,14,14
50434,1,1,1984,0,0,0,0,0,0,0,0,0,0
50435,1,1,1984,0,0,0,3,0,0,0,0,0,0
50435,2,1,1984,10,0,4,2,0,20,0,0,0,0
50436,1,1,1984,0,0,8,11,24,19,14,0,0,7
50436,2,1,1984,0,0,0,0,0,0,0,0,0,0
50437,1,1,1984,20,18,30,15,16,32,28,13,22,22
50437,2,1,1984,0,0,0,27,0,0,0,0,0,0
50438,1,1,1984,0,0,0,0,0,0,0,0,0,0
50438,2,1,1984,26,15,21,11,25,11,11,16,20,17
50439,1,1,1984,0,0,0,0,0,0,0,0,0,0
50439,2,1,1984,0,0,0,12,0,0,0,0,0,0
50440,1,1,1984,0,0,0,0,0,0,0,0,0,0
50440,2,1,1984,0,0,0,0,0,0,0,0,11,0
50440,3,1,1984,0,0,0,0,0,0,0,0,0,0
50441,0,1,1984,0,0,26,13,24,38,0,40,9,0
50441,1,1,1984,0,0,0,0,0,0,25,9,0,0
50442,1,1,1984,5,5,5,5,5,5,5,5,5,5
50442,2,1,1984,17,0,23,0,19,5,14,7,17,16
50443,1,1,1984,27,5,5,0,18,17,13,13,14,32
50444,1,1,1984,0,0,0,0,0,0,0,0,0,0
50445,1,1,1984,18,18,18,18,18,18,18,18,18,18
50446,0,1,1984,18,27,33,12,0,26,0,0,0,13
50446,1,1,1984,5,9,15,0,23,0,0,17,0,19
50447,1,1,1984,0,0,0,0,0,0,0,0,0,0
50448,1,1,1984,9,12,17,16,16,0,8,7,0,6
50448,2,1,1984,0,0,0,0,0,0,13,0,0,0
50449,1,1,1984,17,17,17,17,17,17,17,17,17,17
50449,2,1,1984,24,9,12,0,0,14,15,4,10,0
50451,1,1,1984,0,0,0,0,0,0,0,0,0,0
50451,2,1,1984,0,0,0,0,0,0,0,0,0,0
50451,3,1,1984,0,0,0,0,0,0,0,0,0,0
50452,1,1,1984,25,25,25,25,25,25,25,25,25,25
50453,1,1,1984,18,18,18,18,18,18,18,18,18,18
50454,1,1,1984,13,0,4,26,15,22,15,15,23,29
50455,1,1,1984,17,0,14,14,24,27,7,11,20,9
50455,2,1,1984,0,0,0,0,0,0,0,0,0,0
50456,1,1,1984,25,15,27,18,11,0,27,7,0,31
50456,2,1,1984,16,16,16,16,16,16,16,16,16,16
50457,1,1,1984,0,0,0,0,14,0,0,0,0,0
50458,0,1,1984,0,11,5,19,0,18,21,0,13,25
50458,1,1,1984,0,0,7,6,10,0,40,14,10,4
50459,1,1,1984,12,11,5,21,13,20,7,19,14,0
50460,0,1,1984,13,13,13,13,13,13,13,13,13,13
50460,1,1,1984,0,0,0,0,0,0,0,0,0,0
50461,1,1,1984,1,1,1,1,1,1,1,1,1,1
50461,2,1,1984,22,18,15,0,11,9,12,11,27,0
50461,3,1,1984,9,14,10,12,7,25,9,23,0,0
50462,1,1,1984,0,0,0,0,0,0,0,0,0,0
50463,1,1,1984,0,0,0,0,0,0,0,0,0,0
50464,1,1,1984,0,0,0,0,0,0,0,0,0,0
50465,1,1,1984,0,0,0,0,0,0,0,0,0,0
50465,2,1,1984,0,24,0,8,0,11,19,11,11,7
50466,1,1,1984,7,7,7,7,7,7,7,7,7,7
50467,1,1,1984,0,33,0,0,0,0,0,0,0,0
50468,1,1,1984,0,0,0,0,0,0,0,0,0,0
50468,2,1,1984,0,0,0,0,0,0,0,0,0,0
50469,1,1,1984,25,16,0,19,0,27,0,14,0,15
50470,0,1,1984,0,0,0,0,0,0,0,0,0,0
50470,1,1,1984,0,0,0,18,0,0,0,0,0,0
50471,1,1,1984,26,13,21,0,0,0,10,26,0,0
50472,1,1,1984,0,23,8,0,0,20,13,19,25,11
50473,1,1,1984,12,0,31,0,0,21,0,24,0,13
50474,1,1,1984,0,0,0,0,0,0,0,0,0,0
50474,2,1,1984,0,0,0,0,0,0,0,0,0,0
50477,0,1,1984,0,0,0,0,22,0,0,0,0,0
50477,1,1,1984,0,0,0,0,15,0,0,0,0,14
50478,1,1,1984,0,0,6,0,0,0,0,0,0,0
50478,2,1,1984,0,0,0,0,0,0,0,0,0,0
80001,1,1,1984,16,16,16,16,16,16,16,16,16,16
80002,1,1,1984,0,0,0,0,0,0,14,0,0,0
80002,2,1,1984,0,0,0,0,0,0,0,0,0,0
80003,1,1,1984,16,18,24,14,10,16,23,30,19,12
80004,1,1,1984,0,0,0,0,12,0,0,0,0,0
80004,2,1,1984,0,0,0,0,0,0,0,0,0,0
80005,0,1,1984,0,0,0,0,0,0,0,8,0,15
80005,0,2,1984,0,0,0,0,0,0,0,0,0,0
80005,1,1,1984,5,5,5,5,5,5,5,5,5,5
80006,0,1,1984,22,22,22,22,22,22,22,22,22,22
80006,1,1,1984,0,2,0,0,0,0,0,0,0,0
80007,0,1,1984,0,10,0,5,0,0,0,0,0,0
80007,1,1,1984,0,0,0,0,0,0,0,0,0,0
80008,1,1,1984,0,0,0,0,0,0,0,0,0,0
80008,2,1,1984,0,0,0,0,0,0,0,0,0,0
80009,1,1,1984,0,0,0,0,0,0,0,0,0,0
80009,2,1,1984,1,1,1,1,1,1,1,1,1,1
80010,1,1,1984,17,17,17,17,17,17,17,17,17,17
80010,2,1,1984,24,24,24,24,24,24,24,24,24,24
80011,1,1,1984,25,25,25,25,25,25,25,25,25,25
80011,2,1,1984,0,0,0,0,0,0,0,0,0,0
80011,3,1,1984,1,1,1,1,1,1,1,1,1,1
80012,1,1,1984,8,8,8,8,8,8,8,8,8,8
80013,1,1,1984,0,0,0,0,0,0,0,0,0,0
80013,2,1,1984,19,19,19,19,19,19,19,19,19,19
80014,1,1,1984,0,0,0,0,0,0,0,0,0,0
80014,2,1,1984,0,0,0,0,0,0,0,0,0,0
80015,1,1,1984,0,0,0,0,0,0,0,0,0,0
80015,2,1,1984,0,0,0,0,0,0,0,0,0,0
80016,1,1,1984,0,0,0,0,0,0,0,0,0,0
80017,1,1,1984,13,13,13,13,13,13,13,13,13,13
80018,1,1,1984,14,14,14,14,14,14,14,14,14,14
80018,2,1,1984,0,0,14,5,0,0,0,0,0,0
80019,1,1,1984,24,24,24,24,24,24,24,24,24,24
80019,2,1,1984,0,0,0,0,0,0,0,0,0,15
80020,1,1,1984,13,13,13,13,13,13,13,13,13,13
80021,1,1,1984,0,0,0,0,0,0,0,10,0,0
80021,2,1,1984,4,4,4,4,4,4,4,4,4,4
80021,3,1,1984,19,0,0,0,0,0,0,0,0,0
80021,4,1,1984,12,0,0,0,0,0,0,0,16,0
80022,1,1,1984,20,20,20,20,20,20,20,20,20,20
80022,2,1,1984,0,0,0,0,0,0,0,0,0,0
80023,1,1,1984,15,15,15,15,15,15,15,15,15,15
80023,2,1,1984,12,12,12,12,12,12,12,12,12,12
80024,1,1,1984,16,16,16,16,16,16,16,16,16,16
80025,0,1,1984,0,0,13,0,0,0,0,0,0,0
80025,1,1,1984,0,0,0,0,0,0,0,0,0,0
80026,1,1,1984,0,0,0,0,0,0,0,0,0,0
80027,1,1,1984,5,5,5,5,5,5,5,5,5,5
80028,1,1,1984,0,0,0,0,0,0,0,0,0,0
80028,2,1,1984,0,0,0,0,0,0,0,0,0,0
80029,1,1,1984,0,0,0,0,0,0,0,0,0,0
80029,2,1,1984,6,6,6,6,6,6,6,6,6,6
80030,1,1,1984,16,16,16,16,16,16,16,16,16,16
80030,2,1,1984,13,13,13,13,13,13,13,13,13,13
80031,1,1,1984,9,14,17,12,14,7,27,17,24,11
80032,1,1,1984,18,18,18,18,18,18,18,18,18,18
80033,1,1,1984,15,15,15,15,15,15,15,15,15,15
80034,1,1,1984,1,1,1,1,1,1,1,1,1,1
80035,1,1,1984,0,0,0,0,0,0,0,0,0,0
80035,2,1,1984,0,0,0,0,0,0,0,0,0,0
80036,1,1,1984,0,0,0,0,0,0,0,0,0,0
80037,1,1,1984,28,28,28,28,28,28,28,28,28,28
80037,2,1,1984,0,0,0,0,0,0,0,0,0,0
80038,1,1,1984,1,1,1,1,1,1,1,1,1,1
80038,2,1,1984,0,0,0,0,0,0,20,0,0,0
80039,0,1,1984,0,0,0,0,0,0,0,0,0,0
80039,1,1,1984,0,0,0,0,0,0,0,0,0,0
80040,1,1,1984,0,0,0,0,0,0,0,0,0,0
80040,2,1,1984,6,6,6,6,6,6,6,6,6,6
80041,1,1,1984,15,15,15,15,15,15,15,15,15,15
80042,1,1,1984,0,0,0,0,0,0,0,0,0,0
80043,1,1,1984,1,1,1,1,1,1,1,1,1,1
80044,1,1,1984,12,7,0,21,8,25,31,7,0,8
80045,1,1,1984,0,0,0,0,0,0,0,0,0,0
80045,2,1,1984,0,0,0,0,0,0,0,0,0,0
80046,1,1,1984,22,22,22,22,22,22,22,22,22,22
80046,2,1,1984,11,11,11,11,11,11,11,11,11,11
80047,1,1,1984,0,0,0,0,0,0,0,0,0,0
80048,0,1,1984,0,6,0,0,0,0,0,0,0,0
80048,1,1,1984,0,0,0,0,0,0,0,0,0,0
80048,2,1,1984,0,0,0,0,0,0,0,0,0,0
80049,1,1,1984,0,0,0,0,0,0,0,0,0,0
80049,2,1,1984,0,0,0,0,0,0,0,0,0,0
80050,1,1,1984,0,0,0,0,0,0,0,0,0,0
80051,1,1,1984,0,0,0,0,0,0,0,0,0,0
80052,1,1,1984,0,0,0,0,0,0,0,0,0,0
80052,2,1,1984,0,0,0,0,0,0,0,0,0,0
80053,1,1,1984,0,0,0,0,0,0,0,0,0,0
80054,1,1,1984,0,0,0,0,0,0,0,0,0,0
80054,2,1,1984,17,17,17,17,17,17,17,17,17,17
80055,1,1,1984,0,0,0,0,0,0,0,0,0,0
80055,2,1,1984,0,0,0,0,0,0,0,0,0,0
80056,1,1,1984,15,15,15,15,15,15,15,15,15,15
80057,0,1,1984,0,0,0,0,0,0,0,0,0,0
80057,0,2,1984,9,0,0,0,0,0,4,0,0,0
80057,1,1,1984,0,0,0,0,0,0,0,0,0,0
80058,1,1,1984,0,0,0,0,0,0,0,0,0,0
80059,0,1,1984,0,0,0,0,0,0,0,0,0,0
80059,1,1,1984,21,21,21,21,21,21,21,21,21,21
80060,1,1,1984,0,0,0,0,0,3,0,0,5,0
80060,2,1,1984,0,0,0,16,0,17,0,0,0,29
80061,0,1,1984,10,10,10,10,10,10,10,10,10,10
80061,0,2,1984,14,14,14,14,14,14,14,14,14,14
80061,1,1,1984,1,1,1,1,1,1,1,1,1,1
80062,1,1,1984,0,0,0,0,0,0,0,0,0,0
80062,2,1,1984,0,0,0,0,0,0,0,0,0,0
80063,1,1,1984,0,0,0,0,0,0,0,0,0,0
80064,1,1,1984,15,15,15,15,15,15,15,15,15,15
80065,1,1,1984,13,13,13,13,13,13,13,13,13,13
80065,2,1,1984,0,0,0,0,0,0,0,0,0,0
80066,0,1,1984,6,0,26,12,16,8,0,29,23,30
80066,0,2,1984,0,0,0,19,11,36,16,0,0,0
80066,1,1,1984,0,0,0,0,0,0,0,0,0,0
80067,1,1,1984,0,0,0,0,0,0,0,0,0,0
80067,2,1,1984,0,0,0,0,0,0,0,0,0,0
80068,1,1,1984,0,0,0,0,0,0,0,0,0,0
80069,1,1,1984,0,0,0,0,0,0,0,0,0,0
80069,2,1,1984,0,0,0,0,0,0,0,0,0,0
80070,1,1,1984,0,0,0,0,0,0,0,0,0,0
80070,2,1,1984,0,0,0,12,0,0,0,0,0,0
80071,1,1,1984,0,0,0,0,0,0,0,0,0,0
80071,2,1,1984,0,0,0,0,0,0,0,0,0,0
80072,1,1,1984,0,0,0,0,0,0,0,0,0,0
80073,1,1,1984,0,11,0,0,0,0,13,0,0,0
80074,1,1,1984,7,7,7,7,7,7,7,7,7,7
80075,1,1,1984,1,1,1,1,1,1,1,1,1,1
80075,2,1,1984,0,0,0,0,0,0,0,0,7,0
80076,1,1,1984,16,16,16,16,16,16,16,16,16,16
80077,1,1,1984,0,0,0,0,0,0,0,0,0,0
80077,2,1,1984,0,0,0,0,0,0,0,0,0,0
80078,1,1,1984,0,0,0,0,0,0,0,0,0,0
80078,2,1,1984,0,0,0,0,0,0,0,0,0,0
80079,1,1,1984,0,15,45,9,34,11,21,35,18,15
80080,1,1,1984,0,0,0,0,0,0,0,0,4,0
80080,2,1,1984,0,0,0,0,0,0,0,0,0,0
80081,1,1,1984,18,18,18,18,18,18,18,18,18,18
80081,2,1,1984,0,0,0,0,0,0,0,0,0,0
80082,1,1,1984,10,10,10,10,10,10,10,10,10,10
80082,2,1,1984,0,0,0,0,0,0,0,0,0,0
80083,1,1,1984,20,20,20,20,20,20,20,20,20,20
80084,1,1,1984,32,32,32,32,32,32,32,32,32,32
80085,1,1,1984,0,0,0,0,0,0,0,0,0,0