ST_CASE,VEH_NO,PER_NO,YEAR,P1,P2,P3,P4,P5,P6,P7,P8,P9,P10
90144,1,1,1984,0,0,0,0,0,0,0,0,0,0
90144,2,1,1984,0,0,0,0,0,0,0,0,0,0
90145,1,1,1984,18,18,18,18,18,18,18,18,18,18
90146,1,1,1984,10,10,10,10,10,10,10,10,10,10
90147,1,1,1984,7,7,7,7,7,7,7,7,7,7
90148,1,1,1984,0,0,0,0,0,0,27,0,6,0
90149,0,1,1984,0,0,0,0,0,0,0,0,0,0
90149,1,1,1984,0,0,0,6,0,0,10,12,0,4
90150,0,1,1984,0,0,0,0,0,0,0,0,0,0
90150,1,1,1984,22,22,22,22,22,22,22,22,22,22
90151,0,1,1984,26,26,26,26,26,26,26,26,26,26
90151,1,1,1984,0,0,0,0,0,0,0,0,0,0
90152,1,1,1984,9,9,9,9,9,9,9,9,9,9
90153,0,1,1984,9,9,9,9,9,9,9,9,9,9
90153,1,1,1984,0,0,0,0,0,0,0,0,0,0
90154,1,1,1984,10,10,10,10,10,10,10,10,10,10
90155,1,1,1984,0,0,0,0,0,0,0,0,0,0
90156,1,1,1984,22,22,22,22,22,22,22,22,22,22
90157,1,1,1984,15,7,25,12,6,12,0,17,10,10
90158,1,1,1984,4,4,4,4,4,4,4,4,4,4
90159,0,1,1984,0,0,0,0,0,0,0,0,0,0
90159,0,2,1984,24,0,27,0,0,17,0,0,23,0
90159,1,1,1984,12,0,0,0,0,25,0,0,0,0
90160,1,1,1984,3,3,3,3,3,3,3,3,3,3
90161,1,1,1984,27,16,13,12,27,16,12,19,9,17
90162,0,1,1984,0,0,0,0,0,0,0,0,0,0
90162,1,1,1984,0,0,0,0,0,0,0,0,0,0
90163,1,1,1984,29,29,29,29,29,29,29,29,29,29
90164,1,1,1984,21,21,21,21,21,21,21,21,21,21
90165,1,1,1984,24,24,24,24,24,24,24,24,24,24
90165,2,1,1984,16,0,0,19,0,0,0,0,0,24
90166,0,1,1984,0,0,0,0,0,0,0,0,0,0
90166,1,1,1984,15,15,15,15,15,15,15,15,15,15
90167,1,1,1984,0,0,0,0,0,0,0,0,0,0
90168,1,1,1984,14,14,14,14,14,14,14,14,14,14
90168,2,1,1984,0,0,0,0,0,0,0,0,0,0
90169,1,1,1984,0,0,0,0,0,0,0,0,0,0
90169,2,1,1984,0,21,0,0,0,17,0,0,18,14
90170,0,1,1984,0,47,0,0,0,0,0,7,18,0
90170,0,2,1984,19,24,0,0,0,17,0,10,30,0
90170,1,1,1984,4,4,4,4,4,4,4,4,4,4
90170,2,1,1984,0,0,0,0,0,0,0,0,0,0
90170,3,1,1984,0,0,0,0,0,0,0,0,0,0
90171,1,1,1984,31,31,31,31,31,31,31,31,31,31
90171,2,1,1984,9,0,0,0,0,20,0,0,0,0
90172,1,1,1984,12,12,12,12,12,12,12,12,12,12
90173,1,1,1984,0,0,0,0,0,0,0,0,0,0
90173,2,1,1984,0,0,0,0,0,0,0,0,0,0
90174,1,1,1984,1,1,1,1,1,1,1,1,1,1
90174,2,1,1984,4,4,4,4,4,4,4,4,4,4
90175,1,1,1984,8,19,14,10,24,0,32,0,5,8
90175,2,1,1984,2,2,2,2,2,2,2,2,2,2
90176,1,1,1984,0,0,0,0,0,0,0,0,24,19
90176,2,1,1984,16,16,16,16,16,16,16,16,16,16
90177,1,1,1984,0,0,0,0,0,0,0,0,0,0
90177,2,1,1984,53,53,53,53,53,53,53,53,53,53
90177,3,1,1984,0,0,0,0,0,0,0,0,0,0
90178,1,1,1984,0,0,0,0,0,0,0,0,0,0
90179,1,1,1984,0,0,0,0,0,0,0,0,0,0
90179,2,1,1984,0,0,0,0,0,0,0,0,0,0
90180,1,1,1984,0,0,0,0,0,0,0,0,0,0
90181,1,1,1984,0,0,0,0,0,0,0,0,0,0
90181,2,1,1984,10,10,10,10,10,10,10,10,10,10
90182,1,1,1984,0,0,0,0,0,0,0,0,17,0
90182,2,1,1984,11,5,11,0,3,0,8,13,11,3
90183,1,1,1984,0,0,0,0,0,0,0,0,0,18
90183,2,1,1984,0,0,0,0,0,0,0,0,0,10
90184,0,1,1984,30,25,19,0,21,0,0,15,28,0
90184,1,1,1984,0,0,0,0,0,0,0,0,16,10
90185,0,1,1984,0,0,0,0,0,0,0,0,0,0
90185,1,1,1984,0,0,0,0,0,0,0,0,0,0
90186,1,1,1984,18,18,18,18,18,18,18,18,18,18
90186,2,1,1984,3,4,0,0,0,0,0,0,0,9
90187,1,1,1984,0,0,0,0,0,10,0,0,0,0
90188,1,1,1984,0,0,0,0,0,0,0,0,0,0
90188,2,1,1984,0,10,0,0,0,0,0,0,0,16
90189,1,1,1984,0,19,7,0,0,6,0,0,18,15
90190,1,1,1984,0,0,0,0,0,0,0,0,0,0
90190,2,1,1984,15,15,15,15,15,15,15,15,15,15
90191,1,1,1984,28,28,28,28,28,28,28,28,28,28
90191,2,1,1984,15,0,0,0,13,0,0,0,4,0
90192,0,1,1984,0,0,0,0,0,0,0,0,0,0
90192,1,1,1984,0,0,0,0,0,0,0,0,0,0
90193,1,1,1984,8,8,8,8,8,8,8,8,8,8
90194,1,1,1984,10,19,19,0,0,0,13,7,27,7
90195,0,1,1984,0,0,0,0,0,0,0,0,0,0
90195,1,1,1984,0,0,0,0,0,0,0,0,0,0
90195,2,1,1984,0,0,0,0,0,0,0,0,0,0
90196,1,1,1984,17,17,17,17,17,17,17,17,17,17
90196,2,1,1984,0,0,0,0,10,17,13,6,12,12
90197,1,1,1984,17,17,17,17,17,17,17,17,17,17
90198,1,1,1984,14,14,14,14,14,14,14,14,14,14
90199,1,1,1984,0,0,18,0,0,0,0,11,24,0
90199,2,1,1984,21,21,21,21,21,21,21,21,21,21
90200,1,1,1984,19,19,19,19,19,19,19,19,19,19
90201,0,1,1984,0,0,0,0,0,0,0,0,0,0
90201,1,1,1984,0,0,0,0,0,0,0,0,0,0
90202,1,1,1984,15,17,10,0,10,12,13,2,10,13
90202,2,1,1984,0,0,0,0,0,0,0,0,0,0
90203,1,1,1984,4,4,4,4,4,4,4,4,4,4
90203,2,1,1984,29,29,29,29,29,29,29,29,29,29
90204,1,1,1984,0,0,0,0,0,0,0,0,0,0
90204,2,1,1984,13,13,13,13,13,13,13,13,13,13
90205,0,1,1984,15,23,19,0,0,14,0,13,8,0
90205,0,2,1984,0,0,11,9,33,0,0,10,0,20
90205,1,1,1984,0,0,0,0,0,20,0,0,0,22
90205,2,1,1984,19,0,18,16,18,0,0,8,0,8
90206,0,1,1984,0,0,38,0,7,18,0,0,0,0
90206,1,1,1984,0,0,0,0,0,0,0,0,0,12
90207,0,1,1984,15,15,15,15,15,15,15,15,15,15
90207,1,1,1984,9,9,9,9,9,9,9,9,9,9
90208,1,1,1984,21,21,21,21,21,21,21,21,21,21
90209,1,1,1984,0,0,0,0,0,0,0,0,0,0
90209,2,1,1984,0,0,0,0,0,0,0,0,0,0
90209,3,1,1984,0,0,0,0,0,0,0,0,0,0
90210,1,1,1984,0,0,0,0,0,0,0,0,0,0
90210,2,1,1984,0,0,0,0,0,0,0,0,0,0
90211,1,1,1984,13,13,13,13,13,13,13,13,13,13
90211,2,1,1984,0,16,0,0,0,0,21,0,0,4
90212,1,1,1984,0,0,0,0,0,0,0,0,0,0
90212,2,1,1984,0,0,0,0,0,0,0,0,24,0
90213,1,1,1984,0,0,25,0,5,0,0,11,0,0
90213,2,1,1984,0,0,0,0,0,17,0,0,0,0
90215,1,1,1984,0,0,0,0,0,0,0,0,0,0
90215,2,1,1984,0,0,0,0,0,0,0,0,0,0
90216,0,1,1984,0,15,9,0,10,0,19,0,0,6
90216,1,1,1984,0,0,0,0,0,0,0,0,0,0
90217,1,1,1984,0,0,0,0,0,0,0,0,16,0
90217,2,1,1984,0,0,0,0,0,0,0,0,0,0
90217,3,1,1984,0,0,0,0,0,0,0,0,0,0
90218,1,1,1984,32,32,32,32,32,32,32,32,32,32
90218,2,1,1984,0,0,0,0,0,0,0,0,0,0
90218,3,1,1984,0,0,0,16,25,0,0,0,0,0
90219,1,1,1984,19,18,19,0,27,18,0,36,0,0
90220,1,1,1984,15,15,15,15,15,15,15,15,15,15
90221,1,1,1984,5,5,5,5,5,5,5,5,5,5
90222,1,1,1984,18,24,13,11,20,12,0,0,20,0
90223,1,1,1984,0,0,0,0,0,0,0,0,0,0
90223,2,1,1984,0,0,0,0,0,0,0,0,0,0
90224,0,1,1984,18,4,0,30,14,32,44,16,12,19
90224,1,1,1984,29,29,29,29,29,29,29,29,29,29
90225,1,1,1984,0,0,0,0,0,0,0,0,0,0
90225,2,1,1984,3,3,3,3,3,3,3,3,3,3
90226,1,1,1984,0,0,6,15,0,0,0,0,0,0
90227,1,1,1984,0,0,0,0,0,0,0,0,0,0
90227,2,1,1984,13,0,0,0,0,27,16,22,0,0
90227,3,1,1984,0,0,0,0,0,0,0,0,0,0
90228,1,1,1984,11,11,11,11,11,11,11,11,11,11
90229,0,1,1984,23,23,23,23,23,23,23,23,23,23
90229,1,1,1984,11,11,11,11,11,11,11,11,11,11
90230,1,1,1984,20,20,20,20,20,20,20,20,20,20
90230,2,1,1984,0,0,0,0,0,0,0,0,0,0
90231,1,1,1984,21,21,21,21,21,21,21,21,21,21
90232,1,1,1984,0,0,0,0,0,0,0,0,0,0
90232,2,1,1984,0,8,0,0,0,0,0,0,4,0
90233,1,1,1984,7,7,7,7,7,7,7,7,7,7
90234,0,1,1984,0,0,0,0,0,0,0,0,0,0
90234,1,1,1984,0,0,0,0,0,0,0,0,10,0
90235,1,1,1984,14,14,14,14,14,14,14,14,14,14
90236,1,1,1984,20,20,20,20,20,20,20,20,20,20
90236,2,1,1984,0,0,0,0,17,0,0,0,0,12
90237,1,1,1984,19,19,19,19,19,19,19,19,19,19
90238,1,1,1984,23,13,12,9,19,25,9,17,18,9
90239,0,1,1984,0,0,0,0,0,0,0,0,0,0
90239,1,1,1984,0,0,0,0,0,0,20,0,0,0
90240,0,1,1984,27,0,10,0,0,10,0,8,20,14
90240,1,1,1984,17,17,17,17,17,17,17,17,17,17
90241,1,1,1984,22,22,22,22,22,22,22,22,22,22
90242,1,1,1984,0,0,0,0,0,17,0,0,0,0
90242,2,1,1984,0,0,0,0,0,0,0,0,0,0
90243,1,1,1984,15,15,15,15,15,15,15,15,15,15
90243,2,1,1984,15,15,15,15,15,15,15,15,15,15
90244,1,1,1984,0,0,0,0,0,0,0,0,0,0
90245,1,1,1984,0,0,0,0,0,0,0,0,0,0
90245,2,1,1984,15,15,15,15,15,15,15,15,15,15
90246,1,1,1984,10,10,10,10,10,10,10,10,10,10
90247,1,1,1984,0,0,0,0,21,0,0,0,15,0
90247,2,1,1984,0,0,0,0,9,16,0,0,0,0
90248,1,1,1984,3,3,3,3,3,3,3,3,3,3
90249,1,1,1984,0,0,0,0,0,0,0,0,0,0
90249,2,1,1984,4,16,0,0,0,0,15,8,13,17
90250,1,1,1984,4,4,4,4,4,4,4,4,4,4
90251,1,1,1984,7,7,7,7,7,7,7,7,7,7
90252,1,1,1984,8,0,15,7,0,11,37,21,3,0
90252,2,1,1984,2,2,2,2,2,2,2,2,2,2
90253,1,1,1984,18,18,0,17,27,28,28,0,13,9
90254,1,1,1984,0,0,0,0,0,0,0,0,0,0
90254,2,1,1984,0,0,0,0,0,0,0,0,0,0
90255,1,1,1984,16,20,18,11,35,0,31,0,15,20
90256,1,1,1984,18,18,18,18,18,18,18,18,18,18
90257,1,1,1984,17,17,17,17,17,17,17,17,17,17
90258,1,1,1984,12,12,12,12,12,12,12,12,12,12
90258,2,1,1984,0,24,25,0,10,0,17,0,10,0
90259,1,1,1984,28,28,28,28,28,28,28,28,28,28
90259,2,1,1984,0,2,0,0,3,8,0,0,0,0
90259,3,1,1984,0,0,9,0,4,19,0,0,0,0
90260,1,1,1984,15,15,15,15,15,15,15,15,15,15
90261,1,1,1984,6,6,6,6,6,6,6,6,6,6
90262,0,1,1984,0,0,0,0,0,0,0,0,0,0
90262,1,1,1984,0,0,0,0,0,0,0,9,0,19
90263,1,1,1984,15,15,15,15,15,15,15,15,15,15
90263,2,1,1984,4,4,4,4,4,4,4,4,4,4
90264,1,1,1984,9,9,9,9,9,9,9,9,9,9
90265,1,1,1984,24,24,24,24,24,24,24,24,24,24
90265,2,1,1984,17,12,15,0,14,29,14,11,6,18
90266,1,1,1984,21,21,21,21,21,21,21,21,21,21
90266,2,1,1984,15,4,8,4,18,0,12,13,0,0
90267,1,1,1984,0,0,0,0,0,0,0,0,0,0
90267,2,1,1984,0,0,0,0,0,0,0,0,0,0
90269,1,1,1984,0,0,0,0,0,0,0,0,0,0
90269,2,1,1984,20,4,23,13,10,21,17,13,6,18
90270,1,1,1984,13,13,13,13,13,13,13,13,13,13
90270,2,1,1984,0,0,0,0,0,0,0,0,0,0
90271,0,1,1984,0,0,0,0,0,0,0,0,0,0
90271,1,1,1984,0,0,0,0,0,0,0,0,0,0
90272,1,1,1984,14,14,14,14,14,14,14,14,14,14
90273,1,1,1984,8,8,8,8,8,8,8,8,8,8
90273,2,1,1984,0,0,0,0,0,0,0,0,0,0
90274,1,1,1984,26,26,26,26,26,26,26,26,26,26
90275,1,1,1984,27,27,27,27,27,27,27,27,27,27
90276,1,1,1984,0,0,0,0,0,0,0,0,0,0
90277,1,1,1984,12,12,12,12,12,12,12,12,12,12
90277,2,1,1984,0,39,43,21,0,0,0,0,0,0
90279,1,1,1984,32,32,32,32,32,32,32,32,32,32
90279,2,1,1984,0,0,0,0,0,0,0,0,0,0
90280,1,1,1984,0,0,0,0,0,0,0,0,0,0
90281,1,1,1984,0,0,0,0,0,0,0,0,0,0
90281,2,1,1984,0,0,0,0,0,13,0,0,0,0
90282,1,1,1984,0,0,0,0,0,0,0,0,0,0
90282,2,1,1984,0,0,0,0,0,0,0,0,0,0
90283,1,1,1984,0,10,0,0,0,19,0,13,15,0
90284,1,1,1984,0,0,0,0,0,0,0,0,0,0
90284,2,1,1984,0,0,0,0,0,0,0,0,0,0
90285,1,1,1984,0,14,22,0,29,0,0,0,0,0
90285,2,1,1984,0,0,0,0,0,0,0,0,0,0
90285,3,1,1984,0,0,9,14,0,0,0,0,0,15
90286,1,1,1984,16,0,0,0,0,17,0,26,11,0
90287,0,1,1984,25,25,25,25,25,25,25,25,25,25
90287,1,1,1984,0,0,0,0,0,0,0,0,0,0
90288,1,1,1984,0,0,0,0,0,0,0,0,0,0
90288,2,1,1984,0,0,0,0,0,0,0,0,0,0
90289,0,1,1984,0,0,0,0,0,0,12,0,0,0
90289,1,1,1984,0,0,0,23,0,14,12,0,0,21
90290,1,1,1984,18,18,18,18,18,18,18,18,18,18
90291,1,1,1984,34,34,34,34,34,34,34,34,34,34
90292,1,1,1984,16,11,0,0,0,0,27,14,11,17
90293,1,1,1984,0,0,0,0,16,11,0,0,0,0
90293,2,1,1984,0,0,0,0,0,0,0,0,0,0
90293,3,1,1984,0,0,0,0,0,0,0,0,0,0
90293,4,1,1984,17,0,8,0,0,0,0,0,0,0
90294,1,1,1984,15,15,15,15,15,15,15,15,15,15
90294,2,1,1984,0,12,0,0,0,0,17,0,9,0
90295,1,1,1984,0,0,0,0,0,0,0,0,0,0
90295,2,1,1984,0,0,0,0,0,19,0,0,0,0
90295,3,1,1984,0,0,0,0,0,0,0,0,0,0
90296,1,1,1984,24,24,24,24,24,24,24,24,24,24
90297,1,1,1984,22,22,22,22,22,22,22,22,22,22
90298,1,1,1984,12,12,12,12,12,12,12,12,12,12
90299,1,1,1984,22,24,10,13,13,22,0,21,5,27
90299,2,1,1984,0,0,11,9,0,4,13,0,0,31
90300,0,1,1984,0,0,0,0,0,0,0,0,9,0
90300,1,1,1984,0,0,0,0,0,0,0,0,0,0
90301,0,1,1984,0,0,0,0,0,0,0,0,0,0
90301,1,1,1984,12,12,12,12,12,12,12,12,12,12
90302,1,1,1984,0,0,0,0,0,0,0,0,0,0
90302,2,1,1984,0,0,0,0,0,0,0,0,0,0
90303,1,1,1984,0,0,0,0,0,0,0,0,0,0
90304,0,1,1984,12,12,12,12,12,12,12,12,12,12
90304,1,1,1984,0,0,0,0,0,0,0,0,0,0
90305,1,1,1984,0,0,0,0,0,0,0,0,0,0
90305,2,1,1984,0,0,0,0,0,0,4,0,21,0
90307,0,1,1984,17,0,0,0,3,28,0,0,0,0
90308,0,1,1984,17,23,14,26,30,11,9,24,18,0
90308,0,2,1984,21,37,8,20,18,13,8,17,11,16
90308,1,1,1984,0,0,0,0,0,0,0,0,0,0
90309,1,1,1984,18,18,18,18,18,18,18,18,18,18
90310,1,1,1984,25,25,25,25,25,25,25,25,25,25
90311,0,1,1984,0,0,0,0,0,0,0,0,0,6
90311,1,1,1984,0,0,0,0,0,0,5,0,0,0
90312,1,1,1984,25,25,25,25,25,25,25,25,25,25
90312,2,1,1984,7,21,0,0,19,0,3,4,0,0
90313,1,1,1984,15,15,15,15,15,15,15,15,15,15
90314,1,1,1984,20,10,21,8,10,0,0,0,13,10
90314,2,1,1984,0,0,0,0,0,12,13,9,23,4
90315,1,1,1984,0,0,0,0,0,0,0,0,0,0
90315,2,1,1984,10,0,0,15,13,0,0,0,13,0
90316,1,1,1984,14,14,14,14,14,14,14,14,14,14
90317,1,1,1984,0,0,0,0,0,0,0,0,0,0
90317,2,1,1984,0,0,0,0,0,9,0,0,12,0
90318,1,1,1984,23,23,23,23,23,23,23,23,23,23
90319,1,1,1984,8,8,8,8,8,8,8,8,8,8
90320,1,1,1984,13,7,9,10,19,11,16,24,7,6
90321,1,1,1984,11,11,11,11,11,11,11,11,11,11
90322,1,1,1984,26,26,26,26,26,26,26,26,26,26
90323,1,1,1984,1,1,1,1,1,1,1,1,1,1
90324,1,1,1984,0,0,0,0,0,0,0,0,0,0
90324,2,1,1984,0,0,0,0,0,0,0,0,0,0
90325,0,1,1984,0,0,0,0,0,0,0,0,0,0
90325,1,1,1984,5,25,9,11,13,0,13,21,12,11
90326,1,1,1984,28,28,28,28,28,28,28,28,28,28
90326,2,1,1984,28,28,28,28,28,28,28,28,28,28
90327,1,1,1984,14,0,12,0,4,4,0,17,15,6
90328,1,1,1984,17,17,17,17,17,17,17,17,17,17
90329,1,1,1984,24,24,24,24,24,24,24,24,24,24
90330,1,1,1984,14,14,14,14,14,14,14,14,14,14
90331,0,1,1984,0,0,0,0,0,0,0,0,0,0
90332,1,1,1984,0,0,9,14,0,0,0,0,0,0
90333,1,1,1984,0,0,0,0,0,0,0,0,0,0
90333,2,1,1984,0,0,0,0,0,0,0,0,0,0
90334,1,1,1984,0,0,0,0,0,0,0,0,4,0
90334,2,1,1984,9,9,9,9,9,9,9,9,9,9
90334,3,1,1984,0,0,0,0,5,0,35,7,0,13
90335,1,1,1984,0,0,0,0,0,0,0,0,0,0
90335,2,1,1984,0,0,0,0,0,0,0,0,0,0
90335,3,1,1984,0,0,0,0,0,0,0,0,0,0
90336,1,1,1984,29,29,29,29,29,29,29,29,29,29
90337,0,1,1984,0,0,0,0,0,0,0,0,0,0
90337,1,1,1984,0,0,0,0,0,0,0,0,0,0
90338,1,1,1984,0,0,0,0,0,0,0,0,0,0
90338,2,1,1984,0,0,23,12,0,0,31,0,13,0
90339,1,1,1984,8,8,8,8,8,8,8,8,8,8
90340,1,1,1984,7,7,7,7,7,7,7,7,7,7
90341,1,1,1984,0,0,0,0,0,0,0,0,0,0
90341,2,1,1984,0,0,0,0,0,0,0,0,0,7
90342,0,1,1984,0,0,0,0,0,0,0,0,0,0
90342,1,1,1984,0,5,0,0,0,0,0,0,0,0
90343,1,1,1984,0,0,0,0,0,0,0,0,0,0
90343,2,1,1984,0,0,0,0,0,4,0,0,0,0
90344,1,1,1984,0,0,0,0,0,0,0,0,0,0
90345,1,1,1984,7,17,6,5,17,9,0,15,0,15
90346,0,1,1984,26,26,26,26,26,26,26,26,26,26
90346,1,1,1984,7,0,0,0,0,0,0,0,0,0
90347,1,1,1984,14,14,14,14,14,14,14,14,14,14
90348,1,1,1984,16,16,16,16,16,16,16,16,16,16
90349,1,1,1984,15,15,15,15,15,15,15,15,15,15
90350,1,1,1984,22,22,22,22,22,22,22,22,22,22
90350,2,1,1984,10,0,0,13,0,0,0,0,0,24
90351,1,1,1984,19,19,19,19,19,19,19,19,19,19
90352,1,1,1984,0,0,0,0,0,12,0,10,0,0
90352,2,1,1984,0,0,0,0,0,7,0,0,0,0
90352,3,1,1984,0,0,0,0,0,0,0,0,0,0
90352,4,1,1984,0,0,0,0,0,15,0,0,0,0
90353,1,1,1984,0,0,0,0,0,0,0,0,0,0
90353,2,1,1984,0,0,0,9,0,0,0,17,0,0
90353,3,1,1984,0,0,0,0,0,0,0,5,0,0
90354,1,1,1984,21,21,21,21,21,21,21,21,21,21
90354,2,1,1984,0,0,0,34,0,0,0,0,0,0
90355,1,1,1984,5,0,0,10,17,25,18,12,10,15
90356,1,1,1984,22,22,22,22,22,22,22,22,22,22
90357,1,1,1984,6,24,24,13,20,20,11,29,21,24
90358,0,1,1984,21,35,0,8,35,24,16,33,32,0
90358,1,1,1984,26,26,26,26,26,26,26,26,26,26
90359,0,1,1984,18,18,18,18,18,18,18,18,18,18
90359,1,1,1984,16,0,9,11,31,0,14,34,0,0
90359,2,1,1984,0,0,12,5,7,28,0,0,9,27
90360,1,1,1984,22,22,22,22,22,22,22,22,22,22
90360,2,1,1984,0,0,0,0,0,0,0,0,0,0
90361,0,1,1984,0,0,0,0,0,0,0,0,0,0
90361,1,1,1984,0,0,8,0,0,20,14,12,0,15
90362,1,1,1984,14,14,14,14,14,14,14,14,14,14
90363,1,1,1984,0,0,0,16,0,45,19,15,0,19
90363,2,1,1984,19,19,19,19,19,19,19,19,19,19
90364,1,1,1984,10,10,6,0,9,19,8,6,8,15
90364,2,1,1984,15,15,15,15,15,15,15,15,15,15
90365,1,1,1984,18,18,18,18,18,18,18,18,18,18
90366,1,1,1984,7,5,15,24,10,19,14,16,9,25
90367,1,1,1984,24,24,24,24,24,24,24,24,24,24
90368,1,1,1984,16,5,6,28,5,0,5,15,7,6
90368,2,1,1984,28,28,28,28,28,28,28,28,28,28
90369,1,1,1984,26,26,26,26,26,26,26,26,26,26
90370,1,1,1984,0,0,0,0,0,0,0,0,0,0
90370,2,1,1984,0,0,0,0,0,0,0,0,0,0
90371,1,1,1984,0,0,0,0,0,0,0,0,0,0
90371,2,1,1984,0,0,0,0,0,0,0,0,0,0
90372,1,1,1984,0,0,0,0,0,0,0,0,0,0
90373,0,1,1984,21,21,21,21,21,21,21,21,21,21
90373,1,1,1984,0,0,0,0,0,0,0,0,0,0
90374,0,1,1984,1,1,1,1,1,1,1,1,1,1
90374,1,1,1984,4,0,0,0,0,0,14,0,15,10
90375,1,1,1984,6,6,6,6,6,6,6,6,6,6
90375,2,1,1984,0,0,0,18,0,0,0,27,0,0
90375,3,1,1984,0,0,0,0,0,0,0,0,0,0
90375,4,1,1984,0,0,0,0,0,0,0,0,0,0
90375,5,1,1984,0,0,0,0,0,0,0,0,0,0
90376,1,1,1984,15,5,24,3,3,0,11,5,10,14
90377,1,1,1984,8,8,8,8,8,8,8,8,8,8
90377,2,1,1984,0,0,13,0,0,0,0,0,10,0
90378,0,1,1984,13,0,0,0,0,0,8,0,0,16
90378,1,1,1984,8,23,0,0,0,0,0,0,0,0
90379,1,1,1984,12,7,0,0,23,0,17,0,0,8
90379,2,1,1984,0,0,0,0,0,0,0,0,0,0
90380,1,1,1984,20,20,20,20,20,20,20,20,20,20
90381,1,1,1984,0,0,0,0,0,0,0,0,0,0
90382,1,1,1984,0,0,0,0,0,0,0,0,0,0
90382,2,1,1984,0,0,0,0,0,0,0,0,0,0
90382,3,1,1984,0,0,0,0,0,0,0,0,0,0
90383,1,1,1984,0,0,0,0,0,0,0,0,0,0
90384,1,1,1984,26,26,26,26,26,26,26,26,26,26
90384,2,1,1984,0,0,0,0,0,2,0,12,16,0
90385,1,1,1984,18,18,18,18,18,18,18,18,18,18
90385,2,1,1984,0,0,0,0,0,0,0,0,0,0
90386,1,1,1984,0,27,0,0,0,0,0,0,16,0
90387,1,1,1984,21,0,9,9,16,22,16,35,0,8
90388,1,1,1984,0,0,0,0,0,0,0,0,0,0
90388,2,1,1984,21,21,21,21,21,21,21,21,21,21
90389,0,1,1984,0,0,0,0,0,0,0,0,0,0
90389,1,1,1984,15,5,18,12,9,5,10,0,14,5
90390,1,1,1984,14,14,14,14,14,14,14,14,14,14
90391,1,1,1984,0,0,0,0,0,0,0,0,0,0
90391,2,1,1984,0,0,0,0,0,0,0,0,0,0
90392,1,1,1984,0,0,0,0,0,0,0,0,0,21
90392,2,1,1984,0,0,0,0,0,0,0,0,0,0
90393,1,1,1984,9,9,9,9,9,9,9,9,9,9
90393,2,1,1984,17,33,0,0,8,8,0,13,0,0
90394,1,1,1984,0,0,0,0,0,0,0,0,0,0
90394,2,1,1984,22,22,22,22,22,22,22,22,22,22
90395,1,1,1984,0,0,0,0,0,0,10,0,0,0
90395,2,1,1984,0,0,0,0,0,0,0,0,0,0
90396,1,1,1984,0,0,0,0,0,0,0,0,0,0
90396,2,1,1984,0,0,0,0,0,0,0,0,0,0
90397,1,1,1984,17,17,17,17,17,17,17,17,17,17
90398,0,1,1984,26,26,26,26,26,26,26,26,26,26
90398,1,1,1984,0,0,0,0,0,0,0,0,0,0
90399,1,1,1984,0,0,0,0,0,0,0,0,0,0
90399,2,1,1984,0,0,0,0,0,0,0,0,0,0
90400,1,1,1984,41,41,41,41,41,41,41,41,41,41
90401,0,1,1984,22,22,22,22,22,22,22,22,22,22
90401,1,1,1984,12,12,12,12,12,12,12,12,12,12
90402,0,1,1984,0,0,0,0,0,0,0,0,0,0
90402,1,1,1984,0,11,7,28,0,0,0,0,0,0
90403,1,1,1984,6,6,6,6,6,6,6,6,6,6
90404,1,1,1984,0,0,0,0,0,0,0,0,0,0
90405,1,1,1984,0,0,0,0,0,0,0,0,0,0
90405,2,1,1984,0,0,0,0,0,0,0,0,0,0
90406,1,1,1984,16,6,0,0,12,0,4,0,25,28
90406,2,1,1984,0,16,16,0,0,0,0,0,11,0
90407,1,1,1984,0,0,0,0,0,0,0,0,0,0
90407,2,1,1984,0,0,0,0,0,0,0,0,0,0
90407,3,1,1984,13,0,0,0,0,0,0,11,0,0
90408,1,1,1984,0,0,0,0,0,0,0,0,0,0
90408,2,1,1984,0,0,0,16,4,9,8,0,0,0
90409,1,1,1984,0,0,0,0,0,0,0,0,0,0
90409,2,1,1984,0,0,0,0,0,0,0,0,0,0
90410,0,1,1984,0,0,0,0,0,0,0,0,0,0
90410,1,1,1984,14,7,17,23,7,17,20,11,0,18
90411,0,1,1984,13,13,13,13,13,13,13,13,13,13
90411,1,1,1984,17,0,19,20,12,15,18,20,15,14
90412,1,1,1984,0,0,0,0,0,0,0,0,0,0
90412,2,1,1984,0,0,0,0,0,0,0,0,0,0
90413,1,1,1984,14,14,14,14,14,14,14,14,14,14
90414,1,1,1984,0,0,0,0,0,0,0,0,0,0
90414,2,1,1984,0,0,0,0,0,0,0,0,0,0
90415,0,1,1984,0,0,0,0,0,0,0,0,0,0
90415,1,1,1984,0,0,0,0,0,0,0,0,0,0
90416,1,1,1984,20,20,20,20,20,20,20,20,20,20
90417,1,1,1984,29,29,29,29,29,29,29,29,29,29
90418,1,1,1984,20,20,20,20,20,20,20,20,20,20
90419,0,1,1984,0,0,0,0,0,0,0,0,0,0
90419,1,1,1984,0,0,0,0,0,15,0,0,0,13
90419,2,1,1984,0,0,0,22,0,0,0,0,25,27
90420,1,1,1984,0,0,0,0,20,0,11,0,0,18
90421,1,1,1984,11,11,11,11,11,11,11,11,11,11
90421,2,1,1984,15,15,15,15,15,15,15,15,15,15
90421,3,1,1984,0,0,0,0,0,0,9,0,0,0
90422,0,1,1984,23,23,23,23,23,23,23,23,23,23