ST_CASE,VEH_NO,PER_NO,YEAR,P1,P2,P3,P4,P5,P6,P7,P8,P9,P10
120070,1,1,1984,0,0,0,0,0,0,0,0,0,0
120070,2,1,1984,0,0,0,0,0,0,0,0,0,0
120071,1,1,1984,12,12,12,12,12,12,12,12,12,12
120071,2,1,1984,5,5,5,5,5,5,5,5,5,5
120072,0,1,1984,22,22,22,22,22,22,22,22,22,22
120072,0,2,1984,18,18,18,18,18,18,18,18,18,18
120072,1,1,1984,15,15,15,15,15,15,15,15,15,15
120073,1,1,1984,0,0,0,0,0,0,0,0,0,0
120073,2,1,1984,0,34,0,0,0,8,0,15,0,0
120074,0,1,1984,0,0,0,0,0,0,0,0,0,0
120074,0,2,1984,0,0,0,0,0,0,0,0,0,0
120074,1,1,1984,20,19,11,18,9,9,11,0,20,4
120074,2,1,1984,0,8,9,7,16,14,8,4,5,9
120075,1,1,1984,0,0,0,0,0,0,0,0,0,0
120076,0,1,1984,23,23,23,23,23,23,23,23,23,23
120076,1,1,1984,12,0,0,23,0,0,23,0,0,39
120077,1,1,1984,16,16,16,16,16,16,16,16,16,16
120078,0,1,1984,0,0,0,0,0,0,0,0,0,0
120078,1,1,1984,0,0,0,0,20,0,0,0,0,0
120079,0,1,1984,14,0,0,38,0,0,22,15,0,0
120079,2,1,1984,0,0,0,0,0,0,0,0,0,0
120080,0,1,1984,0,0,0,0,0,0,0,0,0,0
120080,1,1,1984,0,0,0,0,0,0,0,0,0,0
120081,1,1,1984,0,0,0,1,0,0,0,0,0,0
120082,1,1,1984,0,0,0,0,0,0,0,0,0,0
120082,2,1,1984,0,0,0,0,0,0,0,0,0,0
120083,1,1,1984,21,0,22,17,20,0,10,25,0,6
120083,2,1,1984,24,19,34,17,36,4,21,7,22,16
120084,0,1,1984,23,23,23,23,23,23,23,23,23,23
120084,1,1,1984,0,0,0,0,0,0,0,0,0,8
120085,1,1,1984,0,7,4,13,10,11,12,12,0,0
120085,2,1,1984,9,16,11,0,0,17,0,0,0,0
120086,1,1,1984,8,29,16,0,14,9,16,24,21,0
120086,2,1,1984,24,24,19,16,20,8,11,12,0,0
120087,1,1,1984,0,0,0,3,0,0,15,0,0,0
120087,2,1,1984,0,0,0,0,0,0,0,0,0,0
120088,0,1,1984,0,0,0,0,0,0,0,0,0,0
120088,1,1,1984,0,0,0,0,0,0,0,0,0,9
120089,1,1,1984,0,0,0,0,0,0,0,0,0,0
120089,2,1,1984,0,0,0,0,0,0,0,0,0,0
120090,1,1,1984,0,15,5,0,0,0,0,0,0,4
120090,2,1,1984,0,0,0,0,0,13,0,0,0,0
120091,1,1,1984,9,21,0,0,0,0,15,0,3,0
120092,1,1,1984,0,0,0,0,0,0,0,0,0,0
120092,2,1,1984,0,0,0,0,0,15,0,0,0,6
120093,1,1,1984,0,21,0,14,22,3,0,8,0,10
120093,2,1,1984,0,0,0,4,0,0,0,0,0,13
120093,3,1,1984,12,0,12,0,0,11,0,7,2,12
120094,1,1,1984,11,20,0,18,9,11,6,9,5,7
120094,2,1,1984,4,37,0,5,0,7,16,15,8,11
120095,1,1,1984,0,0,0,0,0,0,0,0,0,0
120095,2,1,1984,0,0,0,0,0,0,0,0,0,0
120096,1,2,1984,0,11,18,0,22,0,24,13,0,24
120097,1,1,1984,22,22,22,22,22,22,22,22,22,22
120098,1,1,1984,9,9,9,9,9,9,9,9,9,9
120099,1,1,1984,24,24,24,24,24,24,24,24,24,24
120100,0,1,1984,0,0,0,0,0,0,0,0,0,0
120100,1,1,1984,0,0,0,0,0,0,0,0,0,0
120101,1,1,1984,0,0,0,0,0,0,0,0,0,0
120101,2,1,1984,0,0,0,0,0,0,0,0,0,0
120101,3,1,1984,0,0,0,0,0,0,0,0,0,0
120102,1,1,1984,0,0,0,0,0,0,0,0,0,21
120102,2,1,1984,0,0,0,0,0,0,0,0,0,0
120103,1,1,1984,23,23,23,23,23,23,23,23,23,23
120103,2,1,1984,0,0,0,12,0,0,0,0,0,0
120104,1,1,1984,0,0,0,0,0,0,0,0,0,0
120105,1,1,1984,0,0,0,0,0,0,0,0,0,0
120105,2,1,1984,0,0,0,0,0,0,0,0,0,0
120106,0,1,1984,13,0,0,0,0,0,0,0,14,0
120106,0,2,1984,0,0,20,0,0,0,16,16,0,0
120106,1,1,1984,0,0,0,0,0,0,0,0,0,0
120107,1,1,1984,0,0,0,0,0,0,0,0,0,0
120107,2,1,1984,0,0,0,0,0,0,0,0,0,0
120108,1,1,1984,0,15,0,0,15,0,0,0,10,18
120108,2,1,1984,0,0,16,0,0,0,7,0,8,0
120109,0,1,1984,0,0,0,0,0,0,0,0,0,0
120109,1,1,1984,0,0,0,0,0,0,0,0,0,0
120110,0,1,1984,0,0,0,0,0,0,0,0,0,0
120110,1,1,1984,0,0,0,0,0,0,0,0,0,0
120111,1,1,1984,0,0,0,0,0,0,0,0,0,0
120112,0,1,1984,16,16,16,16,16,16,16,16,16,16
120112,1,1,1984,0,15,0,0,0,0,0,0,0,0
120113,0,1,1984,13,13,13,13,13,13,13,13,13,13
120114,1,1,1984,17,17,17,17,17,17,17,17,17,17
120114,2,1,1984,0,9,0,0,10,0,0,0,0,0
120114,3,1,1984,0,0,0,0,0,0,0,0,0,0
120115,1,1,1984,8,8,8,8,8,8,8,8,8,8
120116,0,1,1984,0,0,0,0,0,0,0,0,0,0
120116,1,1,1984,0,0,0,0,0,0,0,0,0,0
120117,1,1,1984,19,19,19,19,19,19,19,19,19,19
120118,1,1,1984,17,5,0,0,17,27,18,0,0,13
120119,1,1,1984,0,0,0,0,0,0,0,0,0,0
120120,1,1,1984,6,6,6,6,6,6,6,6,6,6
120120,2,1,1984,14,14,14,14,14,14,14,14,14,14
120121,0,1,1984,0,0,0,0,0,0,0,0,0,0
120121,1,1,1984,0,0,0,0,0,0,0,0,13,20
120122,0,1,1984,0,0,0,0,0,0,0,0,0,0
120123,1,1,1984,10,10,10,10,10,10,10,10,10,10
120123,2,1,1984,0,0,0,0,0,0,0,0,0,0
120124,1,1,1984,10,10,10,10,10,10,10,10,10,10
120125,1,1,1984,17,17,17,17,17,17,17,17,17,17
120126,1,1,1984,5,28,9,18,16,15,13,0,16,5
120126,2,1,1984,4,4,4,4,4,4,4,4,4,4
120127,1,1,1984,0,0,0,0,0,0,0,0,0,0
120127,2,1,1984,0,0,0,0,0,0,0,0,0,0
120128,1,1,1984,0,0,0,0,0,0,0,0,0,0
120129,0,1,1984,0,0,0,16,0,0,0,0,0,0
120129,1,1,1984,0,0,0,0,0,0,0,0,0,0
120130,1,1,1984,0,0,0,0,0,0,0,0,0,0
120131,0,1,1984,0,0,0,0,0,0,0,0,0,0
120131,1,1,1984,0,0,0,0,19,0,0,0,0,0
120132,1,1,1984,15,18,31,15,4,15,13,6,23,5
120133,0,1,1984,0,0,0,0,0,0,0,0,0,0
120133,1,1,1984,0,0,0,0,0,0,0,0,0,0
120133,2,1,1984,0,0,0,0,0,0,0,0,0,0
120133,3,1,1984,0,0,0,0,0,0,18,0,0,0
120133,4,1,1984,0,0,0,0,0,0,0,0,0,0
120134,0,1,1984,18,18,18,18,18,18,18,18,18,18
120134,1,1,1984,0,0,0,0,0,0,0,0,0,0
120135,1,1,1984,19,19,19,19,19,19,19,19,19,19
120135,2,1,1984,0,0,0,0,0,0,0,0,0,0
120135,3,1,1984,0,0,0,0,0,0,0,0,0,0
120136,0,1,1984,17,17,17,17,17,17,17,17,17,17
120136,1,1,1984,0,0,22,0,0,15,0,0,0,0
120137,0,1,1984,0,0,0,0,0,0,0,0,0,0
120137,0,2,1984,7,0,0,0,0,0,0,0,0,0
120137,1,1,1984,7,10,19,23,8,6,10,0,12,6
120138,0,1,1984,0,0,0,0,0,0,0,0,0,0
120138,1,1,1984,0,0,0,0,0,0,0,0,0,0
120139,1,1,1984,21,21,21,21,21,21,21,21,21,21
120139,2,1,1984,0,0,0,0,0,0,0,27,0,0
120140,1,1,1984,0,10,0,0,0,36,0,17,0,19
120140,2,1,1984,0,0,0,0,0,0,0,0,0,0
120140,3,1,1984,0,0,0,0,12,0,0,0,0,0
120141,1,1,1984,27,27,27,27,27,27,27,27,27,27
120141,2,1,1984,0,10,44,0,29,0,10,0,0,0
120142,1,1,1984,0,0,0,0,0,0,0,10,12,0
120143,1,1,1984,23,23,23,23,23,23,23,23,23,23
120144,1,1,1984,2,2,2,2,2,2,2,2,2,2
120144,2,1,1984,13,13,13,13,13,13,13,13,13,13
120144,3,1,1984,9,9,9,9,9,9,9,9,9,9
120145,1,1,1984,13,13,13,13,13,13,13,13,13,13
120145,2,1,1984,15,15,15,15,15,15,15,15,15,15
120146,1,1,1984,19,19,19,19,19,19,19,19,19,19
120146,2,1,1984,9,9,9,9,9,9,9,9,9,9
120147,1,1,1984,0,0,0,0,0,0,0,0,0,0
120147,2,1,1984,0,0,0,0,0,0,0,0,0,0
120148,1,1,1984,0,0,32,0,0,0,0,0,0,0
120148,2,1,1984,0,0,0,0,0,0,0,0,0,0
120149,1,1,1984,16,23,27,24,14,27,6,22,16,11
120150,0,1,1984,35,35,35,35,35,35,35,35,35,35
120150,1,1,1984,16,7,0,0,0,0,0,0,0,0
120151,1,1,1984,22,22,22,22,22,22,22,22,22,22
120152,1,1,1984,0,0,0,0,0,0,0,0,0,0
120152,2,1,1984,0,0,0,0,0,0,0,0,0,0
120153,1,1,1984,0,0,0,0,0,0,0,0,0,0
120153,2,1,1984,0,0,0,0,0,0,0,0,0,0
120154,1,1,1984,0,0,0,0,0,0,0,0,0,0
120154,2,1,1984,13,13,13,13,13,13,13,13,13,13
120155,1,1,1984,0,0,0,0,0,0,0,0,15,0
120155,2,1,1984,0,0,0,0,0,0,0,0,0,0
120155,3,1,1984,0,17,0,0,0,0,0,0,0,0
120155,4,1,1984,0,0,0,0,0,0,0,0,0,0
120156,1,1,1984,0,0,0,0,0,0,0,0,0,0
120156,2,1,1984,0,20,0,0,0,0,0,0,0,0
120157,1,1,1984,0,0,0,0,0,0,0,0,0,0
120157,2,1,1984,0,0,0,0,0,0,0,0,0,0
120158,1,1,1984,0,0,0,0,0,0,0,0,0,0
120159,0,1,1984,0,0,0,0,0,0,0,0,0,0
120159,1,1,1984,0,0,0,0,0,0,0,0,0,0
120160,1,1,1984,0,11,0,0,0,0,0,0,0,14
120161,1,1,1984,12,12,12,12,12,12,12,12,12,12
120161,2,1,1984,0,0,0,18,10,0,0,0,0,0
120162,1,1,1984,0,0,0,0,0,0,0,0,0,0
120163,0,1,1984,0,0,0,0,0,0,0,0,0,0
120163,1,1,1984,0,0,0,0,0,0,0,25,0,0
120164,0,1,1984,32,50,19,24,12,25,18,27,44,16
120164,1,1,1984,4,4,4,4,4,4,4,4,4,4
120165,1,1,1984,0,0,0,0,0,0,0,0,0,0
120166,1,1,1984,0,0,0,0,0,0,0,0,0,0
120166,2,1,1984,0,0,0,0,0,0,0,0,0,0
120167,1,1,1984,17,17,17,17,17,17,17,17,17,17
120168,0,1,1984,0,0,0,0,0,0,0,0,0,0
120168,1,1,1984,0,0,0,0,0,0,0,0,0,0
120169,1,1,1984,22,22,22,22,22,22,22,22,22,22
120169,2,1,1984,15,15,15,15,15,15,15,15,15,15
120170,1,1,1984,0,0,0,0,7,33,0,0,12,4
120170,2,1,1984,12,7,4,6,13,13,21,16,11,22
120171,1,1,1984,45,45,45,45,45,45,45,45,45,45
120172,0,1,1984,0,0,0,0,0,0,0,0,0,0
120172,1,1,1984,0,0,0,7,0,9,0,18,0,0
120173,1,1,1984,13,15,0,0,8,0,0,7,0,6
120173,2,1,1984,0,0,0,0,0,0,0,0,0,0
120174,0,1,1984,26,9,0,22,19,14,0,0,28,0
120174,1,1,1984,0,0,0,0,7,0,0,0,0,0
120174,2,1,1984,0,0,0,0,0,0,0,0,0,0
120175,0,1,1984,25,18,23,0,10,22,20,25,19,21
120175,1,1,1984,0,0,0,0,0,0,0,0,0,0
120176,0,1,1984,0,0,0,0,0,0,0,0,0,0
120176,1,1,1984,3,0,0,0,0,0,0,0,0,7
120177,1,1,1984,5,5,5,5,5,5,5,5,5,5
120178,0,1,1984,0,0,0,0,0,0,0,0,0,0
120178,1,1,1984,0,0,11,16,15,0,0,0,0,0
120179,1,1,1984,0,0,0,0,0,0,0,0,0,0
120180,1,1,1984,28,28,28,28,28,28,28,28,28,28
120181,1,1,1984,0,0,0,0,0,0,0,0,0,0
120181,2,1,1984,0,0,0,0,0,0,0,0,0,0
120182,1,1,1984,0,0,0,0,0,0,0,0,0,0
120182,2,1,1984,0,0,0,0,0,0,0,0,0,0
120183,1,1,1984,0,0,0,0,0,0,27,0,0,0
120183,2,1,1984,0,0,0,0,0,0,0,0,0,0
120184,1,1,1984,0,0,0,0,0,0,0,0,0,0
120184,2,1,1984,0,0,8,0,0,0,0,0,0,17
120185,1,1,1984,0,0,0,0,0,0,0,0,0,0
120185,2,1,1984,0,0,0,0,0,0,0,0,0,0
120185,3,1,1984,0,7,0,0,0,0,0,0,0,0
120186,1,1,1984,0,0,0,0,0,0,0,0,0,0
120186,2,1,1984,0,0,0,0,0,0,14,0,12,0
120187,1,1,1984,0,0,0,0,0,0,0,10,0,0
120187,2,1,1984,18,22,20,0,0,26,19,6,18,0
120188,0,1,1984,11,11,11,11,11,11,11,11,11,11
120188,0,2,1984,13,13,13,13,13,13,13,13,13,13
120188,1,1,1984,0,0,0,0,0,0,0,19,0,0
120189,1,1,1984,0,0,0,0,0,0,0,0,0,0
120189,2,1,1984,17,22,0,0,20,0,0,0,0,0
120190,1,1,1984,13,0,0,14,0,8,0,0,17,19
120190,2,1,1984,0,0,22,0,0,0,0,16,0,0
120191,0,1,1984,0,0,36,0,31,32,25,11,0,17
120191,1,1,1984,0,0,0,0,0,0,0,0,0,0
120192,1,1,1984,0,0,0,0,0,0,0,0,0,0
120192,2,1,1984,0,0,0,0,0,0,0,3,0,0
120193,1,1,1984,0,0,0,0,5,0,0,3,0,0
120193,2,1,1984,0,0,0,0,0,0,0,0,0,17
120193,3,1,1984,0,0,0,0,0,0,0,0,0,0
120194,1,1,1984,22,22,22,22,22,22,22,22,22,22
120194,2,1,1984,0,0,0,0,0,0,0,0,0,0
120195,0,1,1984,18,18,18,18,18,18,18,18,18,18
120195,1,1,1984,18,0,0,0,0,0,0,0,0,0
120196,1,1,1984,21,21,21,21,21,21,21,21,21,21
120197,1,1,1984,0,0,0,0,0,0,0,0,0,0
120197,2,1,1984,0,0,0,0,0,0,0,0,0,0
120198,1,1,1984,0,0,0,0,10,0,0,0,0,0
120198,2,1,1984,0,0,0,0,0,0,0,0,0,0
120199,1,1,1984,0,0,0,0,0,0,0,0,0,0
120199,2,1,1984,0,0,0,0,0,0,0,0,0,0
120200,1,1,1984,0,0,0,0,0,0,0,0,0,0
120200,2,1,1984,0,0,0,0,0,0,0,0,0,0
120201,1,1,1984,16,16,16,16,16,16,16,16,16,16
120202,1,1,1984,17,19,0,6,0,13,14,9,0,43
120202,2,1,1984,0,0,0,0,0,0,0,8,0,0
120203,1,1,1984,9,9,0,0,6,14,7,16,18,21
120203,2,1,1984,0,0,0,0,0,0,0,0,0,16
120204,1,1,1984,27,27,27,27,27,27,27,27,27,27
120205,1,1,1984,25,25,25,25,25,25,25,25,25,25
120205,2,1,1984,0,0,0,0,0,0,0,14,0,0
120206,1,1,1984,19,29,10,11,33,30,17,25,16,14
120206,2,1,1984,0,0,0,0,0,0,0,0,0,0
120207,0,1,1984,0,8,0,0,21,16,0,7,11,7
120207,1,1,1984,15,15,15,15,15,15,15,15,15,15
120208,1,1,1984,0,18,14,35,0,0,16,0,0,0
120209,0,1,1984,0,0,0,0,0,0,0,0,0,0
120209,1,1,1984,0,0,0,0,0,0,0,0,0,0
120209,2,1,1984,4,4,4,4,4,4,4,4,4,4
120210,1,1,1984,0,0,0,0,15,0,0,0,0,0
120210,2,1,1984,0,0,0,0,0,0,0,0,0,0
120210,3,1,1984,0,0,0,0,0,0,0,0,14,0
120211,1,1,1984,0,0,0,0,0,0,0,0,0,0
120211,2,1,1984,6,0,0,0,0,0,0,0,0,0
120212,0,1,1984,5,5,5,5,5,5,5,5,5,5
120212,1,1,1984,0,0,0,0,0,0,0,0,0,0
120213,1,1,1984,0,0,0,0,0,0,0,0,0,0
120213,2,1,1984,0,0,0,0,0,0,0,0,0,0
120214,1,1,1984,5,5,5,5,5,5,5,5,5,5
120215,1,1,1984,5,5,5,5,5,5,5,5,5,5
120216,1,1,1984,0,0,0,0,0,0,0,0,16,0
120216,2,1,1984,0,0,0,0,0,0,0,0,0,0
120217,0,1,1984,0,14,0,0,0,0,13,10,0,0
120217,1,1,1984,0,0,32,33,0,0,0,0,0,0
120218,1,1,1984,21,21,21,21,21,21,21,21,21,21
120219,1,1,1984,0,0,2,0,0,0,0,0,0,10
120219,2,1,1984,12,12,12,12,12,12,12,12,12,12
120220,1,1,1984,0,0,0,0,0,0,0,0,0,0
120221,1,1,1984,0,0,16,0,0,0,0,0,0,0
120221,2,1,1984,16,16,16,16,16,16,16,16,16,16
120222,1,1,1984,0,0,0,0,0,0,0,0,0,0
120222,2,1,1984,0,0,0,0,0,0,0,0,0,0
120223,0,1,1984,9,0,0,0,0,0,0,9,0,0
120223,1,1,1984,10,10,10,10,10,10,10,10,10,10
120224,1,1,1984,0,0,0,0,0,0,0,0,0,0
120224,2,1,1984,0,8,0,0,0,0,0,0,0,0
120225,1,1,1984,0,0,0,0,0,0,0,0,0,0
120225,2,1,1984,0,0,0,0,0,0,0,0,0,0
120226,1,1,1984,16,16,16,16,16,16,16,16,16,16
120226,2,1,1984,0,0,0,0,0,0,0,0,0,0
120227,1,1,1984,15,0,0,0,0,0,0,0,0,0
120227,2,1,1984,28,28,28,28,28,28,28,28,28,28
120228,1,1,1984,16,0,0,0,0,0,0,0,13,4
120229,1,1,1984,0,0,0,0,0,0,0,0,0,0
120230,0,1,1984,8,8,8,8,8,8,8,8,8,8
120230,1,1,1984,19,10,0,20,18,8,14,0,19,14
120231,1,1,1984,0,0,0,0,0,0,0,0,0,0
120232,1,1,1984,0,0,0,20,0,0,0,2,15,27
120232,2,1,1984,16,16,16,16,16,16,16,16,16,16
120233,1,1,1984,4,4,4,4,4,4,4,4,4,4
120233,2,1,1984,0,0,0,0,0,0,0,0,0,0
120234,1,1,1984,28,28,28,28,28,28,28,28,28,28
120235,1,1,1984,17,17,17,17,17,17,17,17,17,17
120236,1,1,1984,0,0,0,0,0,0,0,0,0,0
120236,2,1,1984,0,0,0,0,0,0,0,0,0,0
120237,1,1,1984,18,18,18,18,18,18,18,18,18,18
120238,1,1,1984,0,9,2,13,9,17,31,0,6,21
120238,2,1,1984,0,0,0,0,0,0,0,0,0,0
120239,1,1,1984,18,14,16,23,0,13,6,11,0,28
120239,2,1,1984,12,27,18,15,16,8,9,12,9,9
120239,3,1,1984,0,0,0,22,0,0,4,0,0,0
120240,0,1,1984,0,0,0,0,0,0,0,0,0,0
120240,1,1,1984,0,0,0,0,0,0,0,0,0,0
120241,1,1,1984,22,22,22,22,22,22,22,22,22,22
120242,0,1,1984,0,0,39,0,24,0,0,0,0,0
120242,1,1,1984,0,0,0,0,0,0,0,0,0,0
120242,2,1,1984,0,26,0,11,0,0,0,0,6,11
120243,1,1,1984,19,19,19,19,19,19,19,19,19,19
120244,1,1,1984,12,32,0,0,0,0,0,0,14,0
120244,2,1,1984,0,0,0,0,0,0,0,0,0,0
120244,3,1,1984,0,0,0,0,14,0,0,13,0,0
120245,0,1,1984,0,0,0,0,0,0,0,0,0,0
120245,1,1,1984,0,0,19,0,0,0,0,0,0,0
120246,1,1,1984,0,0,0,0,0,0,0,0,0,0
120246,2,1,1984,0,0,0,0,0,0,0,0,0,0
120247,1,1,1984,5,5,5,5,5,5,5,5,5,5
120247,2,1,1984,1,1,1,1,1,1,1,1,1,1
120248,1,1,1984,0,0,0,0,0,0,0,0,0,0
120248,2,1,1984,0,0,0,0,0,0,0,0,0,0
120249,1,1,1984,0,0,0,0,0,0,0,0,0,0
120249,2,1,1984,17,0,0,0,0,0,0,0,0,0
120250,1,1,1984,16,16,16,16,16,16,16,16,16,16
120250,2,1,1984,0,0,12,14,28,0,0,0,9,24
120251,1,1,1984,20,20,20,20,20,20,20,20,20,20
120251,2,1,1984,12,16,17,14,19,18,19,4,7,15
120252,1,1,1984,0,26,14,20,22,17,14,26,29,36
120253,0,1,1984,27,27,27,27,27,27,27,27,27,27
120253,1,1,1984,0,0,0,21,15,0,0,0,0,0
120254,1,1,1984,0,0,0,0,0,0,0,0,0,0
120255,1,1,1984,12,14,11,5,7,8,0,12,9,22
120255,2,1,1984,0,8,0,0,0,0,0,0,0,0
120255,3,1,1984,0,0,0,0,0,0,0,0,0,0
120256,1,1,1984,14,14,14,14,14,14,14,14,14,14
120256,2,1,1984,0,0,0,0,0,0,0,2,0,0
120257,1,1,1984,0,0,0,0,0,0,0,0,0,0
120257,2,1,1984,0,0,0,0,0,0,12,0,0,0
120258,0,1,1984,0,0,0,0,0,0,0,0,0,0
120258,1,1,1984,0,0,0,0,0,0,0,0,0,0
120259,1,1,1984,0,0,0,0,0,0,0,0,0,0
120259,2,1,1984,0,0,0,0,0,0,0,8,0,0
120260,0,1,1984,27,27,27,27,27,27,27,27,27,27
120260,1,1,1984,0,0,0,0,0,0,0,0,0,0
120261,1,1,1984,24,9,3,0,0,0,0,0,0,0
120261,2,1,1984,0,0,0,0,0,0,0,0,0,0
120262,0,1,1984,0,0,0,0,0,0,0,0,0,0
120262,1,1,1984,15,15,15,15,15,15,15,15,15,15
120263,1,1,1984,0,0,0,0,0,0,0,0,0,0
120263,2,1,1984,0,0,0,0,0,0,0,0,0,0
120264,1,1,1984,0,0,0,0,0,0,0,0,0,0
120265,1,1,1984,18,22,0,0,31,0,13,12,8,6
120265,2,1,1984,15,10,13,21,25,13,7,9,12,18
120266,0,1,1984,0,0,0,0,0,0,0,0,0,0
120266,1,1,1984,0,0,0,0,0,0,0,0,0,0
120267,1,1,1984,0,0,0,7,0,0,0,0,0,22
120267,2,1,1984,0,0,0,0,0,0,0,0,26,0
120268,1,1,1984,26,9,0,9,7,22,0,0,6,25
120268,2,1,1984,0,0,0,0,0,0,0,0,3,3
120269,1,1,1984,0,0,0,0,0,0,0,0,0,0
120269,2,1,1984,0,0,0,0,0,0,0,0,0,0
120270,0,1,1984,13,13,13,13,13,13,13,13,13,13
120270,1,1,1984,0,0,0,0,0,0,0,0,0,0
120271,1,1,1984,24,24,24,24,24,24,24,24,24,24
120271,2,1,1984,1,1,1,1,1,1,1,1,1,1
120272,1,1,1984,0,0,0,0,0,0,0,0,0,0
120272,2,1,1984,16,16,16,16,16,16,16,16,16,16
120273,1,1,1984,5,5,5,5,5,5,5,5,5,5
120274,1,1,1984,11,11,11,11,11,11,11,11,11,11
120274,2,1,1984,0,16,28,0,0,0,0,4,14,0
120275,0,1,1984,0,0,16,0,0,0,0,0,0,0
120275,1,1,1984,0,0,0,0,0,0,0,0,0,0
120276,1,1,1984,0,0,0,0,0,0,0,0,0,0
120277,1,1,1984,0,27,14,15,12,0,0,20,18,0
120278,1,1,1984,22,10,23,11,27,31,15,14,12,19
120278,2,1,1984,25,25,25,25,25,25,25,25,25,25
120278,3,1,1984,0,0,0,0,0,0,5,0,0,0
120279,0,1,1984,0,0,0,0,0,0,0,0,0,0
120279,0,2,1984,0,0,0,0,0,0,0,0,0,0
120279,1,1,1984,0,0,0,0,0,0,0,22,0,0
120280,1,1,1984,0,0,0,0,0,0,0,0,0,0
120280,2,1,1984,0,0,0,7,0,0,0,0,0,0
120281,0,1,1984,20,20,20,20,20,20,20,20,20,20
120281,1,1,1984,0,0,0,15,0,0,0,0,0,0
120282,0,1,1984,26,26,26,26,26,26,26,26,26,26
120282,1,1,1984,14,14,14,14,14,14,14,14,14,14
120283,1,1,1984,25,34,0,14,27,17,9,9,13,14
120283,2,1,1984,0,15,0,0,0,24,22,0,0,0
120284,1,1,1984,0,0,0,0,0,0,0,0,0,0
120285,1,1,1984,0,0,0,15,0,0,0,0,0,22
120285,2,1,1984,20,20,20,20,20,20,20,20,20,20
120286,1,1,1984,38,29,25,14,13,32,26,23,0,33
120286,2,1,1984,0,0,0,0,0,0,0,0,0,0
120287,0,1,1984,0,0,0,0,0,0,0,0,0,0
120287,1,1,1984,0,7,0,0,0,11,12,0,0,0
120288,0,1,1984,22,13,20,31,17,0,7,40,14,61
120288,1,1,1984,11,11,11,11,11,11,11,11,11,11
120289,1,1,1984,20,20,20,20,20,20,20,20,20,20
120289,2,1,1984,11,11,11,11,11,11,11,11,11,11
120290,1,1,1984,0,0,0,0,0,0,0,0,0,0
120290,2,1,1984,0,0,0,0,0,0,0,0,0,0
120291,1,1,1984,19,0,0,0,0,0,23,30,10,8
120292,0,1,1984,0,0,0,0,0,0,0,0,0,0
120292,1,1,1984,0,0,0,0,0,0,0,0,0,0
120293,1,1,1984,15,15,15,15,15,15,15,15,15,15
120293,2,1,1984,0,0,0,10,0,0,0,0,0,0
120293,3,1,1984,0,11,15,21,22,0,0,0,4,17
120293,4,1,1984,0,0,0,2,0,0,0,0,0,0
120294,0,1,1984,0,0,0,0,0,0,0,0,0,0
120294,1,1,1984,8,8,8,8,8,8,8,8,8,8
120295,0,1,1984,14,14,14,14,14,14,14,14,14,14
120295,1,1,1984,0,0,0,0,0,0,0,0,0,0
120296,0,1,1984,27,27,27,27,27,27,27,27,27,27
120296,1,1,1984,0,18,0,0,0,7,0,0,0,0
120297,0,1,1984,27,31,26,0,13,24,0,31,18,0
120297,1,1,1984,0,0,0,0,0,0,0,0,0,0
120298,1,1,1984,0,0,0,0,0,0,0,0,0,0
120298,2,1,1984,0,0,0,0,0,0,17,0,0,0
120299,1,1,1984,0,0,0,0,0,0,0,0,0,0
120299,2,1,1984,0,0,0,0,0,0,0,0,0,0
120300,1,1,1984,5,5,5,5,5,5,5,5,5,5
120300,2,1,1984,0,0,0,23,0,0,10,0,0,0
120301,0,1,1984,4,4,4,4,4,4,4,4,4,4
120301,1,1,1984,0,0,0,0,0,0,0,0,9,0
120302,1,1,1984,12,16,37,29,16,9,15,10,11,15
120303,1,1,1984,0,0,0,0,0,0,0,0,0,0
120303,2,1,1984,30,0,0,0,23,0,0,29,0,0
120304,1,1,1984,7,7,7,7,7,7,7,7,7,7
120304,2,1,1984,16,16,16,16,16,16,16,16,16,16
120305,1,1,1984,15,15,15,15,15,15,15,15,15,15
120305,2,1,1984,0,0,0,0,0,0,0,0,0,0
120306,1,1,1984,10,10,10,10,10,10,10,10,10,10
120307,1,1,1984,10,19,20,23,22,29,8,14,16,16
120308,0,1,1984,0,0,0,0,0,0,0,0,0,0
120308,1,1,1984,0,0,0,0,0,0,0,0,0,0
120309,1,1,1984,0,0,0,0,0,0,0,0,0,0
120309,2,1,1984,0,0,0,0,0,0,0,0,0,0
120310,1,1,1984,0,0,0,0,0,0,0,0,0,0
120310,2,1,1984,0,0,0,0,0,0,0,0,0,0
120311,1,1,1984,0,0,0,0,0,0,0,0,0,0
120311,2,1,1984,0,0,0,0,0,0,0,0,0,0
120312,1,1,1984,0,0,0,0,0,0,0,0,0,0
120312,2,1,1984,2,2,2,2,2,2,2,2,2,2
120313,1,1,1984,0,0,14,19,17,5,3,0,15,5
120314,1,1,1984,12,12,12,12,12,12,12,12,12,12
120315,1,1,1984,0,0,0,0,0,0,0,0,0,0
120315,2,1,1984,3,0,0,0,0,0,0,0,0,0
120316,0,1,1984,0,16,0,0,0,39,0,0,0,0
120316,1,1,1984,0,0,0,0,0,0,0,0,0,0
120316,2,1,1984,0,0,0,0,0,0,0,0,0,0