ST_CASE,VEH_NO,PER_NO,YEAR,P1,P2,P3,P4,P5,P6,P7,P8,P9,P10
120316,3,1,1984,0,0,0,0,0,14,0,0,0,0
120317,1,1,1984,15,15,15,15,15,15,15,15,15,15
120318,0,2,1984,11,22,39,0,0,11,23,20,0,15
120318,1,1,1984,4,4,4,4,4,4,4,4,4,4
120319,1,1,1984,3,3,3,3,3,3,3,3,3,3
120320,1,1,1984,0,0,0,0,0,0,0,0,0,3
120320,2,1,1984,0,0,0,0,0,0,0,0,0,0
120321,1,1,1984,17,14,11,17,15,15,26,6,14,8
120322,1,1,1984,13,13,13,13,13,13,13,13,13,13
120323,1,1,1984,0,0,0,0,0,0,0,0,0,0
120323,2,1,1984,0,0,0,0,0,0,0,0,0,0
120324,1,1,1984,0,0,0,0,0,0,0,0,0,0
120325,1,1,1984,0,0,0,0,0,0,0,0,0,0
120325,2,1,1984,3,3,3,3,3,3,3,3,3,3
120326,1,1,1984,0,0,0,0,0,0,0,0,0,1
120326,2,1,1984,0,0,0,0,0,0,0,0,0,0
120327,0,1,1984,16,16,16,16,16,16,16,16,16,16
120327,1,1,1984,0,15,0,0,4,0,0,0,19,0
120328,1,1,1984,0,0,0,0,0,0,0,0,0,0
120328,2,1,1984,0,0,0,0,0,0,0,0,0,0
120329,1,1,1984,7,7,7,7,7,7,7,7,7,7
120330,1,1,1984,0,19,0,0,0,11,0,0,0,0
120331,1,1,1984,0,0,0,0,0,0,0,0,0,36
120331,2,1,1984,0,0,0,0,0,9,0,0,0,0
120331,3,1,1984,25,25,25,25,25,25,25,25,25,25
120332,1,1,1984,0,0,0,0,0,0,0,0,0,0
120333,1,1,1984,12,12,12,12,12,12,12,12,12,12
120334,1,1,1984,0,0,0,0,0,0,0,0,0,0
120335,0,1,1984,14,14,14,14,14,14,14,14,14,14
120335,1,1,1984,30,28,0,16,0,17,27,0,9,17
120336,1,1,1984,0,0,0,0,0,19,0,0,0,0
120337,1,1,1984,15,15,15,15,15,15,15,15,15,15
120338,0,1,1984,0,0,0,0,0,0,5,26,0,0
120338,1,1,1984,19,28,22,4,19,16,12,14,12,12
120338,2,1,1984,0,0,0,0,0,0,0,0,0,0
120339,0,1,1984,23,15,21,24,21,24,30,0,18,0
120339,1,1,1984,0,0,0,0,0,0,0,0,0,0
120340,1,1,1984,31,18,40,22,13,12,7,16,20,23
120341,1,1,1984,0,0,7,0,0,0,0,0,0,0
120341,2,1,1984,0,0,0,0,0,0,0,0,0,0
120342,0,1,1984,0,0,0,0,0,0,0,0,0,0
120342,0,2,1984,8,8,0,0,0,0,0,0,0,0
120342,1,1,1984,0,0,0,0,0,0,0,0,0,0
120343,1,1,1984,0,0,0,0,0,4,0,0,0,0
120343,2,1,1984,0,0,0,0,0,0,0,0,0,0
120344,1,1,1984,35,35,35,35,35,35,35,35,35,35
120345,1,1,1984,0,0,17,0,0,0,0,0,0,33
120346,0,1,1984,26,26,26,26,26,26,26,26,26,26
120346,1,1,1984,0,0,0,0,0,0,0,0,10,0
120347,1,1,1984,0,4,0,0,0,0,0,0,0,0
120348,0,1,1984,0,0,0,0,0,0,0,0,0,0
120348,1,1,1984,22,0,10,0,0,8,0,18,14,0
120349,0,1,1984,25,25,25,25,25,25,25,25,25,25
120349,1,1,1984,0,0,0,0,0,0,0,0,0,0
120350,1,1,1984,0,0,0,0,0,0,0,5,0,0
120350,2,1,1984,0,0,0,0,0,0,0,0,0,0
120351,1,1,1984,0,0,0,0,0,0,0,0,0,0
120352,1,1,1984,18,18,18,18,18,18,18,18,18,18
120352,2,1,1984,0,0,0,0,0,0,0,0,0,0
120352,3,1,1984,13,0,15,0,0,0,0,0,0,0
120353,0,1,1984,28,28,28,28,28,28,28,28,28,28
120353,1,1,1984,0,16,0,0,0,0,0,0,0,0
120354,1,1,1984,19,19,19,19,19,19,19,19,19,19
120355,1,1,1984,0,0,0,0,0,0,0,0,0,0
120355,2,1,1984,0,0,0,0,0,0,0,0,0,0
120355,3,1,1984,0,0,0,0,0,0,0,0,0,0
120356,1,1,1984,0,0,0,0,0,0,0,0,0,0
120356,2,1,1984,0,0,0,0,0,0,0,0,0,0
120357,1,1,1984,30,30,30,30,30,30,30,30,30,30
120358,1,1,1984,0,15,17,31,0,0,5,7,0,0
120359,0,1,1984,0,0,0,0,0,0,0,0,0,0
120359,1,1,1984,0,0,0,0,0,0,0,0,0,0
120360,0,1,1984,0,0,0,0,0,0,0,0,0,0
120360,1,1,1984,0,0,0,0,0,0,0,0,0,0
120361,1,1,1984,10,10,10,10,10,10,10,10,10,10
120361,2,1,1984,0,0,0,0,0,10,0,0,0,0
120362,1,1,1984,15,0,19,20,37,24,20,20,12,14
120363,0,1,1984,0,0,34,0,0,0,0,0,0,0
120363,1,1,1984,0,0,0,0,0,0,0,0,0,0
120364,0,1,1984,22,12,4,0,16,23,0,12,0,28
120364,1,1,1984,0,0,0,0,0,0,0,12,0,0
120365,0,1,1984,0,0,0,0,0,0,0,0,0,0
120365,1,1,1984,0,0,0,24,0,0,0,20,3,0
120366,1,1,1984,0,0,0,0,0,0,14,0,0,0
120366,2,1,1984,0,0,0,0,0,0,0,0,0,0
120367,1,1,1984,31,31,31,31,31,31,31,31,31,31
120367,2,1,1984,0,0,0,0,0,0,0,38,0,0
120368,1,1,1984,0,0,0,0,0,0,0,0,0,0
120368,2,1,1984,0,0,0,0,0,0,0,0,12,0
120369,0,1,1984,19,19,19,19,19,19,19,19,19,19
120369,1,1,1984,0,0,5,0,0,6,5,0,14,0
120370,1,1,1984,10,10,10,10,10,10,10,10,10,10
120371,1,1,1984,13,13,13,13,13,13,13,13,13,13
120372,1,1,1984,0,0,15,0,0,6,10,6,0,9
120373,1,1,1984,0,0,0,0,0,0,0,0,0,0
120373,2,1,1984,0,0,0,0,0,0,0,0,0,0
120374,1,1,1984,12,12,12,12,12,12,12,12,12,12
120375,1,1,1984,8,9,2,16,26,9,15,27,26,17
120376,1,1,1984,26,0,0,0,0,0,0,0,0,8
120376,2,1,1984,0,0,0,0,0,0,0,0,0,0
120377,1,1,1984,10,0,0,0,0,0,0,0,0,0
120377,2,1,1984,0,0,0,0,0,0,0,0,0,12
120377,3,1,1984,0,0,25,0,5,15,19,7,0,0
120378,0,1,1984,0,0,0,0,0,0,0,0,0,0
120378,1,1,1984,0,0,13,0,0,0,0,0,0,0
120379,1,1,1984,17,15,22,8,5,14,6,10,10,7
120380,0,1,1984,0,0,0,0,0,0,0,0,0,0
120380,0,2,1984,0,0,0,0,0,0,0,0,0,0
120380,1,1,1984,0,0,0,0,0,0,0,0,0,0
120381,1,1,1984,9,7,16,21,5,16,22,22,25,24
120382,1,1,1984,0,0,0,0,0,0,0,0,0,0
120382,2,1,1984,0,0,0,0,0,0,0,0,0,0
120383,1,1,1984,24,24,24,24,24,24,24,24,24,24
120383,2,1,1984,0,0,0,0,0,0,0,0,0,0
120384,1,1,1984,14,14,14,14,14,14,14,14,14,14
120384,2,1,1984,13,0,0,14,15,0,15,0,11,2
120385,1,1,1984,0,0,0,0,0,0,0,0,0,0
120385,2,1,1984,13,0,0,0,0,34,0,0,0,0
120386,1,1,1984,0,0,0,0,0,0,0,0,0,0
120386,2,1,1984,20,20,20,20,20,20,20,20,20,20
120387,1,1,1984,0,0,0,0,0,0,0,0,0,0
120387,2,1,1984,0,0,0,0,0,0,0,0,0,0
120388,1,1,1984,11,0,6,16,8,8,18,28,13,7
120388,2,1,1984,0,0,0,0,0,0,0,0,0,0
120389,0,1,1984,20,20,20,20,20,20,20,20,20,20
120389,1,1,1984,0,0,0,0,0,0,0,0,0,16
120390,1,1,1984,17,17,17,17,17,17,17,17,17,17
120391,0,1,1984,0,0,0,0,0,0,0,0,0,0
120391,1,1,1984,0,10,13,0,5,0,11,25,0,11
120392,1,1,1984,11,11,11,11,11,11,11,11,11,11
120393,1,1,1984,0,0,0,0,0,0,0,0,0,0
120393,2,1,1984,0,0,0,0,0,0,0,0,0,0
120393,3,1,1984,12,12,12,12,12,12,12,12,12,12
120394,1,1,1984,21,21,21,21,21,21,21,21,21,21
120394,2,1,1984,0,0,0,0,0,0,9,0,0,0
120395,1,1,1984,5,27,0,10,0,0,5,0,13,0
120395,2,1,1984,0,0,0,0,0,0,0,0,0,0
120396,1,1,1984,3,3,3,3,3,3,3,3,3,3
120396,2,1,1984,0,0,0,0,0,0,0,0,0,0
120397,1,1,1984,0,0,0,0,0,0,0,0,0,0
120397,2,1,1984,0,0,0,0,0,0,0,0,0,0
120398,1,1,1984,0,0,0,0,0,0,0,5,0,0
120398,2,1,1984,0,0,0,0,0,0,17,0,0,0
120398,3,1,1984,0,0,0,0,0,0,0,0,0,0
120398,4,1,1984,0,0,0,0,0,0,0,0,0,0
120399,1,1,1984,0,0,0,0,0,0,0,0,0,0
120400,1,1,1984,23,23,23,23,23,23,23,23,23,23
120400,2,1,1984,8,21,12,0,16,15,8,0,11,9
120401,1,1,1984,0,0,5,0,0,0,0,0,0,0
120401,2,1,1984,0,0,0,0,0,0,0,0,0,0
120402,1,1,1984,0,16,0,0,0,0,0,0,0,0
120402,2,1,1984,6,10,16,11,6,23,9,12,5,19
120403,1,1,1984,0,0,0,0,0,0,0,0,0,0
120404,1,1,1984,25,25,25,25,25,25,25,25,25,25
120404,2,1,1984,0,0,0,12,16,0,0,0,0,0
120405,1,1,1984,6,6,6,6,6,6,6,6,6,6
120405,2,1,1984,0,0,0,0,0,0,0,0,0,0
120406,0,1,1984,14,14,14,14,14,14,14,14,14,14
120406,1,1,1984,14,0,34,26,16,11,7,0,8,0
120406,2,1,1984,0,0,0,0,16,0,0,0,0,0
120407,1,1,1984,0,0,0,0,0,0,0,0,0,0
120407,2,1,1984,0,0,0,0,0,0,0,0,0,0
120407,3,1,1984,0,0,0,11,0,0,0,0,0,0
120407,4,1,1984,0,17,0,0,0,0,9,0,0,0
120408,1,1,1984,0,0,0,0,12,0,0,0,16,0
120408,2,1,1984,25,25,25,25,25,25,25,25,25,25
120409,1,1,1984,5,5,5,5,5,5,5,5,5,5
120409,2,1,1984,0,0,15,0,0,0,19,0,0,0
120410,1,1,1984,12,28,7,0,25,10,4,12,13,12
120411,1,1,1984,11,15,4,10,10,4,18,6,10,4
120411,2,1,1984,12,27,8,16,1,14,12,9,13,20
120412,1,1,1984,13,0,0,6,16,0,0,7,0,0
120412,2,1,1984,0,0,0,0,0,0,0,0,0,0
120413,1,1,1984,21,21,21,21,21,21,21,21,21,21
120413,2,1,1984,0,0,0,0,14,0,0,0,0,0
120414,1,1,1984,0,0,0,0,0,0,0,0,0,0
120414,2,1,1984,0,0,0,0,0,0,0,0,0,0
120415,0,1,1984,0,0,0,0,0,0,0,0,0,0
120415,1,1,1984,0,0,0,0,0,0,0,0,0,0
120416,1,1,1984,0,0,0,0,0,0,0,0,0,0
120416,2,1,1984,0,0,0,0,0,0,0,0,0,0
120417,1,1,1984,0,0,0,0,0,0,0,0,0,0
120417,2,1,1984,0,0,0,0,0,0,0,0,13,0
120417,3,1,1984,0,0,0,0,0,12,0,0,0,0
120418,1,1,1984,0,0,0,0,0,0,0,0,0,0
120418,2,1,1984,22,22,22,22,22,22,22,22,22,22
120419,1,1,1984,0,0,0,0,0,0,0,0,0,0
120419,2,1,1984,0,0,0,0,0,0,0,0,0,0
120420,0,1,1984,0,0,0,0,0,0,0,0,0,0
120420,1,1,1984,0,0,0,0,0,0,0,0,0,0
120421,1,1,1984,0,0,0,0,0,0,0,0,0,0
120421,2,1,1984,0,0,0,0,0,0,0,0,0,0
120422,1,1,1984,18,18,18,18,18,18,18,18,18,18
120423,1,1,1984,8,21,12,10,19,21,13,11,14,8
120424,1,1,1984,0,0,0,0,0,0,0,0,0,0
120425,1,1,1984,18,18,18,18,18,18,18,18,18,18
120426,1,1,1984,20,20,20,20,20,20,20,20,20,20
120426,2,1,1984,0,0,0,0,0,0,0,0,0,0
120427,1,1,1984,16,16,16,16,16,16,16,16,16,16
120427,2,1,1984,0,0,0,0,0,0,0,0,0,0
120428,1,1,1984,0,0,0,0,0,0,0,0,0,0
120428,2,1,1984,26,0,0,12,0,0,17,8,0,16
120430,1,1,1984,0,0,0,0,0,0,0,0,0,0
120430,2,1,1984,0,0,0,0,0,0,0,0,0,0
120431,1,1,1984,0,0,0,0,0,0,0,0,0,0
120431,2,1,1984,0,0,0,0,0,0,0,0,0,0
120432,1,1,1984,0,0,0,0,0,0,0,0,0,0
120432,2,1,1984,0,0,0,0,0,0,0,0,0,0
120432,3,1,1984,0,0,0,27,0,0,0,0,0,0
120433,1,1,1984,0,16,0,0,0,0,12,0,0,0
120434,1,1,1984,2,0,0,0,7,0,0,0,0,0
120435,1,1,1984,0,0,0,0,0,0,0,0,0,0
120435,2,1,1984,0,0,0,0,0,0,0,0,0,0
120436,0,1,1984,10,10,10,10,10,10,10,10,10,10
120436,1,1,1984,5,5,5,5,5,5,5,5,5,5
120437,0,1,1984,0,0,0,0,0,0,0,0,0,0
120437,1,1,1984,0,0,0,0,0,0,0,0,0,0
120438,0,1,1984,6,29,0,27,0,8,0,16,24,14
120438,1,1,1984,0,0,0,0,0,0,0,0,0,0
120439,1,1,1984,12,12,12,12,12,12,12,12,12,12
120440,1,1,1984,8,0,14,0,0,10,8,8,16,12
120441,1,1,1984,12,12,12,12,12,12,12,12,12,12
120441,2,1,1984,18,18,18,18,18,18,18,18,18,18
120442,1,1,1984,21,21,21,21,21,21,21,21,21,21
120443,1,1,1984,0,31,0,9,0,11,0,0,24,0
120444,1,1,1984,0,0,0,0,0,0,0,0,0,0
120444,2,1,1984,0,0,0,0,0,0,0,0,0,0
120445,1,1,1984,0,0,0,0,0,28,0,0,0,0
120445,2,1,1984,0,0,0,0,0,0,0,0,0,0
120445,3,1,1984,0,0,0,0,0,0,0,0,0,22
120446,1,1,1984,0,0,0,0,0,0,0,0,0,0
120446,2,1,1984,0,0,0,0,0,0,0,0,0,0
120447,1,1,1984,0,0,0,0,0,0,0,0,0,0
120447,2,1,1984,0,0,0,0,0,0,0,0,0,0
120448,1,1,1984,0,0,0,0,0,0,0,0,0,0
120448,2,1,1984,0,0,0,0,0,0,0,0,0,0
120449,0,1,1984,34,24,19,6,26,15,21,23,19,20
120449,1,1,1984,26,9,10,4,6,24,7,18,15,10
120450,2,1,1984,0,0,0,0,0,0,0,0,0,0
120451,1,1,1984,11,11,11,11,11,11,11,11,11,11
120452,1,1,1984,10,10,10,10,10,10,10,10,10,10
120453,0,1,1984,0,0,0,0,0,0,0,0,0,0
120453,0,2,1984,0,0,0,0,0,0,0,11,0,0
120453,1,1,1984,0,0,0,0,0,0,0,0,0,0
120454,1,1,1984,5,0,6,0,0,0,0,0,7,0
120454,2,1,1984,0,0,0,0,0,0,0,0,0,0
120455,1,1,1984,0,0,0,0,0,0,0,0,0,0
120455,2,1,1984,0,0,0,0,0,0,0,0,0,0
120456,1,1,1984,1,1,1,1,1,1,1,1,1,1
120457,1,1,1984,4,2,30,27,8,8,21,9,21,14
120457,2,1,1984,1,1,1,1,1,1,1,1,1,1
120458,1,1,1984,0,0,0,25,0,0,16,0,0,8
120458,2,1,1984,26,6,19,19,18,0,22,23,8,17
120458,3,1,1984,19,13,6,8,15,5,9,16,14,23
120459,1,1,1984,0,0,0,0,0,0,0,0,0,0
120459,2,1,1984,0,0,11,0,0,7,0,0,0,0
120460,1,1,1984,4,14,19,7,16,13,0,30,16,21
120460,2,1,1984,0,11,0,0,0,0,0,0,0,0
120461,1,1,1984,18,18,18,18,18,18,18,18,18,18
120461,2,1,1984,0,15,0,24,0,0,0,12,0,0
120462,1,1,1984,5,5,5,5,5,5,5,5,5,5
120463,1,1,1984,23,23,23,23,23,23,23,23,23,23
120464,1,1,1984,0,0,0,0,0,0,0,0,0,0
120465,0,1,1984,0,0,0,0,0,0,0,0,0,0
120465,1,1,1984,0,0,0,0,0,0,0,0,0,0
120466,0,1,1984,2,2,2,2,2,2,2,2,2,2
120466,1,1,1984,28,12,0,22,18,18,11,10,28,9
120467,1,1,1984,0,5,0,0,17,9,12,0,0,0
120467,2,1,1984,0,0,0,0,0,0,0,0,0,0
120468,0,1,1984,0,0,0,0,0,0,0,0,0,0
120468,1,1,1984,0,0,0,0,0,0,0,0,0,0
120469,1,1,1984,9,9,14,46,22,25,21,16,18,26
120469,2,1,1984,22,28,0,0,0,0,0,0,0,0
120469,3,1,1984,0,0,0,0,0,0,0,0,3,0
120469,4,1,1984,0,6,0,0,0,0,0,15,0,0
120469,5,1,1984,0,0,34,0,0,0,0,0,0,0
120470,1,1,1984,0,0,0,0,17,0,0,0,0,0
120470,2,1,1984,0,0,0,0,0,0,0,0,0,0
120471,0,1,1984,16,15,0,28,25,21,15,0,19,43
120471,1,1,1984,0,5,9,0,0,0,0,0,0,0
120472,1,1,1984,20,20,20,20,20,20,20,20,20,20
120473,1,1,1984,0,0,0,0,0,0,0,0,0,0
120473,2,1,1984,14,0,0,0,0,0,0,0,0,0
120474,1,1,1984,0,0,0,0,0,0,0,22,0,0
120474,2,1,1984,0,0,0,6,0,0,0,0,20,0
120475,1,1,1984,16,16,16,16,16,16,16,16,16,16
120476,1,1,1984,11,11,11,11,11,11,11,11,11,11
120477,0,1,1984,0,0,0,0,0,0,0,0,27,0
120477,1,1,1984,0,0,0,0,0,0,0,16,0,0
120478,1,1,1984,29,29,29,29,29,29,29,29,29,29
120479,0,1,1984,0,0,0,0,0,0,0,0,0,0
120479,1,1,1984,0,0,0,0,0,0,0,0,0,0
120481,1,1,1984,8,8,8,8,8,8,8,8,8,8
120482,1,1,1984,12,14,0,0,6,10,0,0,11,9
120483,1,1,1984,10,10,10,10,10,10,10,10,10,10
120483,2,1,1984,21,21,21,21,21,21,21,21,21,21
120484,1,1,1984,39,39,39,39,39,39,39,39,39,39
120485,1,1,1984,0,0,0,0,0,0,0,0,0,0
120486,0,1,1984,0,0,0,0,0,0,0,0,0,0
120486,1,1,1984,0,0,8,0,0,0,0,0,0,0
120487,1,1,1984,0,3,13,0,0,0,0,0,0,0
120487,2,1,1984,0,0,0,0,0,0,0,0,17,0
120488,1,1,1984,0,0,0,0,0,0,0,0,0,0
120489,1,1,1984,0,0,0,0,0,0,0,0,0,0
120490,1,1,1984,10,6,14,11,9,16,22,12,2,6
120491,1,1,1984,22,22,22,22,22,22,22,22,22,22
120492,1,1,1984,29,29,29,29,29,29,29,29,29,29
120493,1,1,1984,0,0,0,0,0,0,0,0,0,0
120493,2,1,1984,0,0,0,0,0,0,0,7,0,0
120494,1,1,1984,0,0,0,0,0,0,0,0,0,0
120494,2,1,1984,0,0,0,0,0,0,0,0,0,0
120495,1,1,1984,26,26,26,26,26,26,26,26,26,26
120495,2,1,1984,9,0,0,0,0,5,0,0,0,3
120496,0,1,1984,13,13,13,13,13,13,13,13,13,13
120496,1,1,1984,17,0,0,8,15,0,14,11,0,10
120497,1,1,1984,19,19,19,19,19,19,19,19,19,19
120498,1,1,1984,0,0,0,0,0,0,0,0,0,0
120498,2,1,1984,0,0,0,0,0,0,0,0,0,0
120499,1,1,1984,6,6,6,6,6,6,6,6,6,6
120500,1,1,1984,10,10,10,10,10,10,10,10,10,10
120500,2,1,1984,0,0,0,0,0,0,0,0,0,0
120501,1,1,1984,0,0,0,0,0,0,0,0,0,0
120501,2,1,1984,0,0,0,0,0,0,0,0,0,0
120502,1,1,1984,13,12,16,14,9,18,21,15,18,18
120502,2,1,1984,0,0,0,0,0,0,0,0,0,0
120503,1,1,1984,0,0,0,0,0,0,0,7,0,0
120503,2,1,1984,0,0,0,0,0,0,0,0,0,0
120504,1,1,1984,2,2,2,2,2,2,2,2,2,2
120504,2,1,1984,0,0,0,0,0,0,0,0,0,0
120505,0,1,1984,0,0,0,0,0,0,0,0,0,0
120505,1,1,1984,0,0,0,0,0,0,0,0,0,0
120506,1,1,1984,14,14,14,14,14,14,14,14,14,14
120507,1,1,1984,0,0,0,0,0,0,0,0,0,0
120507,2,1,1984,0,0,0,0,0,0,0,0,0,0
120508,1,1,1984,13,13,13,13,13,13,13,13,13,13
120509,1,1,1984,0,7,14,16,0,9,0,0,14,19
120510,1,1,1984,30,15,25,24,0,18,0,12,0,0
120511,1,1,1984,0,0,14,10,0,8,0,30,12,20
120512,0,1,1984,31,31,31,31,31,31,31,31,31,31
120512,1,1,1984,0,0,0,0,0,0,0,0,0,0
120513,1,1,1984,23,12,16,11,4,17,17,17,3,7
120514,0,1,1984,0,0,0,0,0,0,0,0,0,0
120514,0,2,1984,0,0,0,0,0,0,0,0,0,0
120514,1,1,1984,19,19,19,19,19,19,19,19,19,19
120515,1,1,1984,25,0,0,0,0,0,0,0,0,26
120516,1,1,1984,0,0,0,16,0,0,0,0,0,0
120516,2,1,1984,0,0,0,0,0,0,0,21,18,0
120517,1,1,1984,0,0,0,0,0,0,0,0,0,0
120517,2,1,1984,0,0,0,0,0,0,0,0,0,0
120518,1,1,1984,35,35,35,35,35,35,35,35,35,35
120519,0,1,1984,0,0,0,0,0,0,0,0,0,0
120519,1,1,1984,0,0,0,0,0,0,0,0,0,0
120520,1,1,1984,12,12,12,12,12,12,12,12,12,12
120521,1,1,1984,18,18,18,18,18,18,18,18,18,18
120522,1,1,1984,9,9,9,9,9,9,9,9,9,9
120523,1,1,1984,0,9,0,0,13,0,0,0,0,5
120523,2,1,1984,0,0,0,0,0,0,0,0,3,0
120524,0,1,1984,0,0,0,7,0,0,48,11,16,0
120524,1,1,1984,0,0,0,0,0,0,0,0,12,11
120525,1,1,1984,0,0,0,0,0,0,0,0,0,0
120525,2,1,1984,0,0,0,0,0,0,0,0,0,0
120526,1,1,1984,0,0,0,0,0,0,0,0,0,0
120526,2,1,1984,11,0,16,0,0,0,0,0,0,14
120527,1,1,1984,7,7,7,7,7,7,7,7,7,7
120528,1,1,1984,0,0,0,0,0,0,0,0,0,0
120528,2,1,1984,0,0,0,0,0,0,0,0,0,0
120529,1,1,1984,18,23,24,25,20,20,15,13,34,20
120530,1,1,1984,0,0,0,0,0,0,0,0,0,0
120531,1,1,1984,0,9,0,0,0,0,0,0,0,4
120531,2,1,1984,0,0,0,0,0,0,10,0,0,13
120533,0,1,1984,0,0,0,0,0,0,0,0,0,0
120533,1,1,1984,0,12,0,0,0,14,0,0,0,0
120534,1,1,1984,0,0,0,0,0,0,0,0,0,0
120534,2,1,1984,0,0,0,0,0,0,0,0,0,0
120534,3,1,1984,0,0,0,0,0,0,0,0,0,0
120535,1,1,1984,19,19,19,19,19,19,19,19,19,19
120536,1,1,1984,6,6,6,6,6,6,6,6,6,6
120536,2,1,1984,0,0,0,0,24,0,0,0,21,0
120537,1,1,1984,17,17,17,17,17,17,17,17,17,17
120537,2,1,1984,0,0,0,0,0,0,0,0,0,0
120537,3,1,1984,0,0,0,0,6,0,0,0,0,0
120538,1,1,1984,0,0,0,0,0,0,0,0,0,0
120538,2,1,1984,0,0,0,0,0,0,0,0,0,0
120539,1,1,1984,15,15,15,15,15,15,15,15,15,15
120539,2,1,1984,0,16,0,0,0,0,0,0,0,0
120540,0,1,1984,34,34,34,34,34,34,34,34,34,34
120540,1,1,1984,16,16,16,16,16,16,16,16,16,16
120541,0,1,1984,0,0,0,0,0,0,0,0,0,0
120541,1,1,1984,0,0,0,0,0,0,0,0,0,0
120542,0,1,1984,25,25,25,25,25,25,25,25,25,25
120542,1,1,1984,6,6,6,6,6,6,6,6,6,6
120543,0,1,1984,26,26,26,26,26,26,26,26,26,26
120543,1,1,1984,0,0,0,0,0,0,0,0,0,0
120544,1,1,1984,0,0,0,0,0,0,0,0,0,0
120545,1,1,1984,20,20,20,20,20,20,20,20,20,20
120546,0,1,1984,26,26,26,26,26,26,26,26,26,26
120546,1,1,1984,0,0,0,0,0,0,0,0,0,0
120547,1,1,1984,20,20,20,20,20,20,20,20,20,20
120548,1,1,1984,29,0,0,0,0,0,0,0,0,0
120549,0,1,1984,24,24,24,24,24,24,24,24,24,24
120549,1,1,1984,0,0,0,0,0,0,0,0,0,0
120550,1,1,1984,0,0,0,0,0,0,0,13,0,0
120550,2,1,1984,0,0,0,0,0,0,0,0,0,0
120551,1,1,1984,15,15,15,15,15,15,15,15,15,15
120552,1,1,1984,14,10,11,16,22,12,22,2,0,4
120552,2,1,1984,21,44,19,11,10,16,13,9,8,6
120553,1,1,1984,0,0,0,0,0,0,0,0,0,0
120553,2,1,1984,0,0,0,18,0,0,0,0,14,0
120553,3,1,1984,0,0,0,0,0,0,0,0,0,0
120554,1,1,1984,0,12,21,19,9,19,12,22,37,33
120555,1,1,1984,25,25,25,25,25,25,25,25,25,25
120555,2,1,1984,6,0,0,0,0,0,0,0,0,0
120556,0,1,1984,0,0,0,15,0,0,0,0,0,0
120556,1,1,1984,0,0,0,0,0,0,0,0,0,0
120557,1,1,1984,16,16,16,16,16,16,16,16,16,16
120558,0,1,1984,26,0,0,0,28,38,0,0,14,35
120558,1,1,1984,0,0,0,0,0,0,0,0,0,0
120559,1,1,1984,0,0,0,0,0,0,0,0,0,0
120559,2,1,1984,0,0,0,0,0,0,0,0,0,0
120560,1,1,1984,1,1,1,1,1,1,1,1,1,1
120561,1,1,1984,14,14,14,14,14,14,14,14,14,14
120561,2,1,1984,0,0,0,0,0,0,0,0,0,0
120562,1,1,1984,16,16,16,16,16,16,16,16,16,16
120563,1,1,1984,0,0,0,0,0,0,0,0,0,0
120563,2,1,1984,19,0,0,0,0,0,0,0,0,0
120564,1,1,1984,0,0,0,0,0,0,0,0,0,0
120564,2,1,1984,0,0,0,0,0,0,0,0,0,0
120565,1,1,1984,16,23,19,0,14,0,21,29,26,0
120566,0,1,1984,0,0,0,0,0,0,0,0,0,0
120566,1,1,1984,0,0,0,0,0,3,0,0,0,0
120567,1,1,1984,3,3,3,3,3,3,3,3,3,3
120568,1,1,1984,25,25,25,25,25,25,25,25,25,25
120569,1,1,1984,0,0,0,0,0,0,0,0,0,0
120569,2,1,1984,0,0,0,0,0,0,0,0,0,0
120570,1,1,1984,0,0,0,0,0,0,0,0,0,0
120570,2,1,1984,13,13,13,13,13,13,13,13,13,13
120571,0,1,1984,0,0,0,0,0,0,0,0,0,0
120571,1,1,1984,0,12,0,0,0,27,0,0,0,0
120572,1,1,1984,6,11,20,16,11,8,18,17,8,6
120572,2,1,1984,15,0,0,18,10,9,0,18,0,0
120572,3,1,1984,10,0,0,0,0,0,0,0,0,8
120573,1,1,1984,18,0,0,0,0,0,0,0,0,0
120573,2,1,1984,0,0,0,13,0,0,0,0,0,0
120574,1,1,1984,0,0,0,0,0,0,0,0,0,0
120574,2,1,1984,13,13,13,13,13,13,13,13,13,13
120574,3,1,1984,0,0,0,0,0,0,0,0,0,0
120575,1,1,1984,0,0,0,0,0,0,0,0,0,0
120575,2,1,1984,0,0,0,0,0,0,0,0,0,0
120576,1,1,1984,0,0,0,0,0,0,0,12,0,0
120577,1,1,1984,26,18,11,3,3,18,0,16,11,5
120577,2,1,1984,0,0,0,0,0,0,0,0,0,0
120578,1,1,1984,23,23,23,23,23,23,23,23,23,23
120579,0,1,1984,0,0,0,0,0,0,0,0,0,0
120579,1,1,1984,0,22,28,11,0,7,21,0,0,0
120580,1,1,1984,16,12,7,17,7,17,0,17,13,6
120580,2,1,1984,17,18,10,5,19,11,0,13,14,12
120581,0,1,1984,0,0,0,0,0,0,0,0,0,0
120581,1,1,1984,0,0,0,0,0,0,0,0,0,0
120582,1,1,1984,0,0,0,0,0,0,0,0,0,0
120582,2,1,1984,10,0,0,0,0,0,0,0,0,0
120583,0,1,1984,29,29,29,29,29,29,29,29,29,29