ST_CASE,VEH_NO,PER_NO,YEAR,P1,P2,P3,P4,P5,P6,P7,P8,P9,P10
120583,1,1,1984,10,10,10,10,10,10,10,10,10,10
120584,1,1,1984,0,0,0,0,0,0,0,0,0,0
120585,1,1,1984,0,0,10,0,0,17,0,0,0,16
120586,1,1,1984,9,9,9,9,9,9,9,9,9,9
120586,2,1,1984,0,13,0,0,16,0,3,0,0,0
120587,0,1,1984,0,0,0,0,0,0,0,0,0,0
120587,1,1,1984,0,0,0,0,0,0,0,0,0,0
120588,0,1,1984,20,22,0,28,12,19,8,24,0,27
120588,1,1,1984,11,0,0,16,0,14,0,0,0,26
120589,1,1,1984,0,0,0,0,0,0,0,0,0,0
120589,2,1,1984,0,0,0,0,20,0,0,15,16,0
120590,1,1,1984,31,31,31,31,31,31,31,31,31,31
120591,1,1,1984,19,19,19,19,19,19,19,19,19,19
120591,2,1,1984,0,0,0,0,0,18,0,0,0,8
120592,1,1,1984,19,0,0,0,0,0,0,0,0,0
120592,2,1,1984,0,0,0,0,0,0,0,0,0,0
120593,1,1,1984,8,8,8,8,8,8,8,8,8,8
120593,2,1,1984,0,15,0,0,17,0,0,0,0,0
120593,3,1,1984,0,0,0,0,0,0,0,0,0,0
120594,1,1,1984,15,15,15,15,15,15,15,15,15,15
120595,1,1,1984,13,13,13,13,13,13,13,13,13,13
120596,1,1,1984,0,0,0,0,0,0,0,0,0,0
120596,2,1,1984,0,0,0,0,0,0,0,0,0,0
120597,1,1,1984,0,0,16,0,12,11,9,14,19,13
120598,1,1,1984,24,24,13,9,4,12,27,17,13,16
120599,1,1,1984,0,0,0,0,0,0,0,0,0,0
120600,0,1,1984,0,0,0,0,0,0,0,0,0,0
120600,0,2,1984,0,0,25,24,25,0,0,17,0,0
120600,0,3,1984,26,0,0,0,0,21,0,0,0,0
120600,0,4,1984,3,6,0,17,22,0,32,0,10,21
120600,1,1,1984,0,0,0,0,0,0,0,0,0,0
120601,1,1,1984,0,0,0,0,0,0,0,0,0,0
120601,2,1,1984,0,0,0,0,0,0,0,0,0,0
120602,1,1,1984,4,0,15,33,23,13,17,18,25,10
120603,1,1,1984,2,2,2,2,2,2,2,2,2,2
120603,2,1,1984,17,17,17,17,17,17,17,17,17,17
120604,1,1,1984,26,26,26,26,26,26,26,26,26,26
120605,0,1,1984,44,19,24,25,6,17,5,15,18,26
120605,1,1,1984,0,0,0,0,0,0,0,0,0,0
120606,2,1,1984,12,0,0,0,0,0,0,0,0,25
120607,1,1,1984,11,11,11,11,11,11,11,11,11,11
120607,2,1,1984,0,0,15,17,0,0,0,0,0,12
120608,1,1,1984,0,0,0,0,0,0,0,0,0,0
120608,2,1,1984,0,20,0,0,0,0,0,0,0,0
120609,0,1,1984,0,0,0,0,0,0,0,0,0,0
120609,1,1,1984,0,0,0,0,0,0,0,0,0,0
120610,1,1,1984,0,0,0,0,0,0,0,0,0,0
120610,2,1,1984,0,0,0,0,24,0,0,0,0,0
120610,3,1,1984,0,0,0,0,0,0,0,0,0,0
120610,4,1,1984,0,0,10,0,0,0,0,0,0,0
120610,5,1,1984,6,6,0,10,0,0,0,0,0,0
120611,1,1,1984,16,16,16,16,16,16,16,16,16,16
120611,2,1,1984,0,0,0,0,0,0,0,0,0,0
120612,1,1,1984,0,0,0,0,0,0,0,0,0,0
120612,2,1,1984,0,0,0,0,0,0,0,0,0,0
120613,1,1,1984,24,24,24,24,24,24,24,24,24,24
120614,1,1,1984,9,9,9,9,9,9,9,9,9,9
120614,2,1,1984,0,25,0,0,15,0,0,0,26,0
120614,3,1,1984,0,0,0,0,0,0,0,0,0,20
120615,1,1,1984,0,0,0,0,0,0,0,0,0,0
120615,2,1,1984,0,0,0,0,0,36,0,0,0,0
120616,1,1,1984,7,7,7,7,7,7,7,7,7,7
120616,2,1,1984,7,7,7,7,7,7,7,7,7,7
120616,3,1,1984,0,0,0,0,0,0,0,0,0,0
120617,1,1,1984,0,0,0,0,0,0,0,0,0,0
120617,2,1,1984,0,0,16,0,0,0,15,0,0,0
120618,1,1,1984,35,35,35,35,35,35,35,35,35,35
120619,1,1,1984,19,19,19,19,19,19,19,19,19,19
120620,1,1,1984,0,0,0,0,0,0,0,0,0,0
120620,2,1,1984,0,0,0,0,0,0,0,0,0,0
120621,1,1,1984,8,8,8,8,8,8,8,8,8,8
120622,1,1,1984,13,13,13,13,13,13,13,13,13,13
120622,2,1,1984,0,0,0,0,0,0,0,0,0,0
120623,0,1,1984,0,0,0,0,0,0,0,0,0,0
120623,1,1,1984,0,0,0,0,0,0,0,0,0,0
120624,1,1,1984,0,0,0,0,0,0,0,0,0,0
120625,0,1,1984,0,0,0,0,0,14,0,0,0,23
120625,1,1,1984,0,0,0,0,0,0,0,30,4,17
120626,1,1,1984,0,0,0,0,0,0,0,0,0,0
120626,2,1,1984,0,0,14,0,0,0,0,0,0,0
120627,1,1,1984,20,20,20,20,20,20,20,20,20,20
120628,1,1,1984,0,0,0,0,0,0,11,0,0,0
120629,1,1,1984,0,0,0,9,0,0,0,12,0,0
120629,2,1,1984,0,0,0,0,0,0,0,0,0,0
120630,1,1,1984,22,22,22,22,22,22,22,22,22,22
120631,1,1,1984,0,0,0,0,0,18,0,17,0,0
120631,2,1,1984,0,0,0,0,0,0,0,0,0,0
120632,1,1,1984,23,5,0,14,12,0,0,0,11,0
120633,0,1,1984,5,25,27,37,17,30,0,14,0,20
120633,1,1,1984,0,0,0,0,0,0,0,0,0,13
120634,1,1,1984,16,0,0,23,0,27,0,0,0,19
120635,1,1,1984,0,0,0,0,0,0,0,0,0,0
120636,1,1,1984,32,28,29,23,24,22,24,24,18,24
120637,1,1,1984,0,0,0,0,0,0,0,0,0,0
120637,2,1,1984,0,0,0,0,0,0,0,0,0,0
120638,1,1,1984,0,0,0,0,0,0,0,0,0,0
120638,2,1,1984,0,0,0,0,0,0,0,0,0,0
120639,1,1,1984,0,0,0,0,0,0,0,0,0,0
120639,2,1,1984,0,0,0,0,0,0,0,0,0,0
120640,1,1,1984,0,0,7,0,0,0,0,0,0,0
120640,2,1,1984,0,0,0,0,0,0,0,0,0,0
120641,1,1,1984,0,2,14,6,0,12,0,18,12,4
120642,1,1,1984,18,0,0,30,0,0,0,0,0,0
120643,0,1,1984,0,0,0,0,0,0,0,0,0,22
120643,1,1,1984,0,0,0,0,0,0,0,0,0,15
120644,0,1,1984,17,17,17,17,17,17,17,17,17,17
120644,1,1,1984,0,0,0,0,0,0,0,0,0,0
120645,0,1,1984,0,0,22,15,15,15,7,20,14,17
120645,0,2,1984,4,0,0,0,0,8,8,24,0,15
120645,0,3,1984,0,0,22,0,17,5,16,0,35,17
120645,0,4,1984,15,0,20,3,18,12,16,21,19,28
120645,1,1,1984,0,20,0,0,13,0,0,0,0,0
120646,1,1,1984,0,0,0,0,0,0,0,0,0,0
120647,0,1,1984,38,19,0,0,0,13,14,0,0,0
120647,1,1,1984,13,13,13,13,13,13,13,13,13,13
120648,1,1,1984,22,22,22,22,22,22,22,22,22,22
120649,1,1,1984,25,25,25,25,25,25,25,25,25,25
120650,1,1,1984,0,0,6,0,0,0,0,0,0,0
120650,2,1,1984,2,2,2,2,2,2,2,2,2,2
120651,1,1,1984,0,0,0,0,0,0,0,0,0,0
120651,2,1,1984,0,0,0,0,0,0,0,0,0,0
120652,1,1,1984,0,0,0,0,0,0,0,0,0,0
120652,2,1,1984,0,0,3,0,0,0,0,0,0,0
120652,3,1,1984,0,0,0,0,0,0,0,0,0,0
120653,0,1,1984,0,0,0,0,0,0,0,0,0,0
120653,0,2,1984,0,0,11,0,11,23,10,19,16,8
120653,1,1,1984,9,23,8,0,20,9,0,0,0,20
120654,1,1,1984,7,0,12,9,12,4,7,23,0,10
120654,2,1,1984,0,0,0,0,0,0,0,0,0,0
120655,0,1,1984,0,0,0,0,0,0,0,0,0,0
120655,1,1,1984,0,0,0,0,0,0,0,17,0,0
120656,1,1,1984,27,27,27,27,27,27,27,27,27,27
120656,2,1,1984,0,0,0,0,0,0,0,0,0,0
120657,1,1,1984,0,0,0,0,0,0,0,0,0,0
120657,2,1,1984,0,0,0,0,0,0,0,0,0,0
120658,1,1,1984,11,11,11,11,11,11,11,11,11,11
120658,2,1,1984,0,0,0,0,0,0,0,0,0,0
120659,1,1,1984,0,0,0,0,0,0,0,0,0,0
120660,1,1,1984,32,32,32,32,32,32,32,32,32,32
120660,2,1,1984,4,4,4,4,4,4,4,4,4,4
120661,1,1,1984,31,31,31,31,31,31,31,31,31,31
120661,2,1,1984,16,0,0,0,0,0,15,0,2,0
120662,1,1,1984,20,20,20,20,20,20,20,20,20,20
120662,2,1,1984,5,5,5,5,5,5,5,5,5,5
120663,0,1,1984,19,19,19,19,19,19,19,19,19,19
120663,1,1,1984,0,0,0,0,0,17,0,0,0,0
120664,0,1,1984,5,5,5,5,5,5,5,5,5,5
120664,1,1,1984,13,0,15,0,16,0,29,24,0,21
120665,1,1,1984,4,4,4,4,4,4,4,4,4,4
120665,2,1,1984,21,21,21,21,21,21,21,21,21,21
120666,1,1,1984,26,26,26,26,26,26,26,26,26,26
120666,2,1,1984,0,0,0,0,0,0,0,0,0,0
120667,1,1,1984,9,9,9,9,9,9,9,9,9,9
120668,1,1,1984,0,0,0,0,0,14,0,0,0,0
120668,2,1,1984,0,0,0,0,0,0,0,0,0,0
120669,1,1,1984,0,0,0,0,0,0,0,0,0,0
120669,2,1,1984,0,0,0,17,0,0,0,0,18,0
120670,1,1,1984,0,0,0,0,0,0,19,0,0,0
120671,0,1,1984,0,0,20,0,0,11,0,18,0,0
120671,1,1,1984,37,0,0,0,0,0,0,0,0,0
120672,1,1,1984,0,4,12,19,13,8,15,5,18,9
120672,2,1,1984,8,10,8,15,16,17,4,17,26,12
120673,0,1,1984,0,0,0,0,0,0,0,0,0,0
120673,1,1,1984,9,9,9,9,9,9,9,9,9,9
120674,1,1,1984,0,0,0,0,0,0,0,0,0,0
120675,1,1,1984,13,13,13,13,13,13,13,13,13,13
120676,0,1,1984,27,27,27,27,27,27,27,27,27,27
120676,1,1,1984,0,0,18,13,0,0,0,0,36,16
120676,2,1,1984,0,7,0,0,0,0,9,0,0,0
120677,0,1,1984,0,0,0,17,0,0,0,0,0,0
120677,1,1,1984,0,0,0,0,0,10,0,5,0,0
120678,0,1,1984,0,0,0,0,0,0,0,0,0,0
120678,1,1,1984,0,0,0,0,0,0,0,0,0,0
120679,1,1,1984,16,14,13,5,23,0,13,20,12,10
120679,2,1,1984,17,17,17,17,17,17,17,17,17,17
120680,1,1,1984,25,0,25,25,29,4,0,0,0,12
120681,1,1,1984,2,2,2,2,2,2,2,2,2,2
120682,1,1,1984,6,6,6,6,6,6,6,6,6,6
120682,2,1,1984,0,0,0,0,0,0,0,0,0,0
120683,0,1,1984,23,23,23,23,23,23,23,23,23,23
120683,1,1,1984,0,0,0,0,0,0,0,0,0,0
120684,1,1,1984,0,0,0,0,0,0,0,0,0,0
120684,2,1,1984,0,0,0,0,0,0,0,0,0,0
120685,1,1,1984,20,20,20,20,20,20,20,20,20,20
120686,1,1,1984,0,0,0,16,0,0,0,0,0,0
120686,2,1,1984,0,0,0,0,0,0,0,0,0,0
120687,1,1,1984,0,0,0,0,0,0,0,0,0,0
120688,0,1,1984,34,34,34,34,34,34,34,34,34,34
120688,1,1,1984,16,10,0,0,0,0,0,15,0,0
120689,1,1,1984,9,32,22,19,4,6,13,17,9,11
120690,0,1,1984,24,24,24,24,24,24,24,24,24,24
120690,1,1,1984,0,0,0,0,0,0,0,0,7,0
120691,1,1,1984,14,14,14,14,14,14,14,14,14,14
120691,2,1,1984,0,0,0,0,0,0,0,0,0,0
120692,1,1,1984,0,0,0,0,0,0,0,0,0,0
120692,2,1,1984,0,0,0,0,0,0,0,0,0,0
120692,3,1,1984,0,0,0,0,0,0,0,7,0,0
120693,0,1,1984,0,0,0,0,0,0,0,0,0,0
120693,1,1,1984,0,0,0,16,0,0,0,0,0,0
120694,1,1,1984,16,16,16,16,16,16,16,16,16,16
120695,1,1,1984,18,0,21,16,12,17,29,27,9,0
120696,1,1,1984,0,0,0,0,0,0,0,0,0,0
120696,2,1,1984,0,0,0,0,0,0,0,0,0,0
120697,1,1,1984,0,0,0,0,0,0,0,0,0,0
120697,2,1,1984,28,25,0,0,0,8,0,13,0,16
120698,1,1,1984,4,26,10,16,27,24,25,15,11,18
120699,1,1,1984,30,16,0,21,21,32,21,13,22,20
120699,2,1,1984,0,0,0,0,0,0,0,0,13,0
120700,1,1,1984,0,0,0,0,0,0,0,0,17,0
120701,1,1,1984,32,13,0,0,13,14,27,24,8,20
120702,1,1,1984,26,26,26,26,26,26,26,26,26,26
120703,1,1,1984,20,8,16,17,14,12,20,16,21,33
120704,1,1,1984,18,18,18,18,18,18,18,18,18,18
120704,2,1,1984,17,15,0,0,18,0,0,0,0,19
120705,1,1,1984,18,18,18,18,18,18,18,18,18,18
120706,1,1,1984,0,0,0,0,0,0,0,0,0,5
120706,2,1,1984,8,8,8,8,8,8,8,8,8,8
120707,0,1,1984,19,19,19,19,19,19,19,19,19,19
120707,1,1,1984,0,0,0,0,0,0,0,0,0,0
120708,1,1,1984,22,0,0,0,0,0,0,9,0,0
120708,2,1,1984,19,19,19,19,19,19,19,19,19,19
120709,1,1,1984,20,20,20,20,20,20,20,20,20,20
120710,1,1,1984,9,19,6,15,27,0,0,24,16,0
120711,1,1,1984,11,22,10,24,11,18,11,7,15,19
120711,2,1,1984,18,15,0,14,16,0,13,0,0,0
120712,1,1,1984,0,0,0,0,0,0,0,0,0,0
120712,2,1,1984,0,0,0,0,0,0,0,0,0,0
120713,1,1,1984,15,9,7,4,10,0,13,16,14,11
120713,2,1,1984,0,0,0,0,0,0,0,0,0,0
120714,1,1,1984,0,0,0,0,0,0,0,0,0,0
120714,2,1,1984,0,0,0,0,0,0,0,0,0,0
120715,0,1,1984,16,0,17,0,14,21,5,16,0,13
120715,1,1,1984,0,0,0,0,0,0,0,12,7,0
120716,1,1,1984,0,0,0,0,0,11,0,19,16,0
120716,2,1,1984,10,0,0,0,0,9,16,0,8,0
120717,1,1,1984,0,0,4,0,0,0,0,0,0,0
120717,2,1,1984,31,31,31,31,31,31,31,31,31,31
120718,1,1,1984,0,0,0,0,0,0,0,0,0,0
120718,2,1,1984,0,29,0,0,0,0,0,0,0,0
120719,0,1,1984,0,0,0,0,0,0,0,0,0,0
120719,1,1,1984,9,0,15,24,2,17,0,0,8,15
120720,1,1,1984,0,0,0,0,0,0,0,0,0,0
120720,2,1,1984,0,0,0,0,0,0,16,0,0,0
120721,0,1,1984,0,0,20,0,0,0,0,0,0,0
120721,1,1,1984,0,0,0,12,0,0,0,0,0,0
120722,1,1,1984,0,24,0,0,0,0,0,0,0,0
120722,2,1,1984,0,0,0,0,0,0,0,0,0,0
120723,0,1,1984,1,1,1,1,1,1,1,1,1,1
120723,1,1,1984,0,0,0,0,0,0,0,0,0,0
120724,1,1,1984,5,17,0,6,0,0,13,0,0,20
120724,2,1,1984,16,16,16,16,16,16,16,16,16,16
120725,0,1,1984,15,0,6,26,22,9,0,0,10,26
120725,1,1,1984,0,0,0,0,0,0,0,0,0,0
120726,0,1,1984,0,0,0,0,0,0,0,0,0,0
120726,1,1,1984,0,0,0,16,0,0,0,0,0,0
120727,1,1,1984,0,0,0,0,0,0,0,0,17,0
120727,2,1,1984,0,0,0,0,0,0,0,0,0,0
120728,1,1,1984,15,29,11,10,9,21,8,12,17,5
120728,2,1,1984,10,12,8,5,17,7,18,11,0,11
120729,0,1,1984,0,0,0,0,6,0,0,0,0,0
120729,1,1,1984,0,0,0,0,0,0,0,0,0,0
120730,1,1,1984,12,12,12,12,12,12,12,12,12,12
120731,1,1,1984,0,20,7,2,10,18,7,10,9,18
120732,1,1,1984,7,19,11,20,11,13,13,16,20,16
120732,2,1,1984,0,0,0,0,0,0,0,0,0,0
120733,1,1,1984,0,0,0,0,0,0,0,0,0,0
120733,2,1,1984,0,0,0,0,0,0,0,0,0,0
120734,1,1,1984,20,20,20,20,20,20,20,20,20,20
120734,2,1,1984,0,0,0,0,0,0,0,0,0,4
120735,1,1,1984,0,0,0,0,0,0,0,0,0,0
120736,1,1,1984,14,14,14,14,14,14,14,14,14,14
120737,1,1,1984,0,0,0,0,0,0,0,0,0,0
120738,1,1,1984,0,0,0,0,0,0,0,0,7,0
120738,2,1,1984,0,0,0,0,0,0,0,0,0,0
120738,3,1,1984,0,0,0,4,0,0,0,0,0,0
120739,1,1,1984,0,13,0,0,0,0,0,0,0,0
120739,2,1,1984,0,0,0,0,0,0,0,0,0,0
120740,1,1,1984,22,22,22,22,22,22,22,22,22,22
120741,1,1,1984,0,0,0,0,0,0,0,0,0,0
120742,1,1,1984,9,19,0,15,14,0,0,0,11,22
120743,0,1,1984,0,6,0,0,0,19,0,0,0,4
120743,1,1,1984,0,6,15,0,0,0,0,0,0,0
120744,1,1,1984,0,0,0,0,0,0,0,0,0,0
120744,2,1,1984,0,20,0,0,0,0,0,16,0,0
120745,1,1,1984,9,26,25,19,14,0,7,22,8,17
120746,1,1,1984,0,0,0,0,0,14,0,18,2,0
120747,1,1,1984,0,0,0,0,0,0,0,0,0,0
120748,1,1,1984,13,13,13,13,13,13,13,13,13,13
120748,2,1,1984,0,0,0,0,0,0,0,0,16,0
120749,1,1,1984,4,0,2,0,0,0,0,0,13,8
120749,2,1,1984,0,16,0,0,0,0,15,5,15,0
120749,3,1,1984,0,7,9,9,9,8,12,12,0,0
120749,4,1,1984,0,0,0,0,0,0,0,0,0,0
120750,1,1,1984,22,22,22,22,22,22,22,22,22,22
120750,2,1,1984,7,19,0,0,0,0,0,0,0,0
120751,1,1,1984,24,24,24,24,24,24,24,24,24,24
120752,1,1,1984,17,17,17,17,17,17,17,17,17,17
120752,2,1,1984,0,0,0,0,0,0,0,0,0,20
120752,3,1,1984,0,0,0,0,0,0,0,0,0,0
120753,0,1,1984,6,6,6,6,6,6,6,6,6,6
120753,1,1,1984,25,5,0,16,26,5,12,13,8,0
120754,1,1,1984,13,0,27,0,0,16,0,0,11,4
120755,0,1,1984,24,24,24,24,24,24,24,24,24,24
120755,1,1,1984,0,0,0,0,0,0,0,0,0,0
120756,1,1,1984,16,16,16,16,16,16,16,16,16,16
120757,1,1,1984,23,23,23,23,23,23,23,23,23,23
120758,0,1,1984,26,26,26,26,26,26,26,26,26,26
120758,1,1,1984,25,4,16,9,0,8,7,15,8,11
120759,1,1,1984,8,10,0,18,9,18,0,17,7,7
120759,2,1,1984,0,0,0,13,0,0,0,0,0,0
120760,1,1,1984,0,0,0,0,0,0,0,0,0,0
120760,2,1,1984,0,0,11,0,0,0,0,0,0,0
120761,1,1,1984,0,0,12,0,0,0,0,0,0,0
120761,2,1,1984,0,0,0,0,0,0,0,0,0,0
120762,1,1,1984,18,18,18,18,18,18,18,18,18,18
120763,1,1,1984,17,17,17,17,17,17,17,17,17,17
120763,2,1,1984,0,0,0,0,0,0,0,0,0,19
120764,0,1,1984,0,0,0,0,0,0,0,0,0,0
120764,1,1,1984,13,13,13,13,13,13,13,13,13,13
120765,1,1,1984,16,23,15,11,27,12,15,0,9,15
120766,1,1,1984,0,0,0,0,0,0,0,0,0,0
120766,2,1,1984,0,0,0,0,0,0,0,0,0,0
120767,1,1,1984,24,24,24,24,24,24,24,24,24,24
120767,2,1,1984,0,6,0,0,0,0,0,0,0,26
120768,1,1,1984,19,19,19,19,19,19,19,19,19,19
120768,2,1,1984,0,0,0,0,0,0,0,0,4,0
120769,1,1,1984,10,7,24,30,31,13,17,18,28,13
120770,1,1,1984,0,0,0,0,0,0,0,0,0,0
120770,2,1,1984,0,18,0,0,0,0,0,0,27,0
120771,0,1,1984,14,14,14,14,14,14,14,14,14,14
120771,1,1,1984,0,0,0,0,0,29,0,0,0,0
120772,1,1,1984,0,0,0,0,0,0,0,0,0,0
120772,2,1,1984,28,28,28,28,28,28,28,28,28,28
120773,1,1,1984,0,0,0,0,0,0,0,0,3,0
120774,1,1,1984,0,0,0,0,0,0,0,0,0,0
120774,2,1,1984,0,0,0,0,0,0,0,0,0,18
120775,1,1,1984,0,0,0,0,0,0,0,0,0,0
120775,2,1,1984,15,0,0,0,0,0,17,0,9,0
120776,1,1,1984,0,0,0,7,0,0,0,0,0,0
120776,2,1,1984,0,0,0,0,0,0,0,0,0,0
120777,1,1,1984,17,17,17,17,17,17,17,17,17,17
120777,2,1,1984,0,0,0,0,0,13,0,0,0,0
120777,3,1,1984,0,0,0,0,0,0,0,0,0,0
120778,0,1,1984,28,28,28,28,28,28,28,28,28,28
120778,1,1,1984,0,13,12,0,0,0,0,0,20,0
120779,1,1,1984,18,18,18,18,18,18,18,18,18,18
120779,2,1,1984,0,0,0,0,0,0,0,0,0,0
120780,1,1,1984,17,0,0,0,0,23,0,9,0,0
120780,2,1,1984,0,0,0,0,0,0,0,3,0,0
120781,1,1,1984,0,0,0,0,0,0,0,0,0,0
120781,2,1,1984,0,0,0,0,0,0,0,0,0,0
120782,1,1,1984,0,11,0,18,0,0,0,0,0,4
120782,2,1,1984,26,26,26,26,26,26,26,26,26,26
120783,1,1,1984,0,0,0,0,0,0,13,33,16,14
120784,0,1,1984,0,0,0,0,14,0,0,0,0,0
120784,1,1,1984,0,0,0,0,0,0,18,0,11,0
120785,0,1,1984,13,0,22,0,0,13,10,18,13,7
120785,1,1,1984,22,19,27,13,13,17,18,20,19,17
120786,0,1,1984,25,5,7,28,0,11,11,17,29,3
120786,1,1,1984,3,3,3,3,3,3,3,3,3,3
120787,1,1,1984,0,0,0,0,0,0,0,0,0,0
120788,1,1,1984,0,0,0,0,20,0,0,0,18,0
120788,2,1,1984,18,0,20,22,29,16,15,7,0,0
120789,0,1,1984,0,0,0,0,0,0,0,0,0,0
120789,1,1,1984,0,0,0,0,0,0,0,0,0,0
120790,1,1,1984,0,0,0,0,0,14,0,0,7,0
120790,2,1,1984,0,0,0,0,0,0,0,0,0,0
120791,0,1,1984,19,19,19,19,19,19,19,19,19,19
120791,1,1,1984,0,0,0,0,0,0,0,0,0,0
120792,1,1,1984,0,0,0,0,0,0,0,0,0,0
120792,2,1,1984,0,0,0,0,0,0,0,0,0,0
120793,1,1,1984,0,0,0,0,0,0,0,0,0,0
120794,1,1,1984,0,15,13,12,0,28,8,23,0,15
120795,0,1,1984,0,0,0,0,0,0,0,18,0,0
120795,1,1,1984,0,0,0,0,0,0,0,0,0,0
120796,0,1,1984,0,0,0,0,0,0,0,0,0,0
120796,1,1,1984,0,0,0,0,11,0,0,0,0,0
120797,1,1,1984,0,27,0,0,0,0,0,0,0,0
120797,2,1,1984,0,0,0,0,0,0,0,0,0,0
120798,1,1,1984,20,20,20,20,20,20,20,20,20,20
120799,0,1,1984,21,21,21,21,21,21,21,21,21,21
120799,1,1,1984,0,0,0,0,0,0,0,0,12,0
120800,1,1,1984,0,0,0,0,0,0,0,0,0,0
120800,2,1,1984,0,0,0,0,0,0,0,0,0,0
120801,1,1,1984,23,0,17,22,33,0,0,0,10,0
120802,1,1,1984,0,0,0,0,0,0,0,0,0,0
120802,2,1,1984,0,24,0,0,0,0,0,0,0,0
120803,0,1,1984,0,0,0,0,0,0,23,0,0,0
120803,1,1,1984,0,0,0,0,0,0,0,0,0,0
120804,1,1,1984,0,0,0,0,0,0,0,0,0,0
120804,2,1,1984,0,0,0,0,0,0,0,0,0,0
120805,1,1,1984,22,22,22,22,22,22,22,22,22,22
120805,2,1,1984,0,27,0,0,0,23,0,7,0,0
120806,1,1,1984,22,0,0,0,0,0,0,0,0,0
120806,2,1,1984,0,0,0,0,0,0,0,0,0,0
120807,1,1,1984,21,6,10,16,8,11,20,21,5,16
120807,2,1,1984,0,0,0,0,0,0,0,0,0,0
120807,3,1,1984,0,0,11,0,0,0,0,0,0,0
120808,1,1,1984,0,0,0,9,0,0,0,0,0,0
120808,2,1,1984,0,0,0,0,0,0,0,0,0,0
120808,3,1,1984,0,0,0,0,0,0,0,0,0,0
120809,1,1,1984,0,0,0,0,0,0,0,0,0,0
120809,2,1,1984,0,0,0,0,0,0,13,0,0,0
120809,3,1,1984,0,0,0,0,0,0,0,0,0,0
120810,1,1,1984,0,0,0,0,0,0,0,0,0,0
120810,2,1,1984,0,0,0,0,0,0,0,0,0,23
120810,3,1,1984,0,0,0,0,0,6,0,0,0,0
120811,1,1,1984,6,0,0,0,0,0,0,0,0,0
120811,2,1,1984,0,0,0,0,0,0,0,12,0,0
120812,0,1,1984,0,0,0,0,0,0,0,0,0,0
120812,1,1,1984,0,14,0,16,0,7,13,22,9,5
120813,1,1,1984,0,0,0,0,0,0,0,0,0,0
120813,2,1,1984,0,0,0,0,0,0,0,0,0,0
120814,1,1,1984,0,0,0,0,0,0,0,0,0,0
120814,2,1,1984,0,0,0,0,0,0,0,0,18,14
120816,0,1,1984,0,0,0,10,0,0,0,0,0,0
120816,1,1,1984,14,6,0,14,0,0,0,25,16,15
120817,1,1,1984,0,0,0,22,0,0,0,0,0,0
120818,1,1,1984,14,14,14,14,14,14,14,14,14,14
120819,0,1,1984,25,25,25,25,25,25,25,25,25,25
120819,1,1,1984,18,18,18,18,18,18,18,18,18,18
120820,0,1,1984,5,5,5,5,5,5,5,5,5,5
120820,1,1,1984,0,0,0,0,0,20,0,0,0,0
120821,0,1,1984,0,0,0,0,0,0,0,0,0,0
120821,1,1,1984,0,0,0,0,0,0,0,0,0,0
120822,0,1,1984,0,0,0,0,0,0,0,0,0,0
120822,1,1,1984,0,0,0,0,0,0,0,0,0,0
120823,1,1,1984,37,37,37,37,37,37,37,37,37,37
120824,1,1,1984,0,0,0,0,0,0,0,0,0,0
120824,2,1,1984,0,0,0,0,0,0,0,0,0,0
120825,0,1,1984,17,0,0,16,0,0,17,0,0,0
120825,0,2,1984,0,0,0,0,0,0,0,0,0,0
120825,1,1,1984,0,0,0,0,0,0,0,0,0,0
120826,0,1,1984,0,0,0,11,0,0,30,0,8,0
120826,1,1,1984,26,26,26,26,26,26,26,26,26,26
120827,0,1,1984,24,0,0,0,25,0,26,0,0,0
120827,1,1,1984,0,0,0,0,0,0,0,0,0,0
120828,0,1,1984,12,22,11,0,11,0,0,0,6,0
120828,0,2,1984,0,0,0,0,0,0,0,3,0,0
120828,1,1,1984,0,0,10,26,0,0,0,0,0,0
120829,0,1,1984,44,44,44,44,44,44,44,44,44,44
120829,1,1,1984,14,14,14,14,14,14,14,14,14,14
120830,0,1,1984,0,0,0,0,0,0,0,9,0,20
120830,1,1,1984,15,0,15,0,6,10,43,4,27,0
120831,1,1,1984,13,13,13,13,13,13,13,13,13,13
120831,2,1,1984,12,12,12,12,12,12,12,12,12,12
120832,0,1,1984,0,0,0,0,0,0,0,0,0,0
120832,1,1,1984,0,0,0,0,0,0,0,0,0,0
120833,0,1,1984,15,15,15,15,15,15,15,15,15,15
120833,1,1,1984,0,19,0,0,23,0,0,23,0,0
120834,0,1,1984,11,11,11,11,11,11,11,11,11,11
120834,0,2,1984,7,7,7,7,7,7,7,7,7,7
120834,1,1,1984,0,0,5,0,0,0,0,0,0,12
120835,0,1,1984,28,26,17,19,21,32,25,10,20,17
120835,0,2,1984,10,10,12,22,31,8,0,4,37,13
120835,1,1,1984,12,12,12,12,12,12,12,12,12,12
120836,0,1,1984,0,0,0,0,0,0,0,0,0,0
120836,1,1,1984,0,0,0,0,0,0,0,0,0,0
120837,1,1,1984,0,0,0,0,0,0,0,0,0,13
120838,0,1,1984,0,0,0,0,0,0,0,0,0,0