ST_CASE,VEH_NO,PER_NO,YEAR,P1,P2,P3,P4,P5,P6,P7,P8,P9,P10
120838,1,1,1984,0,0,0,0,0,0,0,0,0,0
120839,0,1,1984,0,0,0,0,0,0,0,0,0,0
120839,1,1,1984,0,0,0,0,0,0,23,0,26,0
120840,1,1,1984,13,13,13,13,13,13,13,13,13,13
120841,1,1,1984,0,0,0,0,0,0,0,0,0,0
120841,2,1,1984,0,0,0,0,25,27,0,0,0,13
120842,0,1,1984,6,27,0,19,9,10,27,11,23,5
120842,1,1,1984,16,26,2,14,19,7,11,16,3,0
120843,1,1,1984,0,0,0,0,0,0,0,6,22,0
120844,0,1,1984,0,0,0,0,0,0,0,0,0,0
120844,1,1,1984,0,0,0,7,0,0,0,0,0,0
120845,1,1,1984,0,0,0,0,0,0,0,0,0,0
120845,2,1,1984,0,0,0,0,0,0,0,14,0,0
120846,1,1,1984,0,0,0,0,0,0,0,0,0,0
120847,1,1,1984,14,0,0,0,0,0,0,0,0,0
120847,2,1,1984,0,0,0,0,0,5,0,10,0,0
120848,0,1,1984,32,37,0,0,24,11,0,7,0,17
120848,1,1,1984,18,0,0,0,0,0,0,0,0,0
120849,1,1,1984,0,0,0,0,0,0,0,0,0,0
120850,0,1,1984,5,5,5,5,5,5,5,5,5,5
120850,1,1,1984,13,17,25,26,11,8,30,13,11,15
120851,0,1,1984,23,16,14,21,6,17,27,34,30,19
120851,1,1,1984,0,0,0,0,0,0,0,0,0,0
120852,1,1,1984,0,0,0,0,0,0,24,0,0,0
120852,2,1,1984,20,20,20,20,20,20,20,20,20,20
120854,0,1,1984,0,15,0,0,0,0,0,14,0,0
120854,1,1,1984,0,0,0,0,0,0,0,0,0,0
120855,1,1,1984,0,0,0,0,0,0,0,0,0,0
120855,2,1,1984,0,0,0,0,0,0,0,0,0,0
120856,1,1,1984,0,0,0,7,0,0,0,15,0,0
120856,2,1,1984,0,10,21,28,12,0,18,11,0,0
120857,1,1,1984,17,0,0,13,0,0,0,16,0,0
120857,2,1,1984,12,17,7,10,0,0,0,0,0,0
120858,1,1,1984,0,0,0,0,0,0,0,0,0,0
120858,2,1,1984,0,0,0,0,0,0,0,0,0,0
120859,1,1,1984,17,0,13,7,0,0,0,0,0,11
120860,0,1,1984,0,0,0,0,12,0,0,0,17,0
120860,1,1,1984,0,0,0,0,0,0,0,0,0,0
120861,1,1,1984,6,6,6,6,6,6,6,6,6,6
120861,2,1,1984,0,0,0,0,0,0,0,0,16,0
120862,1,1,1984,0,0,29,0,0,21,0,0,0,0
120863,1,1,1984,0,0,0,0,0,0,0,0,0,0
120863,2,1,1984,0,0,0,0,0,0,0,0,0,0
120864,1,1,1984,0,0,0,0,0,0,0,0,0,0
120864,2,1,1984,0,0,0,0,0,0,0,0,0,0
120864,3,1,1984,0,0,0,0,0,34,0,0,0,0
120865,0,1,1984,0,0,0,0,0,0,0,0,0,0
120865,1,1,1984,0,0,0,0,0,0,0,0,0,0
120866,0,1,1984,0,0,0,0,0,0,0,0,0,0
120866,1,1,1984,0,0,0,0,0,0,0,0,0,0
120867,1,1,1984,0,15,0,0,0,0,0,0,0,0
120867,2,1,1984,0,0,0,0,0,0,0,0,0,0
120868,1,1,1984,13,13,13,13,13,13,13,13,13,13
120868,2,1,1984,0,0,0,0,0,0,0,0,0,0
120869,1,1,1984,0,0,0,18,0,11,0,0,28,0
120870,1,1,1984,0,0,0,0,0,0,0,6,0,6
120870,2,1,1984,0,0,0,0,0,8,0,0,0,0
120871,1,1,1984,6,0,0,0,35,0,12,0,0,16
120872,1,1,1984,0,0,0,0,0,21,0,17,0,0
120873,1,1,1984,7,7,7,7,7,7,7,7,7,7
120873,2,1,1984,0,0,0,0,0,0,22,0,0,0
120874,1,1,1984,0,0,0,0,0,0,0,0,0,0
120874,2,1,1984,0,0,0,0,0,0,0,0,0,0
120875,1,1,1984,31,31,31,31,31,31,31,31,31,31
120875,2,1,1984,0,0,0,0,0,0,0,0,0,0
120876,1,1,1984,0,0,21,0,20,30,0,0,22,8
120876,2,1,1984,0,0,0,0,0,0,0,0,0,0
120877,0,1,1984,0,0,0,0,0,0,0,0,0,0
120877,1,1,1984,0,0,0,0,0,0,0,0,0,0
120878,1,1,1984,0,0,0,0,0,0,0,0,0,0
120878,2,1,1984,0,0,0,0,0,0,0,0,0,0
120879,1,1,1984,0,0,0,0,0,0,0,0,0,0
120879,2,1,1984,0,0,0,0,18,0,0,0,11,0
120880,1,1,1984,0,0,0,0,0,0,0,0,0,0
120880,2,1,1984,20,19,0,17,0,0,24,0,0,10
120881,0,1,1984,11,11,11,11,11,11,11,11,11,11
120881,1,1,1984,0,0,0,0,0,0,0,0,0,0
120882,1,1,1984,0,0,0,0,0,0,0,0,0,0
120882,2,1,1984,0,0,0,0,0,0,0,0,0,0
120883,0,1,1984,20,20,20,20,20,20,20,20,20,20
120883,1,1,1984,0,0,0,0,0,0,0,0,0,0
120884,1,1,1984,0,0,0,0,0,0,0,0,0,0
120884,2,1,1984,0,0,0,0,0,0,8,0,0,0
120885,1,1,1984,0,0,0,0,0,11,0,22,0,0
120885,2,1,1984,0,0,17,0,0,0,0,0,0,16
120886,1,1,1984,0,0,18,0,0,0,0,15,0,15
120886,2,1,1984,0,0,0,0,0,0,0,0,0,0
120887,1,1,1984,28,28,28,28,28,28,28,28,28,28
120888,0,1,1984,31,31,31,31,31,31,31,31,31,31
120888,1,1,1984,0,0,0,0,0,0,0,0,0,0
120889,0,1,1984,0,0,0,0,0,0,0,0,0,0
120889,1,1,1984,0,0,0,0,0,0,0,0,0,0
120890,1,1,1984,16,16,16,16,16,16,16,16,16,16
120891,1,1,1984,18,0,5,0,0,0,19,0,19,0
120891,2,1,1984,17,17,28,18,9,19,15,18,8,20
120892,1,1,1984,25,0,0,3,10,0,0,0,0,17
120892,2,1,1984,21,11,9,20,16,16,7,13,7,12
120893,1,1,1984,25,17,26,17,11,14,25,10,15,29
120894,1,1,1984,23,23,23,23,23,23,23,23,23,23
120895,1,1,1984,23,23,23,23,23,23,23,23,23,23
120896,1,1,1984,42,0,35,30,20,21,17,0,20,0
120897,1,1,1984,11,14,10,19,9,29,20,15,38,6
120898,1,1,1984,39,0,8,18,28,24,37,13,22,35
120899,1,1,1984,18,18,18,18,18,18,18,18,18,18
120900,1,1,1984,12,5,26,17,7,8,5,9,10,5
120901,1,1,1984,24,24,24,24,24,24,24,24,24,24
120902,1,1,1984,0,0,0,0,0,0,0,0,0,0
120902,2,1,1984,0,0,0,0,0,0,0,10,0,0
120903,0,1,1984,14,14,14,14,14,14,14,14,14,14
120903,1,1,1984,0,0,7,0,14,0,0,0,0,0
120904,0,1,1984,0,0,0,0,0,0,0,0,0,0
120904,1,1,1984,0,0,0,0,0,0,0,0,0,0
120905,1,1,1984,0,17,4,0,12,10,10,14,9,10
120905,2,1,1984,23,23,23,23,23,23,23,23,23,23
120906,0,1,1984,0,0,0,0,0,0,0,0,0,0
120906,1,1,1984,0,0,0,15,0,0,0,0,0,0
120907,0,1,1984,0,0,0,0,0,0,0,0,0,0
120907,1,1,1984,0,0,0,0,0,0,0,0,0,0
120908,0,1,1984,0,0,0,0,0,0,0,0,0,0
120908,1,1,1984,26,19,11,21,13,19,13,16,22,8
120909,1,1,1984,16,0,8,12,0,0,0,19,0,0
120910,0,1,1984,0,0,0,0,0,0,6,0,0,0
120910,0,2,1984,0,0,0,0,0,0,0,0,0,0
120910,1,1,1984,0,0,0,0,0,0,0,0,0,0
120911,1,1,1984,0,0,0,0,0,0,0,0,0,0
120911,2,1,1984,0,0,0,0,0,0,0,0,0,0
120911,3,1,1984,0,0,0,0,0,0,0,0,0,0
120912,1,1,1984,13,13,13,13,13,13,13,13,13,13
120913,1,1,1984,2,2,2,2,2,2,2,2,2,2
120914,1,1,1984,22,22,22,22,22,22,22,22,22,22
120914,2,1,1984,0,0,0,13,0,0,0,0,0,0
120915,0,1,1984,20,29,15,22,29,0,4,0,21,10
120915,1,1,1984,0,14,0,0,0,0,9,0,32,0
120916,0,1,1984,10,15,27,22,0,27,0,23,0,19
120916,1,1,1984,0,19,0,0,25,0,0,14,0,0
120917,1,1,1984,13,19,9,44,17,21,12,25,18,31
120918,0,1,1984,0,0,0,0,0,0,0,0,0,0
120918,1,1,1984,0,0,0,0,0,0,0,0,0,0
120919,1,1,1984,0,0,0,0,0,0,0,0,0,0
120919,2,1,1984,0,0,0,0,0,0,0,0,0,0
120919,3,1,1984,0,0,0,0,0,0,0,0,0,0
120919,4,1,1984,0,0,0,0,0,0,0,0,0,0
120920,1,1,1984,10,16,0,0,0,0,0,0,0,0
120921,1,1,1984,0,0,0,0,0,0,31,0,0,8
120921,2,1,1984,0,0,0,0,0,0,0,0,0,0
120922,1,1,1984,0,0,0,0,0,0,0,0,0,0
120923,1,1,1984,19,8,11,14,9,0,10,0,3,22
120923,2,1,1984,0,0,0,0,0,0,0,0,0,0
120924,1,1,1984,0,0,0,0,0,0,0,0,0,0
120924,2,1,1984,0,0,0,0,0,0,0,0,0,0
120925,1,1,1984,27,27,27,27,27,27,27,27,27,27
120925,2,1,1984,25,0,0,4,23,0,12,9,22,0
120926,1,1,1984,0,13,0,0,0,0,0,0,0,0
120926,2,1,1984,0,0,0,18,0,0,0,0,0,0
120927,1,1,1984,7,7,7,7,7,7,7,7,7,7
120928,1,1,1984,9,9,9,9,9,9,9,9,9,9
120929,1,1,1984,15,15,15,15,15,15,15,15,15,15
120930,1,1,1984,30,15,9,13,12,23,9,5,2,7
120930,2,1,1984,8,0,1,0,20,14,20,0,7,8
120931,1,1,1984,0,0,0,20,20,0,0,0,0,0
120931,2,1,1984,0,0,0,0,23,0,0,6,0,0
120932,1,1,1984,11,0,0,0,0,0,0,0,0,0
120932,2,1,1984,0,0,0,0,0,0,0,0,0,0
120933,1,1,1984,18,18,18,18,18,18,18,18,18,18
120934,1,1,1984,18,18,18,18,18,18,18,18,18,18
120935,0,1,1984,0,0,0,0,0,0,0,0,0,0
120935,1,1,1984,0,0,0,0,0,22,11,0,0,0
120936,1,1,1984,0,0,0,0,0,0,0,0,0,0
120936,2,1,1984,0,0,0,0,0,8,0,0,0,0
120936,3,1,1984,0,0,0,0,0,0,0,0,0,0
120937,1,1,1984,1,1,1,1,1,1,1,1,1,1
120938,1,1,1984,18,18,18,18,18,18,18,18,18,18
120940,1,1,1984,0,0,0,0,0,0,0,0,0,21
120940,2,1,1984,0,0,0,0,0,0,0,0,0,0
120941,1,1,1984,0,0,0,0,0,0,0,0,0,0
120941,2,1,1984,0,0,0,24,0,0,6,0,0,0
120942,1,1,1984,0,0,8,21,8,14,13,12,7,13
120942,2,1,1984,12,12,12,12,12,12,12,12,12,12
120943,1,1,1984,0,0,0,0,0,0,0,0,0,0
120944,0,1,1984,35,35,35,35,35,35,35,35,35,35
120944,1,1,1984,0,0,0,0,0,0,0,0,0,0
120945,0,1,1984,0,0,0,0,0,0,0,0,0,0
120945,0,2,1984,0,0,0,0,0,0,0,0,0,0
120945,1,1,1984,0,0,0,0,0,0,0,0,0,0
120946,0,1,1984,0,0,0,0,0,0,0,0,0,0
120946,1,1,1984,9,17,8,6,9,0,18,17,15,14
120947,1,1,1984,12,12,12,12,12,12,12,12,12,12
120948,0,1,1984,19,6,18,3,9,30,22,22,0,16
120948,0,2,1984,0,0,0,0,0,0,0,0,0,0
120948,1,1,1984,2,2,2,2,2,2,2,2,2,2
120949,1,1,1984,6,0,0,11,0,20,0,14,14,14
120949,2,1,1984,16,16,16,16,16,16,16,16,16,16
120950,1,1,1984,0,0,0,0,0,0,0,0,0,0
120950,2,1,1984,0,0,0,0,0,0,0,0,0,0
120950,3,1,1984,0,0,0,0,0,0,0,0,0,0
120951,1,1,1984,0,0,0,0,0,0,0,0,0,0
120951,2,1,1984,0,0,0,0,0,0,0,0,0,0
120951,3,1,1984,0,0,0,0,0,0,0,0,0,0
120952,1,1,1984,0,0,0,0,0,0,10,0,0,0
120952,2,1,1984,14,14,14,14,14,14,14,14,14,14
120953,1,1,1984,18,8,15,9,5,8,12,6,12,0
120953,2,1,1984,18,15,10,9,18,20,18,8,23,15
120954,1,1,1984,0,0,0,0,0,0,0,23,0,0
120954,2,1,1984,0,0,0,0,0,0,0,0,0,0
120955,1,1,1984,0,0,0,0,0,0,0,0,0,0
120955,2,1,1984,0,0,0,0,0,0,0,0,0,0
120956,1,1,1984,0,0,0,0,0,0,0,0,0,0
120956,2,1,1984,9,0,0,0,0,0,0,0,0,0
120957,1,1,1984,0,0,25,0,0,0,0,0,0,0
120957,2,1,1984,0,0,0,0,0,0,0,0,0,0
120958,1,1,1984,0,0,0,0,18,14,0,0,21,0
120959,1,1,1984,0,0,11,0,0,0,0,0,0,0
120959,2,1,1984,0,0,0,0,0,0,0,0,0,0
120959,3,1,1984,0,0,0,0,0,8,0,5,0,0
120960,1,1,1984,0,0,0,0,0,0,0,0,0,0
120960,2,1,1984,0,0,0,0,0,0,0,0,0,0
120960,3,1,1984,0,0,0,0,0,0,0,0,9,0
120961,1,1,1984,22,22,22,22,22,22,22,22,22,22
120961,2,1,1984,0,0,0,2,0,10,0,0,0,12
120962,1,1,1984,0,0,0,0,0,0,0,0,0,0
120963,1,1,1984,21,21,21,21,21,21,21,21,21,21
120963,2,1,1984,0,0,0,0,0,0,0,0,0,0
120964,0,1,1984,0,0,0,0,0,0,0,0,0,0
120964,1,1,1984,0,0,0,0,0,0,0,0,0,0
120965,1,1,1984,0,0,0,0,0,0,0,0,0,0
120965,2,1,1984,0,0,0,21,0,0,0,0,0,16
120965,3,1,1984,0,0,0,0,0,0,0,0,0,0
120966,0,1,1984,0,0,0,0,0,0,0,0,0,0
120966,1,1,1984,0,0,0,0,0,0,0,0,0,0
120967,1,1,1984,0,0,0,0,9,0,0,21,39,0
120967,2,1,1984,0,0,0,0,0,0,0,0,0,0
120968,1,1,1984,0,0,0,0,0,0,0,0,0,0
120968,2,1,1984,0,0,0,0,0,0,0,0,0,0
120969,1,1,1984,0,0,0,0,0,0,0,7,0,0
120969,2,1,1984,0,0,0,0,0,0,0,0,0,0
120970,1,1,1984,0,0,0,12,0,0,0,0,0,0
120970,2,1,1984,0,0,0,0,0,0,0,0,0,0
120970,3,1,1984,0,0,0,0,0,0,0,0,0,0
120970,4,1,1984,0,0,0,0,0,0,0,0,0,0
120971,1,1,1984,0,0,0,0,0,0,0,0,0,0
120971,2,1,1984,0,0,0,0,0,0,0,0,0,0
120972,1,1,1984,21,21,21,21,21,21,21,21,21,21
120973,1,1,1984,25,25,25,25,25,25,25,25,25,25
120973,2,1,1984,0,0,0,0,0,0,11,26,0,10
120974,1,1,1984,13,13,13,13,13,13,13,13,13,13
120975,1,1,1984,15,15,15,15,15,15,15,15,15,15
120975,2,1,1984,0,0,0,0,29,23,0,0,0,0
120976,1,1,1984,0,0,0,0,0,0,0,0,0,0
120976,2,1,1984,0,0,0,0,0,0,0,0,0,0
120977,1,1,1984,12,12,12,12,12,12,12,12,12,12
120978,1,1,1984,12,12,12,12,12,12,12,12,12,12
120978,2,1,1984,3,3,3,3,3,3,3,3,3,3
120979,1,1,1984,19,19,19,19,19,19,19,19,19,19
120979,2,1,1984,0,0,0,10,22,17,8,0,0,0
120980,0,1,1984,29,29,29,29,29,29,29,29,29,29
120980,1,1,1984,0,0,0,0,0,11,0,0,0,0
120981,1,1,1984,0,0,0,0,0,0,0,0,0,0
120982,0,1,1984,0,18,0,23,11,0,23,0,20,9
120982,1,1,1984,0,0,0,0,0,0,0,0,0,0
120983,1,1,1984,9,22,35,21,19,7,11,14,9,22
120985,1,1,1984,2,2,2,2,2,2,2,2,2,2
120985,2,1,1984,0,10,25,0,0,0,0,0,0,0
120986,1,1,1984,5,5,5,5,5,5,5,5,5,5
120986,2,1,1984,0,35,21,22,11,0,7,0,0,0
120987,1,1,1984,19,19,19,19,19,19,19,19,19,19
120988,1,1,1984,0,11,0,0,0,0,0,0,0,13
120988,2,1,1984,0,0,0,0,0,0,18,0,0,0
120989,1,1,1984,0,0,0,0,0,0,0,0,0,0
120989,2,1,1984,0,0,0,0,0,0,0,0,0,20
120990,1,1,1984,8,8,8,8,8,8,8,8,8,8
120991,0,1,1984,19,0,14,0,0,24,0,7,0,0
120991,1,1,1984,0,22,0,0,0,16,0,0,0,0
120992,1,1,1984,22,17,7,15,6,0,18,22,7,18
120993,0,1,1984,0,0,20,0,0,0,0,0,0,0
120993,1,1,1984,0,0,0,0,0,0,0,0,0,0
120994,1,1,1984,20,20,20,20,20,20,20,20,20,20
120995,0,1,1984,0,0,0,0,17,0,0,0,0,0
120995,1,1,1984,0,0,0,0,0,0,0,0,0,0
120996,0,1,1984,22,22,22,22,22,22,22,22,22,22
120996,0,2,1984,8,8,16,0,0,16,0,0,20,11
120996,1,1,1984,10,31,13,13,11,0,14,22,24,27
120997,1,1,1984,24,20,18,16,27,18,17,11,19,20
120998,1,1,1984,22,16,10,16,10,10,12,15,17,26
120999,1,1,1984,15,15,15,15,15,15,15,15,15,15
120999,2,1,1984,0,0,0,0,0,0,0,0,0,0
121000,1,1,1984,29,21,0,15,0,0,17,14,5,18
121001,1,1,1984,0,0,0,0,0,0,0,0,0,0
121001,2,1,1984,0,0,0,0,0,0,0,0,0,0
121002,1,1,1984,0,15,0,0,0,0,0,0,0,0
121003,0,1,1984,0,0,0,0,0,0,6,0,0,0
121003,1,1,1984,0,0,0,0,0,0,0,0,0,0
121004,1,1,1984,0,0,0,0,0,0,0,0,0,0
121004,2,1,1984,4,8,0,0,0,0,0,0,0,0
121005,1,1,1984,28,24,0,0,0,35,15,0,21,38
121006,1,1,1984,0,0,0,0,0,0,0,0,0,0
121006,2,1,1984,0,0,0,0,0,0,0,0,0,0
121007,0,1,1984,0,0,0,0,0,0,0,0,0,0
121007,1,1,1984,0,0,0,0,0,0,0,0,0,0
121008,0,1,1984,18,18,18,18,18,18,18,18,18,18
121008,1,1,1984,0,0,0,0,0,0,0,0,0,0
121009,1,1,1984,21,21,21,21,21,21,21,21,21,21
121010,1,1,1984,9,9,9,9,9,9,9,9,9,9
121011,1,1,1984,0,0,0,0,0,0,0,0,0,0
121011,2,1,1984,0,0,7,0,0,0,0,0,0,0
121012,1,1,1984,17,15,7,18,9,25,13,8,2,10
121012,2,1,1984,21,20,13,23,11,12,4,15,8,22
121013,1,1,1984,18,18,18,18,18,18,18,18,18,18
121013,2,1,1984,0,0,0,0,0,0,0,0,0,0
121014,0,1,1984,0,0,0,0,0,0,0,0,0,0
121014,1,1,1984,0,0,0,0,0,0,0,0,0,0
121015,1,1,1984,0,0,0,0,0,0,0,0,0,0
121015,2,1,1984,0,0,0,0,0,0,0,0,0,0
121016,1,1,1984,32,32,32,32,32,32,32,32,32,32
121016,2,1,1984,0,0,0,0,0,0,0,0,0,0
121017,1,1,1984,22,22,22,22,22,22,22,22,22,22
121017,2,1,1984,0,0,0,0,0,0,0,0,0,0
121018,1,1,1984,15,23,14,12,21,22,18,11,29,16
121019,0,1,1984,24,20,9,0,28,0,0,0,13,11
121019,1,1,1984,0,0,0,0,0,0,0,0,10,0
121020,1,1,1984,12,4,2,5,11,30,20,16,15,8
121020,2,1,1984,0,13,9,9,9,15,7,3,12,24
121020,3,1,1984,14,13,18,17,23,6,15,10,4,4
121021,1,1,1984,0,0,0,0,0,0,0,0,0,0
121021,2,1,1984,0,0,0,0,28,0,0,0,0,0
121022,1,1,1984,0,0,0,0,4,0,0,0,0,0
121022,2,1,1984,0,11,5,18,0,0,0,10,0,0
121023,0,1,1984,23,23,23,23,23,23,23,23,23,23
121023,1,1,1984,0,0,0,19,0,0,0,0,0,29
121024,1,1,1984,0,0,0,0,0,0,12,0,0,0
121024,2,1,1984,0,0,0,0,0,0,0,0,0,0
121025,0,1,1984,0,0,0,0,0,0,0,0,0,0
121025,1,1,1984,0,18,27,15,10,18,10,24,0,0
121026,1,1,1984,0,0,0,0,0,0,0,0,0,0
121027,0,1,1984,15,15,15,15,15,15,15,15,15,15
121027,1,1,1984,0,0,0,0,0,0,0,0,0,0
121028,1,1,1984,0,0,0,0,0,0,0,0,0,0
121028,2,1,1984,0,0,0,0,0,0,0,0,0,0
121028,3,1,1984,0,0,0,0,0,0,0,0,0,0
121029,1,1,1984,0,0,0,0,0,0,0,0,0,0
121030,0,1,1984,0,0,0,0,0,0,0,0,0,0
121030,1,1,1984,0,0,0,0,0,0,0,0,0,0
121031,0,1,1984,0,0,0,0,6,0,0,0,0,0
121031,1,1,1984,0,0,2,0,0,0,0,0,0,0
121032,1,1,1984,0,0,0,0,12,0,0,0,6,0
121032,2,1,1984,0,0,10,0,0,0,0,0,0,0
121032,3,1,1984,0,0,0,0,9,0,0,0,0,0
121033,1,1,1984,0,0,0,0,0,0,0,0,9,0
121034,1,1,1984,0,0,0,0,0,0,0,0,0,0
121034,2,1,1984,0,0,0,0,0,0,0,0,0,0
121035,1,1,1984,32,32,32,32,32,32,32,32,32,32
121035,2,1,1984,0,0,9,10,0,0,0,0,0,0
121035,3,1,1984,0,0,0,13,0,0,0,0,0,0
121035,4,1,1984,0,0,0,0,0,0,0,0,0,0
121036,0,1,1984,0,0,0,0,0,0,0,0,0,0
121036,0,2,1984,0,0,0,0,0,0,0,0,0,0
121036,1,1,1984,0,0,0,0,0,0,0,0,0,0
121037,1,1,1984,0,0,15,0,0,0,21,0,0,0
121037,2,1,1984,0,0,0,0,15,0,20,9,0,12
121037,3,1,1984,0,0,0,0,16,0,16,0,0,9
121038,1,1,1984,0,0,21,0,0,0,0,0,0,0
121038,2,1,1984,0,0,0,0,0,0,0,0,0,0
121039,1,1,1984,0,0,0,0,0,0,0,0,0,0
121039,2,1,1984,0,0,0,0,0,0,0,0,0,0
121039,3,1,1984,19,19,19,19,19,19,19,19,19,19
121040,0,2,1984,0,0,0,0,0,0,0,0,0,0
121040,1,1,1984,0,0,0,0,0,0,0,0,0,0
121041,1,1,1984,28,28,28,28,28,28,28,28,28,28
121042,0,1,1984,0,0,0,0,0,0,0,0,0,0
121042,1,1,1984,0,0,0,0,0,0,0,0,0,0
121043,1,1,1984,14,31,27,31,25,38,25,9,13,18
121044,0,1,1984,7,7,7,7,7,7,7,7,7,7
121044,1,1,1984,24,24,24,24,24,24,24,24,24,24
121045,1,1,1984,12,12,12,12,12,12,12,12,12,12
121045,2,1,1984,0,0,28,0,0,0,0,0,16,0
121046,1,1,1984,0,0,0,0,0,0,0,0,0,0
121047,1,1,1984,0,0,0,0,0,0,0,0,0,0
121048,1,1,1984,0,0,0,0,0,0,0,0,0,0
121048,2,1,1984,0,0,0,0,0,0,0,0,0,0
121049,1,1,1984,0,0,0,0,0,0,0,30,0,0
121049,2,1,1984,0,0,0,0,0,0,9,8,0,0
121050,1,1,1984,0,0,0,0,0,0,0,0,0,0
121050,2,1,1984,0,7,0,0,9,0,0,0,0,0
121051,1,1,1984,0,0,0,0,0,0,0,0,0,0
121051,2,1,1984,0,0,22,0,0,0,0,0,0,0
121052,1,1,1984,28,28,28,28,28,28,28,28,28,28
121053,1,1,1984,0,0,0,0,0,0,0,0,0,0
121054,1,1,1984,23,23,23,23,23,23,23,23,23,23
121054,2,1,1984,0,0,0,0,0,0,0,0,0,8
121055,1,1,1984,0,0,0,0,0,0,0,0,0,0
121055,2,1,1984,0,0,0,0,0,0,0,0,0,0
121056,1,1,1984,23,16,5,27,27,9,6,29,21,24
121057,1,1,1984,0,0,0,0,0,0,0,0,0,0
121057,2,1,1984,23,0,0,0,0,20,0,0,20,0
121058,1,1,1984,0,0,0,0,6,0,0,0,0,6
121058,2,1,1984,22,18,7,26,8,8,12,2,26,20
121059,1,1,1984,0,0,0,0,0,0,0,0,8,0
121060,1,1,1984,0,0,0,0,0,7,0,0,0,0
121060,2,1,1984,0,0,0,0,0,3,0,0,0,0
121061,1,1,1984,0,9,0,0,0,0,0,0,0,0
121061,2,1,1984,0,0,0,0,0,0,0,0,0,0
121062,1,1,1984,29,29,29,29,29,29,29,29,29,29
121063,1,1,1984,11,11,11,11,11,11,11,11,11,11
121064,1,1,1984,31,31,31,31,31,31,31,31,31,31
121065,1,1,1984,0,22,0,0,0,24,0,0,0,22
121066,1,1,1984,0,0,0,0,0,0,0,0,0,0
121067,1,1,1984,19,19,19,19,19,19,19,19,19,19
121068,1,1,1984,7,14,12,13,10,16,18,3,9,12
121068,2,1,1984,0,0,0,0,0,0,0,0,0,0
121069,0,1,1984,0,0,36,0,23,0,0,0,0,0
121069,1,1,1984,0,0,12,0,0,17,0,0,16,0
121070,0,1,1984,0,0,0,0,0,0,0,0,0,0
121070,1,1,1984,15,0,17,0,0,0,0,0,0,0
121071,1,1,1984,28,13,14,5,6,11,20,9,16,15
121071,2,1,1984,5,5,5,5,5,5,5,5,5,5
121072,1,1,1984,0,0,0,0,0,0,0,0,0,0
121073,1,1,1984,22,22,22,22,22,22,22,22,22,22
121074,1,1,1984,0,0,0,0,0,0,0,0,0,0
121074,2,1,1984,0,0,0,0,0,0,0,0,0,0
121075,1,1,1984,0,0,0,0,0,0,0,0,0,0
121075,2,1,1984,0,0,0,0,0,0,0,0,0,0
121076,1,1,1984,7,7,7,7,7,7,7,7,7,7
121076,2,1,1984,0,0,0,10,0,0,4,0,0,0
121077,0,1,1984,0,0,0,5,0,0,4,0,0,9
121077,1,1,1984,0,13,0,24,0,15,21,0,0,11
121078,1,1,1984,15,15,6,11,6,0,8,22,0,16
121078,2,1,1984,0,0,0,0,0,0,0,0,0,0
121079,1,1,1984,24,24,24,24,24,24,24,24,24,24
121079,2,1,1984,0,0,0,0,0,0,0,0,0,0
121079,3,1,1984,0,0,0,0,0,0,0,0,0,0
121080,1,1,1984,0,0,0,0,0,0,0,0,0,0
121080,2,1,1984,0,0,0,0,0,5,0,0,0,0
121081,1,1,1984,17,21,10,10,19,19,14,16,17,17
121082,1,1,1984,0,0,0,0,0,0,0,0,0,0
121082,2,1,1984,0,0,0,0,0,0,0,0,0,0
121083,1,1,1984,0,0,0,0,0,0,0,0,0,0
121083,2,1,1984,0,0,0,0,0,0,0,0,0,0
121084,1,1,1984,0,0,0,0,0,0,0,0,0,0
121084,2,1,1984,0,0,0,0,0,0,0,0,0,0
121086,1,1,1984,0,0,0,0,0,0,0,0,0,0
121086,2,1,1984,0,0,0,0,0,0,0,0,0,0
121086,3,1,1984,0,0,0,0,0,0,0,0,12,0
121087,1,1,1984,0,22,0,0,0,0,0,0,0,0
121087,2,1,1984,0,0,0,0,0,0,0,0,0,0
121087,3,1,1984,0,0,0,0,0,0,0,0,0,0
121087,4,1,1984,0,22,0,0,0,0,0,0,0,0
121088,1,1,1984,23,23,23,23,23,23,23,23,23,23
121089,1,1,1984,0,0,0,0,0,0,0,0,0,0
121089,2,1,1984,31,0,0,0,0,10,16,22,0,27
121090,0,1,1984,0,0,21,0,13,14,17,14,0,0
121090,1,1,1984,0,0,0,0,0,0,0,0,0,0
121091,1,1,1984,0,0,0,14,0,0,0,15,0,0
121092,1,1,1984,13,0,14,11,4,24,12,8,0,0
121092,2,1,1984,0,0,0,0,0,0,0,0,0,0
121093,1,1,1984,12,12,12,12,12,12,12,12,12,12
121093,2,1,1984,0,0,0,0,0,0,0,0,0,0
121094,1,1,1984,0,0,0,0,0,0,0,0,0,0
121094,2,1,1984,0,0,0,0,0,0,0,0,0,0
121095,1,1,1984,0,0,0,0,0,0,0,0,0,0
121096,1,1,1984,17,17,17,17,17,17,17,17,17,17
121097,1,1,1984,5,5,5,5,5,5,5,5,5,5
121097,2,1,1984,0,0,0,0,0,0,0,0,0,0
121098,1,1,1984,0,0,0,0,0,0,0,0,0,0
121098,2,1,1984,0,0,0,0,0,0,0,0,0,0
121099,0,1,1984,0,0,0,0,0,0,0,0,0,0
121099,1,1,1984,0,0,0,0,0,0,0,0,0,13