ST_CASE,VEH_NO,PER_NO,YEAR,P1,P2,P3,P4,P5,P6,P7,P8,P9,P10
121352,2,1,1984,0,0,0,0,0,0,0,0,20,13
121353,0,1,1984,0,0,0,0,3,29,5,13,0,0
121353,1,1,1984,0,0,0,0,0,0,0,0,8,0
121353,2,1,1984,0,0,0,0,0,0,0,0,0,0
121354,1,1,1984,14,0,0,0,9,8,0,0,0,3
121354,2,1,1984,0,0,0,0,0,0,0,0,0,0
121355,1,1,1984,19,19,19,19,19,19,19,19,19,19
121356,0,1,1984,0,0,0,0,0,0,0,0,0,0
121356,1,1,1984,8,0,0,0,0,0,0,0,0,0
121357,1,1,1984,25,0,0,11,7,11,9,9,15,0
121357,2,1,1984,0,13,14,0,17,25,15,0,0,12
121358,1,1,1984,0,0,0,0,0,0,0,0,0,37
121358,2,1,1984,0,0,0,0,0,0,0,0,0,0
121359,1,1,1984,16,16,16,16,16,16,16,16,16,16
121360,0,1,1984,9,0,37,35,0,22,0,32,24,0
121360,1,1,1984,0,0,0,16,0,0,14,0,0,0
121360,2,1,1984,0,0,0,0,20,0,0,0,0,21
121361,0,1,1984,36,36,36,36,36,36,36,36,36,36
121362,0,1,1984,0,18,19,29,0,48,27,19,30,36
121362,1,1,1984,0,0,0,0,0,0,0,0,0,0
121363,1,1,1984,0,0,0,0,0,0,0,0,0,0
121363,2,1,1984,0,0,0,0,0,0,0,0,0,19
121363,3,1,1984,0,0,0,0,0,0,0,0,0,0
121364,1,1,1984,0,0,0,0,0,0,0,0,0,0
121364,2,1,1984,23,0,0,0,0,0,0,0,0,0
121365,1,1,1984,0,0,0,0,0,0,0,0,0,0
121366,0,1,1984,20,20,20,20,20,20,20,20,20,20
121366,1,1,1984,0,0,20,10,0,0,0,15,0,0
121367,1,1,1984,0,0,0,0,0,0,0,0,0,0
121367,2,1,1984,0,0,0,0,0,0,0,0,0,0
121368,1,1,1984,0,17,17,0,0,0,13,0,0,0
121368,2,1,1984,11,10,9,36,23,16,27,14,23,23
121369,1,1,1984,12,12,12,12,12,12,12,12,12,12
121369,2,1,1984,0,0,0,0,0,0,0,0,0,0
121370,1,1,1984,11,11,11,11,11,11,11,11,11,11
121371,1,1,1984,0,0,0,0,0,0,0,14,0,0
121371,2,1,1984,24,24,24,24,24,24,24,24,24,24
121372,1,1,1984,5,5,5,5,5,5,5,5,5,5
121372,2,1,1984,0,0,0,0,0,0,0,10,0,0
121372,3,1,1984,0,0,0,0,0,0,0,0,0,0
121372,4,1,1984,0,0,24,0,18,0,16,0,0,0
121373,1,1,1984,0,0,0,0,0,0,0,0,0,0
121374,1,1,1984,15,15,15,15,15,15,15,15,15,15
121374,2,1,1984,0,0,0,0,0,0,0,21,0,0
121375,1,1,1984,0,0,0,0,0,0,0,21,0,0
121376,1,1,1984,0,0,0,0,0,0,0,0,0,0
121376,2,1,1984,0,0,0,0,0,17,21,0,0,0
121377,1,1,1984,19,19,19,19,19,19,19,19,19,19
121378,0,1,1984,0,0,0,0,0,0,0,0,0,0
121378,1,1,1984,0,0,0,0,0,0,0,0,13,0
121379,1,1,1984,0,23,0,0,0,18,18,0,15,16
121379,2,1,1984,0,0,0,0,0,0,0,0,0,0
121380,0,1,1984,0,0,0,0,0,0,0,0,0,0
121380,1,1,1984,0,0,0,10,0,0,0,0,0,0
121380,3,1,1984,0,0,0,17,0,0,0,0,0,0
121381,1,1,1984,0,0,0,0,0,0,7,0,0,0
121381,2,1,1984,0,0,0,0,0,0,13,0,0,0
121382,1,1,1984,2,2,2,2,2,2,2,2,2,2
121382,2,1,1984,0,0,0,0,0,0,0,0,0,0
121383,1,1,1984,0,7,0,0,0,0,0,0,0,0
121383,2,1,1984,0,0,0,0,0,0,0,0,0,0
121384,0,1,1984,0,0,0,0,0,0,0,0,0,0
121384,1,1,1984,0,0,0,0,0,0,0,0,0,0
121385,1,1,1984,0,0,0,0,0,20,0,0,0,0
121385,2,1,1984,0,0,0,0,15,0,0,0,0,0
121386,1,1,1984,0,0,0,0,0,0,0,0,0,0
121386,2,1,1984,0,21,0,0,0,0,17,0,0,0
121387,1,1,1984,17,17,17,17,17,17,17,17,17,17
121388,0,1,1984,0,0,0,0,0,0,0,0,0,0
121388,1,1,1984,0,0,0,0,0,0,0,20,0,0
121389,1,1,1984,21,21,21,21,21,21,21,21,21,21
121390,1,1,1984,18,18,18,18,18,18,18,18,18,18
121390,2,1,1984,0,0,0,0,0,0,0,0,0,0
121390,3,1,1984,0,0,0,11,0,0,0,0,5,11
121390,4,1,1984,0,0,0,0,6,20,0,0,5,0
121391,0,1,1984,21,21,21,21,21,21,21,21,21,21
121391,1,1,1984,0,0,25,0,22,16,0,0,0,0
121392,1,1,1984,0,0,0,15,0,14,32,30,0,18
121393,1,1,1984,13,0,15,25,0,0,30,11,17,29
121393,2,1,1984,0,0,0,0,0,0,0,0,0,0
121394,1,1,1984,0,0,0,0,24,0,0,0,0,0
121394,2,1,1984,0,0,0,0,0,0,0,0,0,0
121395,1,1,1984,3,3,3,3,3,3,3,3,3,3
121396,1,1,1984,17,17,17,17,17,17,17,17,17,17
121396,2,1,1984,0,0,0,0,0,0,8,0,0,0
121397,1,1,1984,0,0,0,0,0,0,0,0,0,0
121397,2,1,1984,0,0,0,0,0,18,0,0,0,0
121398,1,1,1984,15,15,15,15,15,15,15,15,15,15
121399,1,1,1984,0,0,0,0,0,0,0,0,0,0
121399,2,1,1984,0,3,7,17,0,16,0,0,0,0
121400,0,1,1984,0,10,9,0,0,0,17,24,0,0
121400,1,1,1984,12,23,0,0,5,0,0,0,0,6
121401,1,1,1984,15,20,19,11,21,30,0,21,25,12
121401,2,1,1984,22,0,11,13,12,26,13,9,12,5
121402,0,1,1984,0,0,0,0,0,0,0,0,0,0
121402,1,1,1984,0,0,0,0,0,0,0,0,0,0
121403,1,1,1984,0,0,0,0,0,0,0,0,0,0
121404,1,1,1984,0,0,0,0,0,0,0,0,0,0
121404,2,1,1984,0,0,0,0,0,0,0,12,0,0
121405,1,1,1984,0,0,0,0,0,0,0,0,0,0
121405,2,1,1984,0,0,0,0,0,0,0,0,0,0
121405,3,1,1984,6,0,6,0,0,0,0,0,0,0
121406,1,1,1984,22,6,15,10,20,20,7,22,14,0
121406,2,1,1984,20,0,0,0,0,0,0,0,0,0
121407,1,1,1984,29,13,26,14,12,7,6,24,14,33
121408,0,1,1984,10,10,10,10,10,10,10,10,10,10
121408,1,1,1984,0,3,0,0,0,0,0,0,0,0
121409,0,1,1984,25,0,0,14,0,0,0,10,0,24
121409,1,1,1984,0,0,0,0,11,0,0,16,7,0
121410,0,1,1984,0,0,15,11,0,0,5,0,0,0
121410,1,1,1984,0,0,0,0,0,0,0,0,0,0
121411,1,1,1984,16,16,16,16,16,16,16,16,16,16
121412,1,1,1984,0,0,0,0,0,0,0,0,0,0
121412,2,1,1984,11,7,0,0,0,0,0,0,0,0
121413,1,1,1984,0,0,0,0,0,0,0,0,0,0
121413,2,1,1984,0,0,0,0,0,0,0,0,0,0
121414,1,1,1984,23,23,23,23,23,23,23,23,23,23
121415,1,1,1984,0,0,0,0,0,0,0,0,0,0
121415,2,1,1984,0,0,0,0,0,0,0,0,0,0
121415,3,1,1984,0,0,14,0,0,0,0,0,0,0
121416,1,1,1984,0,0,0,0,15,0,0,0,0,0
121416,2,1,1984,0,0,0,0,0,0,0,0,0,0
121417,1,1,1984,28,28,28,28,28,28,28,28,28,28
121417,2,1,1984,0,0,0,0,0,0,0,0,0,0
121417,3,1,1984,0,0,0,0,0,0,0,0,0,0
121417,4,1,1984,0,0,0,0,0,0,0,0,0,0
121418,1,1,1984,17,5,4,4,17,0,7,8,10,21
121418,2,1,1984,0,0,0,0,0,0,0,0,0,0
121419,0,1,1984,0,0,0,0,0,0,0,0,0,0
121419,0,2,1984,12,6,0,19,0,0,10,6,11,18
121419,1,1,1984,11,11,11,11,11,11,11,11,11,11
121420,1,1,1984,0,0,0,0,0,0,0,0,0,0
121421,0,1,1984,0,0,0,0,0,0,0,0,0,0
121421,0,2,1984,0,0,0,0,0,0,0,0,0,0
121421,1,1,1984,0,0,0,0,0,0,0,0,0,0
121422,1,1,1984,0,0,0,0,0,0,0,0,0,9
121423,1,1,1984,32,0,9,0,0,0,0,0,0,0
121423,2,1,1984,17,0,8,0,0,0,0,20,0,0
121424,1,1,1984,0,0,0,0,0,0,0,0,0,0
121425,1,1,1984,9,9,9,9,9,9,9,9,9,9
121426,1,1,1984,0,0,0,0,0,0,0,0,0,0
121426,2,1,1984,0,0,0,0,0,0,0,0,0,20
121427,1,1,1984,0,22,0,0,0,0,0,0,14,0
121427,2,1,1984,0,0,0,0,0,0,0,0,0,0
121428,0,1,1984,0,0,0,0,16,0,0,23,0,0
121428,1,1,1984,0,14,13,15,0,0,0,0,0,0
121429,1,1,1984,12,12,12,12,12,12,12,12,12,12
121430,1,1,1984,0,0,0,0,0,0,0,0,0,5
121430,2,1,1984,0,0,0,0,0,0,0,0,0,0
121431,1,1,1984,29,29,29,29,29,29,29,29,29,29
121431,2,1,1984,6,6,6,6,6,6,6,6,6,6
121431,3,1,1984,0,3,0,0,0,0,0,0,0,13
121432,0,1,1984,0,0,0,0,0,0,0,0,0,0
121432,1,1,1984,13,0,0,0,0,0,19,0,11,0
121433,0,1,1984,0,0,0,0,0,0,0,0,0,0
121433,1,1,1984,0,0,0,0,0,0,0,0,0,0
121433,2,1,1984,0,0,0,0,0,0,0,0,0,0
121434,1,1,1984,0,0,0,0,0,0,0,0,8,0
121434,2,1,1984,0,0,0,0,0,0,0,0,0,0
121435,0,1,1984,0,0,0,0,0,23,0,24,0,13
121435,1,1,1984,16,0,0,0,8,11,0,0,34,0
121436,1,1,1984,0,0,0,0,0,0,0,0,0,0
121436,2,1,1984,25,7,29,22,0,0,16,15,28,21
121437,1,1,1984,19,13,19,26,17,30,11,11,16,33
121438,1,1,1984,0,0,0,17,0,0,0,0,0,0
121438,2,1,1984,0,0,0,0,0,0,0,0,0,0
121439,0,1,1984,0,0,0,0,0,0,0,0,0,0
121439,1,1,1984,12,6,0,5,6,12,27,8,7,21
121440,1,1,1984,18,15,2,30,10,0,21,14,18,19
121441,0,1,1984,12,12,12,12,12,12,12,12,12,12
121441,1,1,1984,0,15,13,12,0,0,16,11,0,0
121442,1,1,1984,7,10,9,14,5,2,22,12,7,0
121443,1,1,1984,0,0,0,0,0,0,0,12,0,0
121444,1,1,1984,16,19,23,22,11,12,0,18,32,13
121445,1,1,1984,18,9,19,23,10,0,15,11,21,12
121445,2,1,1984,0,0,0,0,0,0,0,0,0,0
121446,1,1,1984,7,7,7,7,7,7,7,7,7,7
121447,1,1,1984,0,0,0,0,0,0,0,0,0,0
121447,2,1,1984,0,0,0,0,0,0,0,0,0,0
121448,1,1,1984,0,0,0,0,8,13,0,0,15,0
121449,1,1,1984,0,17,10,8,17,12,16,22,0,8
121449,2,1,1984,19,0,0,0,0,0,0,0,0,0
121450,0,1,1984,0,0,0,0,0,0,0,0,0,0
121450,1,1,1984,0,0,7,0,0,0,0,0,0,0
121451,1,1,1984,29,29,29,29,29,29,29,29,29,29
121452,0,1,1984,0,0,0,0,0,0,0,0,9,0
121452,1,1,1984,10,26,19,19,25,12,6,7,14,11
121453,0,1,1984,0,0,0,0,0,0,0,0,0,0
121453,1,1,1984,0,0,0,0,20,0,0,0,0,0
121454,1,1,1984,4,29,24,6,20,10,4,8,19,11
121454,2,1,1984,2,0,9,0,0,0,0,0,22,0
121455,0,1,1984,22,22,22,22,22,22,22,22,22,22
121455,1,1,1984,14,0,0,0,0,0,0,19,16,0
121456,1,1,1984,18,18,18,18,18,18,18,18,18,18
121457,1,1,1984,30,30,30,30,30,30,30,30,30,30
121457,2,1,1984,8,8,8,8,8,8,8,8,8,8
121457,3,1,1984,0,0,0,10,0,0,0,0,10,0
121458,1,1,1984,0,0,19,0,0,13,0,15,17,18
121459,1,1,1984,0,0,0,0,0,0,0,0,0,0
121459,2,1,1984,0,0,0,0,0,0,0,0,0,0
121460,1,1,1984,10,0,0,0,14,8,0,0,0,0
121460,2,1,1984,0,0,0,0,0,0,0,0,0,0
121460,3,1,1984,0,0,0,0,0,0,0,0,0,21
121461,1,1,1984,27,18,15,22,13,22,25,31,19,27
121461,2,1,1984,0,9,15,8,14,5,0,33,7,14
121462,1,1,1984,19,19,19,19,19,19,19,19,19,19
121462,2,1,1984,0,0,0,0,0,0,0,0,0,0
121463,1,1,1984,22,22,22,22,22,22,22,22,22,22
121464,1,1,1984,8,8,8,8,8,8,8,8,8,8
121465,1,1,1984,0,0,0,0,0,0,0,0,0,0
121465,2,1,1984,0,0,0,0,0,0,6,0,0,0
121466,1,1,1984,0,0,0,0,0,0,0,0,0,0
121466,2,1,1984,4,14,11,0,19,28,21,1,24,11
121467,0,1,1984,19,19,19,19,19,19,19,19,19,19
121467,1,1,1984,18,18,18,18,18,18,18,18,18,18
121468,1,1,1984,25,25,25,25,25,25,25,25,25,25
121468,2,1,1984,0,0,0,0,10,0,0,22,30,19
121469,1,1,1984,16,16,16,16,16,16,16,16,16,16
121470,1,1,1984,25,25,25,25,25,25,25,25,25,25
121470,2,1,1984,0,0,0,9,0,24,0,0,0,0
121471,1,1,1984,0,0,0,0,0,0,0,0,0,0
121472,1,1,1984,0,0,0,0,10,0,0,0,0,16
121472,2,1,1984,0,0,0,0,0,0,0,0,11,0
121473,1,1,1984,0,0,0,0,0,0,0,10,0,12
121473,2,1,1984,0,0,3,0,2,17,9,0,0,0
121474,1,1,1984,0,0,0,0,0,0,0,0,0,0
121475,1,1,1984,6,6,6,6,6,6,6,6,6,6
121476,1,1,1984,0,0,0,0,0,0,0,0,0,0
121476,2,1,1984,0,0,0,0,0,0,0,0,0,0
121477,1,1,1984,19,23,21,25,14,11,6,0,9,21
121478,1,1,1984,24,0,0,14,0,5,25,13,0,0
121479,1,1,1984,0,0,0,0,0,0,0,0,0,0
121479,2,1,1984,0,16,0,18,23,17,0,0,0,0
121480,1,1,1984,12,19,19,10,10,0,0,11,16,8
121481,0,1,1984,22,22,22,22,22,22,22,22,22,22
121481,1,1,1984,0,0,5,25,6,14,0,48,23,24
121482,1,1,1984,23,23,23,23,23,23,23,23,23,23
121483,0,1,1984,0,0,0,0,0,0,0,0,0,0
121483,1,1,1984,6,6,6,6,6,6,6,6,6,6
121484,1,1,1984,15,15,15,15,15,15,15,15,15,15
121485,0,1,1984,0,0,0,0,0,0,0,0,0,0
121485,1,1,1984,0,0,0,0,0,0,0,0,0,0
121486,1,1,1984,0,0,0,0,0,0,0,0,0,0
121487,1,1,1984,19,19,19,19,19,19,19,19,19,19
121488,1,1,1984,0,0,0,43,24,0,0,0,20,0
121488,2,1,1984,0,0,0,0,0,0,0,0,0,0
121489,1,1,1984,8,8,8,8,8,8,8,8,8,8
121489,2,1,1984,17,0,0,0,0,10,0,0,0,0
121490,0,1,1984,0,0,0,0,0,0,0,0,0,0
121490,1,1,1984,0,0,0,0,0,0,0,0,0,0
121491,1,1,1984,0,0,0,0,0,0,0,0,0,0
121491,2,1,1984,0,0,0,0,0,0,0,0,0,0
121492,1,1,1984,30,0,0,26,16,23,15,33,0,6
121492,2,1,1984,13,0,0,0,11,0,0,2,0,0
121493,1,1,1984,0,0,0,0,0,0,0,0,12,0
121493,2,1,1984,0,0,0,0,0,0,0,0,0,0
121494,1,1,1984,13,18,3,22,3,29,16,10,12,4
121495,1,1,1984,26,26,26,26,26,26,26,26,26,26
121496,1,1,1984,0,0,0,0,0,0,0,0,0,0
121496,2,1,1984,0,0,0,0,0,0,0,0,0,0
121497,1,1,1984,0,0,0,0,0,0,0,0,0,0
121497,2,1,1984,0,0,11,9,15,15,16,23,6,0
121498,0,1,1984,0,0,0,0,0,0,0,0,0,0
121498,1,1,1984,29,46,17,26,6,5,0,0,0,0
121499,1,1,1984,0,0,0,0,0,10,0,0,0,0
121499,2,1,1984,0,10,0,18,0,0,0,0,0,0
121500,1,1,1984,23,23,23,23,23,23,23,23,23,23
121500,2,1,1984,0,0,0,0,0,0,0,0,0,0
121501,1,1,1984,0,0,0,0,0,0,0,0,0,0
121501,2,1,1984,17,17,15,14,35,9,18,8,5,10
121502,0,1,1984,41,17,20,20,31,17,0,0,24,22
121502,1,1,1984,0,0,0,0,0,22,0,0,0,0
121503,1,1,1984,14,15,35,20,14,11,13,41,14,23
121504,0,1,1984,0,6,7,13,11,21,5,18,8,0
121504,1,1,1984,0,0,0,0,0,0,0,0,0,0
121505,1,1,1984,0,0,0,0,0,0,0,0,0,0
121506,1,1,1984,0,0,0,0,0,0,0,0,0,0
121506,2,1,1984,0,0,0,0,0,0,0,0,0,0
121506,3,1,1984,0,0,0,0,0,0,0,0,0,0
121507,1,1,1984,0,0,0,0,0,0,0,0,0,0
121508,1,1,1984,0,0,0,0,0,0,0,0,0,0
121508,2,1,1984,0,0,0,0,0,0,19,0,8,17
121509,1,1,1984,0,0,0,0,0,0,0,0,0,0
121510,1,1,1984,22,1,22,19,25,5,14,14,15,9
121511,1,1,1984,0,0,0,0,0,0,0,0,0,0
121511,2,1,1984,0,0,0,0,0,0,0,0,0,0
121512,1,1,1984,0,0,0,0,0,0,0,0,0,0
121513,1,1,1984,7,20,27,20,30,25,11,30,5,19
121514,0,1,1984,14,0,0,13,20,10,0,17,0,0
121514,1,1,1984,0,0,0,0,0,0,0,0,0,0
121514,2,1,1984,0,0,0,0,0,0,0,0,0,0
121515,0,1,1984,19,0,27,27,35,23,21,18,23,24
121515,1,1,1984,38,12,9,17,21,15,16,31,14,17
121516,1,1,1984,22,22,22,22,22,22,22,22,22,22
121517,1,1,1984,16,16,16,16,16,16,16,16,16,16
121517,2,1,1984,0,0,0,0,0,0,0,0,0,0
121518,1,1,1984,21,16,12,16,15,6,17,4,15,8
121518,2,1,1984,5,30,27,10,14,22,27,14,15,11
121519,1,1,1984,21,23,26,9,33,15,15,19,24,18
121520,0,1,1984,0,14,34,32,24,18,0,0,0,18
121520,1,1,1984,0,0,0,19,0,0,0,18,15,0
121521,1,1,1984,0,0,0,0,0,0,0,0,0,0
121521,2,1,1984,0,0,0,6,0,0,0,0,0,0
121522,0,1,1984,0,0,0,20,0,0,0,18,0,0
121522,1,1,1984,0,0,0,0,0,0,0,0,0,0
121523,1,1,1984,0,0,19,0,0,20,0,0,24,0
121524,1,1,1984,14,14,14,14,14,14,14,14,14,14
121524,2,1,1984,0,0,0,0,0,0,0,0,0,0
121525,1,1,1984,0,0,7,0,0,0,0,0,0,0
121525,2,1,1984,0,0,0,0,0,0,0,0,0,0
121526,1,1,1984,0,0,0,0,0,0,0,0,0,0
121526,2,1,1984,0,0,0,0,0,0,0,0,0,0
121527,1,1,1984,6,6,6,6,6,6,6,6,6,6
121528,1,1,1984,7,7,7,7,7,7,7,7,7,7
121528,2,1,1984,0,0,0,0,0,0,0,0,0,0
121529,0,1,1984,35,0,33,0,0,0,0,43,20,0
121529,1,1,1984,0,0,0,0,0,0,0,0,0,25
121530,0,1,1984,0,0,0,0,0,0,0,0,0,0
121530,1,1,1984,0,17,0,0,0,0,0,0,0,0
121531,1,1,1984,0,0,0,0,0,0,0,0,0,13
121531,2,1,1984,0,0,0,0,0,0,0,0,0,0
121531,3,1,1984,0,0,0,0,0,0,0,0,0,0
121531,4,1,1984,0,0,0,0,0,0,0,0,0,0
121531,5,1,1984,0,0,0,0,0,0,0,0,0,0
121532,1,1,1984,0,0,0,0,0,0,0,0,0,0
121532,2,1,1984,15,15,15,15,15,15,15,15,15,15
121533,1,1,1984,16,16,16,16,16,16,16,16,16,16
121534,0,1,1984,0,0,0,0,0,0,0,0,0,0
121534,1,1,1984,0,0,0,0,0,0,0,0,0,0
121535,1,1,1984,6,6,6,6,6,6,6,6,6,6
121536,0,1,1984,0,0,0,0,0,0,0,0,0,0
121536,1,1,1984,0,0,0,0,0,0,0,0,0,0
121537,1,1,1984,0,0,0,0,0,0,0,0,0,0
121537,2,1,1984,0,0,0,0,0,0,0,0,0,0
121538,0,1,1984,0,0,0,0,0,0,0,0,0,0
121538,1,1,1984,18,0,0,0,0,0,6,0,0,0
121539,0,1,1984,0,0,20,0,0,16,0,0,0,0
121539,0,2,1984,0,0,0,0,0,0,0,0,0,0
121539,1,1,1984,0,0,0,0,0,0,0,0,0,0
121540,0,1,1984,24,0,0,19,0,0,0,0,20,13
121540,1,1,1984,0,14,0,21,0,0,0,0,0,0
121541,1,1,1984,0,0,0,0,0,0,0,0,0,0
121541,2,1,1984,0,0,0,0,0,0,0,0,0,0
121541,3,1,1984,7,0,0,0,0,0,0,0,0,0
121542,1,1,1984,0,0,0,0,0,0,0,0,0,0
121542,2,1,1984,0,0,0,0,0,0,0,0,0,0
121543,1,1,1984,0,7,9,0,13,0,11,0,0,0
121544,1,1,1984,0,0,0,0,0,0,0,0,0,0
121544,2,1,1984,0,0,21,7,0,0,0,0,0,0
121545,1,1,1984,28,28,28,28,28,28,28,28,28,28
121545,2,1,1984,13,13,13,13,13,13,13,13,13,13
121546,1,1,1984,0,17,0,0,0,0,0,0,0,0
121546,2,1,1984,0,0,0,22,0,0,0,0,0,0
121547,1,1,1984,30,12,2,22,15,4,16,14,0,8
121548,1,1,1984,0,0,0,0,0,0,0,0,0,0
121548,2,1,1984,0,0,0,0,0,0,0,0,0,0
121549,1,1,1984,24,24,24,24,24,24,24,24,24,24
121549,2,1,1984,0,0,0,0,0,0,0,0,0,0
121550,1,1,1984,0,0,0,0,0,0,0,0,0,0
121550,2,1,1984,0,0,0,0,0,0,0,0,0,0
121551,1,1,1984,20,18,4,8,0,25,17,18,13,20
121551,2,1,1984,0,9,0,0,0,0,0,0,0,0
121552,1,1,1984,19,19,19,19,19,19,19,19,19,19
121553,1,1,1984,6,6,6,6,6,6,6,6,6,6
121553,2,1,1984,0,0,0,0,0,0,0,0,0,0
121553,3,1,1984,0,0,0,0,0,0,0,0,0,0
121554,1,1,1984,20,20,20,20,20,20,20,20,20,20
121555,0,1,1984,0,0,0,0,0,0,0,0,0,0
121555,1,1,1984,0,0,0,0,0,0,0,8,0,0
121556,1,1,1984,16,16,16,16,16,16,16,16,16,16
121557,0,1,1984,0,0,0,0,0,0,0,0,0,0
121557,1,1,1984,2,2,2,2,2,2,2,2,2,2
121558,0,1,1984,0,0,0,0,0,0,0,0,0,0
121558,1,1,1984,0,0,0,0,0,0,0,0,0,0
121559,1,1,1984,0,0,0,0,9,0,0,0,0,0
121560,1,1,1984,0,0,0,0,0,0,0,0,11,18
121561,0,1,1984,0,0,0,0,0,0,0,0,0,0
121561,1,1,1984,0,0,0,0,0,0,0,0,0,0
121562,0,1,1984,0,0,0,0,0,0,0,0,0,0
121562,1,1,1984,0,0,0,0,0,0,0,0,0,0
121563,0,1,1984,25,0,0,25,20,25,36,20,31,8
121563,1,1,1984,0,15,9,0,0,0,52,3,8,15
121564,0,1,1984,0,0,0,0,0,0,0,0,0,0
121564,1,1,1984,0,0,0,0,0,0,0,0,0,0
121565,0,1,1984,0,0,0,0,0,0,0,0,0,0
121565,1,1,1984,0,0,0,0,0,0,0,0,0,0
121566,1,1,1984,0,0,0,0,0,0,0,0,0,0
121566,2,1,1984,0,0,0,0,0,0,0,0,0,0
121567,0,1,1984,0,0,0,0,0,0,0,0,16,0
121567,1,1,1984,0,0,0,0,0,0,0,0,0,0
121568,1,1,1984,20,20,20,20,20,20,20,20,20,20
121569,0,1,1984,20,28,18,0,19,28,15,19,21,0
121569,1,1,1984,15,39,9,21,7,23,9,0,11,16
121570,1,1,1984,10,32,5,16,0,16,6,9,16,20
121570,2,1,1984,12,15,0,0,0,9,16,0,0,6
121571,1,1,1984,11,20,15,12,17,33,19,12,13,12
121571,2,1,1984,0,0,0,0,0,23,10,0,0,0
121572,1,1,1984,7,0,0,0,0,0,0,0,0,0
121572,2,1,1984,0,0,0,0,0,20,0,0,0,0
121573,0,1,1984,0,0,0,0,0,0,0,0,0,0
121573,2,1,1984,0,0,0,0,0,0,0,14,0,0
121574,0,1,1984,22,22,22,22,22,22,22,22,22,22
121574,1,1,1984,0,0,0,0,0,0,0,0,0,0
121574,2,1,1984,24,13,0,0,0,0,0,0,36,0
121575,1,1,1984,0,0,0,0,0,0,0,0,0,0
121575,2,1,1984,0,0,0,0,0,0,0,0,0,0
121576,0,1,1984,0,0,0,0,0,0,0,0,0,0
121576,1,1,1984,0,0,0,0,0,0,0,0,0,0
121577,1,1,1984,0,0,0,0,0,0,0,0,0,0
121577,2,1,1984,0,0,0,0,0,0,0,0,0,0
121578,0,1,1984,0,0,0,0,0,0,0,0,0,0
121578,1,1,1984,0,0,0,0,0,0,0,0,0,0
121579,0,1,1984,0,0,0,0,0,0,0,0,0,0
121579,1,1,1984,0,0,0,0,0,0,0,0,0,0
121580,0,1,1984,0,0,0,0,0,0,0,0,0,0
121580,1,1,1984,0,0,0,0,0,0,0,0,0,0
121581,1,1,1984,0,0,0,0,0,0,0,0,0,0
121581,2,1,1984,0,0,0,0,0,0,0,0,0,0
121582,1,1,1984,0,0,22,11,0,0,26,0,0,0
121583,1,1,1984,0,0,0,0,0,0,0,0,0,0
121584,1,1,1984,0,0,0,0,0,0,0,0,0,0
121584,2,1,1984,0,0,0,0,0,0,0,0,0,0
121585,0,1,1984,5,17,40,20,23,15,7,23,0,30
121585,1,1,1984,8,0,23,0,0,0,0,0,0,0
121586,0,1,1984,16,16,16,16,16,16,16,16,16,16
121586,1,1,1984,0,10,0,0,0,25,0,0,0,0
121587,0,1,1984,0,0,0,0,0,0,0,0,0,0
121587,1,1,1984,5,0,9,0,0,0,0,0,0,0
121587,2,1,1984,0,0,0,0,0,0,0,0,23,0
121588,1,1,1984,7,0,0,0,0,0,0,0,0,0
121588,2,1,1984,0,0,0,0,0,0,0,0,0,0
121589,0,1,1984,0,0,0,0,0,0,0,0,0,0
121589,1,1,1984,0,0,0,0,0,0,0,0,0,0
121590,0,1,1984,27,27,27,27,27,27,27,27,27,27
121590,1,1,1984,9,21,9,4,23,21,23,16,22,13
121591,0,1,1984,0,0,0,0,0,0,0,0,0,0
121591,1,1,1984,0,0,0,0,6,0,0,0,0,0
121592,1,1,1984,26,26,26,26,26,26,26,26,26,26
121592,2,1,1984,0,0,0,0,0,0,0,0,0,0
121593,1,1,1984,0,0,0,0,0,0,0,0,0,0
121593,2,1,1984,0,0,0,0,0,0,0,0,9,0
121593,3,1,1984,0,0,0,0,0,0,0,0,0,0
121594,1,1,1984,0,0,0,0,0,0,0,0,0,0
121594,2,1,1984,0,0,6,0,0,0,0,0,0,0
121595,1,1,1984,0,0,18,0,14,0,20,0,27,10
121596,1,1,1984,4,4,4,4,4,4,4,4,4,4
121596,2,1,1984,0,4,11,0,0,0,0,0,0,0
121597,1,1,1984,22,13,4,17,20,24,32,29,12,28
121598,1,1,1984,7,0,21,11,25,24,12,42,10,39
121598,2,1,1984,0,0,0,8,0,0,0,11,0,0
121598,3,1,1984,31,15,19,12,5,19,30,13,6,0
121599,0,1,1984,28,28,28,28,28,28,28,28,28,28
121599,1,1,1984,0,0,0,0,0,0,0,0,0,0
121600,0,1,1984,0,0,0,0,0,0,0,0,0,0
121600,0,2,1984,0,0,0,0,31,8,0,0,0,0
121600,0,3,1984,0,0,0,0,16,0,13,0,0,0
121600,1,1,1984,6,0,0,0,0,11,15,0,0,0
121601,1,1,1984,15,15,15,15,15,15,15,15,15,15
121602,0,1,1984,0,0,0,0,0,0,0,0,0,0
121602,1,1,1984,6,6,6,6,6,6,6,6,6,6
121603,1,1,1984,11,15,0,0,0,9,0,0,0,0
121603,2,1,1984,12,12,12,12,12,12,12,12,12,12
121604,1,1,1984,0,0,0,0,0,0,0,0,0,0
121604,2,1,1984,0,0,0,0,0,0,0,0,0,9
121605,1,1,1984,17,17,17,17,17,17,17,17,17,17