ST_CASE,VEH_NO,PER_NO,YEAR,P1,P2,P3,P4,P5,P6,P7,P8,P9,P10
121606,1,1,1984,0,0,0,0,0,0,0,0,0,0
121606,2,1,1984,0,0,0,9,0,0,16,0,0,0
121607,1,1,1984,26,15,10,13,14,37,14,20,21,13
121608,0,1,1984,4,4,4,4,4,4,4,4,4,4
121608,1,1,1984,0,0,0,0,0,0,0,0,0,0
121609,1,1,1984,20,14,22,0,24,11,13,8,0,5
121610,1,1,1984,0,0,0,0,0,0,0,0,0,0
121610,2,1,1984,0,0,0,0,0,0,0,0,0,0
121611,0,1,1984,0,0,0,0,0,0,0,0,0,0
121611,1,1,1984,15,0,0,0,0,0,36,18,0,0
121612,0,1,1984,0,0,0,0,0,0,0,0,0,0
121612,1,1,1984,0,0,0,0,0,0,0,0,0,0
121613,1,1,1984,0,0,0,0,0,0,0,15,0,0
121613,2,1,1984,0,0,0,7,0,0,0,0,0,0
121613,3,1,1984,0,20,0,0,0,19,0,0,0,0
121614,1,1,1984,30,13,22,29,10,38,22,14,17,0
121615,1,1,1984,0,0,0,0,0,0,0,0,0,0
121615,2,1,1984,0,0,0,0,0,0,0,0,0,0
121616,1,1,1984,0,0,0,0,0,0,14,0,0,0
121616,2,1,1984,0,0,0,0,0,0,20,0,0,0
121617,1,1,1984,6,15,20,13,16,11,0,2,23,12
121617,2,1,1984,0,0,0,0,0,0,0,0,0,0
121618,1,1,1984,0,1,0,0,0,0,0,0,0,0
121618,2,1,1984,0,0,0,0,0,0,0,0,0,0
121619,1,1,1984,21,21,21,21,21,21,21,21,21,21
121620,0,1,1984,27,27,27,27,27,27,27,27,27,27
121620,1,1,1984,0,0,0,14,0,0,7,0,0,0
121621,1,1,1984,0,0,0,0,0,0,0,0,0,0
121621,2,1,1984,15,0,15,8,18,0,9,0,10,0
121622,1,1,1984,12,19,0,0,15,22,12,15,17,17
121622,2,1,1984,18,18,18,18,18,18,18,18,18,18
121623,1,1,1984,0,0,0,0,0,0,0,0,0,0
121623,2,1,1984,0,0,0,0,0,0,0,0,0,0
121624,1,1,1984,12,0,0,14,11,19,21,11,12,13
121625,0,1,1984,0,0,0,0,0,0,0,0,0,0
121625,1,1,1984,0,0,0,0,0,0,0,0,0,0
121626,1,1,1984,0,0,0,0,0,0,0,0,0,0
121626,2,1,1984,0,0,0,0,0,0,0,0,0,0
121626,3,1,1984,0,0,0,0,0,0,0,0,0,0
121627,1,1,1984,15,24,9,17,4,7,8,16,20,6
121627,2,1,1984,0,0,0,0,0,0,0,0,0,0
121628,1,1,1984,22,16,23,0,0,14,10,25,16,0
121629,1,1,1984,20,20,20,20,20,20,20,20,20,20
121630,1,1,1984,10,9,11,13,4,2,4,19,7,27
121630,2,1,1984,0,0,0,0,0,0,0,0,0,17
121631,0,1,1984,0,0,0,0,0,0,0,0,0,0
121631,1,1,1984,0,0,0,0,20,0,0,0,0,0
121632,1,1,1984,19,19,19,19,19,19,19,19,19,19
121632,2,1,1984,24,25,0,31,0,16,18,16,0,0
121633,1,1,1984,19,0,0,0,0,0,0,0,0,0
121633,2,1,1984,0,0,0,0,0,0,0,0,0,0
121634,1,1,1984,0,0,0,0,0,0,0,0,0,0
121634,2,1,1984,0,0,0,0,0,0,0,0,0,0
121635,1,1,1984,5,5,5,5,5,5,5,5,5,5
121636,1,1,1984,7,0,0,0,0,0,0,0,0,0
121636,2,1,1984,0,0,0,0,0,0,0,0,0,0
121637,1,1,1984,0,0,0,0,0,0,0,0,0,0
121637,2,1,1984,0,0,0,0,0,0,0,0,0,0
121638,1,1,1984,0,0,0,0,0,0,20,0,0,0
121638,2,1,1984,0,0,0,0,0,19,0,0,0,0
121639,1,1,1984,0,0,0,0,0,0,0,0,0,0
121639,2,1,1984,0,0,0,0,0,0,0,0,0,10
121640,0,1,1984,16,0,15,0,25,22,6,0,11,4
121640,1,1,1984,0,0,0,15,0,31,0,0,2,0
121641,1,1,1984,0,0,0,0,0,0,0,0,0,0
121641,2,1,1984,0,0,0,0,0,0,0,0,0,0
121642,1,1,1984,9,22,0,25,0,26,22,0,20,0
121643,1,1,1984,0,0,0,0,0,0,0,0,0,0
121643,2,1,1984,0,0,0,0,0,0,0,0,0,0
121644,0,1,1984,0,0,0,0,0,0,0,0,0,0
121644,1,1,1984,31,0,0,0,0,0,0,0,0,0
121645,1,1,1984,24,24,24,24,24,24,24,24,24,24
121646,0,1,1984,3,3,3,3,3,3,3,3,3,3
121646,1,1,1984,0,0,0,0,0,16,0,0,0,0
121647,1,1,1984,0,0,0,0,0,0,0,0,0,0
121648,1,1,1984,0,13,0,0,0,0,12,13,21,0
121648,2,1,1984,0,0,0,4,0,0,0,0,0,0
121649,1,1,1984,26,26,26,26,26,26,26,26,26,26
121650,0,1,1984,0,4,0,13,21,0,0,0,0,0
121650,1,1,1984,0,0,0,0,24,0,16,0,0,4
121651,1,1,1984,2,2,2,2,2,2,2,2,2,2
121652,1,1,1984,0,0,0,0,0,0,0,0,0,0
121652,2,1,1984,0,13,0,0,0,0,0,0,0,0
121653,1,1,1984,0,0,0,0,0,0,0,0,0,0
121653,2,1,1984,0,0,0,0,0,0,0,0,0,0
121654,1,1,1984,16,16,16,16,16,16,16,16,16,16
121655,0,1,1984,0,0,0,0,0,0,0,0,0,0
121655,1,1,1984,0,0,0,0,0,0,0,0,0,0
121656,1,1,1984,22,0,0,0,0,0,0,0,0,0
121656,2,1,1984,0,0,0,0,15,0,0,0,0,0
121657,1,1,1984,0,0,0,0,25,19,24,0,0,14
121657,2,1,1984,0,0,13,0,0,0,0,0,0,0
121658,1,1,1984,16,0,0,0,17,7,21,0,0,26
121659,0,1,1984,0,0,0,0,0,21,0,15,14,0
121659,1,1,1984,0,0,0,0,0,0,0,0,0,0
121659,2,1,1984,0,0,0,0,0,0,0,0,0,0
121659,3,1,1984,0,0,0,9,0,0,0,0,0,0
121659,4,1,1984,0,0,0,0,0,0,0,0,0,0
121660,0,1,1984,0,2,33,0,7,16,0,23,0,20
121660,1,1,1984,10,23,16,12,14,13,16,30,0,19
121661,1,1,1984,17,17,5,21,13,33,17,9,14,31
121662,0,1,1984,0,0,0,0,0,0,0,0,0,13
121662,1,1,1984,0,0,0,0,0,0,0,0,0,0
121663,0,1,1984,0,0,0,0,0,0,0,0,0,0
121663,0,2,1984,0,0,0,0,18,0,8,0,0,26
121663,1,1,1984,20,0,16,21,0,0,0,0,0,0
121664,1,1,1984,5,5,5,5,5,5,5,5,5,5
121664,2,1,1984,0,0,0,0,0,0,0,0,0,0
121664,3,1,1984,0,0,0,25,0,0,0,0,0,0
121665,0,1,1984,0,0,0,0,0,0,0,0,0,0
121665,1,1,1984,0,0,0,0,0,0,0,0,0,0
121667,1,1,1984,0,0,0,0,0,0,0,0,0,0
121667,2,1,1984,0,0,0,0,0,0,0,0,0,0
121668,1,1,1984,0,0,0,0,0,0,0,0,0,0
121668,2,1,1984,0,0,0,0,0,0,0,0,0,0
121669,1,1,1984,0,0,0,0,0,0,0,0,0,0
121669,2,1,1984,0,0,0,0,0,0,0,0,0,0
121669,3,1,1984,0,0,0,0,0,0,0,0,0,0
121670,1,1,1984,15,12,27,17,7,13,12,10,17,16
121671,1,1,1984,0,0,0,0,0,0,0,0,0,0
121671,2,1,1984,8,8,8,8,8,8,8,8,8,8
121672,0,1,1984,0,0,0,0,0,0,0,0,0,0
121672,1,1,1984,0,0,0,0,0,0,0,0,0,0
121673,1,1,1984,16,18,8,9,11,0,9,23,0,7
121674,0,1,1984,33,0,13,20,28,0,0,22,5,19
121674,1,1,1984,0,0,0,0,0,11,0,0,0,0
121675,0,1,1984,0,0,0,0,0,0,0,0,0,0
121675,1,1,1984,20,0,0,26,0,0,0,0,0,0
121676,1,1,1984,0,0,0,0,6,0,13,0,5,10
121676,2,1,1984,0,0,0,0,0,0,0,0,0,0
121677,0,1,1984,0,0,0,0,0,0,0,0,0,0
121677,1,1,1984,0,0,6,0,0,0,0,0,10,7
121678,0,1,1984,30,30,30,30,30,30,30,30,30,30
121678,1,1,1984,0,9,29,18,17,22,21,20,14,10
121679,1,1,1984,0,11,0,0,0,0,0,0,0,0
121679,2,1,1984,0,0,0,0,0,0,0,0,0,0
121680,0,1,1984,3,0,0,0,0,16,0,0,27,0
121680,1,1,1984,0,0,0,0,0,0,0,0,0,0
121681,0,1,1984,0,0,0,0,0,0,0,0,0,0
121681,0,2,1984,0,0,0,0,0,0,0,0,0,0
121681,0,3,1984,0,0,0,22,0,0,0,17,0,0
121681,1,1,1984,0,0,0,0,12,0,0,0,0,0
121682,0,1,1984,0,0,0,0,0,0,0,0,0,0
121682,1,1,1984,0,0,0,0,0,0,0,0,0,0
121683,0,1,1984,13,13,13,13,13,13,13,13,13,13
121683,1,1,1984,0,0,0,0,0,0,0,0,0,0
121684,0,1,1984,10,0,0,0,0,0,0,5,0,0
121684,1,1,1984,0,16,18,0,9,0,0,24,0,0
121685,1,1,1984,0,0,0,0,0,0,0,0,0,0
121685,2,1,1984,27,0,15,0,0,0,0,0,0,0
121686,0,1,1984,7,7,7,7,7,7,7,7,7,7
121686,1,1,1984,11,0,6,0,8,0,26,6,6,14
121687,1,1,1984,0,0,0,0,0,0,0,0,0,0
121687,2,1,1984,0,0,16,0,0,0,0,0,0,0
121688,1,1,1984,18,4,24,7,14,19,4,18,17,35
121688,2,1,1984,21,21,21,21,21,21,21,21,21,21
121689,1,1,1984,0,0,0,0,0,0,0,0,0,9
121689,2,1,1984,0,0,8,0,0,0,0,0,0,0
121690,0,1,1984,0,0,0,0,0,0,0,0,0,0
121690,1,1,1984,12,25,18,10,20,19,20,0,19,13
121691,1,1,1984,0,0,0,0,12,0,0,8,0,0
121692,0,1,1984,0,0,0,0,0,0,0,0,0,0
121692,1,1,1984,0,0,6,0,0,0,0,3,0,0
121693,1,1,1984,0,0,0,0,0,0,0,0,0,0
121693,2,1,1984,0,13,13,29,17,21,9,0,11,14
121694,1,1,1984,17,17,17,17,17,17,17,17,17,17
121694,2,1,1984,0,0,0,0,0,0,0,0,0,0
121695,1,1,1984,21,21,21,21,21,21,21,21,21,21
121696,0,1,1984,0,0,0,0,0,0,0,0,0,0
121696,1,1,1984,0,0,0,0,0,0,0,0,0,0
121697,1,1,1984,0,0,0,0,7,0,0,0,0,0
121697,2,1,1984,0,0,0,0,0,0,0,0,0,0
121698,1,1,1984,25,0,17,12,23,29,15,0,28,25
121699,0,1,1984,0,0,0,0,0,0,0,0,0,0
121699,1,1,1984,0,0,0,0,0,0,0,0,0,0
121700,0,1,1984,0,0,0,0,0,0,0,0,0,0
121700,1,1,1984,0,0,0,0,0,0,0,0,0,0
121701,1,1,1984,25,16,20,21,20,17,20,20,11,0
121701,2,1,1984,0,0,0,0,0,0,0,0,0,0
121702,1,1,1984,0,0,0,0,0,0,0,0,0,0
121702,2,1,1984,9,0,2,0,0,0,0,19,0,0
121703,1,1,1984,0,9,17,29,0,26,32,20,6,30
121704,1,1,1984,11,20,5,16,32,22,16,16,8,15
121705,1,1,1984,11,11,11,11,11,11,11,11,11,11
121706,1,1,1984,33,33,33,33,33,33,33,33,33,33
121707,0,1,1984,30,30,30,30,30,30,30,30,30,30
121707,1,1,1984,15,23,0,14,13,16,7,20,11,33
121708,1,1,1984,16,16,16,16,16,16,16,16,16,16
121709,1,1,1984,18,19,18,0,11,0,18,13,19,35
121709,2,1,1984,5,0,0,0,0,15,10,0,0,0
121710,1,1,1984,16,16,16,16,16,16,16,16,16,16
121711,1,1,1984,5,5,5,5,5,5,5,5,5,5
121712,1,1,1984,16,16,16,16,16,16,16,16,16,16
121712,2,1,1984,0,0,0,0,0,0,0,12,0,0
121713,1,1,1984,0,0,0,0,0,0,0,5,0,0
121714,1,1,1984,0,0,0,0,0,12,21,0,0,0
121715,0,1,1984,0,0,0,0,0,0,0,0,0,0
121715,1,1,1984,0,0,3,17,0,0,0,0,0,0
121716,1,1,1984,29,29,29,29,29,29,29,29,29,29
121717,0,1,1984,6,6,6,6,6,6,6,6,6,6
121717,1,1,1984,0,0,0,0,0,13,0,0,0,0
121718,1,1,1984,1,1,1,1,1,1,1,1,1,1
121719,1,1,1984,0,0,0,0,0,0,0,0,0,0
121720,0,1,1984,0,0,0,0,15,0,21,23,0,22
121720,1,1,1984,0,0,0,0,0,22,0,0,0,0
121721,1,1,1984,34,34,34,34,34,34,34,34,34,34
121722,1,1,1984,0,0,0,0,0,0,0,0,0,0
121722,2,1,1984,0,0,0,19,0,0,16,0,0,0
121723,0,1,1984,18,0,0,18,0,12,0,0,33,12
121723,1,1,1984,13,13,0,0,0,0,8,0,9,16
121724,0,1,1984,0,0,39,14,0,0,15,21,0,0
121724,1,1,1984,0,13,0,0,0,18,0,0,0,0
121725,0,1,1984,21,21,21,21,21,21,21,21,21,21
121725,1,1,1984,0,0,0,0,25,0,0,0,0,0
121726,0,1,1984,0,0,0,0,0,0,0,0,0,21
121726,1,1,1984,34,0,0,0,0,24,0,0,0,0
121727,0,1,1984,0,0,18,0,0,0,0,6,0,0
121727,1,1,1984,5,24,19,29,22,13,12,13,2,14
121728,0,1,1984,1,1,1,1,1,1,1,1,1,1
121728,1,1,1984,0,0,0,0,0,0,0,0,0,0
121729,1,1,1984,13,13,13,13,13,13,13,13,13,13
121730,0,1,1984,25,25,25,25,25,25,25,25,25,25
121730,1,1,1984,0,0,0,0,0,0,0,0,0,0
121731,0,1,1984,0,0,0,0,0,0,0,0,0,0
121731,0,2,1984,0,0,0,0,0,0,0,0,0,0
121731,1,1,1984,0,0,0,0,0,0,0,0,0,0
121731,2,1,1984,0,0,0,11,0,0,0,0,0,0
121732,1,1,1984,9,9,9,9,9,9,9,9,9,9
121733,1,1,1984,3,3,3,3,3,3,3,3,3,3
121733,2,1,1984,0,0,0,0,0,0,0,0,0,0
121734,1,1,1984,0,0,0,0,0,0,0,0,0,0
121734,2,1,1984,11,12,5,20,12,13,13,16,7,21
121735,0,1,1984,15,32,12,8,12,0,21,16,36,11
121735,1,1,1984,0,0,0,0,0,6,0,0,0,0
121736,1,1,1984,0,27,0,0,0,15,0,0,0,0
121736,2,1,1984,0,0,0,0,0,0,0,0,0,0
121737,1,1,1984,0,0,0,9,0,0,0,0,0,0
121737,2,1,1984,0,0,12,0,0,0,6,4,0,0
121738,0,1,1984,18,12,11,32,25,28,29,19,7,21
121738,1,1,1984,0,0,0,0,0,0,0,0,0,0
121739,0,1,1984,0,0,0,0,0,0,0,0,0,0
121739,1,1,1984,0,17,4,0,0,0,0,6,0,14
121740,1,1,1984,10,17,15,31,23,20,11,8,17,5
121740,2,1,1984,0,14,0,0,12,0,0,0,14,0
121741,0,1,1984,0,0,0,0,0,0,0,0,0,0
121741,1,1,1984,0,0,0,0,0,0,0,20,0,0
121742,1,1,1984,24,20,0,0,25,0,0,0,0,0
121742,2,1,1984,0,0,0,0,0,0,0,0,11,0
121743,0,1,1984,3,3,3,3,3,3,3,3,3,3
121743,1,1,1984,0,0,0,0,0,0,0,0,0,0
121744,1,1,1984,0,0,0,0,0,0,0,0,0,0
121745,0,1,1984,0,0,0,18,0,0,0,0,0,0
121745,1,1,1984,0,0,0,0,0,0,0,0,0,0
121746,0,1,1984,0,20,15,16,19,20,5,26,23,0
121746,1,1,1984,19,0,20,25,0,0,0,0,0,0
121747,0,1,1984,8,8,8,8,8,8,8,8,8,8
121747,1,1,1984,0,0,0,0,0,18,0,0,0,0
121748,1,1,1984,11,11,11,11,11,11,11,11,11,11
121749,0,1,1984,15,15,15,15,15,15,15,15,15,15
121749,1,1,1984,10,10,10,10,10,10,10,10,10,10
121750,0,1,1984,15,15,15,15,15,15,15,15,15,15
121750,1,1,1984,0,0,0,0,0,0,0,0,0,0
121751,0,1,1984,31,31,31,31,31,31,31,31,31,31
121751,1,1,1984,0,0,0,0,0,0,0,0,0,0
121752,1,1,1984,0,0,0,0,3,0,0,0,0,0
121752,2,1,1984,0,22,0,24,0,0,0,0,0,0
121753,1,1,1984,9,9,9,9,9,9,9,9,9,9
121753,2,1,1984,0,0,0,0,0,0,0,0,0,0
121754,1,1,1984,0,0,0,0,0,0,0,0,0,0
121754,2,1,1984,0,0,0,0,0,0,0,0,0,0
121755,1,1,1984,0,0,0,0,0,0,0,0,0,0
121756,0,1,1984,0,15,0,0,0,0,0,0,0,0
121756,1,1,1984,0,0,0,0,0,0,0,0,0,0
121757,0,1,1984,0,0,0,0,0,0,0,0,0,0
121757,1,1,1984,0,0,0,0,0,0,0,0,0,0
121758,1,1,1984,17,17,17,17,17,17,17,17,17,17
121759,1,1,1984,0,0,0,0,0,0,18,0,0,0
121759,2,1,1984,0,0,0,0,0,0,0,0,0,0
121760,1,1,1984,0,0,0,0,0,0,0,0,0,0
121760,2,1,1984,0,0,0,0,0,0,0,0,0,0
121760,3,1,1984,0,0,0,0,0,0,0,0,0,0
121761,1,1,1984,17,17,17,17,17,17,17,17,17,17
121762,1,1,1984,13,14,0,11,23,0,3,11,20,3
121763,1,1,1984,0,19,0,0,14,0,0,0,0,0
121764,1,1,1984,7,16,22,11,20,10,15,24,18,7
121764,2,1,1984,0,0,0,0,0,0,0,0,0,0
121765,1,1,1984,0,0,0,0,0,0,0,0,0,0
121765,2,1,1984,0,0,0,0,0,0,0,0,0,0
121766,1,1,1984,21,21,21,21,21,21,21,21,21,21
121767,1,1,1984,0,0,0,0,0,0,0,0,0,0
121767,2,1,1984,0,0,0,0,0,0,0,0,0,0
121768,1,1,1984,0,0,0,0,0,0,0,0,0,0
121768,2,1,1984,0,0,0,0,0,0,0,0,0,0
121769,1,1,1984,19,19,19,19,19,19,19,19,19,19
121770,0,1,1984,0,0,0,0,0,0,0,0,0,0
121770,0,2,1984,23,0,22,7,14,9,4,0,32,10
121770,1,1,1984,0,0,21,0,0,0,0,11,0,0
121771,1,1,1984,0,0,0,0,0,0,0,0,0,0
121771,2,1,1984,0,0,0,0,0,0,0,0,0,0
121771,3,1,1984,0,0,0,0,0,0,0,0,0,0
121772,1,1,1984,11,11,11,11,11,11,11,11,11,11
121773,1,1,1984,21,9,30,21,9,16,23,22,14,19
121774,0,1,1984,0,0,0,0,0,0,0,0,0,0
121774,1,1,1984,20,20,20,20,20,20,20,20,20,20
121775,0,1,1984,0,0,0,0,0,0,0,0,0,0
121775,1,1,1984,0,0,0,21,0,0,20,0,0,0
121776,0,1,1984,0,15,0,0,0,0,0,20,0,19
121776,1,1,1984,0,0,0,8,0,22,0,0,24,19
121777,1,1,1984,0,0,0,0,0,0,0,0,0,0
121777,2,1,1984,0,0,0,0,0,0,0,0,0,0
121778,1,1,1984,0,10,0,0,0,0,0,0,0,0
121778,2,1,1984,0,0,0,0,0,0,0,0,0,0
121779,1,1,1984,19,19,19,19,19,19,19,19,19,19
121780,1,2,1984,19,6,12,17,11,6,0,19,20,8
121781,1,1,1984,0,0,0,0,0,0,0,0,0,11
121781,2,1,1984,0,0,26,0,13,0,0,0,0,0
121782,0,1,1984,0,0,0,0,0,0,0,0,0,0
121782,1,1,1984,0,0,0,0,0,13,0,0,0,0
121783,0,1,1984,0,0,0,0,0,0,0,0,0,0
121783,0,2,1984,0,0,0,0,0,0,0,0,0,0
121783,1,1,1984,0,0,0,0,0,20,0,0,0,0
121784,1,1,1984,24,0,27,46,14,8,20,33,11,13
121785,1,1,1984,21,21,21,21,21,21,21,21,21,21
121785,2,1,1984,24,24,24,24,24,24,24,24,24,24
121786,1,1,1984,0,0,0,0,0,0,0,0,0,0
121786,2,1,1984,0,0,0,0,0,0,0,0,0,0
121787,0,1,1984,23,32,19,21,31,9,25,12,10,19
121787,1,1,1984,0,0,0,0,0,0,0,0,9,0
121788,1,1,1984,22,22,22,22,22,22,22,22,22,22
121788,2,1,1984,0,0,0,0,0,0,0,0,0,0
121789,1,1,1984,0,0,0,0,14,0,0,0,0,8
121789,2,1,1984,0,0,7,4,0,0,0,0,22,0
121789,3,1,1984,0,0,0,7,0,0,0,0,0,13
121790,1,1,1984,28,28,28,28,28,28,28,28,28,28
121790,2,1,1984,4,4,4,4,4,4,4,4,4,4
121790,3,1,1984,0,0,0,0,23,0,0,0,9,0
121791,0,1,1984,26,51,15,29,21,9,22,29,17,14
121791,1,1,1984,0,0,0,0,0,6,0,0,0,0
121792,1,1,1984,0,0,0,0,0,0,0,0,0,0
121792,2,1,1984,19,0,0,0,0,0,0,0,0,0
121793,1,1,1984,0,0,0,0,0,0,0,0,0,0
121794,1,1,1984,20,20,20,20,20,20,20,20,20,20
121794,2,1,1984,0,0,0,0,0,0,0,0,0,0
121795,1,1,1984,4,4,4,4,4,4,4,4,4,4
121795,2,1,1984,0,0,0,0,0,0,0,0,0,0
121796,0,1,1984,0,0,0,0,0,0,0,0,0,0
121796,1,1,1984,0,0,0,0,0,0,0,0,0,0
121797,0,1,1984,21,21,21,21,21,21,21,21,21,21
121797,1,1,1984,0,0,0,0,0,0,0,0,0,0
121798,0,1,1984,21,22,2,0,0,19,17,0,0,0
121798,1,1,1984,7,0,0,0,0,0,0,0,0,0
121799,1,1,1984,25,25,25,25,25,25,25,25,25,25
121800,1,1,1984,14,14,14,14,14,14,14,14,14,14
121801,1,1,1984,10,10,10,10,10,10,10,10,10,10
121802,1,1,1984,0,0,0,0,0,0,0,0,0,0
121802,2,1,1984,0,0,0,23,13,26,0,0,28,0
121803,0,1,1984,0,0,0,0,0,0,0,0,0,0
121803,1,1,1984,0,0,0,0,0,0,0,0,0,0
121804,1,1,1984,28,28,28,28,28,28,28,28,28,28
121804,2,1,1984,0,0,0,0,0,0,0,0,0,0
121805,1,1,1984,19,16,20,9,14,9,18,18,24,12
121806,0,1,1984,0,0,0,0,0,0,0,0,0,0
121806,1,1,1984,0,0,0,0,0,0,0,0,0,0
121807,1,1,1984,0,0,0,0,0,0,0,0,0,0
121807,2,1,1984,0,0,0,0,0,0,0,0,0,0
121808,1,1,1984,25,42,0,13,25,0,18,19,0,20
121809,1,1,1984,2,2,2,2,2,2,2,2,2,2
121809,2,1,1984,0,0,0,0,0,0,0,0,0,0
121810,1,1,1984,0,0,0,0,0,0,0,0,0,0
121811,1,1,1984,0,0,15,16,0,7,4,0,0,0
121811,2,1,1984,0,13,0,0,7,32,0,14,0,11
121812,0,1,1984,26,52,22,31,16,15,16,4,10,37
121812,1,1,1984,0,0,0,0,0,0,0,0,0,0
121813,1,1,1984,0,0,0,0,0,0,0,0,0,0
121813,2,1,1984,0,0,0,0,0,0,0,0,0,0
121813,3,1,1984,0,0,0,0,0,0,0,0,0,0
121814,0,1,1984,0,0,0,0,0,0,0,0,0,0
121814,1,1,1984,0,0,0,0,0,0,0,0,0,0
121815,0,1,1984,0,0,0,0,0,0,0,0,0,14
121815,1,1,1984,0,0,0,0,0,0,0,0,0,0
121816,0,1,1984,22,22,22,22,22,22,22,22,22,22
121816,1,1,1984,0,0,0,0,0,0,0,16,0,0
121817,0,1,1984,11,23,14,0,0,0,0,0,16,22
121817,1,1,1984,0,4,5,13,8,9,9,15,5,24
121818,1,1,1984,6,0,0,31,14,25,23,25,21,0
121819,1,1,1984,0,0,0,0,0,0,0,0,0,0
121819,2,1,1984,0,0,0,5,0,0,0,0,0,0
121819,3,1,1984,0,0,0,0,0,0,0,0,0,0
121820,1,1,1984,0,0,0,0,0,0,0,0,0,0
121821,1,1,1984,18,9,19,3,8,14,24,26,11,25
121822,1,1,1984,29,17,19,26,29,23,16,30,9,13
121823,1,1,1984,0,0,0,0,0,0,0,0,0,0
121824,1,1,1984,0,0,0,0,0,0,0,0,0,0
121824,2,1,1984,0,0,0,0,6,0,0,0,0,0
121825,1,1,1984,0,0,0,0,0,0,0,0,0,0
121825,2,1,1984,0,0,0,0,0,0,0,0,0,0
121826,1,1,1984,0,0,0,0,0,0,0,0,0,0
121826,2,1,1984,0,0,0,0,0,0,0,0,0,0
121827,0,1,1984,28,28,28,28,28,28,28,28,28,28
121827,1,1,1984,0,0,19,0,0,0,26,0,0,0
121828,1,1,1984,0,0,0,0,0,0,0,34,0,0
121828,2,1,1984,0,0,0,16,0,0,0,0,0,0
121829,1,1,1984,0,9,19,14,8,22,28,11,21,28
121829,2,1,1984,0,0,0,0,0,0,0,0,0,0
121830,0,1,1984,17,0,0,0,0,0,17,0,17,27
121830,1,1,1984,0,0,0,6,0,0,0,0,0,0
121831,1,1,1984,3,3,3,3,3,3,3,3,3,3
121832,1,1,1984,0,0,0,0,0,0,0,0,0,0
121832,2,1,1984,0,0,0,0,0,0,0,0,0,0
121832,3,1,1984,0,0,0,0,0,0,0,0,0,0
121833,0,1,1984,0,0,0,0,0,0,0,0,0,0
121833,1,1,1984,0,0,31,0,0,0,0,0,0,0
121834,1,1,1984,0,0,23,0,0,0,0,0,0,0
121834,2,1,1984,0,0,0,17,0,0,0,0,0,0
121834,3,1,1984,0,0,0,0,0,0,0,0,0,0
121835,1,1,1984,0,0,0,0,0,14,26,15,0,0
121836,1,1,1984,0,0,0,2,0,0,0,0,0,4
121837,0,1,1984,0,0,0,0,0,0,0,0,0,0
121837,1,1,1984,32,32,32,32,32,32,32,32,32,32
121838,1,1,1984,22,22,22,22,22,22,22,22,22,22
121838,2,1,1984,0,0,0,0,0,26,0,0,0,0
121839,1,1,1984,6,8,2,10,3,20,14,8,30,22
121840,1,1,1984,7,7,7,7,7,7,7,7,7,7
121840,2,1,1984,18,18,18,18,18,18,18,18,18,18
121841,1,1,1984,15,25,13,0,25,9,12,14,13,21
121841,2,1,1984,16,16,16,16,16,16,16,16,16,16
121842,1,1,1984,11,11,11,11,11,11,11,11,11,11
121842,2,1,1984,10,10,10,10,10,10,10,10,10,10
121843,1,1,1984,0,0,0,0,0,0,0,0,0,0
121844,0,1,1984,24,24,24,24,24,24,24,24,24,24
121844,1,1,1984,0,0,0,0,0,0,0,0,0,0
121845,1,1,1984,0,0,0,0,0,0,0,0,0,0
121845,2,1,1984,0,0,0,0,0,0,0,0,0,0
121846,1,1,1984,0,0,0,0,0,0,0,0,0,0
121846,2,1,1984,0,0,0,0,0,0,0,0,0,6
121847,1,1,1984,0,0,0,0,0,0,0,0,0,0
121847,2,1,1984,0,0,0,0,0,0,0,0,0,0
121848,1,1,1984,21,21,21,21,21,21,21,21,21,21
121849,1,1,1984,0,0,0,0,0,0,0,0,0,0
121850,0,1,1984,17,17,17,17,17,17,17,17,17,17
121850,1,1,1984,0,0,0,0,0,0,0,0,0,0
121851,1,1,1984,17,17,17,17,17,17,17,17,17,17
121852,1,1,1984,17,13,7,23,0,18,14,0,7,34
121853,1,1,1984,0,0,0,0,10,0,0,0,0,0
121853,2,1,1984,3,0,0,0,0,0,0,8,0,0
121854,0,1,1984,28,28,28,28,28,28,28,28,28,28
121854,1,1,1984,0,0,0,0,0,0,0,0,0,0
121855,1,1,1984,0,0,0,0,0,0,0,0,0,0
121855,2,1,1984,0,5,17,0,5,12,0,6,21,0
121856,1,1,1984,21,21,21,21,21,21,21,21,21,21
121857,0,1,1984,16,16,16,16,16,16,16,16,16,16
121857,1,1,1984,16,16,16,16,16,16,16,16,16,16
121858,0,1,1984,14,14,14,14,14,14,14,14,14,14
121858,0,2,1984,0,0,0,11,19,25,18,0,0,0
121858,1,1,1984,8,0,0,0,0,0,0,0,8,0
121859,0,1,1984,0,0,0,0,0,0,0,0,0,0
121859,1,1,1984,0,0,0,0,0,0,0,0,0,0
121860,1,1,1984,17,0,10,26,11,22,12,16,17,0
121861,0,1,1984,0,0,15,0,0,23,0,0,0,0
121861,0,2,1984,0,0,21,11,0,0,0,0,8,0
121861,1,1,1984,0,0,0,0,0,0,3,0,0,0
121862,1,1,1984,0,0,0,0,0,0,0,0,0,0
121862,2,1,1984,0,0,0,0,0,0,0,0,0,0
121863,0,1,1984,13,13,13,13,13,13,13,13,13,13