ST_CASE,VEH_NO,PER_NO,YEAR,P1,P2,P3,P4,P5,P6,P7,P8,P9,P10
122111,1,1,1984,0,0,0,25,0,0,0,0,9,0
122112,0,1,1984,0,0,0,0,0,0,0,3,0,0
122112,0,2,1984,0,0,0,5,10,0,19,0,0,0
122112,1,1,1984,0,0,0,0,0,0,0,0,0,0
122113,1,1,1984,34,34,34,34,34,34,34,34,34,34
122113,2,1,1984,0,0,0,0,0,0,0,0,0,0
122113,3,1,1984,0,0,0,0,0,0,0,0,0,6
122114,1,1,1984,0,0,7,0,0,0,0,0,0,0
122114,2,1,1984,0,0,0,0,0,0,0,0,0,0
122115,0,1,1984,0,0,0,0,0,0,0,0,0,0
122115,1,1,1984,0,0,0,0,0,0,0,0,0,0
122116,1,1,1984,0,0,0,0,0,0,0,0,0,0
122116,2,1,1984,0,0,0,0,0,0,0,0,0,0
122117,1,1,1984,0,0,0,0,0,0,0,0,0,0
122117,2,1,1984,0,0,0,0,0,0,0,0,0,0
122118,1,1,1984,18,18,18,18,18,18,18,18,18,18
122119,0,1,1984,0,0,0,0,0,0,0,0,0,0
122119,1,1,1984,0,0,0,0,0,0,0,0,0,0
122120,0,1,1984,0,0,0,0,0,0,0,0,0,0
122120,0,2,1984,0,0,0,0,6,18,20,0,0,0
122120,1,1,1984,0,0,0,0,0,0,0,25,0,0
122121,0,1,1984,0,0,0,0,17,0,0,0,0,0
122121,1,1,1984,0,0,0,0,0,0,0,0,0,0
122121,2,1,1984,0,0,0,0,0,0,0,0,0,0
122122,1,1,1984,21,21,21,21,21,21,21,21,21,21
122122,2,1,1984,0,0,0,0,0,0,0,0,0,0
122123,1,1,1984,14,26,36,11,0,0,17,14,16,26
122124,1,1,1984,0,0,0,0,0,0,0,0,0,0
122124,2,1,1984,0,0,0,0,0,0,0,0,0,0
122125,1,1,1984,0,0,0,0,0,0,10,0,0,0
122125,2,1,1984,4,17,12,34,14,18,0,15,4,0
122126,0,1,1984,0,0,0,0,0,0,0,0,0,0
122127,1,1,1984,16,16,16,16,16,16,16,16,16,16
122127,2,1,1984,20,20,20,20,20,20,20,20,20,20
122128,1,1,1984,0,0,0,0,0,0,0,0,0,0
122128,2,1,1984,0,0,0,0,0,0,0,0,0,0
122129,0,1,1984,0,0,0,0,0,0,0,0,0,0
122129,1,1,1984,0,7,0,18,0,0,21,0,0,0
122130,0,1,1984,15,0,0,0,0,0,0,0,0,0
122130,1,1,1984,0,0,0,0,0,0,0,0,0,0
122131,1,1,1984,0,0,0,0,0,0,0,0,0,0
122131,2,1,1984,0,0,9,0,0,0,0,0,0,0
122132,1,1,1984,13,13,13,13,13,13,13,13,13,13
122132,2,1,1984,0,0,0,0,0,0,0,0,0,0
122133,1,1,1984,0,0,0,0,0,0,0,0,0,0
122133,2,1,1984,0,0,0,0,0,0,0,0,0,0
122134,0,1,1984,19,19,19,19,19,19,19,19,19,19
122134,1,1,1984,23,11,0,26,17,16,0,6,0,17
122135,1,1,1984,0,0,0,0,0,0,0,0,14,0
122135,2,1,1984,0,0,0,0,0,0,0,0,24,0
122136,0,1,1984,17,17,17,17,17,17,17,17,17,17
122136,1,1,1984,0,0,0,0,0,0,0,14,0,0
122137,1,1,1984,14,14,14,14,14,14,14,14,14,14
122137,2,1,1984,0,0,0,0,0,0,11,0,0,0
122138,0,1,1984,31,0,0,0,0,0,0,0,0,0
122138,1,1,1984,42,0,39,35,9,0,14,12,12,29
122139,1,1,1984,2,2,2,2,2,2,2,2,2,2
122140,1,1,1984,5,5,5,5,5,5,5,5,5,5
122141,0,1,1984,20,20,20,20,20,20,20,20,20,20
122141,1,1,1984,0,0,0,0,0,0,0,0,0,0
122142,1,1,1984,0,0,0,0,0,0,0,0,8,0
122142,2,1,1984,0,0,14,0,0,0,15,0,0,0
122143,1,1,1984,0,0,0,0,0,0,0,0,0,0
122143,2,1,1984,0,0,0,0,0,0,0,0,0,0
122144,0,1,1984,0,0,0,0,0,0,0,0,0,0
122144,1,1,1984,14,11,17,23,18,16,0,11,0,13
122145,1,1,1984,21,21,21,21,21,21,21,21,21,21
122146,1,1,1984,11,11,11,11,11,11,11,11,11,11
122147,0,1,1984,25,25,25,25,25,25,25,25,25,25
122147,1,1,1984,16,16,16,16,16,16,16,16,16,16
122148,1,1,1984,14,14,14,14,14,14,14,14,14,14
122149,0,1,1984,0,0,0,0,0,0,0,0,0,0
122149,1,1,1984,0,0,0,0,0,0,0,0,0,0
122150,1,1,1984,0,0,0,0,0,0,0,0,0,0
122150,2,1,1984,0,0,0,0,0,0,0,0,0,0
122151,0,1,1984,11,11,11,11,11,11,11,11,11,11
122151,1,1,1984,0,0,0,0,0,0,0,0,0,16
122151,2,1,1984,0,0,0,0,0,0,0,0,0,0
122152,0,1,1984,13,13,13,13,13,13,13,13,13,13
122152,1,1,1984,19,15,0,34,0,0,18,0,3,0
122153,0,1,1984,0,0,0,0,0,0,0,0,0,0
122153,1,1,1984,0,0,0,0,0,0,6,30,0,0
122154,1,1,1984,0,0,0,0,0,0,0,0,3,0
122154,2,1,1984,22,22,22,22,22,22,22,22,22,22
122155,1,1,1984,33,10,11,19,0,15,29,22,35,22
122156,1,1,1984,17,17,17,17,17,17,17,17,17,17
122156,2,1,1984,0,13,0,0,0,0,0,0,0,0
122157,0,1,1984,0,0,0,0,0,0,0,0,0,0
122157,1,1,1984,12,0,0,0,0,0,0,0,0,0
122158,1,1,1984,17,17,17,17,17,17,17,17,17,17
122159,1,1,1984,15,15,15,15,15,15,15,15,15,15
122159,2,1,1984,30,30,30,30,30,30,30,30,30,30
122160,1,1,1984,0,0,0,12,0,0,0,0,0,0
122161,0,1,1984,1,1,1,1,1,1,1,1,1,1
122161,1,1,1984,0,0,0,0,0,0,0,0,0,0
122162,1,1,1984,16,33,9,14,0,12,0,0,14,7
122162,2,1,1984,0,6,0,0,0,0,0,0,8,0
122163,1,1,1984,0,0,0,0,0,0,0,0,0,0
122164,1,1,1984,0,0,0,0,0,0,0,0,0,0
122165,1,1,1984,0,9,0,11,8,0,0,12,0,22
122165,2,1,1984,0,17,0,0,6,7,0,0,0,0
122166,1,1,1984,14,7,0,14,14,15,11,25,9,4
122166,2,1,1984,0,0,26,15,0,13,0,0,0,0
122167,1,1,1984,24,24,24,24,24,24,24,24,24,24
122167,2,1,1984,23,22,12,8,4,15,13,18,0,13
122168,0,1,1984,0,0,0,0,0,0,0,0,0,0
122168,1,1,1984,0,0,0,0,0,0,0,0,0,0
122169,1,1,1984,0,0,0,0,0,0,0,10,0,0
122169,2,1,1984,0,0,0,0,0,0,0,0,0,0
122170,1,1,1984,24,27,26,22,14,17,18,31,21,0
122171,1,1,1984,0,0,0,0,0,0,0,0,0,0
122171,2,1,1984,0,0,0,0,0,0,0,0,0,0
122172,1,1,1984,0,0,0,0,0,0,0,0,0,0
122172,2,1,1984,0,0,0,0,0,0,0,0,0,0
122173,1,1,1984,0,0,0,0,0,0,0,0,0,0
122174,1,1,1984,16,16,16,16,16,16,16,16,16,16
122174,2,1,1984,0,0,0,0,0,0,0,0,0,0
122175,0,1,1984,0,0,0,0,0,0,0,0,0,0
122175,1,1,1984,0,0,0,10,0,9,0,17,33,0
122176,1,1,1984,7,7,7,7,7,7,7,7,7,7
122177,1,1,1984,16,16,16,16,16,16,16,16,16,16
122177,2,1,1984,24,4,29,23,8,8,6,24,12,19
122178,1,1,1984,0,0,0,0,0,0,0,0,0,0
122178,2,1,1984,0,0,0,4,0,0,4,0,0,0
122179,1,1,1984,9,9,9,9,9,9,9,9,9,9
122179,2,1,1984,0,0,0,0,0,0,0,0,0,0
122179,3,1,1984,0,0,11,0,0,0,0,0,0,0
122179,4,1,1984,0,0,0,0,0,0,0,0,0,0
122180,1,1,1984,0,0,0,0,0,0,0,0,0,0
122180,2,1,1984,0,0,0,0,0,0,0,0,0,0
122181,0,1,1984,0,0,0,7,22,0,27,7,14,13
122181,1,1,1984,0,0,0,0,0,17,0,0,0,0
122182,1,1,1984,0,0,4,0,0,0,0,0,0,0
122182,2,1,1984,0,0,0,14,10,0,0,0,0,0
122183,1,1,1984,16,16,16,16,16,16,16,16,16,16
122184,1,1,1984,12,15,10,0,21,28,14,0,0,16
122184,2,1,1984,0,0,0,0,0,0,7,0,24,0
122185,0,1,1984,16,0,0,0,23,15,0,10,0,0
122185,1,1,1984,0,14,0,0,26,0,0,0,0,10
122186,1,1,1984,0,0,0,0,0,0,0,0,0,0
122187,1,1,1984,0,0,0,0,0,0,0,0,0,0
122187,2,1,1984,0,0,0,0,0,0,0,0,0,0
122187,3,1,1984,0,0,0,0,0,0,0,0,0,0
122187,4,1,1984,0,0,0,0,0,0,0,0,0,0
122188,0,1,1984,0,0,0,0,0,11,18,0,0,0
122188,1,1,1984,0,0,0,0,0,0,0,0,0,0
122189,1,1,1984,16,16,16,16,16,16,16,16,16,16
122189,2,1,1984,0,0,0,0,0,0,0,0,0,0
122190,0,1,1984,0,0,0,0,0,0,0,0,0,26
122190,1,1,1984,23,0,0,0,0,0,0,0,0,0
122191,1,1,1984,0,0,0,0,0,0,0,0,0,0
122191,2,1,1984,0,0,0,0,0,0,0,0,0,0
122192,1,1,1984,0,22,0,0,0,0,0,0,0,0
122192,2,1,1984,0,0,0,0,0,0,0,0,0,28
122192,3,1,1984,0,0,22,0,0,3,0,0,0,0
122193,0,1,1984,0,0,0,0,0,0,0,0,0,0
122193,1,1,1984,0,0,0,4,0,0,0,0,0,0
122194,1,1,1984,0,0,0,0,0,0,0,0,12,0
122194,2,1,1984,0,0,0,0,0,0,0,0,0,4
122195,1,1,1984,0,23,0,0,0,0,15,0,0,0
122195,2,1,1984,0,6,0,0,0,0,0,0,0,18
122196,1,1,1984,0,0,0,0,0,0,0,0,15,0
122196,2,1,1984,0,0,0,0,0,0,0,0,0,0
122197,1,1,1984,0,0,0,0,0,0,0,0,0,0
122197,2,1,1984,9,9,9,9,9,9,9,9,9,9
122198,1,1,1984,0,0,0,0,0,0,0,20,0,0
122198,2,1,1984,0,0,0,0,0,0,0,0,0,0
122198,3,1,1984,0,0,0,0,0,0,29,0,0,0
122198,4,1,1984,0,0,20,18,18,0,0,22,0,0
122199,1,1,1984,0,0,21,0,17,26,18,0,0,0
122200,1,1,1984,0,0,0,0,0,0,2,16,10,0
122200,2,1,1984,0,0,0,4,0,0,14,0,0,19
122201,1,1,1984,20,20,20,20,20,20,20,20,20,20
122202,1,1,1984,0,0,0,0,0,0,0,0,0,0
122203,1,1,1984,8,5,9,11,6,13,26,10,9,12
122203,2,1,1984,0,0,4,0,0,0,0,0,0,0
122204,1,1,1984,7,11,8,19,8,19,23,16,6,14
122204,2,1,1984,0,0,26,0,0,0,0,0,0,0
122205,0,1,1984,0,16,26,0,0,30,0,0,19,27
122205,1,1,1984,22,0,0,0,0,22,0,0,0,0
122206,1,1,1984,34,34,34,34,34,34,34,34,34,34
122206,2,1,1984,10,10,10,10,10,10,10,10,10,10
122207,0,1,1984,0,0,0,0,0,0,0,0,0,0
122207,1,1,1984,16,0,12,0,0,0,0,0,0,0
122208,1,1,1984,0,0,0,0,0,0,0,0,0,0
122208,2,1,1984,0,0,0,0,0,0,0,0,0,0
122209,0,1,1984,10,11,14,8,8,10,21,22,16,10
122209,1,1,1984,0,0,0,23,0,0,0,0,0,0
122210,1,1,1984,0,0,0,0,0,0,0,0,0,0
122210,2,1,1984,0,0,0,0,0,0,0,0,0,0
122211,0,1,1984,0,0,0,0,0,0,0,0,0,0
122211,1,1,1984,16,16,16,16,16,16,16,16,16,16
122212,1,1,1984,5,5,5,5,5,5,5,5,5,5
122213,0,1,1984,29,0,40,26,17,27,20,10,21,42
122213,1,1,1984,0,0,0,0,0,0,0,0,0,0
122213,2,1,1984,6,6,6,6,6,6,6,6,6,6
122214,1,1,1984,0,13,7,0,0,0,0,0,8,11
122214,2,1,1984,0,0,0,0,0,0,0,0,0,0
122215,0,1,1984,40,40,40,40,40,40,40,40,40,40
122215,1,1,1984,7,0,0,0,0,0,0,8,0,0
122216,1,1,1984,21,21,21,21,21,21,21,21,21,21
122216,2,1,1984,2,2,2,2,2,2,2,2,2,2
122217,1,1,1984,0,0,0,0,0,0,0,0,0,0
122217,2,1,1984,0,0,0,0,0,0,0,0,0,0
122218,1,1,1984,0,0,0,11,0,0,0,22,5,0
122218,2,1,1984,0,0,0,19,0,0,0,0,0,0
122219,1,1,1984,25,25,25,25,25,25,25,25,25,25
122220,1,1,1984,0,0,0,0,0,0,0,0,0,0
122220,2,1,1984,0,0,0,0,0,0,0,0,0,0
122221,0,1,1984,0,14,11,0,0,0,0,0,0,0
122221,0,2,1984,7,14,0,0,0,0,13,0,0,10
122221,1,1,1984,25,25,25,25,25,25,25,25,25,25
122222,1,1,1984,0,0,0,0,0,0,22,22,0,0
122222,2,1,1984,13,13,13,13,13,13,13,13,13,13
122223,1,1,1984,17,0,8,5,0,0,15,7,18,0
122223,2,1,1984,0,0,0,0,7,0,0,0,0,12
122224,1,1,1984,0,0,0,0,0,0,0,0,0,0
122224,2,1,1984,1,1,1,1,1,1,1,1,1,1
122225,1,1,1984,0,0,0,0,0,0,0,0,0,0
122225,2,1,1984,0,0,0,0,0,0,0,0,0,0
122226,1,1,1984,6,8,15,17,7,0,7,20,0,15
122226,2,1,1984,5,0,0,24,11,4,0,18,0,15
122227,0,1,1984,0,0,0,0,0,0,0,0,0,0
122227,1,1,1984,0,0,0,20,0,0,0,0,0,0
122228,1,1,1984,14,14,14,14,14,14,14,14,14,14
122229,1,1,1984,0,0,0,0,0,0,0,0,0,0
122230,1,1,1984,14,14,14,14,14,14,14,14,14,14
122231,1,1,1984,0,0,0,0,0,0,0,0,0,0
122231,2,1,1984,0,0,0,0,0,0,0,0,0,0
122232,1,1,1984,6,18,0,36,6,0,0,17,10,28
122233,1,1,1984,12,12,12,12,12,12,12,12,12,12
122233,2,1,1984,0,0,0,0,0,0,11,9,0,0
122233,3,1,1984,14,0,0,0,0,0,0,0,0,0
122234,0,1,1984,22,22,22,22,22,22,22,22,22,22
122234,1,1,1984,14,14,14,14,14,14,14,14,14,14
122235,1,1,1984,20,20,20,20,20,20,20,20,20,20
122235,2,1,1984,28,3,10,5,7,14,8,14,28,9
122236,1,1,1984,0,0,0,0,0,0,0,0,0,0
122237,1,1,1984,2,2,2,2,2,2,2,2,2,2
122237,2,1,1984,0,0,0,0,0,0,0,0,0,0
122238,0,1,1984,21,21,21,21,21,21,21,21,21,21
122238,1,1,1984,0,0,0,7,0,30,21,0,16,9
122239,0,1,1984,0,0,0,0,0,0,0,0,0,0
122239,1,1,1984,0,0,0,0,0,0,0,0,0,0
122240,1,1,1984,0,0,0,0,0,0,0,0,0,0
122240,2,1,1984,0,21,0,0,0,0,0,0,0,0
122241,1,1,1984,24,24,24,24,24,24,24,24,24,24
122242,1,1,1984,34,26,15,19,14,14,15,27,32,20
122243,1,1,1984,0,0,0,0,0,0,0,0,0,0
122243,2,1,1984,0,0,0,0,0,0,0,0,0,16
122244,1,1,1984,0,0,0,0,0,0,0,0,0,19
122245,1,1,1984,0,0,0,0,0,0,0,0,0,0
122245,2,1,1984,0,0,0,0,0,0,0,0,0,0
122246,1,1,1984,28,28,28,28,28,28,28,28,28,28
122247,1,1,1984,0,0,0,0,0,0,25,0,0,0
122247,2,1,1984,10,10,10,10,10,10,10,10,10,10
122248,1,1,1984,16,16,16,16,16,16,16,16,16,16
122249,1,1,1984,0,0,0,0,17,17,16,0,0,0
122250,0,1,1984,0,0,0,0,0,0,0,0,0,0
122250,1,1,1984,0,0,0,0,0,0,0,0,0,0
122251,1,1,1984,0,0,0,0,0,0,0,0,0,0
122251,2,1,1984,0,0,0,0,0,0,0,0,0,0
122252,0,1,1984,0,0,0,11,0,37,12,0,0,0
122252,0,2,1984,0,21,0,14,13,0,0,10,0,9
122252,1,1,1984,0,13,0,0,13,20,31,0,0,0
122253,1,1,1984,0,0,0,0,0,0,0,0,0,0
122254,1,1,1984,0,0,0,0,0,0,0,0,0,0
122254,2,1,1984,0,0,0,0,0,0,0,0,0,0
122255,1,1,1984,28,28,28,28,28,28,28,28,28,28
122256,1,1,1984,15,15,15,15,15,15,15,15,15,15
122256,2,1,1984,12,0,0,0,0,0,0,0,0,0
122257,1,1,1984,23,23,23,23,23,23,23,23,23,23
122258,0,1,1984,0,25,0,0,0,16,22,0,0,0
122258,1,1,1984,0,0,0,0,0,0,0,9,0,0
122259,1,1,1984,0,0,0,0,0,0,0,0,0,0
122259,2,1,1984,0,0,0,0,6,0,0,0,0,0
122260,1,1,1984,18,18,18,18,18,18,18,18,18,18
122260,2,1,1984,0,0,0,0,0,0,0,0,0,0
122261,0,1,1984,0,0,0,0,0,0,0,0,0,0
122261,1,1,1984,0,0,0,0,0,0,0,0,0,0
122262,1,1,1984,35,35,35,35,35,35,35,35,35,35
122262,2,1,1984,0,0,0,18,13,21,0,18,0,15
122263,1,1,1984,0,0,0,0,0,0,0,0,0,0
122263,2,1,1984,23,23,23,23,23,23,23,23,23,23
122263,3,1,1984,0,0,0,0,0,0,0,0,0,0
122264,0,1,1984,0,0,0,0,0,0,0,0,0,0
122264,0,2,1984,0,6,0,0,0,0,0,0,22,0
122264,1,1,1984,0,0,0,0,0,0,0,0,0,0
122265,0,1,1984,0,0,0,6,5,0,0,0,0,0
122265,1,1,1984,23,23,23,23,23,23,23,23,23,23
122266,1,1,1984,4,4,4,4,4,4,4,4,4,4
122266,2,1,1984,0,0,0,0,0,0,0,0,0,0
122267,1,1,1984,0,0,0,0,0,0,0,0,0,0
122268,1,1,1984,0,0,0,0,0,0,0,16,0,13
122269,0,1,1984,0,0,0,0,0,0,0,0,0,0
122269,1,1,1984,0,0,0,0,0,0,0,0,0,0
122270,1,1,1984,0,0,0,0,0,0,0,0,0,0
122271,1,1,1984,7,0,0,0,18,31,0,12,7,10
122272,1,1,1984,0,0,0,0,0,0,0,0,0,21
122272,2,1,1984,26,0,0,0,0,0,0,0,0,0
122273,0,1,1984,0,0,18,0,0,8,0,18,0,3
122273,0,2,1984,0,0,0,0,0,0,0,27,0,0
122273,1,1,1984,0,0,0,3,0,9,0,0,24,0
122274,0,1,1984,24,24,24,24,24,24,24,24,24,24
122274,1,1,1984,0,4,0,0,7,0,11,0,0,7
122275,1,1,1984,32,34,0,11,39,11,39,23,27,9
122276,0,1,1984,26,26,26,26,26,26,26,26,26,26
122276,1,1,1984,0,0,0,7,0,0,0,0,0,0
122277,1,1,1984,7,0,0,0,12,0,0,0,0,0
122277,2,1,1984,0,0,0,0,0,0,0,0,0,0
122278,1,1,1984,0,0,0,0,0,8,0,0,0,0
122278,2,1,1984,0,0,0,0,0,0,0,0,0,0
122279,1,1,1984,19,19,19,19,19,19,19,19,19,19
122280,1,1,1984,0,0,0,0,0,0,0,0,0,0
122280,2,1,1984,0,0,0,0,0,0,0,0,0,0
122281,1,1,1984,16,10,20,13,0,15,0,27,14,0
122281,2,1,1984,2,2,2,2,2,2,2,2,2,2
122282,1,1,1984,2,2,2,2,2,2,2,2,2,2
122282,2,1,1984,8,8,8,8,8,8,8,8,8,8
122283,1,1,1984,0,0,0,0,0,0,0,0,0,12
122283,2,1,1984,2,2,2,2,2,2,2,2,2,2
122284,0,1,1984,0,18,0,9,30,19,14,4,0,10
122284,1,1,1984,0,6,0,0,0,0,0,0,0,18
122285,0,1,1984,20,20,20,20,20,20,20,20,20,20
122285,1,1,1984,6,6,6,6,6,6,6,6,6,6
122286,1,1,1984,15,15,15,15,15,15,15,15,15,15
122287,1,1,1984,0,0,0,0,0,0,0,0,0,0
122287,2,1,1984,3,0,0,0,0,0,0,0,0,0
122288,0,1,1984,26,0,23,25,19,19,45,20,0,8
122288,1,1,1984,0,0,0,0,0,0,0,0,0,0
122289,1,1,1984,0,0,0,0,0,0,0,0,0,0
122289,2,1,1984,0,0,0,0,0,0,0,17,0,0
122289,3,1,1984,6,0,2,0,0,0,2,0,0,21
122290,1,1,1984,12,12,12,12,12,12,12,12,12,12
122291,1,1,1984,21,21,21,21,21,21,21,21,21,21
122291,2,1,1984,0,0,0,0,0,0,0,0,0,0
122292,0,1,1984,0,0,0,0,0,0,0,0,0,0
122292,1,1,1984,0,15,0,12,0,0,9,23,0,13
122293,1,1,1984,6,0,0,0,0,0,4,0,9,23
122293,2,1,1984,3,3,3,3,3,3,3,3,3,3
122294,0,1,1984,0,0,0,0,0,0,0,0,0,0
122294,1,1,1984,0,0,0,0,0,0,0,0,0,0
122295,1,1,1984,0,0,0,0,0,0,0,0,0,0
122295,2,1,1984,0,0,0,0,0,0,0,0,0,0
122296,0,1,1984,0,0,0,0,0,0,0,0,0,0
122296,1,1,1984,8,8,8,8,8,8,8,8,8,8
122297,0,1,1984,0,0,0,0,0,0,0,0,0,0
122297,1,1,1984,0,0,0,0,0,0,0,0,0,0
122298,1,1,1984,27,27,27,27,27,27,27,27,27,27
122299,0,1,1984,0,0,0,0,0,0,0,0,0,0
122299,1,1,1984,0,0,0,12,0,0,0,0,0,0
122300,1,1,1984,8,24,9,18,7,24,16,5,25,5
122301,0,1,1984,0,0,0,0,0,0,0,0,0,0
122301,1,1,1984,0,0,0,0,0,0,0,0,0,0
122302,1,1,1984,14,14,14,14,14,14,14,14,14,14
122303,1,1,1984,18,35,15,5,5,21,4,19,29,2
122303,2,1,1984,15,15,1,24,11,26,7,20,8,4
122304,1,1,1984,21,23,23,9,17,4,4,14,27,18
122305,1,1,1984,0,21,0,13,22,12,0,0,0,24
122305,2,1,1984,0,0,0,0,0,0,0,0,0,0
122306,1,1,1984,0,0,22,0,0,0,21,0,0,22
122307,1,1,1984,14,14,14,14,14,14,14,14,14,14
122308,1,1,1984,0,0,0,0,0,0,0,0,0,0
122309,0,1,1984,0,0,0,0,0,0,0,0,0,0
122309,1,1,1984,0,0,0,0,0,0,0,0,0,0
122310,1,1,1984,24,0,40,14,22,0,13,17,15,22
122311,0,1,1984,0,0,0,0,0,0,0,0,0,0
122311,1,1,1984,0,0,0,21,0,0,0,0,0,0
122311,2,1,1984,0,0,0,0,0,0,0,0,0,9
122312,0,1,1984,0,0,0,0,0,0,0,0,0,0
122312,1,1,1984,0,0,0,0,0,0,0,0,0,22
122313,1,1,1984,13,12,4,0,16,27,22,9,14,15
122314,1,1,1984,0,0,0,0,0,0,0,0,0,0
122314,2,1,1984,0,0,0,0,0,0,5,0,0,0
122315,0,1,1984,0,0,0,0,0,0,0,0,0,0
122315,0,2,1984,0,0,0,0,0,0,0,0,0,0
122315,1,1,1984,0,0,0,0,0,0,0,0,0,0
122316,0,1,1984,16,16,16,16,16,16,16,16,16,16
122316,1,1,1984,0,8,0,0,18,0,15,0,0,0
122317,0,1,1984,0,0,0,0,0,0,0,0,0,0
122317,1,1,1984,0,0,0,0,0,0,0,0,0,0
122318,1,1,1984,9,9,0,10,21,13,15,19,5,15
122319,1,1,1984,22,22,22,22,22,22,22,22,22,22
122320,1,1,1984,0,0,0,0,0,0,0,0,0,0
122320,2,1,1984,0,0,0,0,7,0,0,0,0,0
122321,0,1,1984,0,0,0,0,0,0,0,0,0,0
122321,0,2,1984,0,0,13,19,0,0,10,7,0,27
122321,1,1,1984,0,15,0,0,0,0,0,0,0,0
122322,1,1,1984,15,0,0,0,21,0,10,0,10,7
122322,2,1,1984,0,8,0,0,0,0,0,0,0,0
122323,1,1,1984,9,9,9,9,9,9,9,9,9,9
122324,0,1,1984,0,0,0,0,0,0,0,0,0,0
122324,1,1,1984,7,0,5,0,0,0,0,0,0,0
122325,1,1,1984,11,6,31,0,12,20,0,6,19,24
122326,1,1,1984,0,0,0,0,35,0,0,0,0,0
122326,2,1,1984,0,0,0,0,0,0,0,0,0,0
122327,1,1,1984,7,22,17,21,17,22,14,0,14,10
122327,2,1,1984,0,0,17,0,0,0,0,0,0,0
122327,3,1,1984,0,0,9,0,0,0,7,0,0,0
122328,1,1,1984,0,0,0,0,0,0,0,0,0,0
122329,1,1,1984,0,0,0,0,0,0,0,0,0,0
122329,2,1,1984,8,8,8,8,8,8,8,8,8,8
122330,1,1,1984,16,0,0,0,0,0,0,0,15,0
122330,2,1,1984,0,0,0,0,0,0,0,0,19,0
122331,1,1,1984,21,21,21,21,21,21,21,21,21,21
122332,1,1,1984,0,0,0,8,0,0,0,0,0,0
122333,1,1,1984,0,0,0,0,0,0,0,0,0,0
122333,2,1,1984,0,0,0,0,0,0,0,0,0,0
122334,1,1,1984,0,0,0,0,0,0,0,0,0,0
122334,2,1,1984,0,0,0,0,0,0,0,0,0,0
122335,1,1,1984,0,0,0,0,0,0,0,0,0,0
122335,2,1,1984,0,0,0,0,0,0,0,0,0,0
122336,1,1,1984,0,0,0,0,0,0,0,0,0,0
122336,2,1,1984,23,31,22,20,7,0,7,19,0,22
122337,1,1,1984,2,2,2,2,2,2,2,2,2,2
122337,2,1,1984,1,0,0,0,0,0,0,0,28,0
122338,1,1,1984,0,0,0,0,0,0,0,0,0,0
122339,0,1,1984,0,0,0,0,0,0,0,0,0,0
122339,1,1,1984,0,0,0,0,16,0,0,15,0,0
122340,1,1,1984,12,0,0,34,0,0,15,11,25,0
122341,0,1,1984,27,27,27,27,27,27,27,27,27,27
122341,1,1,1984,9,9,9,9,9,9,9,9,9,9
122342,1,1,1984,14,14,14,14,14,14,14,14,14,14
122343,0,1,1984,0,0,0,0,0,0,0,0,0,0
122343,1,1,1984,0,0,0,0,10,0,0,0,0,0
122344,1,1,1984,18,18,18,18,18,18,18,18,18,18
122345,1,1,1984,0,0,0,0,0,0,0,0,0,0
122345,2,1,1984,20,20,20,20,20,20,20,20,20,20
122346,0,1,1984,9,9,9,9,9,9,9,9,9,9
122346,0,2,1984,31,12,26,29,39,11,0,20,20,26
122346,1,1,1984,14,23,22,13,20,17,0,37,25,14
122347,0,1,1984,0,0,0,0,0,0,0,0,0,0
122347,0,2,1984,0,0,0,0,0,0,0,0,0,0
122347,1,1,1984,0,28,20,25,24,23,26,14,33,30
122348,0,1,1984,24,0,13,13,0,0,22,6,16,0
122348,0,2,1984,0,10,0,0,16,0,0,0,0,12
122348,1,1,1984,0,0,0,0,15,0,14,10,7,0
122348,2,1,1984,0,0,0,0,9,0,0,0,7,0
122349,1,1,1984,0,0,0,0,0,0,0,0,0,0
122349,2,1,1984,0,0,0,6,0,0,0,0,0,8
122350,1,1,1984,22,22,22,22,22,22,22,22,22,22
122351,1,1,1984,0,0,0,0,14,0,0,0,0,0
122351,2,1,1984,15,0,8,5,0,9,15,0,0,12
122351,3,1,1984,0,16,0,9,0,0,0,0,14,0
122352,0,1,1984,0,0,0,0,0,0,0,0,0,0
122352,1,1,1984,15,34,0,6,0,0,0,0,0,0
122353,1,1,1984,15,15,15,15,15,15,15,15,15,15
122353,2,1,1984,7,16,0,0,0,0,0,8,0,23
122354,1,1,1984,20,20,20,20,20,20,20,20,20,20
122355,1,1,1984,11,15,13,13,0,7,25,16,2,4
122356,0,1,1984,0,0,0,0,0,0,0,0,0,0
122356,1,1,1984,0,0,0,0,0,0,0,0,12,0
122356,2,1,1984,0,0,0,0,0,0,0,0,0,0
122357,0,1,1984,4,0,0,0,12,0,0,0,0,0
122357,0,2,1984,0,0,0,0,0,0,0,0,0,0
122357,0,3,1984,0,0,0,0,0,0,0,0,0,0
122357,1,1,1984,0,0,0,0,0,0,0,0,0,0
122358,1,1,1984,0,0,0,0,14,0,0,0,0,6
122358,2,1,1984,0,0,0,0,0,0,0,0,0,0
122359,0,1,1984,22,0,0,12,0,0,0,0,0,0
122359,1,1,1984,0,0,0,0,0,0,0,0,0,0
122360,0,1,1984,0,0,0,0,0,0,14,0,0,0
122360,1,1,1984,0,0,0,0,0,0,0,0,0,0
122361,1,1,1984,25,0,10,0,0,0,0,18,0,16