ST_CASE,VEH_NO,PER_NO,YEAR,P1,P2,P3,P4,P5,P6,P7,P8,P9,P10
122362,1,1,1984,13,13,13,13,13,13,13,13,13,13
122363,0,1,1984,0,0,0,0,0,0,0,0,0,0
122363,1,1,1984,0,0,0,0,0,0,0,0,0,0
122364,1,1,1984,0,0,6,0,0,0,0,0,0,0
122364,2,1,1984,0,0,0,0,0,0,0,0,0,0
122365,0,1,1984,28,28,28,28,28,28,28,28,28,28
122365,1,1,1984,0,0,0,0,0,0,0,0,0,0
122366,0,1,1984,0,0,0,0,0,0,0,0,0,0
122366,1,1,1984,0,0,0,0,0,0,0,0,0,0
122367,0,1,1984,0,0,0,9,0,0,0,0,0,0
122367,1,1,1984,0,0,0,0,0,7,0,7,0,0
122368,1,1,1984,0,0,0,0,0,0,0,0,0,0
122368,2,1,1984,0,0,0,0,0,0,0,0,0,0
122369,0,1,1984,0,0,0,0,0,0,0,0,0,0
122369,0,2,1984,0,0,0,0,0,0,20,0,24,26
122369,1,1,1984,0,0,0,0,0,9,0,0,0,0
122370,0,1,1984,0,0,0,0,0,0,0,0,0,0
122370,1,1,1984,0,0,0,0,0,0,0,0,14,0
122371,1,1,1984,0,0,0,0,0,0,0,0,0,0
122371,2,1,1984,0,0,0,0,0,0,0,0,0,0
122372,1,1,1984,1,1,1,1,1,1,1,1,1,1
122372,2,1,1984,0,0,0,0,0,0,0,0,0,0
122373,1,1,1984,20,20,20,20,20,20,20,20,20,20
122373,2,1,1984,1,1,1,1,1,1,1,1,1,1
122374,0,1,1984,0,0,0,0,0,0,0,0,0,15
122374,1,1,1984,0,0,19,0,0,0,0,21,0,0
122375,0,1,1984,0,19,12,0,0,25,0,0,0,0
122375,1,1,1984,0,0,0,0,0,0,33,0,0,0
122375,2,1,1984,0,0,0,0,0,0,0,0,0,0
122375,3,1,1984,0,0,0,0,0,0,0,8,0,30
122375,4,1,1984,0,0,8,0,16,0,0,24,0,0
122376,1,1,1984,0,0,0,0,0,0,0,0,0,0
122376,2,1,1984,0,0,0,0,0,0,0,0,3,0
122377,0,1,1984,0,0,0,0,0,0,0,0,0,0
122377,1,1,1984,0,0,0,0,0,0,0,0,0,0
122378,0,1,1984,0,0,0,0,0,0,0,0,0,0
122378,1,1,1984,0,0,0,0,0,0,0,0,0,8
122379,1,1,1984,0,0,0,0,0,0,0,0,0,0
122379,2,1,1984,0,0,0,0,0,0,0,0,0,0
122380,1,1,1984,0,0,0,0,0,0,0,0,0,0
122380,2,1,1984,0,0,15,0,0,0,0,0,0,0
122380,3,1,1984,0,0,0,0,0,0,0,0,0,0
122381,1,1,1984,24,0,0,0,0,0,0,0,24,0
122382,0,1,1984,0,12,0,0,0,0,0,0,0,11
122382,1,1,1984,0,0,0,0,0,0,0,0,25,0
122383,1,1,1984,15,15,15,15,15,15,15,15,15,15
122384,1,1,1984,14,10,25,5,0,11,37,13,8,26
122384,2,1,1984,16,16,16,16,16,16,16,16,16,16
122385,1,1,1984,9,13,13,0,13,21,0,9,4,2
122385,2,1,1984,12,9,5,32,15,15,6,7,0,15
122386,1,1,1984,28,28,28,28,28,28,28,28,28,28
122387,0,1,1984,0,0,0,0,0,0,0,0,0,0
122387,1,1,1984,11,11,11,11,11,11,11,11,11,11
122388,1,1,1984,0,0,0,0,0,0,0,0,0,16
122389,1,1,1984,0,0,14,0,0,0,0,0,12,10
122390,0,1,1984,0,0,0,0,0,0,0,0,0,0
122390,1,1,1984,0,0,0,0,0,0,0,0,0,0
122391,1,1,1984,9,9,9,9,9,9,9,9,9,9
122391,2,1,1984,0,0,0,0,0,0,0,0,0,0
122392,0,1,1984,0,0,0,0,0,0,0,0,0,0
122392,1,1,1984,0,0,0,0,0,0,0,0,0,0
122393,0,1,1984,0,0,0,0,0,0,0,0,0,0
122393,1,1,1984,12,23,18,21,13,23,22,11,20,18
122394,0,1,1984,28,19,22,15,0,18,0,0,12,16
122394,1,1,1984,0,0,0,0,18,0,0,0,0,0
122395,0,1,1984,0,0,0,14,0,0,0,0,26,0
122395,1,1,1984,0,7,14,10,0,8,11,3,12,30
122396,1,1,1984,22,11,11,15,17,19,0,17,15,0
122396,2,1,1984,0,0,0,0,0,0,0,0,0,0
122397,1,1,1984,0,0,0,0,0,13,0,0,0,0
122397,2,1,1984,0,0,0,0,0,0,0,0,0,0
122399,1,1,1984,23,3,0,16,0,0,20,13,0,0
122399,2,1,1984,0,0,0,0,0,0,0,0,0,0
122400,1,1,1984,0,0,0,0,0,0,0,0,0,0
122400,2,1,1984,0,0,0,0,0,0,0,0,0,0
122401,1,1,1984,0,0,0,0,0,0,0,0,0,0
122401,2,1,1984,0,0,0,0,0,0,0,0,0,0
122402,0,1,1984,0,0,0,0,0,0,0,0,7,0
122402,1,1,1984,0,0,8,6,0,0,0,17,0,0
122403,1,1,1984,15,29,19,19,12,21,30,10,14,8
122404,1,1,1984,14,8,0,13,28,19,0,30,12,6
122405,1,1,1984,0,0,0,0,0,0,0,0,0,0
122405,2,1,1984,0,0,0,0,0,0,0,0,0,0
122406,1,1,1984,0,0,0,0,0,0,0,0,0,0
122406,2,1,1984,0,0,0,0,0,0,13,0,0,0
122407,0,1,1984,0,0,0,0,0,0,0,0,0,0
122407,1,1,1984,0,0,0,0,0,2,0,0,0,12
122408,1,1,1984,24,10,29,25,7,22,15,18,16,11
122408,2,1,1984,0,0,0,0,0,0,0,0,0,0
122409,1,1,1984,0,0,0,0,0,0,0,0,0,0
122409,2,1,1984,0,0,0,0,0,0,0,0,0,0
122410,1,1,1984,16,16,16,16,16,16,16,16,16,16
122411,1,1,1984,0,0,0,0,0,0,0,0,0,0
122411,2,1,1984,0,0,0,0,0,0,8,0,0,0
122412,1,1,1984,0,14,0,0,0,0,0,0,0,0
122412,2,1,1984,0,25,0,0,0,0,0,0,0,0
122413,0,1,1984,27,0,0,3,13,0,12,0,20,8
122413,0,2,1984,7,0,9,6,16,12,12,0,10,0
122414,1,1,1984,0,0,0,8,0,0,0,13,0,0
122414,2,1,1984,0,16,0,0,0,0,0,0,0,0
122415,0,1,1984,0,15,0,0,11,16,17,0,20,0
122415,1,1,1984,10,10,10,10,10,10,10,10,10,10
122415,2,1,1984,0,10,0,0,0,0,0,0,0,9
122416,1,1,1984,33,33,33,33,33,33,33,33,33,33
122417,1,1,1984,0,0,0,0,0,0,0,0,0,0
122418,1,1,1984,0,0,0,0,0,0,0,0,0,0
122418,2,1,1984,0,0,0,0,0,0,0,0,0,0
122419,0,1,1984,0,0,0,0,0,0,0,0,0,0
122419,1,1,1984,0,0,0,0,0,0,0,0,0,0
122420,1,1,1984,20,20,20,20,20,20,20,20,20,20
122421,0,1,1984,0,0,0,0,0,0,0,0,0,0
122421,1,1,1984,23,0,0,0,0,0,0,0,0,0
122422,1,1,1984,27,4,11,14,0,0,18,16,22,10
122422,2,1,1984,14,0,0,19,13,20,0,0,14,0
122422,3,1,1984,0,0,0,0,0,0,0,0,0,0
122423,0,1,1984,0,0,0,0,0,0,0,0,0,0
122423,1,1,1984,0,0,0,0,0,0,0,0,0,0
122424,0,1,1984,0,0,0,0,0,0,0,0,0,0
122424,0,2,1984,0,0,0,4,0,18,0,20,3,0
122424,0,3,1984,0,41,18,0,29,22,20,18,0,11
122424,2,1,1984,11,11,11,11,11,11,11,11,11,11
122425,1,1,1984,0,0,0,0,0,0,0,0,0,0
122425,2,1,1984,0,0,9,0,0,0,0,0,10,0
122426,1,1,1984,14,14,14,14,14,14,14,14,14,14
122427,1,1,1984,0,0,0,0,0,0,0,0,0,0
122427,2,1,1984,0,0,0,0,0,0,0,15,0,0
122427,3,1,1984,0,0,0,0,0,0,0,0,0,0
122428,1,1,1984,8,23,17,33,24,33,14,17,10,23
122429,0,1,1984,0,0,0,0,0,0,0,0,0,0
122429,0,2,1984,0,26,0,0,7,14,11,9,0,0
122429,1,1,1984,9,9,9,9,9,9,9,9,9,9
122430,1,1,1984,0,0,0,0,0,0,0,0,0,0
122430,2,1,1984,2,2,2,2,2,2,2,2,2,2
122431,0,1,1984,22,22,22,22,22,22,22,22,22,22
122431,1,1,1984,0,0,0,0,0,0,0,0,0,0
122431,2,1,1984,0,0,0,0,0,0,0,0,0,0
122432,0,1,1984,4,4,4,4,4,4,4,4,4,4
122432,1,1,1984,0,0,0,0,0,0,0,0,0,0
122432,2,1,1984,0,0,0,0,0,0,0,0,0,0
122433,0,1,1984,0,0,0,0,0,0,0,0,0,0
122433,1,1,1984,0,0,0,0,0,0,0,0,0,0
122434,1,1,1984,12,12,12,12,12,12,12,12,12,12
122434,2,1,1984,10,10,10,10,10,10,10,10,10,10
122435,1,1,1984,3,26,0,5,3,0,13,0,13,0
122436,1,1,1984,0,0,0,0,0,0,0,0,0,0
122436,2,1,1984,0,0,15,0,15,0,4,0,0,0
122437,1,1,1984,0,0,0,0,0,0,24,0,12,0
122438,0,1,1984,0,0,13,0,0,0,0,0,0,18
122438,1,1,1984,16,16,0,26,0,0,0,0,0,0
122439,1,1,1984,0,0,0,0,0,0,0,0,0,9
122439,2,1,1984,0,0,0,0,0,0,0,0,0,0
122440,1,1,1984,17,16,29,28,12,23,25,13,17,11
122441,1,1,1984,0,0,0,0,0,0,0,0,0,0
122442,1,1,1984,22,22,22,22,22,22,22,22,22,22
122442,2,1,1984,0,0,0,0,0,0,0,0,0,0
122442,3,1,1984,0,0,0,0,0,0,0,0,0,0
122443,1,1,1984,0,0,0,0,0,0,0,0,0,0
122443,2,1,1984,0,0,20,0,0,0,0,0,0,0
122444,1,1,1984,0,0,0,0,0,0,0,0,0,0
122444,2,1,1984,15,0,0,0,0,0,0,0,0,0
122445,0,1,1984,0,0,0,0,0,0,0,0,0,0
122445,1,1,1984,0,0,0,0,0,0,0,0,0,0
122446,1,1,1984,1,1,1,1,1,1,1,1,1,1
122446,2,1,1984,0,0,0,0,0,0,0,0,0,0
122447,0,1,1984,0,0,0,0,0,0,0,0,0,0
122447,1,1,1984,0,0,0,0,0,0,0,0,0,0
122448,0,1,1984,0,0,0,0,0,0,0,0,0,0
122448,1,1,1984,0,0,0,13,0,0,0,0,0,0
122449,1,1,1984,0,23,18,28,0,0,0,19,9,0
122450,0,1,1984,0,0,42,19,0,0,32,0,0,0
122450,1,1,1984,0,0,0,0,0,0,0,0,0,0
122451,0,1,1984,13,13,13,13,13,13,13,13,13,13
122451,1,1,1984,0,0,0,0,0,0,0,0,0,0
122452,1,1,1984,0,0,0,0,0,0,0,0,0,0
122452,2,1,1984,19,19,19,19,19,19,19,19,19,19
122453,1,1,1984,0,16,0,11,0,20,0,0,0,0
122454,1,1,1984,5,5,5,5,5,5,5,5,5,5
122455,1,1,1984,8,0,0,0,0,0,0,0,0,0
122455,2,1,1984,0,0,0,0,0,0,0,0,0,0
122456,0,1,1984,0,0,0,0,0,0,0,0,0,0
122456,1,1,1984,0,0,0,0,0,0,0,0,0,0
122457,1,1,1984,12,18,0,0,0,0,0,7,0,0
122457,2,1,1984,0,0,0,0,0,0,0,0,0,0
122458,1,1,1984,16,0,30,5,14,23,14,10,17,9
122458,2,1,1984,2,2,2,2,2,2,2,2,2,2
122459,0,1,1984,0,0,0,0,0,0,0,0,0,0
122459,1,1,1984,0,17,0,0,0,0,0,0,0,0
122459,2,1,1984,17,0,0,0,0,0,0,19,0,10
122460,0,1,1984,22,15,0,0,21,9,24,37,0,0
122460,1,1,1984,0,0,0,0,2,0,9,16,0,8
122461,1,1,1984,0,0,0,0,0,12,0,0,15,0
122461,2,1,1984,0,0,0,0,0,0,0,0,0,0
122462,1,1,1984,0,0,0,0,0,0,0,0,0,0
122462,2,1,1984,0,0,0,0,16,0,0,0,0,0
122463,1,1,1984,0,0,0,0,0,0,0,0,0,0
122463,2,1,1984,26,0,0,0,0,0,0,0,0,0
122464,0,1,1984,0,0,0,0,0,0,0,0,0,0
122464,1,1,1984,0,0,0,0,0,0,0,0,0,22
122464,2,1,1984,0,0,0,0,0,0,0,0,0,0
122465,1,1,1984,0,0,0,0,6,0,0,11,2,14
122465,2,1,1984,0,0,0,0,0,0,0,0,0,18
122466,1,1,1984,8,0,16,15,11,11,11,8,13,5
122466,2,1,1984,0,12,7,13,14,5,0,19,7,0
122467,0,1,1984,0,0,0,0,0,0,0,0,0,0
122467,0,2,1984,0,0,0,0,0,0,0,0,0,0
122467,0,3,1984,0,0,4,0,0,0,0,0,0,0
122467,1,1,1984,0,0,15,0,0,0,0,0,0,0
122468,1,1,1984,0,0,0,0,3,0,0,0,0,0
122468,2,1,1984,0,0,0,0,0,0,0,0,0,0
122469,1,1,1984,0,0,0,0,0,0,0,0,0,0
122469,2,1,1984,0,0,0,14,16,0,0,0,0,0
122470,1,1,1984,12,12,12,12,12,12,12,12,12,12
122470,2,1,1984,0,0,0,0,0,0,0,0,0,0
122470,3,1,1984,0,0,0,0,0,8,0,0,0,0
122470,4,1,1984,0,0,0,0,0,0,0,0,0,0
122471,1,1,1984,14,14,14,14,14,14,14,14,14,14
122471,2,1,1984,0,0,0,0,0,0,0,0,0,0
122472,1,1,1984,20,7,11,9,36,14,8,23,13,20
122473,1,1,1984,11,0,28,27,7,22,18,9,8,23
122474,0,1,1984,15,23,17,8,0,12,14,16,42,19
122474,1,1,1984,11,9,5,20,5,15,24,13,4,15
122475,0,1,1984,0,0,0,0,0,0,0,0,0,0
122476,1,1,1984,7,2,16,15,0,0,0,0,8,17
122476,2,1,1984,5,5,5,5,5,5,5,5,5,5
122477,0,1,1984,0,0,0,0,0,0,0,0,0,0
122477,1,1,1984,0,0,0,0,0,0,0,0,0,0
122478,0,1,1984,0,50,18,22,19,29,29,21,12,11
122478,0,2,1984,0,0,24,21,13,30,0,0,0,32
122478,0,3,1984,23,0,0,0,0,0,22,0,19,8
122478,1,1,1984,27,15,3,19,0,19,4,16,17,11
122479,0,1,1984,0,0,0,0,0,0,0,0,0,0
122479,1,1,1984,7,0,14,27,0,4,12,8,0,0
122480,0,1,1984,0,0,0,0,0,0,0,0,0,0
122480,1,1,1984,0,0,0,0,0,0,0,0,0,0
122481,0,1,1984,12,8,9,0,13,0,6,11,14,20
122481,0,2,1984,0,0,20,15,0,13,0,20,3,12
122481,0,3,1984,0,0,30,12,10,0,25,0,5,12
122481,1,1,1984,28,10,16,5,10,16,1,12,29,22
122482,0,1,1984,0,0,0,0,0,0,0,0,0,0
122482,1,1,1984,0,0,12,0,29,0,0,0,0,0
122483,0,1,1984,20,6,0,0,0,4,30,11,9,0
122483,0,2,1984,0,32,0,17,11,0,7,0,0,12
122483,0,3,1984,0,5,0,0,0,0,0,0,0,0
122483,0,4,1984,16,0,0,0,0,4,0,7,14,20
122483,0,5,1984,0,8,0,0,0,10,0,0,0,18
122483,1,1,1984,8,23,11,10,19,20,26,11,18,29
122484,0,1,1984,0,0,11,0,22,0,17,0,0,11
122484,1,1,1984,11,14,18,20,25,17,0,13,17,12
122485,0,1,1984,0,0,0,0,0,0,0,13,24,0
122485,0,2,1984,0,13,0,0,0,0,0,0,12,0
122485,0,3,1984,0,8,7,0,0,0,5,12,20,0
122485,1,1,1984,0,0,0,0,0,0,0,0,0,0
122486,1,1,1984,0,0,0,0,0,0,0,0,0,0
122486,2,1,1984,0,0,0,0,0,0,0,0,0,0
122487,0,1,1984,0,0,0,0,0,0,14,23,0,4
122487,1,1,1984,0,0,0,0,0,0,0,0,0,0
122488,1,1,1984,29,15,9,18,7,21,24,10,16,21
122489,1,1,1984,0,0,0,11,0,0,0,0,0,0
122490,1,1,1984,21,21,21,21,21,21,21,21,21,21
122491,0,1,1984,23,12,12,19,28,10,17,25,16,17
122491,1,1,1984,20,20,20,20,20,20,20,20,20,20
122492,1,1,1984,13,0,8,0,7,0,0,0,0,0
122492,2,1,1984,19,19,19,19,19,19,19,19,19,19
122493,1,1,1984,0,0,0,0,0,0,0,0,0,0
122493,2,1,1984,11,11,11,11,11,11,11,11,11,11
122494,0,1,1984,4,4,4,4,4,4,4,4,4,4
122494,1,1,1984,0,0,0,0,0,0,0,0,0,0
122495,0,1,1984,24,24,24,24,24,24,24,24,24,24
122495,1,1,1984,0,0,24,0,0,0,0,0,0,0
122495,2,1,1984,0,0,0,0,0,0,0,13,0,0
122496,0,1,1984,0,0,0,0,0,0,0,23,0,23
122496,1,1,1984,0,0,0,0,0,0,0,0,0,0
122497,1,1,1984,12,12,12,12,12,12,12,12,12,12
122498,0,1,1984,16,16,16,16,16,16,16,16,16,16
122498,1,1,1984,0,29,0,0,0,17,0,0,29,0
122499,0,1,1984,0,0,8,10,0,0,0,0,0,0
122499,1,1,1984,26,26,26,26,26,26,26,26,26,26
122500,0,1,1984,0,0,0,0,0,0,0,0,0,0
122500,1,1,1984,0,0,0,0,0,0,0,0,0,0
122500,2,1,1984,21,0,0,26,0,19,0,10,19,22
122501,0,1,1984,0,0,0,0,0,0,0,0,0,0
122501,1,1,1984,10,0,17,0,6,0,11,12,10,3
122502,0,1,1984,0,0,0,20,0,9,34,0,0,0
122502,1,1,1984,0,9,0,0,0,0,0,8,11,0
122503,0,1,1984,0,0,0,20,0,0,0,0,0,0
122503,1,1,1984,0,5,0,0,0,0,0,0,0,0
122504,1,1,1984,14,14,14,14,14,14,14,14,14,14
122504,2,1,1984,0,0,27,0,0,0,0,0,0,0
122505,1,1,1984,0,0,0,0,0,0,0,0,0,0
122506,1,1,1984,0,0,0,0,0,0,0,0,0,0
122506,2,1,1984,0,0,0,0,0,0,0,0,0,0
122507,1,1,1984,15,23,31,31,10,8,27,11,29,22
122507,2,1,1984,15,14,5,4,3,19,41,9,37,9
122508,1,1,1984,0,0,0,0,0,0,0,0,0,0
122508,2,1,1984,0,0,0,0,0,0,0,0,0,0
122509,1,1,1984,0,0,0,12,0,0,0,0,0,0
122510,1,1,1984,0,0,0,0,0,0,0,0,0,0
122510,2,1,1984,0,0,0,0,0,0,0,0,0,0
122511,1,1,1984,0,12,0,0,0,0,0,0,0,0
122511,2,1,1984,0,0,0,9,0,0,0,0,0,0
122512,1,1,1984,23,27,25,18,15,32,3,14,25,23
122512,2,1,1984,0,0,0,0,0,0,0,0,0,0
122512,3,1,1984,0,0,0,0,0,0,0,0,0,0
122513,0,1,1984,0,0,0,0,0,0,0,0,0,0
122513,1,1,1984,0,0,0,0,0,0,0,0,0,0
122514,0,1,1984,0,0,0,0,0,0,0,0,0,0
122514,0,2,1984,0,0,0,0,0,0,0,0,0,0
122514,1,1,1984,0,0,0,0,0,0,0,0,0,0
122515,0,1,1984,0,29,15,0,0,0,0,0,0,0
122515,0,2,1984,0,0,0,0,0,0,0,0,0,0
122515,1,1,1984,0,0,0,0,0,0,0,0,20,0
122516,0,1,1984,0,0,0,0,0,0,0,0,0,0
122516,1,1,1984,16,21,22,0,16,22,24,27,19,29
122517,0,1,1984,10,10,10,10,10,10,10,10,10,10
122517,0,2,1984,0,0,0,0,0,0,0,0,0,0
122517,1,1,1984,34,34,34,34,34,34,34,34,34,34
122518,1,1,1984,7,21,14,21,16,12,29,18,14,14
122519,0,1,1984,5,5,5,5,5,5,5,5,5,5
122519,1,1,1984,8,7,0,21,19,4,21,0,13,16
122520,0,1,1984,33,14,15,13,24,22,16,28,13,14
122520,1,1,1984,17,17,17,17,17,17,17,17,17,17
122521,1,1,1984,16,16,16,16,16,16,16,16,16,16
122522,1,1,1984,21,21,21,21,21,21,21,21,21,21
122522,2,1,1984,0,0,0,11,0,0,0,0,0,0
122523,1,1,1984,0,0,21,0,0,0,0,0,0,0
122523,2,1,1984,0,0,0,0,0,0,0,0,0,0
122524,0,1,1984,0,16,0,0,0,0,0,0,0,0
122524,1,1,1984,0,0,0,0,0,0,0,0,0,0
122525,1,1,1984,0,0,0,0,11,8,0,11,0,9
122525,2,1,1984,0,0,0,0,0,0,0,0,0,0
122526,1,1,1984,0,0,0,0,0,0,0,0,0,0
122527,1,1,1984,0,0,0,0,0,0,0,0,0,0
122527,2,1,1984,0,0,0,0,0,0,0,7,0,0
122528,1,1,1984,0,0,0,0,0,0,0,0,0,0
122528,2,1,1984,0,0,0,0,0,0,0,6,0,0
122529,1,1,1984,0,0,0,0,0,0,0,0,0,0
122530,1,1,1984,20,16,13,18,0,0,0,0,16,0
122530,2,1,1984,0,0,0,0,0,0,0,0,0,0
122530,3,1,1984,0,0,0,0,0,0,8,0,0,0
122531,1,1,1984,0,14,0,0,0,0,0,0,0,0
122532,0,1,1984,0,0,0,0,0,0,0,0,0,0
122532,1,1,1984,0,0,0,0,0,0,0,0,0,0
122533,1,1,1984,0,0,0,0,0,0,0,0,0,0
122534,1,1,1984,11,11,11,11,11,11,11,11,11,11
122535,1,1,1984,0,0,0,0,0,0,0,0,0,0
122535,2,1,1984,0,0,0,0,0,0,0,0,0,0
122536,0,1,1984,22,0,16,24,0,0,0,0,0,0
122536,0,2,1984,0,0,0,0,0,0,22,0,0,0
122536,1,1,1984,0,0,0,0,0,0,0,0,10,0
122537,1,1,1984,0,0,0,0,0,0,0,0,0,0
122537,2,1,1984,0,0,0,0,0,0,0,0,0,0
122538,1,1,1984,20,11,19,0,0,0,0,20,0,10
122539,1,1,1984,7,7,7,7,7,7,7,7,7,7
122539,2,1,1984,8,8,8,8,8,8,8,8,8,8
122540,0,1,1984,34,34,34,34,34,34,34,34,34,34
122540,1,1,1984,0,0,0,0,0,0,0,0,0,0
122541,1,1,1984,0,11,0,0,0,0,0,0,0,0
122541,2,1,1984,0,0,0,0,0,0,0,0,0,0
122542,1,1,1984,16,16,16,16,16,16,16,16,16,16
122543,1,1,1984,0,0,0,0,0,0,0,17,0,0
122543,2,1,1984,0,0,0,0,0,0,0,0,0,0
122544,1,1,1984,0,0,0,0,0,0,0,0,11,0
122544,2,1,1984,0,0,0,0,0,0,0,0,0,0
122545,1,1,1984,26,26,26,26,26,26,26,26,26,26
122546,1,1,1984,23,23,23,23,23,23,23,23,23,23
122547,1,1,1984,0,0,0,0,0,0,0,0,0,0
122547,2,1,1984,0,0,0,0,0,0,0,0,0,0
122548,1,1,1984,0,0,0,0,0,9,0,14,0,0
122548,2,1,1984,19,19,19,19,19,19,19,19,19,19
122549,1,1,1984,0,0,0,0,0,0,0,0,0,0
122549,2,1,1984,0,0,0,0,0,0,0,0,0,0
122550,1,1,1984,0,0,0,0,0,0,0,0,0,0
122550,2,1,1984,0,0,0,0,0,0,0,0,0,0
122551,0,1,1984,0,0,0,0,0,0,0,0,0,0
122551,1,1,1984,0,0,0,0,0,0,0,0,0,0
122552,1,1,1984,0,0,0,0,0,0,0,0,0,0
122553,0,1,1984,0,0,0,0,0,0,0,0,0,0
122553,1,1,1984,0,0,0,0,0,0,0,0,0,0
122554,1,1,1984,0,0,0,0,0,0,0,0,0,0
122554,2,1,1984,0,0,0,0,0,0,0,0,0,0
122555,0,1,1984,0,0,0,0,0,0,0,0,0,0
122555,1,1,1984,22,22,22,22,22,22,22,22,22,22
122556,0,1,1984,0,0,0,0,0,0,0,0,0,0
122556,1,1,1984,0,0,0,0,0,0,0,0,0,0
122557,1,1,1984,0,0,0,18,0,0,17,0,0,0
122557,2,1,1984,0,0,0,0,0,0,0,0,0,0
122558,1,1,1984,0,0,0,0,0,0,0,0,0,0
122558,2,1,1984,0,19,0,0,0,0,0,0,0,0
122559,1,1,1984,0,0,0,0,0,0,0,0,0,0
122560,0,1,1984,0,0,0,0,0,0,0,0,0,0
122560,1,1,1984,0,0,0,0,0,0,0,0,0,0
122561,0,1,1984,0,0,0,0,0,0,0,0,0,0
122561,2,1,1984,0,0,0,0,0,0,0,0,0,0
122562,1,1,1984,15,15,15,15,15,15,15,15,15,15
122562,2,1,1984,0,0,0,0,0,0,0,0,0,0
122563,1,1,1984,0,0,0,0,0,0,0,0,0,0
122563,2,1,1984,0,0,0,0,0,0,0,0,0,0
122564,1,1,1984,14,14,14,14,14,14,14,14,14,14
122564,2,1,1984,2,2,2,2,2,2,2,2,2,2
122565,1,1,1984,24,22,26,21,18,26,0,0,0,14
122565,2,1,1984,0,0,0,0,0,0,0,0,0,0
130001,1,1,1984,28,0,5,0,0,17,0,0,0,0
130001,2,1,1984,0,0,0,0,0,0,0,0,0,0
130002,1,1,1984,16,13,16,7,14,0,15,31,40,16
130003,1,1,1984,38,38,38,38,38,38,38,38,38,38
130004,0,1,1984,10,10,10,10,10,10,10,10,10,10
130004,1,1,1984,0,0,0,0,0,0,0,0,0,0
130004,2,1,1984,0,0,0,0,0,0,0,0,0,0
130005,1,1,1984,0,0,0,0,0,0,0,18,0,10
130005,2,1,1984,0,0,0,0,0,0,0,0,0,0
130006,0,1,1984,0,0,0,0,0,20,10,0,7,0
130006,1,1,1984,0,0,0,0,0,0,0,0,0,0
130007,1,1,1984,0,0,0,0,34,0,4,0,0,17
130007,2,1,1984,0,0,0,0,0,0,0,0,0,0
130008,1,1,1984,0,0,0,0,0,0,0,0,0,0
130009,1,1,1984,3,0,0,0,0,3,0,16,0,0
130010,1,1,1984,26,26,26,26,26,26,26,26,26,26
130011,0,1,1984,0,0,0,0,0,0,0,0,0,0
130011,1,1,1984,0,0,0,0,0,0,0,0,0,0
130012,0,1,1984,0,0,0,0,0,0,0,0,0,0
130012,1,1,1984,0,0,0,0,0,0,0,0,0,0
130013,1,1,1984,32,32,32,32,32,32,32,32,32,32
130014,1,1,1984,29,0,8,0,0,0,0,0,14,18
130014,2,1,1984,0,0,0,0,0,0,0,0,0,0
130015,0,1,1984,0,0,0,0,0,0,0,0,0,0
130015,1,1,1984,0,0,0,0,13,0,0,0,0,0
130016,1,1,1984,0,0,0,0,0,0,0,0,0,0
130016,2,1,1984,0,0,0,0,0,0,0,0,0,0
130017,0,1,1984,19,19,19,19,19,19,19,19,19,19
130017,1,1,1984,0,0,0,0,0,0,0,0,0,0
130018,1,1,1984,0,0,0,0,0,0,0,0,0,0
130018,2,1,1984,0,0,0,0,0,0,0,0,0,0
130019,1,1,1984,12,12,12,12,12,12,12,12,12,12
130020,1,1,1984,0,0,0,0,0,0,0,0,0,0
130020,2,1,1984,0,0,0,0,0,0,0,0,0,0
130021,1,1,1984,13,0,0,0,0,0,0,0,0,0
130021,2,1,1984,0,0,0,0,0,0,0,0,0,0
130022,1,1,1984,14,14,14,14,14,14,14,14,14,14
130023,1,1,1984,16,16,16,16,16,16,16,16,16,16
130024,1,1,1984,0,0,0,0,0,0,0,0,0,0
130024,2,1,1984,0,0,0,0,0,0,0,0,0,0
130024,3,1,1984,0,0,0,0,0,0,0,0,0,0
130025,1,1,1984,12,12,12,12,12,12,12,12,12,12
130026,1,1,1984,0,0,0,0,0,0,0,0,0,0
130026,2,1,1984,0,0,0,0,0,0,0,0,0,0
130027,1,1,1984,0,0,0,0,0,0,0,0,0,0
130027,2,1,1984,0,0,0,0,0,0,0,0,0,0
130028,1,1,1984,0,0,0,0,0,0,0,0,0,0
130029,0,1,1984,21,21,21,21,21,21,21,21,21,21
130029,1,1,1984,0,0,0,0,0,0,0,4,0,0
130030,1,1,1984,0,0,0,0,0,0,0,0,0,0
130031,1,1,1984,26,26,26,26,26,26,26,26,26,26
130032,1,1,1984,23,23,23,23,23,23,23,23,23,23
130033,1,1,1984,6,6,6,6,6,6,6,6,6,6
130034,1,1,1984,19,19,19,19,19,19,19,19,19,19
130035,1,1,1984,0,0,0,0,0,0,0,0,0,0
130035,2,1,1984,0,0,0,0,0,0,0,0,0,0
130035,3,1,1984,0,0,0,0,0,0,0,0,0,0
130036,1,1,1984,0,0,0,0,0,0,0,0,0,0
130036,2,1,1984,0,0,0,0,0,0,0,0,0,0
130037,1,1,1984,25,25,25,25,25,25,25,25,25,25
130037,2,1,1984,0,0,0,0,0,0,0,0,0,0
130038,1,1,1984,0,0,0,0,0,0,0,0,0,0
130039,0,1,1984,0,0,0,0,0,0,0,0,0,0
130039,1,1,1984,0,0,0,0,0,0,0,0,0,0
130040,1,1,1984,0,0,0,0,17,0,0,25,0,0
130041,1,1,1984,0,0,0,0,0,0,10,0,0,0