ST_CASE,VEH_NO,PER_NO,YEAR,P1,P2,P3,P4,P5,P6,P7,P8,P9,P10
130323,1,1,1984,38,38,38,38,38,38,38,38,38,38
130324,1,1,1984,22,22,22,22,22,22,22,22,22,22
130325,0,1,1984,47,47,47,47,47,47,47,47,47,47
130325,1,1,1984,0,0,0,0,0,0,0,0,0,0
130326,1,1,1984,0,0,0,0,0,0,0,0,0,0
130327,1,1,1984,0,0,0,0,0,0,0,0,0,0
130327,2,1,1984,8,8,8,8,8,8,8,8,8,8
130328,1,1,1984,0,0,0,0,0,0,0,0,0,0
130329,1,1,1984,0,0,0,0,0,0,0,0,0,0
130329,2,1,1984,12,12,12,12,12,12,12,12,12,12
130330,1,1,1984,3,3,3,3,3,3,3,3,3,3
130330,2,1,1984,21,15,0,0,0,13,0,8,0,22
130331,1,1,1984,8,8,8,8,8,8,8,8,8,8
130331,2,1,1984,0,0,0,0,0,0,0,0,0,0
130332,0,1,1984,9,9,9,9,9,9,9,9,9,9
130332,1,1,1984,0,0,0,0,0,0,0,0,0,0
130333,1,1,1984,5,14,0,20,3,0,0,0,0,12
130333,2,1,1984,0,6,0,0,9,7,0,0,0,16
130334,1,1,1984,0,0,0,0,0,0,0,0,0,0
130334,2,1,1984,2,2,2,2,2,2,2,2,2,2
130335,1,1,1984,17,17,17,17,17,17,17,17,17,17
130336,1,1,1984,0,0,0,0,0,0,0,0,0,0
130336,2,1,1984,0,0,0,0,0,0,0,0,0,0
130337,1,1,1984,0,28,0,14,17,0,8,25,34,0
130338,0,1,1984,0,0,0,0,0,0,0,0,9,0
130338,1,1,1984,0,0,0,0,0,0,0,0,0,0
130339,0,1,1984,23,18,12,21,19,19,23,7,7,0
130339,1,1,1984,0,0,11,0,0,0,54,0,0,0
130340,1,1,1984,0,0,0,0,0,0,0,0,0,0
130340,2,1,1984,1,1,1,1,1,1,1,1,1,1
130341,1,1,1984,33,33,33,33,33,33,33,33,33,33
130342,1,1,1984,13,13,13,13,13,13,13,13,13,13
130342,2,1,1984,0,0,0,0,0,0,0,0,0,0
130343,1,1,1984,0,0,0,0,0,0,0,0,0,23
130343,2,1,1984,0,0,0,0,0,0,0,0,0,0
130344,1,1,1984,0,0,0,21,0,0,0,29,16,0
130344,2,1,1984,0,0,0,0,0,0,0,0,0,0
130345,1,1,1984,0,0,0,0,0,0,0,0,0,0
130345,2,1,1984,0,0,0,0,0,0,0,0,0,0
130346,1,1,1984,0,0,0,0,0,0,0,0,0,0
130347,1,1,1984,0,0,0,0,0,0,0,0,0,0
130347,2,1,1984,0,0,0,0,0,0,0,0,0,0
130347,3,1,1984,17,0,0,0,0,0,0,0,0,0
130348,1,1,1984,0,0,0,0,0,0,0,0,0,12
130348,2,1,1984,0,0,0,0,0,0,0,0,0,0
130349,1,1,1984,34,34,34,34,34,34,34,34,34,34
130350,1,1,1984,0,0,0,0,0,0,10,0,0,0
130350,2,1,1984,0,0,0,0,0,0,0,0,0,0
130350,3,1,1984,0,0,0,20,0,0,0,0,0,0
130351,1,1,1984,15,15,15,15,15,15,15,15,15,15
130352,1,1,1984,29,29,29,29,29,29,29,29,29,29
130353,0,1,1984,17,17,17,17,17,17,17,17,17,17
130353,1,1,1984,17,0,12,30,0,0,0,0,4,6
130353,2,1,1984,0,0,0,0,0,0,0,0,0,0
130354,1,1,1984,0,0,0,0,0,0,0,0,0,0
130354,2,1,1984,7,15,19,19,0,23,15,11,19,20
130355,1,1,1984,0,0,0,0,0,0,0,0,0,0
130356,1,1,1984,16,16,16,16,16,16,16,16,16,16
130356,2,1,1984,7,7,7,7,7,7,7,7,7,7
130357,0,1,1984,0,0,8,0,0,0,0,0,0,0
130357,1,1,1984,0,0,0,0,0,0,0,0,0,0
130358,1,1,1984,20,20,20,20,20,20,20,20,20,20
130359,0,1,1984,37,37,37,37,37,37,37,37,37,37
130359,1,1,1984,0,0,0,0,0,0,0,0,0,0
130360,1,1,1984,0,0,0,0,0,0,0,0,0,0
130360,2,1,1984,0,0,0,0,18,0,0,0,0,0
130361,1,1,1984,31,31,31,31,31,31,31,31,31,31
130362,1,1,1984,9,9,9,9,9,9,9,9,9,9
130363,1,1,1984,7,7,7,7,7,7,7,7,7,7
130364,0,1,1984,26,26,26,26,26,26,26,26,26,26
130364,1,1,1984,14,0,0,0,0,0,0,0,0,0
130365,1,1,1984,9,9,9,9,9,9,9,9,9,9
130365,2,1,1984,0,0,0,0,0,0,0,0,0,0
130366,1,1,1984,2,2,2,2,2,2,2,2,2,2
130367,1,1,1984,8,8,8,8,8,8,8,8,8,8
130368,1,1,1984,27,27,27,27,27,27,27,27,27,27
130369,1,1,1984,0,0,0,0,0,0,0,0,0,0
130370,1,1,1984,0,0,0,0,0,0,0,0,0,10
130370,2,1,1984,21,21,21,21,21,21,21,21,21,21
130371,1,1,1984,0,0,0,0,0,0,0,0,0,0
130371,2,1,1984,0,0,0,0,0,0,0,0,0,0
130372,0,1,1984,0,0,0,0,0,0,0,0,0,0
130372,1,1,1984,0,0,0,0,0,0,0,0,0,0
130373,1,1,1984,0,0,0,0,0,0,0,0,0,0
130373,2,1,1984,0,0,0,0,0,0,0,0,0,17
130374,1,1,1984,17,17,17,17,17,17,17,17,17,17
130375,1,1,1984,16,16,16,16,16,16,16,16,16,16
130375,2,1,1984,0,7,0,0,11,0,0,0,0,0
130376,1,1,1984,10,10,10,10,10,10,10,10,10,10
130376,2,1,1984,28,15,12,18,19,15,26,17,10,14
130377,0,1,1984,31,31,31,31,31,31,31,31,31,31
130377,1,1,1984,14,14,14,14,14,14,14,14,14,14
130378,1,1,1984,0,0,0,0,0,0,0,0,0,0
130379,1,1,1984,0,0,0,0,0,0,0,0,0,0
130379,2,1,1984,0,0,0,0,0,0,0,0,0,0
130380,0,1,1984,0,0,0,0,0,0,0,0,0,0
130380,1,1,1984,1,1,1,1,1,1,1,1,1,1
130381,1,1,1984,0,15,0,0,0,0,0,0,0,0
130381,2,1,1984,0,0,0,0,0,0,0,0,0,0
130382,1,1,1984,14,14,14,14,14,14,14,14,14,14
130383,1,1,1984,0,0,0,0,0,0,0,0,0,0
130383,2,1,1984,16,16,16,16,16,16,16,16,16,16
130384,1,1,1984,0,0,0,0,0,0,0,0,0,0
130384,2,1,1984,0,0,0,0,0,0,0,0,0,0
130385,0,1,1984,0,0,0,0,0,0,0,0,0,0
130385,1,1,1984,0,0,0,0,0,0,0,0,0,16
130386,1,1,1984,3,3,3,3,3,3,3,3,3,3
130387,0,1,1984,0,0,0,0,0,0,0,0,0,0
130387,0,2,1984,18,31,0,12,24,32,16,0,0,15
130387,1,1,1984,21,21,21,21,21,21,21,21,21,21
130388,1,1,1984,28,28,28,28,28,28,28,28,28,28
130388,2,1,1984,0,0,0,0,0,0,0,0,0,0
130389,1,1,1984,0,0,0,0,0,0,0,0,0,0
130389,2,1,1984,0,0,0,0,0,0,0,0,0,14
130390,1,1,1984,21,21,21,21,21,21,21,21,21,21
130391,1,1,1984,17,17,17,17,17,17,17,17,17,17
130391,2,1,1984,0,0,0,0,0,0,0,0,0,0
130392,1,1,1984,1,1,1,1,1,1,1,1,1,1
130393,1,1,1984,0,0,0,16,0,0,0,0,0,0
130393,2,1,1984,0,0,0,0,0,0,0,0,0,0
130394,1,1,1984,0,0,0,0,0,0,0,0,0,0
130394,2,1,1984,0,0,0,0,0,0,0,0,0,0
130395,1,1,1984,19,19,19,19,19,19,19,19,19,19
130396,1,1,1984,18,18,18,18,18,18,18,18,18,18
130397,1,1,1984,0,0,0,0,0,0,9,0,0,0
130397,2,1,1984,0,0,0,0,0,0,0,0,0,0
130397,3,1,1984,0,0,0,0,0,0,0,0,0,0
130398,1,1,1984,0,0,0,0,0,0,0,0,0,0
130398,2,1,1984,0,0,0,0,0,0,0,0,0,0
130399,1,1,1984,0,0,0,0,0,0,0,0,0,0
130399,2,1,1984,0,0,0,0,0,0,0,0,0,0
130400,1,1,1984,0,13,0,0,0,0,0,0,0,0
130401,1,1,1984,18,18,18,18,18,18,18,18,18,18
130402,1,1,1984,9,9,9,9,9,9,9,9,9,9
130403,1,1,1984,23,23,23,23,23,23,23,23,23,23
130404,1,1,1984,0,0,0,0,0,0,0,0,0,0
130404,2,1,1984,0,0,0,0,0,0,0,0,0,0
130405,1,1,1984,16,16,16,16,16,16,16,16,16,16
130406,1,1,1984,20,20,20,20,20,20,20,20,20,20
130407,1,1,1984,0,0,0,34,0,0,0,22,0,0
130408,1,1,1984,13,13,13,13,13,13,13,13,13,13
130408,2,1,1984,0,0,15,5,0,10,0,0,0,0
130409,0,1,1984,0,0,0,0,0,0,0,0,0,0
130409,1,1,1984,0,0,0,0,0,0,0,0,0,0
130409,2,1,1984,0,0,15,0,0,0,0,0,0,0
130410,1,1,1984,0,0,0,0,0,0,0,0,0,0
130410,2,1,1984,24,24,24,24,24,24,24,24,24,24
130411,1,1,1984,21,21,21,21,21,21,21,21,21,21
130412,1,1,1984,0,0,0,0,0,0,0,0,0,0
130413,1,1,1984,28,28,28,28,28,28,28,28,28,28
130414,1,1,1984,11,11,11,11,11,11,11,11,11,11
130414,2,1,1984,0,0,0,0,0,0,0,0,0,0
130415,1,1,1984,0,0,0,0,0,23,0,0,0,0
130416,1,1,1984,15,15,15,15,15,15,15,15,15,15
130417,1,1,1984,0,0,0,0,0,0,0,3,0,0
130418,1,1,1984,24,24,24,24,24,24,24,24,24,24
130418,2,1,1984,0,0,0,0,0,0,0,0,0,0
130419,1,1,1984,23,23,23,23,23,23,23,23,23,23
130419,2,1,1984,0,0,0,0,0,0,0,0,0,0
130420,0,1,1984,16,24,28,32,0,39,13,13,13,0
130420,1,1,1984,0,0,0,0,15,0,0,0,0,0
130421,1,1,1984,13,13,13,13,13,13,13,13,13,13
130422,1,1,1984,24,24,24,24,24,24,24,24,24,24
130423,1,1,1984,0,0,0,0,0,0,0,0,0,0
130424,1,1,1984,0,0,0,0,0,0,0,0,0,0
130425,1,1,1984,29,29,29,29,29,29,29,29,29,29
130426,1,1,1984,3,3,3,3,3,3,3,3,3,3
130426,2,1,1984,0,0,0,0,0,0,33,0,0,0
130427,1,1,1984,28,28,28,28,28,28,28,28,28,28
130428,1,1,1984,0,0,0,0,0,0,0,0,0,0
130428,2,1,1984,0,0,15,0,6,0,0,0,0,0
130429,1,1,1984,0,0,0,0,0,0,0,0,0,0
130429,2,1,1984,22,22,22,22,22,22,22,22,22,22
130430,1,1,1984,28,28,28,28,28,28,28,28,28,28
130431,1,1,1984,13,13,13,13,13,13,13,13,13,13
130432,1,1,1984,9,9,9,9,9,9,9,9,9,9
130433,0,1,1984,7,7,7,7,7,7,7,7,7,7
130433,1,1,1984,8,18,6,0,15,0,0,0,0,0
130434,1,1,1984,0,0,0,0,0,0,0,0,0,2
130434,2,1,1984,27,13,34,2,25,21,20,0,0,9
130435,1,1,1984,0,0,0,0,0,0,0,0,0,0
130435,2,1,1984,0,0,0,0,0,0,0,0,0,0
130436,1,1,1984,21,21,21,21,21,21,21,21,21,21
130437,1,1,1984,12,12,12,12,12,12,12,12,12,12
130437,2,1,1984,0,0,0,0,0,0,0,0,0,0
130438,1,1,1984,0,0,0,0,0,0,0,0,0,9
130438,2,1,1984,10,10,10,10,10,10,10,10,10,10
130439,1,1,1984,0,0,0,0,0,0,0,0,0,0
130440,1,1,1984,14,14,14,14,14,14,14,14,14,14
130441,1,1,1984,21,21,21,21,21,21,21,21,21,21
130441,2,1,1984,10,0,0,0,0,0,0,0,0,0
130442,1,1,1984,5,5,5,5,5,5,5,5,5,5
130443,1,1,1984,0,0,0,0,0,0,0,0,0,0
130443,2,1,1984,4,4,4,4,4,4,4,4,4,4
130444,1,1,1984,26,26,26,26,26,26,26,26,26,26
130444,2,1,1984,4,4,4,4,4,4,4,4,4,4
130445,1,1,1984,0,0,0,0,28,0,23,0,0,0
130445,2,1,1984,0,0,0,0,0,0,4,0,0,0
130446,1,1,1984,0,0,0,0,0,0,0,0,0,0
130446,2,1,1984,0,0,0,0,9,0,0,0,15,0
130447,0,1,1984,8,0,37,0,0,0,0,20,0,51
130447,1,1,1984,0,21,0,15,0,0,0,0,0,0
130447,2,1,1984,8,8,8,8,8,8,8,8,8,8
130447,3,1,1984,0,0,0,0,0,0,0,0,0,0
130448,1,1,1984,0,0,0,16,0,19,7,0,17,0
130449,1,1,1984,3,3,3,3,3,3,3,3,3,3
130449,2,1,1984,1,1,1,1,1,1,1,1,1,1
130450,0,1,1984,0,0,0,15,16,24,0,0,0,30
130450,1,1,1984,0,0,0,0,0,0,0,0,0,0
130451,1,1,1984,20,20,20,20,20,20,20,20,20,20
130451,2,1,1984,0,0,0,0,0,0,0,0,0,0
130452,1,1,1984,0,0,0,10,2,0,0,0,0,18
130452,2,1,1984,21,0,0,0,0,0,0,0,12,0
130453,1,1,1984,0,0,0,0,0,0,0,14,0,10
130454,1,1,1984,0,0,0,0,0,0,0,0,0,0
130454,2,1,1984,0,0,0,0,0,0,16,0,0,0
130455,1,1,1984,28,25,11,32,31,17,22,4,5,13
130456,1,1,1984,0,0,0,0,0,0,0,0,0,0
130456,2,1,1984,0,0,22,0,0,0,0,0,0,0
130457,1,1,1984,0,0,0,0,0,0,0,0,0,0
130457,2,1,1984,0,0,5,0,0,0,0,0,0,0
130458,1,1,1984,0,0,0,0,0,0,0,0,0,0
130458,2,1,1984,16,0,0,0,0,6,0,0,0,0
130459,1,1,1984,0,0,0,0,0,0,0,0,0,0
130460,1,1,1984,25,25,25,25,25,25,25,25,25,25
130461,1,1,1984,8,8,8,8,8,8,8,8,8,8
130461,2,1,1984,0,0,0,0,0,0,0,0,0,0
130462,1,1,1984,0,0,0,0,0,0,0,0,0,0
130462,2,1,1984,0,0,0,16,0,0,0,0,0,0
130463,1,1,1984,0,0,0,0,0,12,0,0,0,0
130464,1,1,1984,0,0,0,0,0,0,0,0,0,0
130464,2,1,1984,0,0,0,0,6,0,0,0,0,0
130465,1,1,1984,0,0,0,0,0,0,0,0,0,0
130465,2,1,1984,0,0,0,0,0,0,0,0,0,0
130466,0,1,1984,18,0,34,0,17,0,25,6,7,15
130466,1,1,1984,0,0,17,0,0,0,8,0,0,0
130467,1,1,1984,22,7,5,0,20,0,18,15,27,24
130468,1,1,1984,24,24,24,24,24,24,24,24,24,24
130469,1,1,1984,0,0,0,0,0,11,0,12,0,0
130469,2,1,1984,0,0,0,0,0,0,0,0,0,0
130470,1,1,1984,0,0,0,0,0,0,0,0,0,0
130470,2,1,1984,18,18,18,18,18,18,18,18,18,18
130471,1,1,1984,6,6,6,6,6,6,6,6,6,6
130472,1,1,1984,29,29,29,29,29,29,29,29,29,29
130472,2,1,1984,0,0,0,0,0,0,28,0,0,0
130473,1,1,1984,11,11,11,11,11,11,11,11,11,11
130474,1,1,1984,18,16,17,21,0,0,5,18,20,0
130475,1,1,1984,16,0,16,0,0,0,0,0,0,0
130476,0,1,1984,0,0,0,0,0,0,0,0,0,0
130476,1,1,1984,0,0,0,0,0,0,0,0,0,0
130477,1,1,1984,18,18,18,18,18,18,18,18,18,18
130477,2,1,1984,0,0,0,0,0,0,0,0,0,0
130478,1,1,1984,0,0,0,0,0,0,0,0,0,0
130479,0,1,1984,0,0,0,0,0,0,0,0,0,0
130479,1,1,1984,0,0,0,0,0,0,0,0,0,0
130480,1,1,1984,28,28,28,28,28,28,28,28,28,28
130481,1,1,1984,0,0,0,0,0,0,0,0,0,0
130482,1,1,1984,15,0,0,0,0,19,0,0,0,0
130482,2,1,1984,0,0,0,0,0,20,0,0,0,0
130483,0,1,1984,0,29,34,12,0,26,0,0,26,0
130483,1,1,1984,0,0,0,0,0,0,0,0,12,0
130484,0,1,1984,0,0,0,0,0,0,0,0,0,0
130484,1,1,1984,0,15,0,0,0,0,0,0,0,0
130485,0,1,1984,0,0,0,0,0,0,0,0,0,0
130485,1,1,1984,0,0,0,0,0,0,0,22,0,0
130486,1,1,1984,0,0,0,0,0,0,0,0,0,0
130486,2,1,1984,0,0,0,0,0,0,0,0,0,0
130486,3,1,1984,4,4,4,4,4,4,4,4,4,4
130487,1,1,1984,0,0,0,0,0,0,0,0,0,0
130487,2,1,1984,0,0,0,0,0,0,0,0,8,0
130488,1,1,1984,0,0,0,0,0,0,0,0,9,0
130489,1,1,1984,32,32,32,32,32,32,32,32,32,32
130490,1,1,1984,0,0,0,0,0,0,0,0,0,0
130490,2,1,1984,0,0,0,0,0,0,0,0,0,0
130491,1,1,1984,30,30,30,30,30,30,30,30,30,30
130492,1,1,1984,0,8,0,9,0,0,0,0,0,0
130492,2,1,1984,2,2,2,2,2,2,2,2,2,2
130493,1,1,1984,22,0,0,0,17,0,0,0,38,0
130493,2,1,1984,7,7,7,7,7,7,7,7,7,7
130493,3,1,1984,0,0,0,0,0,11,0,0,27,0
130494,1,1,1984,0,4,0,0,0,0,0,0,14,0
130494,2,1,1984,0,0,0,0,0,0,0,0,0,0
130495,1,1,1984,14,14,14,14,14,14,14,14,14,14
130495,2,1,1984,0,0,0,0,4,0,0,0,0,0
130496,1,1,1984,6,6,6,6,6,6,6,6,6,6
130497,0,1,1984,25,25,25,25,25,25,25,25,25,25
130497,1,1,1984,0,0,0,0,0,0,0,0,0,0
130498,1,1,1984,16,16,16,16,16,16,16,16,16,16
130499,1,1,1984,1,1,1,1,1,1,1,1,1,1
130500,1,1,1984,0,0,0,0,0,0,0,0,0,0
130500,2,1,1984,0,0,0,0,0,0,0,0,0,0
130501,1,1,1984,23,23,23,23,23,23,23,23,23,23
130502,1,1,1984,0,0,0,0,0,0,0,0,0,0
130503,1,1,1984,13,13,13,13,13,13,13,13,13,13
130504,1,2,1984,19,19,19,19,19,19,19,19,19,19
130505,1,1,1984,10,10,10,10,10,10,10,10,10,10
130506,1,1,1984,0,0,0,0,0,0,0,0,0,0
130506,2,1,1984,0,0,0,0,0,0,0,0,0,0
130507,1,1,1984,0,0,0,0,0,0,0,0,0,0
130507,2,1,1984,0,0,0,0,0,0,0,0,0,0
130508,1,1,1984,0,0,0,0,0,0,0,0,0,0
130508,2,1,1984,0,0,0,0,0,0,0,0,0,0
130509,1,1,1984,4,0,0,0,0,0,0,0,0,0
130509,2,1,1984,5,5,5,5,5,5,5,5,5,5
130509,3,1,1984,0,0,10,19,0,0,0,13,0,0
130510,0,1,1984,0,0,29,10,0,0,0,0,16,0
130510,1,1,1984,0,0,0,0,0,0,0,0,0,0
130511,1,1,1984,8,8,8,8,8,8,8,8,8,8
130512,1,1,1984,17,17,17,17,17,17,17,17,17,17
130513,1,1,1984,8,8,8,8,8,8,8,8,8,8
130514,1,1,1984,12,0,13,0,0,0,24,0,0,0
130515,1,1,1984,19,19,19,19,19,19,19,19,19,19
130516,0,1,1984,23,23,23,23,23,23,23,23,23,23
130516,1,1,1984,3,3,3,3,3,3,3,3,3,3
130517,1,1,1984,0,0,0,0,0,0,0,0,0,0
130517,2,1,1984,0,0,0,0,0,0,0,0,0,0
130518,0,1,1984,0,0,0,0,0,0,0,0,0,0
130518,1,1,1984,0,0,0,0,0,0,0,0,0,0
130519,0,1,1984,0,0,0,0,0,0,0,0,0,0
130519,1,1,1984,0,0,0,0,0,0,0,0,0,0
130520,1,1,1984,13,13,13,13,13,13,13,13,13,13
130520,2,1,1984,0,0,0,0,0,0,0,0,0,0
130521,1,1,1984,0,0,0,0,0,0,22,0,14,0
130521,2,1,1984,0,0,0,19,0,0,0,0,0,0
130522,1,1,1984,0,0,0,0,0,0,0,0,0,0
130522,2,1,1984,0,0,0,0,0,0,0,0,0,0
130523,1,1,1984,23,23,23,23,23,23,23,23,23,23
130524,1,1,1984,0,0,0,0,0,0,0,0,0,0
130524,2,1,1984,0,0,27,0,0,0,0,0,25,0
130525,1,1,1984,0,0,0,0,0,0,0,0,0,0
130525,2,1,1984,0,0,0,0,0,0,0,0,0,0
130526,1,1,1984,0,0,0,0,0,0,0,0,0,0
130527,1,1,1984,0,0,0,0,0,0,0,0,0,0
130527,2,1,1984,16,0,0,0,0,0,11,0,0,0
130528,1,1,1984,17,17,17,17,17,17,17,17,17,17
130529,1,1,1984,4,5,12,6,17,8,15,18,18,16
130530,1,1,1984,7,32,23,37,14,30,27,9,24,13
130531,1,1,1984,6,21,26,11,17,34,28,0,11,23
130532,0,1,1984,0,0,0,0,0,0,0,0,0,0
130532,1,1,1984,0,0,0,0,0,0,0,0,0,0
130533,1,1,1984,0,0,0,0,0,0,0,0,0,0
130533,2,1,1984,0,0,0,0,0,0,0,0,0,0
130534,1,1,1984,0,0,0,0,0,0,0,0,0,0
130534,2,1,1984,0,0,0,0,0,0,0,0,5,0
130535,1,1,1984,0,0,0,0,0,0,0,0,0,0
130535,2,1,1984,0,11,0,0,0,0,0,0,0,0
130536,1,1,1984,0,0,0,0,0,0,0,9,0,0
130536,2,1,1984,25,16,18,18,24,27,18,28,16,8
130537,1,1,1984,11,11,11,11,11,11,11,11,11,11
130538,1,1,1984,0,0,0,0,0,0,17,16,0,0
130538,2,1,1984,0,0,0,0,0,0,0,0,0,0
130538,3,1,1984,2,0,0,0,0,0,0,0,0,0
130539,0,1,1984,0,13,0,0,0,0,0,0,0,2
130539,1,1,1984,0,0,0,0,0,0,0,0,0,0
130540,1,1,1984,7,7,7,7,7,7,7,7,7,7
130541,1,1,1984,0,0,0,0,0,0,0,0,0,0
130542,0,4,1984,18,18,18,18,18,18,18,18,18,18
130542,1,1,1984,0,0,0,0,0,0,0,0,0,0
130543,1,1,1984,21,21,21,21,21,21,21,21,21,21
130544,1,1,1984,22,22,22,22,22,22,22,22,22,22
130545,0,1,1984,0,16,0,0,0,0,0,0,0,0
130545,1,1,1984,11,11,11,11,11,11,11,11,11,11
130545,2,1,1984,18,0,17,22,0,0,46,0,16,0
130546,1,1,1984,4,4,4,4,4,4,4,4,4,4
130547,1,1,1984,20,20,20,20,20,20,20,20,20,20
130548,0,1,1984,0,0,0,0,0,0,0,0,0,0
130548,1,1,1984,0,0,0,0,0,0,0,0,0,0
130549,1,1,1984,0,0,0,0,0,0,0,0,0,0
130550,1,1,1984,0,20,11,18,0,13,17,0,9,13
130551,1,1,1984,0,0,0,0,0,0,0,0,0,0
130552,1,1,1984,0,0,0,0,0,0,0,0,0,0
130552,2,1,1984,0,0,0,0,0,0,0,0,0,0
130553,1,1,1984,0,0,0,0,0,0,0,0,0,33
130553,2,1,1984,0,0,0,0,0,0,0,0,0,0
130554,1,1,1984,18,18,18,18,18,18,18,18,18,18
130555,1,1,1984,7,7,7,7,7,7,7,7,7,7
130555,2,1,1984,0,0,0,0,0,0,0,0,0,0
130556,0,1,1984,1,1,1,1,1,1,1,1,1,1
130556,1,1,1984,0,0,0,17,22,0,0,0,0,0
130556,2,1,1984,0,0,0,0,0,0,0,0,0,0
130557,0,1,1984,40,40,40,40,40,40,40,40,40,40
130557,1,1,1984,0,0,7,0,0,0,0,0,9,0
130558,1,1,1984,0,0,0,0,0,0,0,0,0,0
130558,2,1,1984,0,0,0,0,12,0,0,0,0,0
130559,1,1,1984,13,13,13,13,13,13,13,13,13,13
130560,1,1,1984,0,0,0,0,0,0,0,0,0,0
130560,2,1,1984,0,0,0,0,0,0,0,0,0,0
130561,1,1,1984,0,0,0,0,0,0,0,0,0,0
130562,1,1,1984,0,0,0,0,0,0,0,0,0,0
130563,0,1,1984,23,23,23,23,23,23,23,23,23,23
130563,1,1,1984,0,0,0,0,0,0,0,0,0,0
130563,2,1,1984,0,0,0,0,0,0,0,0,0,0
130563,3,1,1984,0,0,0,0,0,0,0,6,0,0
130564,1,1,1984,12,12,12,12,12,12,12,12,12,12
130565,1,1,1984,1,1,1,1,1,1,1,1,1,1
130566,1,1,1984,8,8,8,8,8,8,8,8,8,8
130567,0,1,1984,24,24,24,24,24,24,24,24,24,24
130567,1,1,1984,19,19,19,19,19,19,19,19,19,19
130568,1,1,1984,16,16,16,16,16,16,16,16,16,16
130569,1,1,1984,14,14,14,14,14,14,14,14,14,14
130570,1,1,1984,26,26,26,26,26,26,26,26,26,26
130571,0,1,1984,0,0,0,0,0,0,0,0,0,0
130571,1,1,1984,0,0,0,0,0,0,0,0,0,12
130572,1,1,1984,33,33,33,33,33,33,33,33,33,33
130573,1,1,1984,0,0,0,0,0,0,0,0,0,0
130573,2,1,1984,0,0,0,0,0,0,0,0,0,0
130574,1,1,1984,21,21,21,21,21,21,21,21,21,21
130575,1,1,1984,18,15,12,19,20,14,18,34,20,7
130575,2,1,1984,9,0,0,0,0,0,0,0,5,0
130575,3,1,1984,0,0,28,0,0,0,16,0,0,0
130576,1,1,1984,0,0,0,0,0,0,0,0,0,0
130576,2,1,1984,0,0,4,0,0,0,0,0,0,0
130577,1,1,1984,0,0,0,0,0,0,0,0,0,0
130577,2,1,1984,0,0,0,0,0,0,0,0,0,0
130578,0,1,1984,0,0,0,0,0,0,0,0,0,0
130578,1,1,1984,0,0,0,0,0,0,0,0,0,0
130579,1,1,1984,13,6,20,20,19,23,0,21,16,17
130580,1,1,1984,0,0,0,0,0,0,0,0,6,0
130580,2,1,1984,0,0,0,0,0,0,0,0,0,6
130580,3,1,1984,0,0,17,0,0,0,0,0,16,0
130581,1,1,1984,0,0,0,0,0,0,0,0,0,0
130581,2,1,1984,0,0,0,0,0,9,0,7,0,0
130582,1,1,1984,38,38,38,38,38,38,38,38,38,38
130583,1,1,1984,10,19,14,10,17,6,21,10,16,14
130584,1,1,1984,0,0,0,0,0,16,0,0,0,0
130585,1,1,1984,0,0,0,0,0,0,0,0,0,0
130586,0,1,1984,0,22,32,0,16,0,15,14,27,5
130586,1,1,1984,0,17,0,0,0,0,0,0,0,0
130587,0,1,1984,0,0,0,0,0,0,0,0,0,0
130587,1,1,1984,3,3,3,3,3,3,3,3,3,3
130588,0,1,1984,0,0,0,0,0,0,0,0,0,0
130588,1,1,1984,0,0,0,0,0,0,0,0,0,0
130589,0,1,1984,0,0,0,0,0,0,0,0,0,0
130589,1,1,1984,0,0,0,0,0,0,0,0,0,0
130590,1,1,1984,25,25,25,25,25,25,25,25,25,25
130590,2,1,1984,0,0,0,0,0,0,0,0,0,0
130591,1,1,1984,38,38,38,38,38,38,38,38,38,38
130592,1,1,1984,0,0,0,0,0,0,0,0,0,0
130592,2,1,1984,0,0,0,0,0,0,0,0,0,0
130592,3,1,1984,0,0,0,0,0,0,0,0,0,12
130593,1,1,1984,9,9,9,9,9,9,9,9,9,9
130594,0,1,1984,0,9,18,12,25,0,10,19,9,30
130594,1,1,1984,0,0,0,0,0,0,0,0,0,0
130595,1,1,1984,0,0,0,0,0,0,0,0,0,0
130595,2,1,1984,0,0,0,0,0,0,0,0,0,0
130596,1,1,1984,0,0,0,0,4,0,0,0,0,0
130596,2,1,1984,0,0,0,0,0,0,0,0,0,0
130597,1,1,1984,3,3,3,3,3,3,3,3,3,3
130597,2,1,1984,5,5,5,5,5,5,5,5,5,5
130598,1,1,1984,13,13,13,13,13,13,13,13,13,13
130598,2,1,1984,0,0,0,0,0,0,3,0,0,0
130599,1,1,1984,0,0,0,0,0,0,0,11,0,7
130599,2,1,1984,0,0,0,0,0,27,0,0,0,0
130599,3,1,1984,0,0,0,0,0,0,0,0,19,0
130600,1,1,1984,0,0,0,0,0,0,0,0,0,0
130600,2,1,1984,0,0,0,0,0,0,0,0,0,0
130601,1,1,1984,21,21,21,21,21,21,21,21,21,21
130602,1,1,1984,0,0,0,0,0,0,0,0,0,0
130602,2,1,1984,0,0,0,0,0,0,0,0,0,0
130603,1,1,1984,12,12,12,12,12,12,12,12,12,12
130604,1,1,1984,0,0,0,0,0,0,0,0,0,0
130604,2,1,1984,0,0,0,0,0,0,0,0,0,0