ST_CASE,VEH_NO,PER_NO,YEAR,P1,P2,P3,P4,P5,P6,P7,P8,P9,P10
130605,1,1,1984,0,0,0,0,0,16,0,0,0,0
130605,2,1,1984,0,0,0,0,0,0,0,0,0,0
130605,3,1,1984,5,5,5,5,5,5,5,5,5,5
130606,1,1,1984,0,0,0,0,0,0,0,0,0,0
130607,1,1,1984,0,0,0,0,0,0,0,0,0,0
130608,1,1,1984,12,12,12,12,12,12,12,12,12,12
130608,2,1,1984,0,0,0,0,0,0,0,0,0,0
130609,0,1,1984,20,20,20,20,20,20,20,20,20,20
130609,1,1,1984,28,10,0,0,16,0,22,18,0,0
130610,1,1,1984,18,18,18,18,18,18,18,18,18,18
130611,1,1,1984,0,8,0,7,0,0,0,0,0,0
130611,2,1,1984,0,0,0,0,0,0,0,0,0,0
130612,1,1,1984,19,19,19,19,19,19,19,19,19,19
130613,1,1,1984,15,15,15,15,15,15,15,15,15,15
130614,1,1,1984,0,0,0,0,0,0,0,0,0,0
130615,1,1,1984,0,0,0,0,0,0,0,0,0,0
130616,1,1,1984,0,10,0,0,0,0,0,0,0,0
130616,2,1,1984,0,0,0,0,0,0,0,0,0,0
130617,1,1,1984,10,10,10,10,10,10,10,10,10,10
130618,1,1,1984,0,0,0,0,0,0,0,0,0,0
130618,2,1,1984,0,0,0,0,0,0,0,0,0,0
130619,1,1,1984,15,15,15,15,15,15,15,15,15,15
130620,1,1,1984,0,0,0,0,0,0,0,0,0,0
130620,2,1,1984,0,0,0,0,0,0,0,0,0,0
130620,3,1,1984,0,0,0,0,0,0,0,0,0,0
130621,1,1,1984,13,0,0,18,0,0,0,0,0,11
130621,2,1,1984,0,0,0,0,0,0,0,0,0,0
130622,1,1,1984,0,0,0,0,0,0,0,0,0,0
130623,0,1,1984,24,0,0,0,19,36,0,19,21,0
130623,0,2,1984,12,11,0,29,14,17,14,21,16,0
130623,1,1,1984,3,3,3,3,3,3,3,3,3,3
130624,1,1,1984,17,25,0,0,16,0,0,0,0,0
130625,0,1,1984,18,13,0,0,32,10,26,13,25,21
130625,0,2,1984,14,0,6,0,13,0,0,0,0,0
130625,0,3,1984,0,18,0,16,0,0,33,0,0,0
130625,0,4,1984,26,23,0,25,23,21,0,25,10,4
130625,0,5,1984,0,0,0,21,0,0,12,0,0,0
130625,0,6,1984,31,22,27,9,17,0,25,6,15,0
130625,0,7,1984,0,7,25,11,2,0,9,19,8,0
130625,0,8,1984,23,0,0,26,15,16,11,0,0,0
130625,0,9,1984,12,0,0,0,0,0,0,18,0,0
130625,1,1,1984,0,0,0,0,0,0,47,0,0,0
130626,0,1,1984,28,0,0,0,16,0,14,20,27,7
130626,1,1,1984,0,0,0,0,42,0,0,0,0,0
130627,1,1,1984,0,0,0,0,0,0,0,0,0,0
130628,1,1,1984,19,16,16,18,10,0,13,0,16,0
130629,1,1,1984,9,9,9,9,9,9,9,9,9,9
130630,0,1,1984,11,0,30,29,18,0,0,0,0,16
130630,1,1,1984,9,11,7,31,7,5,5,8,8,18
130631,1,1,1984,13,13,13,13,13,13,13,13,13,13
130632,1,1,1984,5,5,5,5,5,5,5,5,5,5
130633,0,1,1984,0,0,0,0,0,0,0,0,0,0
130633,1,1,1984,0,0,0,0,0,0,0,0,0,0
130634,1,1,1984,0,0,0,0,0,0,0,0,0,0
130635,1,1,1984,25,25,25,25,25,25,25,25,25,25
130636,1,1,1984,0,0,0,0,0,0,0,0,0,0
130637,1,1,1984,0,0,16,0,0,19,0,0,10,0
130638,1,1,1984,0,0,0,0,0,0,0,0,0,0
130639,1,1,1984,19,19,19,19,19,19,19,19,19,19
130640,1,1,1984,13,0,0,0,0,0,0,10,0,0
130641,0,1,1984,0,0,24,0,0,0,0,20,0,0
130641,1,1,1984,0,19,0,0,18,0,0,12,21,0
130642,1,1,1984,13,0,0,35,21,23,0,0,0,20
130642,2,1,1984,0,0,0,0,0,0,14,0,0,0
130642,3,1,1984,19,0,0,0,0,0,0,0,0,0
130643,0,1,1984,0,0,0,0,0,0,0,0,0,0
130643,1,1,1984,0,0,0,0,0,0,0,0,0,0
130644,1,1,1984,0,0,0,2,13,0,31,23,0,10
130644,2,1,1984,0,0,6,0,0,0,0,0,0,0
130645,1,1,1984,0,0,0,0,0,26,12,0,30,0
130645,2,1,1984,0,0,0,0,0,0,0,0,0,0
130646,1,1,1984,11,0,0,0,0,0,0,0,0,7
130647,1,1,1984,0,0,0,0,0,0,0,0,0,0
130647,2,1,1984,0,0,0,18,0,0,0,0,0,0
130648,0,1,1984,14,16,0,24,0,17,14,0,23,0
130648,1,1,1984,0,0,0,0,0,0,15,0,0,0
130649,1,1,1984,0,0,0,8,0,0,0,0,0,8
130650,1,1,1984,0,0,18,0,21,0,0,0,17,0
130651,1,1,1984,0,0,0,0,0,0,0,0,0,0
130652,1,1,1984,10,10,10,10,10,10,10,10,10,10
130653,1,1,1984,0,0,0,17,0,0,0,0,0,0
130653,2,1,1984,11,0,0,0,0,0,0,0,0,0
130654,1,1,1984,0,0,0,0,0,0,0,0,0,0
130654,2,1,1984,0,0,0,0,0,0,0,0,0,0
130655,1,1,1984,0,0,0,24,0,0,0,0,0,0
130655,2,1,1984,0,0,0,0,0,3,0,0,0,0
130656,1,1,1984,0,0,0,0,0,0,0,0,0,0
130656,2,1,1984,0,0,0,0,0,13,0,0,0,0
130657,1,1,1984,11,11,11,11,11,11,11,11,11,11
130658,1,1,1984,0,0,0,0,0,0,0,0,0,13
130658,2,1,1984,0,0,0,0,0,0,0,0,0,0
130659,1,1,1984,10,9,18,18,31,0,32,27,15,16
130660,1,1,1984,0,0,0,0,0,0,0,0,0,0
130660,2,1,1984,0,0,0,0,0,0,0,0,0,0
130661,1,1,1984,0,0,5,0,0,0,0,0,0,0
130661,2,1,1984,0,0,0,0,0,0,0,0,0,0
130662,1,1,1984,0,0,0,0,0,0,0,0,0,0
130662,2,1,1984,8,0,0,0,0,0,0,0,0,0
130663,1,1,1984,0,0,0,0,0,0,17,0,0,0
130664,1,1,1984,0,0,0,0,0,0,0,0,0,0
130665,0,1,1984,16,0,0,20,0,0,12,0,27,0
130665,1,1,1984,16,0,12,0,0,0,14,0,0,0
130666,1,1,1984,8,0,0,0,0,0,0,0,0,0
130666,2,1,1984,0,0,0,0,0,0,7,0,0,0
130667,1,1,1984,34,0,0,20,14,0,8,0,7,0
130668,1,1,1984,0,0,21,23,21,0,0,0,20,0
130669,1,1,1984,9,9,9,9,9,9,9,9,9,9
130670,0,1,1984,0,0,0,0,0,0,0,0,0,0
130670,1,1,1984,0,0,0,0,0,0,0,0,0,0
130671,1,1,1984,0,23,0,0,0,0,0,0,0,0
130672,1,1,1984,0,0,0,0,18,0,0,0,0,18
130672,2,1,1984,0,0,0,0,0,0,0,0,0,0
130673,1,1,1984,18,0,0,0,20,7,0,0,0,0
130673,2,1,1984,17,0,7,4,0,0,0,0,0,0
130674,1,1,1984,22,11,22,0,5,15,0,0,18,10
130675,1,1,1984,0,0,11,0,0,0,0,0,0,0
130675,2,1,1984,0,0,0,0,0,0,0,0,0,0
130676,1,1,1984,0,0,0,0,0,0,0,0,0,0
130676,2,1,1984,0,0,0,0,0,0,0,0,0,0
130677,1,1,1984,19,22,13,19,34,25,24,30,8,25
130678,1,1,1984,16,18,32,21,18,23,0,21,5,18
130679,1,1,1984,0,0,0,0,0,0,0,0,0,0
130679,2,1,1984,0,0,0,0,0,18,0,11,0,0
130680,1,1,1984,0,0,0,0,0,0,0,0,0,0
130681,0,1,1984,6,6,6,6,6,6,6,6,6,6
130681,1,1,1984,27,27,27,27,27,27,27,27,27,27
130682,1,1,1984,0,0,0,0,0,0,0,0,0,0
130682,2,1,1984,0,3,0,19,0,0,10,0,0,11
130683,1,1,1984,0,0,0,0,0,15,0,0,0,7
130683,2,1,1984,0,0,0,0,0,0,0,0,0,0
130684,1,1,1984,0,0,0,0,0,0,0,0,0,0
130685,1,1,1984,0,0,0,0,0,0,0,0,0,0
130685,2,1,1984,0,0,0,0,0,0,0,0,0,0
130686,0,1,1984,0,0,0,0,0,0,0,0,0,0
130686,1,1,1984,0,0,0,13,23,0,0,23,0,0
130687,0,1,1984,0,0,0,0,0,0,0,0,0,0
130687,1,1,1984,4,4,4,4,4,4,4,4,4,4
130688,0,1,1984,28,28,28,28,28,28,28,28,28,28
130688,1,1,1984,0,0,0,0,0,18,0,0,0,0
130689,1,1,1984,0,0,0,0,0,0,0,0,0,0
130689,2,1,1984,0,0,0,0,0,0,0,0,0,0
130690,1,1,1984,0,0,0,12,0,0,18,0,0,0
130690,2,1,1984,0,0,0,0,0,0,0,0,0,0
130691,1,1,1984,0,0,0,0,0,0,0,0,0,0
130691,2,1,1984,0,0,0,0,0,0,0,0,0,0
130692,1,1,1984,0,0,0,0,0,0,0,0,0,0
130692,2,1,1984,7,7,7,7,7,7,7,7,7,7
130693,1,1,1984,0,0,0,0,0,0,0,0,0,0
130693,2,1,1984,0,0,0,0,0,0,0,0,0,0
130694,0,1,1984,13,20,13,26,7,6,7,8,22,16
130694,1,1,1984,0,0,0,19,0,0,0,0,21,0
130695,1,1,1984,12,12,12,12,12,12,12,12,12,12
130695,2,1,1984,0,0,0,19,0,0,0,10,0,0
130696,0,1,1984,23,11,0,6,18,31,19,0,13,19
130696,1,1,1984,8,20,31,0,15,19,9,0,0,11
130697,1,1,1984,0,0,0,0,0,0,0,0,0,0
130698,1,1,1984,18,18,18,18,18,18,18,18,18,18
130699,0,1,1984,15,15,15,15,15,15,15,15,15,15
130699,1,1,1984,0,0,0,0,0,0,0,0,0,0
130700,1,1,1984,21,21,21,21,21,21,21,21,21,21
130701,1,1,1984,11,11,11,11,11,11,11,11,11,11
130701,2,1,1984,21,21,21,21,21,21,21,21,21,21
130702,1,1,1984,0,0,0,0,0,0,0,0,0,0
130703,1,1,1984,0,8,0,0,0,0,0,0,0,0
130703,2,1,1984,0,0,0,0,0,0,0,0,0,0
130703,3,1,1984,0,0,0,0,0,0,0,0,0,0
130704,1,1,1984,0,0,0,0,0,0,0,0,0,0
130705,1,1,1984,30,30,30,30,30,30,30,30,30,30
130705,2,1,1984,0,0,4,0,0,0,0,24,0,0
130706,0,1,1984,26,26,26,26,26,26,26,26,26,26
130706,1,1,1984,0,0,0,0,0,0,0,0,0,0
130707,1,1,1984,20,20,20,20,20,20,20,20,20,20
130708,1,1,1984,6,6,6,6,6,6,6,6,6,6
130709,0,1,1984,0,0,0,0,0,0,0,0,0,0
130709,1,1,1984,0,11,0,0,17,0,15,21,0,17
130710,1,1,1984,3,3,3,3,3,3,3,3,3,3
130711,1,1,1984,0,0,0,0,0,0,0,0,0,0
130712,1,1,1984,26,26,26,26,26,26,26,26,26,26
130713,1,1,1984,0,0,0,0,0,0,0,0,0,0
130714,1,1,1984,21,21,21,21,21,21,21,21,21,21
130715,1,1,1984,0,0,0,0,0,0,0,0,0,0
130715,2,1,1984,0,0,0,0,0,0,0,0,0,0
130716,0,1,1984,0,0,0,0,0,0,9,0,0,0
130716,1,1,1984,0,0,0,0,0,0,0,0,0,0
130717,1,1,1984,17,17,17,17,17,17,17,17,17,17
130718,1,1,1984,1,1,1,1,1,1,1,1,1,1
130719,1,1,1984,0,0,0,0,0,0,0,0,0,0
130719,2,1,1984,0,0,0,0,0,0,0,0,0,0
130720,1,1,1984,16,16,16,16,16,16,16,16,16,16
130721,0,1,1984,28,28,28,28,28,28,28,28,28,28
130721,1,1,1984,0,0,0,0,0,0,0,0,0,0
130722,0,1,1984,0,14,0,0,0,0,0,0,0,0
130722,0,2,1984,0,0,0,0,0,16,0,0,0,0
130722,0,3,1984,18,23,0,0,10,16,10,15,0,0
130722,1,1,1984,0,0,8,0,0,0,0,0,0,0
130722,3,1,1984,0,0,0,0,0,0,0,0,0,0
130723,1,1,1984,19,19,19,19,19,19,19,19,19,19
130723,2,1,1984,0,0,0,0,0,0,0,0,0,0
130724,1,1,1984,0,0,0,0,0,0,0,0,0,0
130724,2,1,1984,0,0,0,0,0,0,0,0,0,0
130725,1,1,1984,0,0,0,0,0,0,0,0,0,0
130725,2,1,1984,0,0,22,0,8,16,19,0,0,24
130726,1,1,1984,0,0,12,0,0,0,0,0,0,0
130727,1,1,1984,0,0,0,0,0,0,0,0,0,0
130727,2,1,1984,0,0,0,0,0,0,0,0,0,0
130727,3,1,1984,0,0,0,0,0,0,0,0,0,0
130728,1,1,1984,31,26,26,10,15,11,25,20,14,0
130729,1,1,1984,0,11,0,23,0,0,0,0,0,0
130730,0,1,1984,0,0,0,0,0,0,0,0,0,0
130730,1,1,1984,0,0,0,0,0,0,0,0,0,0
130731,1,1,1984,25,25,25,25,25,25,25,25,25,25
130732,1,1,1984,0,0,0,0,0,0,0,0,0,0
130732,2,1,1984,0,0,0,0,0,0,0,0,0,0
130733,1,1,1984,0,0,0,0,0,0,0,0,15,0
130734,1,1,1984,4,4,4,4,4,4,4,4,4,4
130734,2,1,1984,0,16,0,17,0,26,0,0,12,0
130735,1,1,1984,20,20,20,20,20,20,20,20,20,20
130736,1,1,1984,8,0,0,5,17,7,27,13,0,15
130737,1,1,1984,19,0,0,0,11,0,0,0,3,0
130738,1,1,1984,21,21,21,21,21,21,21,21,21,21
130739,1,1,1984,2,2,2,2,2,2,2,2,2,2
130739,2,1,1984,24,24,24,24,24,24,24,24,24,24
130740,1,1,1984,10,10,10,10,10,10,10,10,10,10
130741,1,1,1984,0,0,0,0,0,0,0,0,0,0
130741,2,1,1984,0,0,0,0,0,0,0,0,0,0
130742,1,1,1984,9,9,9,9,9,9,9,9,9,9
130743,1,1,1984,26,26,26,26,26,26,26,26,26,26
130744,1,1,1984,10,10,10,10,10,10,10,10,10,10
130745,1,1,1984,1,1,1,1,1,1,1,1,1,1
130746,1,1,1984,19,19,19,19,19,19,19,19,19,19
130747,1,1,1984,8,8,8,8,8,8,8,8,8,8
130747,2,1,1984,0,0,0,0,0,0,0,0,0,0
130748,1,1,1984,0,0,0,0,0,0,0,0,0,0
130748,2,1,1984,0,0,0,0,0,0,0,0,0,0
130749,1,1,1984,0,0,0,0,0,0,0,0,0,0
130749,2,1,1984,0,0,0,0,0,0,0,0,0,0
130750,1,1,1984,0,0,0,0,0,0,0,0,0,0
130750,2,1,1984,0,0,0,0,0,0,0,0,7,0
130751,0,1,1984,0,0,0,0,0,0,0,0,0,0
130751,1,1,1984,30,30,30,30,30,30,30,30,30,30
130752,1,1,1984,0,0,0,0,0,0,0,0,0,0
130753,1,1,1984,9,9,9,9,9,9,9,9,9,9
130754,0,1,1984,0,0,0,0,0,0,0,0,0,0
130754,1,1,1984,0,0,0,0,0,0,0,0,0,0
130755,1,1,1984,18,18,18,18,18,18,18,18,18,18
130756,0,1,1984,0,0,0,0,0,0,0,0,0,0
130756,0,2,1984,0,0,0,33,0,19,14,0,26,0
130756,1,1,1984,0,0,0,0,0,0,0,0,0,0
130757,1,1,1984,15,7,15,17,9,30,20,11,16,2
130757,2,1,1984,0,0,0,0,0,0,0,0,0,0
130758,1,1,1984,0,0,0,0,0,0,0,0,0,0
130759,1,1,1984,0,0,0,0,0,0,0,0,0,0
130759,2,1,1984,0,0,0,0,0,0,0,0,0,0
130760,1,1,1984,7,7,7,7,7,7,7,7,7,7
130760,2,1,1984,1,1,1,1,1,1,1,1,1,1
130761,1,1,1984,0,0,0,11,0,0,0,0,0,0
130762,0,1,1984,18,30,27,18,26,7,3,23,0,0
130762,1,1,1984,0,0,0,0,0,0,0,0,0,0
130763,1,1,1984,4,4,4,4,4,4,4,4,4,4
130764,1,1,1984,0,0,13,16,26,12,0,9,11,13
130765,0,1,1984,0,0,0,0,0,0,0,0,0,0
130765,0,2,1984,0,0,0,0,0,0,0,0,0,0
130765,0,3,1984,0,19,17,0,0,13,12,0,0,0
130765,1,1,1984,21,21,21,21,21,21,21,21,21,21
130766,1,1,1984,20,20,20,20,20,20,20,20,20,20
130766,2,1,1984,0,0,0,0,0,0,0,0,0,0
130767,1,1,1984,32,32,32,32,32,32,32,32,32,32
130768,1,1,1984,20,20,20,20,20,20,20,20,20,20
130768,2,1,1984,0,0,0,0,0,0,0,0,0,0
130769,0,1,1984,0,0,0,0,0,0,0,0,0,0
130769,0,2,1984,0,0,0,0,17,20,36,2,16,0
130769,1,1,1984,0,0,17,0,0,12,0,0,19,28
130770,0,1,1984,0,0,0,0,0,0,0,0,0,0
130770,1,1,1984,0,0,0,0,0,0,0,25,0,0
130771,1,1,1984,22,22,22,22,22,22,22,22,22,22
130771,2,1,1984,0,13,0,0,0,0,9,0,0,0
130772,1,1,1984,8,0,33,19,23,18,0,30,12,22
130773,0,1,1984,0,0,0,0,0,0,0,0,0,0
130773,1,1,1984,8,0,0,21,0,0,14,0,19,0
130774,1,1,1984,21,21,21,21,21,21,21,21,21,21
130775,1,1,1984,30,30,30,30,30,30,30,30,30,30
130776,1,1,1984,17,17,17,17,17,17,17,17,17,17
130777,1,1,1984,0,0,0,0,0,0,0,0,0,0
130777,2,1,1984,0,0,0,0,0,0,0,0,0,0
130778,0,1,1984,0,0,0,0,0,0,0,0,0,0
130778,1,1,1984,0,0,0,0,0,0,0,0,0,0
130779,1,1,1984,0,0,0,0,0,0,0,0,0,0
130779,2,1,1984,9,9,9,9,9,9,9,9,9,9
130780,1,1,1984,16,16,16,16,16,16,16,16,16,16
130781,1,1,1984,0,0,0,0,0,0,0,0,0,0
130781,2,1,1984,0,0,0,0,0,0,0,0,0,0
130782,1,1,1984,20,20,20,20,20,20,20,20,20,20
130783,1,1,1984,0,0,0,0,0,0,0,0,0,0
130783,2,1,1984,8,0,0,0,0,0,0,0,0,0
130784,1,1,1984,22,22,22,22,22,22,22,22,22,22
130784,2,1,1984,0,0,0,0,32,0,0,0,0,0
130786,0,1,1984,0,0,0,0,0,0,0,0,0,0
130787,1,1,1984,28,28,28,28,28,28,28,28,28,28
130788,0,1,1984,12,31,17,17,14,36,34,0,37,34
130788,1,1,1984,2,2,2,2,2,2,2,2,2,2
130789,1,1,1984,0,0,0,0,0,0,0,0,0,0
130789,2,1,1984,0,0,0,0,0,0,0,0,0,0
130790,1,1,1984,0,0,0,0,0,0,0,0,0,0
130790,2,1,1984,0,0,0,0,0,0,0,0,0,0
130791,1,1,1984,6,6,6,6,6,6,6,6,6,6
130791,2,1,1984,0,0,0,0,0,0,0,0,0,0
130791,3,1,1984,0,0,0,0,0,0,0,0,0,0
130792,1,1,1984,0,0,0,0,0,0,0,0,0,0
130792,2,1,1984,10,8,0,0,17,7,16,16,5,0
130793,1,1,1984,16,16,16,16,16,16,16,16,16,16
130793,2,1,1984,0,0,0,0,0,0,0,0,0,0
130794,1,1,1984,0,0,0,0,0,0,0,0,0,0
130794,2,1,1984,0,0,0,0,0,0,0,0,0,0
130795,1,1,1984,0,0,0,0,0,0,0,0,0,0
130795,2,1,1984,0,0,0,0,0,0,0,0,0,0
130796,1,1,1984,18,18,18,18,18,18,18,18,18,18
130797,1,1,1984,8,8,8,8,8,8,8,8,8,8
130797,2,1,1984,0,0,0,0,0,0,0,0,0,0
130798,0,1,1984,39,39,39,39,39,39,39,39,39,39
130798,1,1,1984,0,16,21,0,0,0,0,0,0,0
130799,1,1,1984,21,21,21,21,21,21,21,21,21,21
130800,1,1,1984,12,15,17,20,14,13,30,0,0,0
130801,1,1,1984,15,12,23,19,24,22,30,17,17,8
130802,1,1,1984,0,0,0,0,0,0,0,0,0,0
130802,2,1,1984,0,0,0,0,0,0,0,0,0,0
130803,1,1,1984,0,0,0,0,0,0,0,0,0,0
130803,2,1,1984,0,0,0,0,0,0,0,0,0,0
130804,1,1,1984,12,0,0,12,9,0,17,0,18,0
130804,2,1,1984,0,0,0,15,0,0,0,0,7,0
130805,1,1,1984,0,0,0,0,0,0,0,0,0,0
130806,1,1,1984,6,6,6,6,6,6,6,6,6,6
130806,2,1,1984,0,6,0,0,0,0,0,0,0,0
130807,1,1,1984,24,24,24,24,24,24,24,24,24,24
130808,1,1,1984,13,13,13,13,13,13,13,13,13,13
130808,2,1,1984,12,12,12,12,12,12,12,12,12,12
130808,3,1,1984,0,0,0,0,0,0,0,0,0,0
130809,0,1,1984,18,18,18,18,18,18,18,18,18,18
130809,1,1,1984,0,0,0,0,0,0,0,0,0,0
130810,0,1,1984,33,33,33,33,33,33,33,33,33,33
130810,1,1,1984,14,19,0,0,8,17,6,8,0,18
130811,1,1,1984,0,0,0,0,0,0,0,0,0,0
130812,1,1,1984,0,0,0,0,0,0,0,0,0,0
130813,1,1,1984,11,11,11,11,11,11,11,11,11,11
130813,2,1,1984,0,0,0,0,0,0,0,0,0,0
130814,1,1,1984,13,13,13,13,13,13,13,13,13,13
130815,1,1,1984,0,0,0,0,0,0,0,0,0,0
130816,1,1,1984,2,2,2,2,2,2,2,2,2,2
130817,1,1,1984,0,0,0,0,0,0,0,0,0,0
130817,2,1,1984,0,0,0,0,0,0,0,0,0,0
130818,1,1,1984,8,8,8,8,8,8,8,8,8,8
130819,1,1,1984,0,0,0,0,12,0,0,0,0,0
130820,1,1,1984,21,21,21,21,21,21,21,21,21,21
130821,1,1,1984,16,16,16,16,16,16,16,16,16,16
130822,1,1,1984,0,0,0,0,0,0,0,0,0,0
130823,0,1,1984,0,0,0,0,0,0,0,0,0,0
130823,1,1,1984,15,15,15,15,15,15,15,15,15,15
130824,1,1,1984,0,0,0,0,0,0,0,0,0,0
130825,1,1,1984,19,19,19,19,19,19,19,19,19,19
130826,1,1,1984,0,0,0,0,0,0,0,0,0,0
130826,2,1,1984,0,0,0,0,0,0,0,0,0,0
130827,1,1,1984,17,17,17,17,17,17,17,17,17,17
130828,1,1,1984,19,19,19,19,19,19,19,19,19,19
130829,1,1,1984,14,14,14,14,14,14,14,14,14,14
130830,1,1,1984,16,16,16,16,16,16,16,16,16,16
130831,1,1,1984,0,0,0,0,0,0,0,0,0,0
130832,1,1,1984,0,0,0,0,0,0,0,0,0,0
130833,1,1,1984,2,2,2,2,2,2,2,2,2,2
130833,2,1,1984,9,0,23,10,0,17,0,0,0,0
130834,1,1,1984,0,0,0,0,0,0,0,0,0,0
130834,2,1,1984,0,0,0,0,0,0,0,0,0,0
130835,1,1,1984,15,15,15,15,15,15,15,15,15,15
130836,1,1,1984,33,33,33,33,33,33,33,33,33,33
130837,1,1,1984,15,15,15,15,15,15,15,15,15,15
130838,1,1,1984,0,0,0,0,0,0,0,0,0,0
130838,2,1,1984,0,0,0,0,0,0,0,0,0,0
130839,0,1,1984,0,0,0,0,0,0,0,0,0,0
130839,0,2,1984,18,18,18,18,18,18,18,18,18,18
130839,1,1,1984,12,12,12,12,12,12,12,12,12,12
130840,1,1,1984,23,23,23,23,23,23,23,23,23,23
130841,1,1,1984,1,1,1,1,1,1,1,1,1,1
130841,2,1,1984,11,11,11,11,11,11,11,11,11,11
130842,1,1,1984,20,20,20,20,20,20,20,20,20,20
130843,1,1,1984,0,0,0,0,0,0,0,0,0,0
130844,1,1,1984,0,0,0,0,0,0,0,0,0,0
130844,2,1,1984,2,2,2,2,2,2,2,2,2,2
130845,1,1,1984,0,0,0,0,0,0,0,0,0,0
130845,2,1,1984,0,0,0,0,0,0,0,0,0,0
130846,0,1,1984,0,0,0,0,0,0,0,0,0,0
130846,1,1,1984,0,0,0,0,0,0,0,0,0,0
130847,1,1,1984,0,0,0,0,0,0,0,0,0,0
130848,1,1,1984,7,7,7,7,7,7,7,7,7,7
130849,1,1,1984,0,0,0,0,0,0,0,0,0,0
130849,2,1,1984,0,0,0,0,0,0,0,0,0,0
130850,1,1,1984,3,3,3,3,3,3,3,3,3,3
130850,2,1,1984,0,0,0,0,0,0,0,0,0,0
130851,1,1,1984,9,28,16,29,8,9,14,19,17,18
130852,0,1,1984,33,33,33,33,33,33,33,33,33,33
130852,1,1,1984,21,14,13,7,11,9,25,6,0,0
130853,1,1,1984,22,18,0,17,18,14,8,12,25,22
130854,1,1,1984,5,5,5,5,5,5,5,5,5,5
130855,1,1,1984,0,18,0,0,0,0,0,0,0,0
130856,1,1,1984,13,13,13,13,13,13,13,13,13,13
130857,0,1,1984,0,0,32,46,0,0,0,0,0,0
130857,1,1,1984,0,0,0,0,0,0,0,12,0,0
130858,1,1,1984,0,0,0,0,7,0,0,0,0,0
130858,2,1,1984,0,0,0,0,0,8,0,0,0,0
130859,0,1,1984,0,13,32,5,0,0,0,13,0,0
130859,1,1,1984,0,0,0,0,0,0,0,0,0,0
130860,1,1,1984,0,13,0,0,0,0,29,30,15,0
130861,1,1,1984,0,0,0,23,0,0,0,0,0,0
130861,2,1,1984,0,0,0,0,0,0,0,0,0,0
130862,1,1,1984,10,10,10,10,10,10,10,10,10,10
130863,1,1,1984,0,0,0,0,12,0,0,0,0,0
130863,2,1,1984,0,0,0,0,0,0,0,0,0,0
130864,0,1,1984,0,0,0,0,0,0,0,0,0,0
130864,1,1,1984,0,0,0,0,0,0,0,0,0,0
130865,1,1,1984,26,0,9,6,15,8,30,0,10,37
130866,1,1,1984,2,2,2,2,2,2,2,2,2,2
130867,1,1,1984,4,13,8,7,23,13,17,12,15,12
130868,1,1,1984,21,21,21,21,21,21,21,21,21,21
130868,2,1,1984,0,0,0,0,0,0,0,0,0,18
130869,1,1,1984,23,23,23,23,23,23,23,23,23,23
130870,1,1,1984,23,23,23,23,23,23,23,23,23,23
130871,1,1,1984,0,0,0,0,0,0,0,0,0,0
130871,2,1,1984,0,0,17,0,0,0,0,0,0,0
130871,3,1,1984,0,12,0,0,0,0,0,0,17,0
130872,1,1,1984,0,0,0,0,0,0,0,0,0,0
130873,1,1,1984,27,27,27,27,27,27,27,27,27,27
130874,1,1,1984,0,0,0,0,0,0,0,0,0,0
130874,2,1,1984,5,5,5,5,5,5,5,5,5,5
130875,0,1,1984,0,0,9,0,9,0,0,0,16,0
130875,1,1,1984,0,0,0,0,0,0,0,0,0,0
130876,1,1,1984,9,9,9,9,9,9,9,9,9,9
130876,2,1,1984,0,0,0,0,0,30,7,0,0,0
130877,1,1,1984,19,19,19,19,19,19,19,19,19,19
130877,2,1,1984,4,4,4,4,4,4,4,4,4,4
130878,1,1,1984,0,0,0,0,0,0,0,0,0,0
130879,0,1,1984,0,0,0,0,0,12,0,0,0,0
130879,1,1,1984,0,0,0,0,0,0,0,0,0,0
130880,1,1,1984,12,12,12,12,12,12,12,12,12,12
130880,2,1,1984,0,0,0,0,0,0,0,0,0,0
130881,1,1,1984,10,10,10,10,10,10,10,10,10,10
130881,2,1,1984,0,0,0,0,0,0,0,0,0,0
130882,1,1,1984,14,14,14,14,14,14,14,14,14,14
130883,1,1,1984,10,0,0,0,0,0,0,0,0,0
130883,2,1,1984,44,44,44,44,44,44,44,44,44,44
130884,1,1,1984,0,0,0,0,0,0,0,0,0,0
130885,1,1,1984,26,26,26,26,26,26,26,26,26,26
130885,2,1,1984,0,0,0,0,0,0,0,0,0,0
130885,3,1,1984,0,0,0,0,0,0,0,0,0,0
130886,1,1,1984,24,24,24,24,24,24,24,24,24,24
130886,2,1,1984,0,0,0,0,0,0,0,0,0,0
130887,1,1,1984,0,0,0,0,0,0,0,0,0,0
130887,2,1,1984,0,0,0,0,0,0,0,0,0,0
130888,1,1,1984,0,0,0,15,0,13,0,8,17,0
130889,1,1,1984,0,0,0,0,0,0,0,0,0,0
130889,2,1,1984,0,0,0,0,0,0,0,0,0,0
130890,1,1,1984,0,0,0,0,0,0,0,0,0,0
130890,2,1,1984,0,0,0,0,0,0,0,0,0,0
130891,1,1,1984,24,24,24,24,24,24,24,24,24,24
130892,1,1,1984,0,0,0,0,0,0,0,0,0,0