ST_CASE,VEH_NO,PER_NO,YEAR,P1,P2,P3,P4,P5,P6,P7,P8,P9,P10
131182,1,1,1984,0,0,0,17,8,0,0,0,16,20
131183,1,1,1984,12,12,12,12,12,12,12,12,12,12
131184,1,1,1984,0,0,0,0,0,0,0,0,0,0
131185,1,1,1984,4,0,19,17,15,8,32,33,33,8
131185,2,1,1984,0,10,14,15,0,0,11,27,11,9
131186,1,1,1984,0,0,0,0,0,0,0,0,0,0
131186,2,1,1984,0,0,0,0,0,0,0,0,0,0
131187,1,1,1984,11,11,11,11,11,11,11,11,11,11
131187,2,1,1984,0,0,0,0,0,0,0,0,0,0
131188,0,1,1984,13,13,13,13,13,13,13,13,13,13
131188,1,1,1984,0,0,0,0,0,0,12,0,0,10
131189,1,1,1984,0,0,0,0,0,0,0,0,0,0
131190,1,1,1984,0,0,0,0,0,0,0,0,0,0
131191,1,1,1984,0,0,0,0,0,0,0,0,0,0
131192,1,1,1984,0,0,0,0,0,0,0,0,0,0
131193,1,1,1984,8,8,8,8,8,8,8,8,8,8
131194,1,1,1984,0,0,0,0,0,0,0,0,0,0
131194,2,1,1984,15,0,0,0,0,0,0,0,5,0
131195,1,1,1984,16,16,16,16,16,16,16,16,16,16
131196,1,1,1984,4,4,4,4,4,4,4,4,4,4
131196,2,1,1984,24,24,24,24,24,24,24,24,24,24
131197,1,1,1984,21,21,21,21,21,21,21,21,21,21
131198,1,1,1984,10,10,10,10,10,10,10,10,10,10
131199,1,1,1984,0,0,0,0,0,0,0,0,0,0
131199,2,1,1984,0,9,10,0,0,13,0,0,0,0
131200,1,1,1984,18,18,18,18,18,18,18,18,18,18
131201,1,1,1984,13,13,13,13,13,13,13,13,13,13
131202,1,1,1984,0,0,0,0,0,0,0,0,0,0
131202,2,1,1984,0,0,0,0,0,0,0,0,0,0
131203,1,1,1984,0,0,0,0,0,0,0,0,0,0
131203,2,1,1984,5,0,0,0,0,0,0,0,0,0
131204,1,1,1984,0,0,0,0,0,0,0,0,0,0
131204,2,1,1984,0,0,0,0,0,0,0,0,0,0
131205,1,1,1984,15,15,15,15,15,15,15,15,15,15
131206,1,1,1984,0,0,0,0,0,0,0,0,0,0
131207,0,1,1984,47,0,0,0,65,9,0,0,28,0
131207,1,1,1984,0,0,15,0,0,0,0,0,0,0
131208,0,1,1984,18,18,18,18,18,18,18,18,18,18
131208,1,1,1984,0,0,0,0,0,0,0,0,0,0
131209,1,1,1984,0,0,0,0,0,0,0,0,0,0
131209,2,1,1984,0,0,0,0,0,0,0,0,0,0
131210,1,1,1984,11,11,11,11,11,11,11,11,11,11
131210,2,1,1984,3,3,3,3,3,3,3,3,3,3
131211,1,1,1984,0,0,0,0,0,0,0,0,0,0
131211,2,1,1984,0,0,0,0,0,0,0,0,0,0
131212,1,1,1984,13,10,0,0,30,4,0,0,15,0
131213,0,1,1984,0,0,0,0,0,0,0,0,0,0
131213,1,1,1984,0,0,0,0,0,0,0,0,0,0
131214,1,1,1984,0,0,0,0,0,0,0,0,0,0
131214,2,1,1984,0,0,0,0,0,0,0,0,0,0
131215,0,1,1984,22,22,22,22,22,22,22,22,22,22
131215,1,1,1984,0,0,0,0,0,0,0,0,4,0
131215,2,1,1984,0,23,0,0,0,0,0,13,10,15
131216,1,1,1984,25,25,25,25,25,25,25,25,25,25
131217,1,1,1984,26,26,26,26,26,26,26,26,26,26
131218,1,1,1984,22,22,22,22,22,22,22,22,22,22
131219,1,1,1984,0,0,0,0,0,0,0,0,0,0
131219,2,1,1984,13,19,0,20,17,23,8,18,0,27
131220,1,1,1984,19,19,19,19,19,19,19,19,19,19
131220,2,1,1984,0,0,10,0,0,0,0,0,0,0
131221,1,1,1984,17,17,17,17,17,17,17,17,17,17
131222,1,1,1984,0,0,13,26,0,32,0,0,0,33
131223,1,1,1984,15,15,15,15,15,15,15,15,15,15
131224,1,1,1984,0,0,0,0,0,0,22,0,0,0
131224,2,1,1984,0,0,0,24,0,0,0,0,8,25
131225,1,1,1984,0,0,0,0,0,0,0,0,0,0
131225,2,1,1984,0,0,0,0,0,0,0,0,0,0
131226,1,1,1984,19,19,19,19,19,19,19,19,19,19
131227,0,1,1984,6,6,6,6,6,6,6,6,6,6
131227,1,1,1984,0,0,0,0,0,0,0,0,10,0
131228,1,1,1984,0,0,0,0,0,0,0,0,0,0
131228,2,1,1984,24,23,18,16,13,24,11,0,11,0
131229,1,1,1984,0,0,0,0,0,0,0,0,0,0
131229,2,1,1984,0,0,0,0,0,0,0,0,0,0
131230,1,1,1984,0,0,0,0,0,0,0,0,0,0
131230,2,1,1984,1,1,1,1,1,1,1,1,1,1
131231,1,1,1984,15,15,15,15,15,15,15,15,15,15
131232,1,1,1984,21,21,21,21,21,21,21,21,21,21
131233,0,1,1984,0,0,0,0,0,0,0,0,0,0
131233,1,1,1984,0,0,0,0,0,0,0,0,0,0
131234,1,1,1984,9,9,9,9,9,9,9,9,9,9
131235,1,1,1984,14,14,14,14,14,14,14,14,14,14
131236,1,1,1984,14,0,0,10,8,0,2,11,0,0
131237,1,1,1984,0,0,0,0,0,0,0,0,0,0
131238,1,1,1984,23,23,23,23,23,23,23,23,23,23
131239,1,1,1984,19,19,19,19,19,19,19,19,19,19
131240,1,1,1984,0,0,0,0,0,0,0,0,0,0
131241,1,1,1984,41,41,41,41,41,41,41,41,41,41
131242,0,1,1984,1,1,1,1,1,1,1,1,1,1
131242,0,2,1984,0,24,0,17,0,38,34,0,0,0
131242,1,1,1984,0,0,0,0,0,0,0,0,0,0
131243,1,1,1984,0,5,0,19,0,0,0,0,0,0
131243,2,1,1984,10,10,10,10,10,10,10,10,10,10
131244,1,1,1984,0,0,0,0,0,0,0,0,0,0
131244,2,1,1984,0,0,0,0,0,0,0,0,0,0
131245,0,1,1984,0,0,17,0,9,0,24,0,0,0
131245,0,2,1984,17,32,0,24,34,40,0,0,0,0
131245,1,1,1984,0,0,0,0,0,0,0,0,0,0
131245,2,1,1984,0,0,0,0,0,0,0,0,0,0
131245,3,1,1984,0,0,0,0,0,0,0,0,0,0
131246,0,1,1984,0,0,0,0,0,0,0,0,0,0
131246,1,1,1984,0,7,0,0,0,6,0,0,15,0
131247,1,1,1984,0,0,0,0,0,0,0,0,0,13
131247,2,1,1984,0,0,0,0,0,0,0,0,0,0
131248,1,1,1984,25,25,25,25,25,25,25,25,25,25
131248,2,1,1984,2,2,2,2,2,2,2,2,2,2
131249,1,1,1984,21,21,21,21,21,21,21,21,21,21
131249,2,1,1984,0,0,0,0,0,4,17,23,0,0
131250,1,1,1984,0,0,0,0,0,0,0,0,0,0
131251,1,1,1984,0,20,0,14,21,28,18,13,17,18
131252,1,1,1984,0,0,0,0,0,17,0,21,0,0
131252,2,1,1984,8,8,8,8,8,8,8,8,8,8
131253,1,1,1984,0,0,0,0,0,7,0,0,9,0
131253,2,1,1984,0,0,0,7,0,0,0,0,0,0
131254,1,1,1984,48,0,9,8,28,0,0,0,0,27
131254,2,1,1984,0,0,0,0,0,0,0,0,0,0
131255,1,1,1984,0,0,0,0,0,0,0,0,0,0
131255,2,1,1984,0,0,12,0,0,0,0,0,0,0
131256,1,1,1984,13,13,13,13,13,13,13,13,13,13
131257,1,1,1984,0,0,0,0,0,0,0,0,0,0
131257,2,1,1984,0,0,0,0,0,0,0,0,0,0
131257,3,1,1984,0,0,0,0,0,0,0,0,0,0
131258,1,1,1984,0,0,0,0,0,0,0,0,0,0
131258,2,1,1984,0,0,0,0,0,0,20,0,0,0
131259,1,1,1984,3,3,3,3,3,3,3,3,3,3
131260,1,1,1984,0,0,0,0,0,0,0,0,0,0
131260,2,1,1984,1,1,1,1,1,1,1,1,1,1
131261,1,1,1984,16,16,16,16,16,16,16,16,16,16
131262,0,1,1984,28,28,28,28,28,28,28,28,28,28
131262,1,1,1984,0,0,0,0,0,0,0,0,0,0
131262,2,1,1984,5,5,5,5,5,5,5,5,5,5
131263,1,1,1984,23,23,23,23,23,23,23,23,23,23
131263,2,1,1984,25,16,0,0,0,11,0,0,0,0
131264,1,1,1984,16,16,16,16,16,16,16,16,16,16
131265,0,1,1984,34,9,31,32,38,14,15,20,0,14
131265,1,1,1984,0,0,0,5,0,19,0,35,13,12
131266,1,1,1984,0,0,0,0,0,0,0,0,0,0
131266,2,1,1984,8,0,0,0,0,0,0,0,0,21
131266,3,1,1984,0,0,0,0,0,0,0,0,0,0
131266,4,1,1984,0,0,0,0,0,0,0,0,0,0
131266,5,1,1984,0,0,0,0,0,0,0,0,0,0
131266,6,1,1984,0,0,0,0,0,0,0,0,0,0
131266,7,1,1984,0,0,0,0,0,0,0,0,0,0
131266,8,1,1984,0,0,0,0,0,0,0,0,0,10
131267,1,1,1984,17,13,12,7,0,12,0,22,25,15
131267,2,1,1984,18,0,0,0,0,0,0,0,0,0
131267,3,1,1984,0,0,4,0,23,0,11,0,0,0
131267,4,1,1984,0,0,0,17,0,0,0,0,9,20
131268,1,1,1984,23,23,23,23,23,23,23,23,23,23
131269,1,1,1984,0,18,0,0,0,0,0,0,0,0
150001,1,1,1984,13,13,13,13,13,13,13,13,13,13
150002,1,1,1984,0,0,0,0,0,0,0,0,0,0
150002,2,1,1984,0,0,0,0,0,0,0,0,0,0
150003,1,1,1984,19,19,19,19,19,19,19,19,19,19
150003,2,1,1984,0,0,0,0,0,0,0,0,0,0
150004,1,1,1984,0,0,0,0,0,0,0,0,0,0
150004,2,1,1984,0,0,0,0,0,0,0,0,0,0
150005,1,1,1984,0,0,0,0,0,0,0,0,0,0
150006,1,1,1984,18,18,18,18,18,18,18,18,18,18
150006,2,1,1984,17,0,16,0,18,0,0,0,0,24
150007,1,1,1984,22,22,22,22,22,22,22,22,22,22
150008,0,1,1984,0,0,0,0,0,0,0,0,0,0
150008,1,1,1984,0,0,0,0,0,24,0,0,0,0
150009,1,1,1984,28,28,28,28,28,28,28,28,28,28
150010,1,1,1984,34,34,34,34,34,34,34,34,34,34
150011,1,1,1984,24,24,24,24,24,24,24,24,24,24
150011,2,1,1984,9,9,9,9,9,9,9,9,9,9
150012,1,1,1984,16,16,16,16,16,16,16,16,16,16
150013,1,1,1984,24,24,24,24,24,24,24,24,24,24
150015,1,1,1984,14,14,14,14,14,14,14,14,14,14
150016,1,1,1984,18,18,18,18,18,18,18,18,18,18
150016,2,1,1984,0,0,0,0,0,0,0,0,0,0
150017,0,1,1984,28,13,13,28,14,10,29,24,25,25
150017,1,1,1984,0,13,23,0,0,0,0,3,0,0
150018,1,1,1984,14,14,14,14,14,14,14,14,14,14
150019,0,1,1984,20,0,7,0,21,0,20,21,0,0
150019,1,1,1984,0,0,0,0,0,0,14,0,0,0
150020,1,1,1984,14,16,14,11,18,14,4,14,7,13
150020,2,1,1984,0,0,10,0,0,0,14,0,15,0
150021,0,1,1984,20,20,20,20,20,20,20,20,20,20
150021,1,1,1984,16,16,16,16,16,16,16,16,16,16
150022,0,1,1984,0,0,0,0,0,0,0,0,0,0
150022,1,1,1984,11,11,24,25,0,42,5,0,8,22
150023,0,1,1984,0,0,0,0,0,0,0,0,0,0
150023,1,1,1984,0,0,0,0,0,0,0,0,0,0
150024,1,1,1984,4,4,4,4,4,4,4,4,4,4
150024,2,1,1984,0,0,0,0,0,0,0,0,0,0
150025,1,1,1984,0,0,0,0,0,0,0,0,0,0
150026,0,1,1984,0,0,0,0,0,0,0,0,0,0
150026,1,1,1984,0,0,0,0,0,0,0,0,0,0
150027,1,1,1984,4,17,12,18,18,11,26,0,14,16
150027,2,1,1984,0,0,0,0,0,0,0,0,0,0
150028,1,1,1984,0,0,0,0,0,0,0,0,11,0
150028,2,1,1984,8,8,8,8,8,8,8,8,8,8
150029,0,1,1984,0,22,13,0,0,0,22,0,0,0
150029,1,1,1984,0,0,0,0,0,0,0,0,0,7
150030,1,1,1984,14,14,14,14,14,14,14,14,14,14
150031,0,1,1984,21,21,21,21,21,21,21,21,21,21
150031,1,1,1984,0,0,0,0,0,0,0,0,0,0
150032,1,1,1984,23,23,23,23,23,23,23,23,23,23
150032,2,1,1984,0,0,0,0,0,0,0,10,0,7
150033,1,1,1984,0,0,0,5,0,0,0,0,0,0
150033,2,1,1984,0,14,7,24,0,0,16,0,0,0
150034,1,3,1984,19,25,11,0,14,0,11,16,12,13
150035,1,1,1984,0,0,0,0,0,0,0,0,27,0
150035,2,1,1984,0,0,0,0,0,0,0,0,0,0
150036,1,1,1984,17,17,17,17,17,17,17,17,17,17
150037,1,1,1984,20,20,20,20,20,20,20,20,20,20
150038,1,1,1984,0,0,0,0,0,0,0,0,0,0
150038,2,1,1984,14,14,11,0,21,17,15,30,13,16
150039,1,1,1984,0,0,0,0,0,0,0,0,0,0
150039,2,1,1984,0,0,0,5,0,0,0,0,0,0
150040,0,1,1984,0,0,0,0,0,0,0,0,0,0
150040,1,1,1984,0,0,0,0,0,0,0,0,0,11
150041,1,1,1984,9,9,9,9,9,9,9,9,9,9
150042,1,1,1984,12,12,12,12,12,12,12,12,12,12
150043,1,1,1984,13,14,15,0,0,0,8,7,0,4
150043,2,1,1984,0,0,0,0,0,0,0,0,0,0
150044,1,1,1984,23,23,23,23,23,23,23,23,23,23
150044,2,1,1984,16,16,16,16,16,16,16,16,16,16
150045,1,1,1984,0,0,0,0,0,0,0,0,0,0
150046,1,1,1984,7,7,7,7,7,7,7,7,7,7
150046,2,1,1984,0,0,0,0,0,0,0,0,0,0
150047,0,1,1984,0,0,18,0,0,0,0,0,0,0
150047,1,1,1984,12,12,12,12,12,12,12,12,12,12
150048,1,1,1984,0,0,0,0,0,8,0,0,29,0
150048,2,1,1984,0,0,25,0,0,0,0,0,0,19
150049,1,1,1984,15,15,15,15,15,15,15,15,15,15
150049,2,1,1984,0,0,11,0,0,0,0,0,0,0
150050,1,1,1984,0,0,0,0,0,0,0,0,0,0
150050,2,1,1984,0,0,0,0,0,0,0,0,0,0
150051,1,1,1984,0,0,0,0,0,0,0,0,0,0
150051,2,1,1984,0,0,0,0,0,0,0,0,0,0
150052,0,1,1984,13,0,13,0,13,0,0,32,0,17
150052,1,1,1984,0,0,0,0,0,5,11,0,0,0
150053,1,1,1984,9,4,12,3,0,10,13,17,0,24
150054,1,1,1984,0,0,0,0,0,0,0,0,0,0
150055,1,1,1984,9,9,9,9,9,9,9,9,9,9
150055,2,1,1984,0,0,0,0,0,0,0,0,0,0
150056,0,1,1984,0,0,0,0,0,0,0,0,0,0
150056,1,1,1984,0,0,36,0,0,0,20,0,0,0
150057,0,1,1984,0,0,0,0,0,0,0,0,0,0
150057,1,1,1984,2,2,2,2,2,2,2,2,2,2
150058,1,1,1984,14,14,14,14,14,14,14,14,14,14
150059,1,1,1984,23,23,23,23,23,23,23,23,23,23
150059,2,1,1984,0,0,0,0,0,0,0,0,0,0
150060,1,1,1984,10,10,10,10,10,10,10,10,10,10
150061,1,1,1984,17,17,17,17,17,17,17,17,17,17
150062,1,1,1984,12,24,12,18,17,21,2,16,15,7
150062,2,1,1984,0,0,0,0,0,0,0,0,0,0
150062,3,1,1984,0,0,0,0,0,0,0,0,0,0
150062,4,1,1984,16,0,0,0,13,0,0,0,0,17
150063,0,1,1984,10,10,10,10,10,10,10,10,10,10
150063,0,2,1984,21,0,6,8,12,17,22,2,10,0
150063,1,1,1984,0,0,0,0,0,0,0,0,0,0
150064,1,1,1984,22,22,22,22,22,22,22,22,22,22
150065,0,1,1984,0,0,0,0,0,0,0,0,0,0
150065,0,2,1984,0,8,3,0,0,22,0,0,0,0
150065,0,3,1984,0,3,0,4,14,17,0,0,0,0
150065,1,1,1984,13,13,13,13,13,13,13,13,13,13
150066,0,1,1984,0,0,0,0,0,0,0,0,0,0
150066,1,1,1984,0,0,0,0,0,0,0,0,0,0
150067,1,1,1984,0,0,0,0,0,0,0,0,0,0
150068,1,1,1984,0,21,59,18,37,11,19,11,23,8
150068,2,1,1984,0,3,0,0,0,0,0,0,0,0
150069,0,1,1984,0,0,0,0,0,0,0,0,0,0
150069,1,1,1984,0,0,0,0,0,0,0,0,0,3
150070,1,1,1984,25,25,25,25,25,25,25,25,25,25
150071,1,1,1984,0,0,0,0,0,0,0,0,0,0
150071,2,1,1984,0,0,0,0,0,0,0,0,0,0
150072,0,1,1984,0,0,0,0,0,0,0,0,0,0
150072,1,1,1984,0,0,0,0,0,0,0,0,0,0
150073,1,1,1984,20,20,20,20,20,20,20,20,20,20
150074,1,1,1984,29,29,29,29,29,29,29,29,29,29
150075,0,1,1984,0,0,0,0,0,0,0,0,0,0
150075,1,1,1984,5,5,5,5,5,5,5,5,5,5
150076,1,1,1984,26,26,26,26,26,26,26,26,26,26
150076,2,1,1984,0,0,0,0,0,0,0,0,0,0
150076,3,1,1984,0,0,0,0,0,0,0,0,0,0
150076,4,1,1984,20,20,20,20,20,20,20,20,20,20
150077,1,1,1984,0,0,0,5,0,0,0,0,0,0
150077,2,1,1984,0,0,0,0,0,0,0,0,0,0
150078,1,1,1984,0,0,0,0,0,0,0,0,0,0
150079,1,1,1984,13,13,13,13,13,13,13,13,13,13
150080,0,1,1984,0,0,0,0,0,0,0,0,0,0
150080,1,1,1984,0,0,0,0,0,0,0,0,0,0
150081,1,1,1984,0,0,0,0,0,0,0,0,0,0
150082,1,1,1984,10,10,10,10,10,10,10,10,10,10
150083,1,1,1984,14,14,14,14,14,14,14,14,14,14
150084,1,1,1984,13,13,13,13,13,13,13,13,13,13
150085,1,1,1984,23,9,6,0,9,0,14,9,0,0
150086,1,1,1984,27,27,27,27,27,27,27,27,27,27
150087,1,1,1984,28,28,28,28,28,28,28,28,28,28
150087,2,1,1984,0,0,0,0,0,0,0,0,0,0
150088,1,1,1984,16,16,16,16,16,16,16,16,16,16
150089,1,1,1984,23,23,23,23,23,23,23,23,23,23
150090,1,1,1984,18,18,18,18,18,18,18,18,18,18
150090,2,1,1984,0,0,0,0,0,0,0,0,0,0
150091,1,1,1984,21,21,21,21,21,21,21,21,21,21
150092,0,1,1984,0,0,0,0,0,0,0,0,0,0
150092,1,1,1984,0,0,7,0,0,0,0,0,0,0
150093,1,1,1984,0,0,0,0,0,0,0,0,0,0
150093,2,1,1984,0,0,0,0,0,0,0,0,0,0
150093,3,1,1984,0,0,0,0,0,0,0,0,0,0
150094,1,1,1984,0,0,0,0,7,0,0,0,0,0
150094,2,1,1984,0,0,0,0,0,0,0,0,0,0
150095,1,1,1984,0,0,0,0,0,0,0,0,0,0
150095,2,1,1984,0,0,0,0,0,0,0,0,0,0
150096,0,1,1984,9,9,9,9,9,9,9,9,9,9
150096,1,1,1984,17,7,8,16,6,16,13,18,22,19
150097,1,1,1984,29,29,29,29,29,29,29,29,29,29
150098,1,1,1984,0,0,0,0,0,0,0,0,0,0
150099,1,1,1984,0,0,0,0,0,0,0,0,0,0
150099,2,1,1984,0,0,0,0,0,0,0,0,0,0
150100,1,1,1984,0,0,7,0,0,0,0,0,0,0
150100,2,1,1984,0,0,0,0,0,0,0,0,0,0
150101,0,1,1984,0,0,0,0,0,0,0,0,0,0
150101,1,1,1984,0,0,0,0,0,0,0,0,0,0
150102,1,1,1984,17,8,26,12,7,12,20,15,35,8
150103,1,1,1984,31,22,0,22,23,16,14,9,31,14
150104,0,1,1984,0,0,0,0,0,0,0,0,0,0
150104,1,1,1984,0,0,0,0,0,0,0,0,0,0
150105,1,1,1984,14,14,14,14,14,14,14,14,14,14
150105,2,1,1984,0,0,0,0,12,0,0,0,0,0
150106,1,1,1984,0,0,0,0,0,0,0,0,0,0
150107,1,1,1984,0,0,0,0,0,0,0,0,0,0
150107,2,1,1984,0,0,0,0,0,0,0,0,0,0
150107,3,1,1984,0,0,0,0,0,0,0,0,0,0
150108,1,1,1984,17,17,17,17,17,17,17,17,17,17
150109,0,1,1984,0,0,0,0,0,0,0,0,0,0
150109,1,1,1984,0,0,0,0,0,0,0,0,0,0
150110,1,1,1984,0,0,0,0,0,0,0,0,0,0
150110,2,1,1984,0,0,0,0,0,0,0,0,0,0
150110,3,1,1984,0,0,0,0,23,0,0,0,0,0
150110,4,1,1984,0,0,0,0,18,0,0,0,0,0
150111,1,1,1984,11,11,11,11,11,11,11,11,11,11
150112,1,1,1984,7,7,7,7,7,7,7,7,7,7
150112,2,1,1984,0,0,0,0,0,0,0,0,0,0
150112,3,1,1984,0,0,0,0,0,0,0,0,0,0
150113,1,1,1984,24,18,19,9,25,24,6,10,19,25
150114,1,1,1984,10,10,10,10,10,10,10,10,10,10
150115,1,1,1984,0,0,0,0,0,0,0,0,0,0
150116,1,1,1984,11,11,11,11,11,11,11,11,11,11
150116,2,1,1984,0,0,0,0,0,0,0,0,0,0
150117,1,1,1984,17,17,17,17,17,17,17,17,17,17
150118,0,1,1984,0,0,0,0,0,0,0,0,0,0
150118,1,1,1984,0,0,0,0,0,0,0,0,0,0
150119,1,1,1984,14,14,14,14,14,14,14,14,14,14
150120,0,1,1984,0,0,0,0,0,0,0,0,0,0
150120,1,1,1984,0,0,0,10,0,0,0,0,0,0
150121,1,1,1984,20,20,20,20,20,20,20,20,20,20
150122,1,1,1984,12,12,12,12,12,12,12,12,12,12
150123,1,1,1984,0,0,0,0,0,0,0,0,0,0
150123,2,1,1984,4,4,4,4,4,4,4,4,4,4
150124,1,1,1984,17,17,17,17,17,17,17,17,17,17
150124,2,1,1984,0,0,0,0,0,0,0,0,0,0
150124,3,1,1984,0,10,0,0,0,0,0,0,0,0
150124,4,1,1984,0,0,0,0,21,0,0,0,11,0
150125,1,1,1984,0,0,0,0,0,0,0,0,0,0
150125,2,1,1984,0,0,0,0,0,0,0,0,0,0
150125,3,1,1984,0,0,0,0,0,0,0,0,0,9
150126,1,1,1984,18,18,18,18,18,18,18,18,18,18
150127,1,1,1984,0,0,0,0,0,0,0,0,0,0
150127,2,1,1984,0,0,0,0,0,0,0,0,0,0
150128,1,1,1984,7,0,0,0,0,0,0,0,0,28
150128,2,1,1984,24,6,8,3,8,20,15,19,21,19
150128,3,1,1984,0,0,0,0,0,0,0,0,0,0
150129,1,1,1984,33,33,33,33,33,33,33,33,33,33
150130,1,1,1984,19,0,13,0,19,0,0,0,0,22
160001,1,1,1984,0,0,0,0,0,0,0,7,0,0
160001,2,1,1984,0,0,0,0,0,0,0,0,0,0
160002,0,1,1984,20,20,20,20,20,20,20,20,20,20
160002,0,2,1984,28,0,15,25,26,35,31,18,0,24
160002,1,1,1984,0,0,0,0,0,0,0,0,0,0
160003,1,1,1984,0,0,0,0,0,0,0,0,0,0
160003,2,1,1984,0,0,0,0,0,0,0,0,0,0
160004,1,1,1984,0,0,0,0,0,0,0,0,0,0
160004,2,1,1984,0,9,0,0,0,0,0,0,0,6
160005,1,1,1984,0,0,0,0,0,0,0,0,0,0
160005,2,1,1984,7,24,34,5,14,27,26,14,9,2
160006,1,1,1984,0,0,0,0,0,0,0,0,0,0
160006,2,1,1984,5,0,15,19,9,20,0,3,8,17
160007,1,1,1984,6,8,17,11,16,16,3,12,12,11
160007,2,1,1984,8,0,0,0,0,0,0,0,0,0
160008,1,1,1984,0,0,15,0,0,0,0,0,0,0
160009,1,1,1984,25,0,14,0,4,0,0,0,18,19
160010,1,1,1984,8,8,8,8,8,8,8,8,8,8
160010,2,1,1984,0,0,23,0,0,0,0,27,0,0
160011,1,1,1984,36,0,35,17,28,15,16,11,12,7
160012,0,1,1984,0,25,0,0,4,0,0,0,0,23
160012,1,1,1984,17,0,0,0,0,0,0,0,0,0
160013,1,1,1984,6,20,14,18,18,0,24,16,10,27
160014,1,1,1984,1,1,1,1,1,1,1,1,1,1
160015,1,1,1984,0,0,0,0,0,0,0,0,0,0
160015,2,1,1984,0,0,0,0,0,0,0,0,0,0
160016,0,1,1984,0,0,0,0,0,0,0,0,0,0
160016,1,1,1984,0,0,0,0,0,0,0,11,0,0
160017,1,1,1984,0,0,0,0,0,0,0,0,0,0
160017,2,1,1984,0,0,0,0,0,0,0,0,0,0
160018,1,1,1984,21,21,21,21,21,21,21,21,21,21
160019,1,1,1984,20,20,20,20,20,20,20,20,20,20
160020,1,1,1984,0,0,0,0,0,0,0,0,0,0
160020,2,1,1984,0,0,0,0,0,0,0,15,0,0
160021,1,1,1984,0,0,0,0,0,0,23,0,0,0
160022,0,1,1984,0,0,0,0,0,0,0,0,0,0
160022,1,1,1984,0,0,0,0,0,0,0,0,0,15
160023,1,1,1984,0,0,0,0,0,0,0,0,0,0
160024,1,1,1984,3,8,17,12,17,16,0,4,10,9
160025,1,1,1984,0,0,0,0,0,0,0,0,25,0
160026,1,1,1984,11,3,16,9,7,3,33,18,4,20
160027,1,1,1984,16,16,16,16,16,16,16,16,16,16
160028,1,1,1984,0,0,0,0,0,0,0,0,0,0
160030,1,1,1984,11,0,0,19,0,0,13,0,11,0
160030,2,1,1984,0,10,0,0,0,14,0,0,0,0
160031,1,1,1984,0,0,0,0,0,0,0,0,0,0
160031,2,1,1984,0,0,0,0,0,0,0,0,9,0
160032,1,1,1984,0,0,0,23,0,0,0,7,0,0
160033,1,1,1984,0,0,0,13,0,0,0,0,0,0
160033,2,1,1984,0,0,0,0,0,0,0,0,0,0
160034,0,1,1984,1,1,1,1,1,1,1,1,1,1
160034,1,1,1984,12,12,12,12,12,12,12,12,12,12
160035,0,1,1984,0,0,0,0,0,0,0,0,0,0
160035,1,1,1984,0,0,0,0,0,0,0,0,0,0
160036,1,1,1984,0,0,0,0,0,0,0,0,0,9
160036,2,1,1984,0,0,0,0,3,0,0,0,0,0
160037,1,1,1984,18,18,18,18,18,18,18,18,18,18
160038,1,1,1984,0,9,0,0,0,0,0,15,0,0
160039,0,1,1984,20,0,0,0,0,0,0,0,0,18
160039,0,2,1984,27,11,0,0,20,0,14,24,16,23
160039,1,1,1984,17,17,17,17,17,17,17,17,17,17
160040,1,1,1984,0,0,0,0,0,0,0,0,0,0
160041,1,1,1984,0,0,0,0,0,0,0,0,0,14
160042,1,1,1984,1,1,1,1,1,1,1,1,1,1
160042,2,1,1984,0,0,5,0,0,0,0,0,0,35
160043,1,1,1984,18,18,18,18,18,18,18,18,18,18
160044,1,1,1984,0,0,0,0,3,0,0,16,0,0
160044,2,1,1984,0,0,0,0,0,0,0,0,0,0
160045,1,1,1984,21,21,21,21,21,21,21,21,21,21
160045,2,1,1984,20,20,20,20,20,20,20,20,20,20
160046,1,1,1984,19,19,19,19,19,19,19,19,19,19
160046,2,1,1984,0,0,0,0,0,0,0,0,0,0
160046,3,1,1984,0,0,0,0,0,0,0,3,0,0
160047,0,1,1984,0,0,0,0,0,0,0,0,0,0
160047,1,1,1984,0,0,0,0,0,0,0,0,0,0
160048,1,1,1984,0,0,0,0,0,0,0,0,0,0
160049,1,1,1984,0,0,17,0,0,0,0,0,0,22
160049,2,1,1984,0,0,0,0,0,0,0,0,0,0
160050,1,1,1984,20,20,20,20,20,20,20,20,20,20
160051,1,1,1984,0,0,0,0,0,0,0,0,0,0
160052,1,1,1984,0,0,0,0,0,0,0,0,0,0
160052,2,1,1984,3,3,3,3,3,3,3,3,3,3
160053,1,1,1984,0,0,14,0,0,0,0,23,0,12
160054,1,1,1984,20,20,20,20,20,20,20,20,20,20
160055,1,1,1984,17,0,14,13,9,25,19,12,21,12
160055,2,1,1984,7,9,12,5,22,11,6,16,13,12
160056,1,1,1984,12,12,12,12,12,12,12,12,12,12
160057,1,1,1984,0,0,0,0,0,0,0,0,0,0