ST_CASE,VEH_NO,PER_NO,YEAR,P1,P2,P3,P4,P5,P6,P7,P8,P9,P10
160057,2,1,1984,0,0,0,0,0,0,20,0,0,0
160058,1,1,1984,10,10,10,10,10,10,10,10,10,10
160059,1,1,1984,0,0,0,0,0,0,0,0,0,0
160059,2,1,1984,10,10,10,10,10,10,10,10,10,10
160060,1,1,1984,0,0,0,0,0,0,0,0,0,0
160060,2,1,1984,0,24,0,0,0,0,0,0,21,0
160061,1,1,1984,0,0,0,0,0,0,0,0,0,12
160061,2,1,1984,0,0,0,0,0,0,0,0,0,0
160061,3,1,1984,0,0,0,0,0,0,0,0,0,0
160062,1,1,1984,5,5,5,5,5,5,5,5,5,5
160063,1,1,1984,0,0,0,0,0,0,0,0,0,0
160063,2,1,1984,0,0,0,0,0,0,0,0,0,0
160064,1,1,1984,0,4,0,0,0,11,6,20,0,0
160064,2,1,1984,10,20,9,0,11,3,12,11,11,0
160065,1,1,1984,0,0,0,0,0,0,0,0,0,3
160065,2,1,1984,0,0,0,0,0,0,0,0,0,0
160066,1,1,1984,26,3,0,27,0,0,11,0,0,25
160066,2,1,1984,0,0,0,0,0,0,0,0,0,0
160067,1,1,1984,0,0,0,0,7,0,11,0,0,0
160067,2,1,1984,0,0,0,0,0,0,24,0,0,18
160068,1,1,1984,12,13,0,15,14,25,19,12,21,0
160069,1,1,1984,0,0,0,0,0,0,0,0,0,0
160069,2,1,1984,0,0,0,0,0,0,0,0,0,0
160070,1,1,1984,0,16,15,0,0,0,12,32,0,7
160071,1,1,1984,0,0,0,0,20,0,0,11,13,4
160072,1,1,1984,8,8,8,8,8,8,8,8,8,8
160073,1,1,1984,12,17,12,35,3,9,15,19,22,25
160074,1,1,1984,15,23,20,14,0,26,8,17,13,12
160075,1,1,1984,0,20,31,15,17,11,25,15,14,7
160076,1,1,1984,0,0,0,0,0,0,0,0,0,0
160076,2,1,1984,0,0,0,0,0,0,0,0,0,0
160077,1,1,1984,10,10,10,10,10,10,10,10,10,10
160078,1,1,1984,23,24,17,33,8,17,22,12,33,30
160079,0,1,1984,0,0,0,9,15,0,0,27,0,0
160079,1,1,1984,0,0,0,0,0,0,0,0,0,0
160080,1,1,1984,8,8,8,8,8,8,8,8,8,8
160080,2,1,1984,0,0,0,0,0,0,0,0,0,0
160081,1,1,1984,0,0,11,0,0,0,0,0,0,0
160082,1,1,1984,0,0,0,0,0,0,0,0,0,0
160083,1,1,1984,25,25,25,25,25,25,25,25,25,25
160084,0,1,1984,24,0,27,13,26,0,0,20,10,0
160084,1,1,1984,32,14,17,24,19,18,21,19,8,16
160085,1,1,1984,0,0,0,0,0,0,0,0,0,0
160086,1,1,1984,0,10,0,0,0,0,0,8,14,0
160087,1,1,1984,0,0,0,0,0,0,0,0,0,0
160088,1,1,1984,0,19,0,0,0,0,0,0,26,0
160089,0,1,1984,19,34,16,22,32,0,18,0,0,0
160089,1,1,1984,0,0,0,0,0,0,0,26,0,0
160090,1,1,1984,7,7,7,7,7,7,7,7,7,7
160090,2,1,1984,6,13,29,26,22,0,35,0,27,7
160091,1,1,1984,12,12,12,12,12,12,12,12,12,12
160091,2,1,1984,0,0,0,0,0,0,0,0,0,0
160092,1,1,1984,0,0,0,0,0,0,0,0,0,0
160092,2,1,1984,0,0,0,0,0,0,21,0,0,0
160093,1,1,1984,0,21,23,0,16,22,0,28,42,24
160094,1,1,1984,11,11,11,11,11,11,11,11,11,11
160094,2,1,1984,0,0,0,0,0,0,22,0,0,0
160095,0,1,1984,0,33,0,0,0,0,0,0,0,17
160095,1,1,1984,5,5,5,5,5,5,5,5,5,5
160096,1,1,1984,0,0,0,0,0,0,0,0,0,0
160097,1,1,1984,25,14,13,0,0,0,0,0,0,19
160098,1,1,1984,0,0,11,25,0,0,0,0,27,0
160099,1,1,1984,0,0,0,0,0,0,0,0,0,0
160099,2,1,1984,0,0,0,0,0,0,0,0,0,0
160100,1,1,1984,0,0,3,0,0,0,0,0,0,0
160101,1,1,1984,27,14,16,20,0,23,22,0,19,30
160102,1,1,1984,0,13,0,19,0,0,9,0,19,25
160103,1,1,1984,0,0,0,0,0,0,0,0,0,0
160104,1,1,1984,0,0,0,0,0,0,0,12,0,0
160105,1,1,1984,24,24,24,24,24,24,24,24,24,24
160106,1,1,1984,0,0,0,12,0,0,0,11,0,0
160106,2,1,1984,0,0,0,0,0,0,0,0,0,0
160107,1,1,1984,0,0,0,8,10,20,0,0,0,0
160108,1,1,1984,0,16,0,0,8,11,0,0,14,0
160109,1,1,1984,21,0,0,0,0,27,0,0,27,0
160110,1,1,1984,0,0,0,0,0,0,0,0,0,15
160111,1,1,1984,0,0,13,0,19,0,0,15,0,0
160112,1,1,1984,0,0,0,0,0,0,0,0,0,0
160112,2,1,1984,34,0,7,0,0,0,0,0,19,0
160113,1,1,1984,0,0,0,0,0,0,29,0,0,0
160114,1,1,1984,0,0,0,0,0,0,0,0,0,0
160114,2,1,1984,0,0,0,0,0,20,0,19,5,0
160115,1,1,1984,0,0,0,0,0,0,0,0,0,5
160115,2,1,1984,0,7,0,0,0,0,0,0,0,0
160116,1,1,1984,14,14,14,14,14,14,14,14,14,14
160117,1,1,1984,12,0,18,0,0,0,18,0,12,0
160118,1,1,1984,0,0,0,0,0,0,0,0,0,0
160118,2,1,1984,0,18,0,0,0,0,6,0,21,14
160119,1,1,1984,0,11,0,0,0,0,0,0,0,0
160119,2,1,1984,0,0,0,0,0,0,0,0,0,0
160119,3,1,1984,0,0,0,0,0,0,0,0,0,0
160119,4,1,1984,0,0,0,0,0,0,0,0,0,0
160120,0,1,1984,38,28,24,21,50,34,16,32,24,16
160120,1,1,1984,0,0,0,0,0,0,0,0,0,0
160121,1,1,1984,0,0,0,0,0,0,0,0,0,0
160122,1,1,1984,17,17,17,17,17,17,17,17,17,17
160123,1,1,1984,0,0,0,0,0,0,0,0,0,0
160123,2,1,1984,0,14,0,0,0,0,0,0,0,0
160124,1,1,1984,0,0,0,0,0,0,0,0,0,0
160125,1,1,1984,0,10,0,11,0,21,0,0,10,19
160126,1,1,1984,12,12,12,12,12,12,12,12,12,12
160127,1,1,1984,33,33,33,33,33,33,33,33,33,33
160128,1,1,1984,16,14,10,19,25,11,9,24,33,7
160129,1,1,1984,0,0,0,0,8,0,9,0,0,0
160130,1,1,1984,10,10,10,10,10,10,10,10,10,10
160131,1,1,1984,0,0,0,0,0,0,0,0,0,0
160132,1,1,1984,0,0,0,0,0,0,0,0,0,0
160133,1,1,1984,0,0,0,0,0,0,0,0,0,0
160133,2,1,1984,0,0,0,0,27,0,0,0,0,0
160134,0,1,1984,7,19,0,11,0,26,26,37,0,18
160134,1,1,1984,0,0,0,0,0,0,0,0,0,0
160135,1,1,1984,10,10,10,10,10,10,10,10,10,10
160136,1,1,1984,0,0,0,0,0,0,0,0,0,0
160136,2,1,1984,0,0,0,0,0,0,0,0,0,0
160137,1,1,1984,9,0,23,17,11,6,9,30,11,16
160137,2,1,1984,0,10,0,0,0,0,0,0,0,0
160138,1,1,1984,0,0,0,0,0,0,0,0,0,0
160138,2,1,1984,0,0,0,0,0,0,0,0,0,0
160139,1,1,1984,39,18,14,19,13,9,12,19,31,20
160140,0,1,1984,12,12,12,12,12,12,12,12,12,12
160140,1,1,1984,22,10,0,4,0,16,14,7,7,16
160141,1,1,1984,12,17,18,16,16,10,18,13,22,12
160141,2,1,1984,0,0,0,0,0,0,0,0,0,0
160142,1,1,1984,0,0,0,0,0,0,0,0,0,0
160142,2,1,1984,0,0,0,0,0,0,0,0,0,0
160143,1,1,1984,0,0,0,0,0,0,0,0,0,0
160144,1,1,1984,10,10,10,10,10,10,10,10,10,10
160145,1,1,1984,0,0,5,0,0,0,0,0,0,0
160145,2,1,1984,0,0,0,0,0,0,4,0,0,0
160146,1,1,1984,0,0,0,0,0,0,0,0,0,0
160147,1,1,1984,0,0,0,0,0,0,0,0,0,0
160147,2,1,1984,0,0,7,0,0,0,0,0,0,0
160148,1,1,1984,7,0,0,0,0,0,0,0,0,0
160150,1,1,1984,22,22,26,13,18,0,5,24,23,9
160151,1,1,1984,0,0,0,0,10,0,0,0,0,0
160152,1,1,1984,0,0,15,0,10,0,0,13,0,0
160153,1,1,1984,10,10,10,10,10,10,10,10,10,10
160154,1,1,1984,11,11,11,11,11,11,11,11,11,11
160155,1,1,1984,0,0,0,0,0,0,0,0,0,0
160155,2,1,1984,9,0,0,0,0,0,0,21,0,0
160156,1,1,1984,0,0,0,0,0,0,0,0,0,0
160156,2,1,1984,0,0,0,0,0,0,0,0,0,0
160157,1,1,1984,0,0,0,0,0,0,0,0,0,0
160158,1,1,1984,0,0,0,0,0,0,0,0,0,0
160159,1,1,1984,17,17,17,17,17,17,17,17,17,17
160160,1,1,1984,19,19,19,19,19,19,19,19,19,19
160161,1,1,1984,0,0,0,0,0,0,0,0,0,0
160161,2,1,1984,0,0,0,0,0,0,0,0,14,0
160161,3,1,1984,0,0,0,0,0,0,0,0,0,0
160162,1,1,1984,18,18,18,18,18,18,18,18,18,18
160163,0,1,1984,0,0,0,0,0,0,0,0,0,0
160163,1,1,1984,10,10,10,10,10,10,10,10,10,10
160164,1,1,1984,28,0,22,0,0,0,0,0,0,0
160165,1,1,1984,0,0,0,0,0,0,0,0,36,0
160166,1,1,1984,0,0,0,7,0,0,0,0,0,0
160166,2,1,1984,0,0,0,0,0,0,0,0,0,0
160167,1,1,1984,1,1,1,1,1,1,1,1,1,1
160167,2,1,1984,0,0,0,0,0,0,0,0,0,12
160168,1,1,1984,0,0,0,0,0,0,0,0,0,0
160168,2,1,1984,0,0,0,0,0,0,0,0,0,0
160169,0,1,1984,0,0,0,0,0,0,0,0,0,0
160169,1,1,1984,0,0,0,0,0,0,0,0,0,0
160170,1,1,1984,0,0,0,0,0,0,0,0,0,0
160170,2,1,1984,0,0,0,25,0,0,0,0,14,0
160171,0,1,1984,0,0,0,22,0,0,0,9,0,16
160171,1,1,1984,24,0,0,0,0,0,0,0,0,0
160172,1,1,1984,6,6,6,6,6,6,6,6,6,6
160173,1,1,1984,7,21,0,23,4,0,22,0,0,19
160174,1,1,1984,0,0,0,24,0,0,0,0,0,0
160174,2,1,1984,0,0,0,0,0,0,18,0,0,0
160175,1,1,1984,0,0,0,0,8,0,0,0,0,0
160176,1,1,1984,0,0,0,0,0,0,0,0,0,0
160176,2,1,1984,0,0,0,0,0,0,0,0,0,0
160177,1,1,1984,0,0,0,0,0,0,0,0,0,0
160177,2,1,1984,0,0,0,0,0,0,0,0,0,0
160178,1,1,1984,0,14,0,0,0,0,0,29,12,0
160179,1,1,1984,0,0,0,0,0,0,0,35,0,0
160180,1,1,1984,14,14,14,14,14,14,14,14,14,14
160181,1,1,1984,0,0,0,0,0,0,0,0,0,0
160182,1,1,1984,0,0,0,0,0,0,0,0,0,0
160183,1,1,1984,10,10,10,10,10,10,10,10,10,10
160183,2,1,1984,0,9,0,18,16,0,0,0,0,0
160184,1,1,1984,0,0,0,0,0,0,0,0,0,0
160185,1,1,1984,0,0,0,0,0,0,0,0,0,0
160185,2,1,1984,6,6,6,6,6,6,6,6,6,6
160186,1,1,1984,14,15,0,18,4,23,6,19,13,0
160187,1,1,1984,10,10,10,10,10,10,10,10,10,10
160188,1,1,1984,0,24,0,0,0,0,0,0,0,0
160188,2,1,1984,0,0,0,0,0,0,0,0,0,0
160189,1,1,1984,0,0,0,0,0,0,0,0,0,0
160189,2,1,1984,0,0,0,0,0,0,0,0,0,0
160189,3,1,1984,0,0,0,0,0,0,0,0,0,0
160190,1,1,1984,20,20,20,20,20,20,20,20,20,20
160190,2,1,1984,10,10,10,10,10,10,10,10,10,10
160191,1,1,1984,0,0,0,0,16,0,0,16,0,0
160192,1,1,1984,0,0,0,0,0,0,0,0,0,0
160192,2,1,1984,0,0,0,0,0,0,0,0,0,0
160193,1,1,1984,26,26,26,26,26,26,26,26,26,26
160194,1,1,1984,13,13,13,13,13,13,13,13,13,13
160194,2,1,1984,0,0,0,0,0,0,0,0,0,0
160195,1,1,1984,0,0,7,0,21,10,14,0,15,26
160196,1,1,1984,0,0,0,0,0,0,0,0,0,0
160196,2,1,1984,0,0,0,0,0,0,0,0,0,0
160197,1,1,1984,13,13,13,13,13,13,13,13,13,13
160198,1,1,1984,0,0,0,0,0,0,0,0,0,0
160198,2,1,1984,0,0,0,0,0,0,0,0,0,0
160199,1,1,1984,0,0,0,0,0,0,0,0,0,0
160200,1,1,1984,10,10,10,10,10,10,10,10,10,10
160201,1,1,1984,22,22,22,22,22,22,22,22,22,22
160201,2,1,1984,18,18,18,18,18,18,18,18,18,18
160202,1,1,1984,27,0,0,16,7,0,0,11,0,12
160203,1,1,1984,0,0,0,0,0,0,0,0,15,0
160203,2,1,1984,19,19,19,19,19,19,19,19,19,19
160204,0,1,1984,8,5,0,0,0,12,0,0,0,0
160204,1,1,1984,0,0,0,0,0,0,0,0,0,0
160205,1,1,1984,0,0,0,0,0,0,0,0,0,0
160206,1,1,1984,14,14,14,14,14,14,14,14,14,14
160207,1,1,1984,0,0,0,0,0,0,0,0,0,0
160207,2,1,1984,3,3,3,3,3,3,3,3,3,3
160208,1,1,1984,5,5,5,5,5,5,5,5,5,5
160209,1,1,1984,0,0,0,0,0,0,0,14,0,0
160209,2,1,1984,0,0,0,0,0,9,7,0,0,0
160210,0,1,1984,26,26,26,26,26,26,26,26,26,26
160210,1,1,1984,0,0,0,0,0,0,0,0,0,0
160210,2,1,1984,0,0,0,0,0,0,0,0,0,0
160211,0,1,1984,10,0,0,0,0,0,0,0,0,0
160211,1,1,1984,0,0,0,16,0,0,0,0,0,0
160212,1,1,1984,0,0,0,0,0,0,0,0,0,0
160212,2,1,1984,0,0,26,0,0,0,0,0,0,0
160213,1,1,1984,13,0,46,10,11,0,0,16,22,29
160214,1,1,1984,0,24,0,0,0,0,0,0,0,0
160214,2,1,1984,0,13,0,0,0,0,0,0,0,0
160215,1,1,1984,22,19,0,0,0,0,0,0,0,0
160215,2,1,1984,0,0,0,0,0,0,0,0,0,0
160215,3,1,1984,0,5,0,0,0,0,0,0,0,0
160216,1,1,1984,0,0,0,0,0,0,0,0,0,0
160217,1,1,1984,24,24,24,24,24,24,24,24,24,24
160217,2,1,1984,0,0,0,0,0,0,0,0,17,0
170001,1,1,1984,32,32,32,32,32,32,32,32,32,32
170001,2,1,1984,0,0,0,0,0,0,0,0,0,0
170002,1,1,1984,32,32,32,32,32,32,32,32,32,32
170003,1,1,1984,28,28,28,28,28,28,28,28,28,28
170003,2,1,1984,0,0,7,15,0,0,0,0,0,23
170004,1,1,1984,0,0,9,28,25,10,0,14,29,29
170005,0,1,1984,30,30,30,30,30,30,30,30,30,30
170005,1,1,1984,19,0,24,0,8,15,0,0,0,0
170006,0,1,1984,0,0,0,0,0,0,0,0,0,0
170006,1,1,1984,13,14,26,15,1,26,0,0,9,10
170007,1,1,1984,12,0,20,9,14,4,24,13,9,17
170007,2,1,1984,0,0,0,0,0,19,0,10,4,0
170008,0,1,1984,0,0,0,0,0,0,0,0,0,0
170008,0,2,1984,0,0,0,0,0,0,0,0,0,0
170008,1,1,1984,16,16,16,16,16,16,16,16,16,16
170009,0,1,1984,7,0,0,0,0,30,0,0,0,0
170009,1,1,1984,0,0,0,0,0,0,0,0,0,0
170010,0,1,1984,0,0,0,23,0,0,0,0,0,0
170010,1,1,1984,0,0,0,0,0,0,0,0,0,0
170011,0,1,1984,0,0,0,0,0,0,0,0,0,0
170011,1,1,1984,25,17,19,25,15,12,8,15,28,23
170012,1,1,1984,0,0,0,0,0,0,0,7,0,0
170012,2,1,1984,0,0,0,0,0,0,0,0,0,0
170013,1,1,1984,0,0,0,0,0,0,0,0,0,0
170014,0,1,1984,29,29,29,29,29,29,29,29,29,29
170014,1,1,1984,16,0,0,0,0,6,0,0,0,0
170014,2,1,1984,0,14,3,13,0,0,0,0,27,0
170014,3,1,1984,0,0,0,0,7,0,13,0,0,0
170015,1,1,1984,0,0,0,0,0,0,0,0,0,0
170015,2,1,1984,0,0,0,0,0,0,0,0,0,16
170016,0,1,1984,23,23,23,23,23,23,23,23,23,23
170016,1,1,1984,0,19,0,0,0,0,0,0,0,0
170017,1,1,1984,12,12,12,12,12,12,12,12,12,12
170017,2,1,1984,0,0,0,0,0,0,0,0,0,0
170017,3,1,1984,8,8,8,8,8,8,8,8,8,8
170018,0,1,1984,0,0,0,0,0,0,0,0,0,0
170018,1,1,1984,0,0,0,0,0,0,0,0,0,0
170018,2,1,1984,0,0,0,0,0,0,0,0,0,29
170018,3,1,1984,0,15,0,0,0,0,0,0,4,2
170018,4,1,1984,0,0,0,0,0,0,0,10,0,0
170019,1,1,1984,21,21,21,21,21,21,21,21,21,21
170020,1,1,1984,20,6,0,20,19,25,8,12,21,4
170020,2,1,1984,0,0,0,0,0,0,0,0,0,0
170021,1,1,1984,21,24,20,12,18,17,8,24,19,13
170021,2,1,1984,0,14,0,0,0,0,0,0,11,0
170022,0,1,1984,29,29,29,29,29,29,29,29,29,29
170022,1,1,1984,13,0,0,0,0,0,0,0,13,0
170023,1,1,1984,1,1,1,1,1,1,1,1,1,1
170023,2,1,1984,0,0,0,10,0,0,0,0,0,0
170024,1,1,1984,0,12,0,0,0,0,0,0,0,0
170024,2,1,1984,0,0,0,0,0,0,0,0,0,0
170024,3,1,1984,0,0,0,13,0,0,0,0,0,0
170025,1,1,1984,0,0,0,0,0,0,0,0,0,0
170025,2,1,1984,0,0,0,0,0,0,0,0,0,0
170026,1,1,1984,9,0,0,0,0,0,0,0,0,22
170026,2,1,1984,0,0,0,0,0,0,0,0,0,0
170027,1,1,1984,0,0,0,0,17,12,0,0,0,0
170028,1,1,1984,0,0,0,0,0,0,0,0,0,0
170028,2,1,1984,0,0,0,0,0,0,0,0,0,0
170029,0,1,1984,12,12,12,12,12,12,12,12,12,12
170029,1,1,1984,0,0,0,0,0,0,0,0,0,0
170030,1,1,1984,16,16,16,16,16,16,16,16,16,16
170030,2,1,1984,0,0,0,0,0,0,0,0,0,0
170030,3,1,1984,17,0,0,0,0,0,0,0,0,0
170030,4,1,1984,0,0,0,0,0,0,0,0,0,0
170031,0,1,1984,0,0,0,0,0,0,0,0,0,0
170031,1,1,1984,0,7,0,0,0,0,0,0,0,0
170032,0,1,1984,0,0,0,0,0,0,0,0,0,0
170032,1,1,1984,0,0,0,0,0,0,0,0,0,0
170033,1,1,1984,25,25,25,25,25,25,25,25,25,25
170034,1,1,1984,0,0,0,0,0,0,0,0,0,0
170035,1,1,1984,0,0,0,0,0,0,20,0,0,0
170036,0,1,1984,19,19,19,19,19,19,19,19,19,19
170036,0,2,1984,16,13,0,0,0,8,0,0,0,23
170036,1,1,1984,13,0,0,0,0,0,0,0,0,8
170037,0,1,1984,30,30,30,30,30,30,30,30,30,30
170037,1,1,1984,0,9,14,13,20,10,20,0,0,4
170038,0,1,1984,0,0,0,0,0,0,0,0,0,0
170038,1,1,1984,0,0,0,0,0,0,0,0,0,0
170039,0,1,1984,28,28,28,28,28,28,28,28,28,28
170039,1,1,1984,8,7,12,17,15,0,12,14,0,15
170040,1,1,1984,0,0,0,0,0,0,7,0,0,0
170041,1,1,1984,0,0,0,0,0,0,0,0,0,0
170041,2,1,1984,0,0,0,0,0,0,0,0,0,0
170042,0,1,1984,17,17,17,17,17,17,17,17,17,17
170042,1,1,1984,0,0,0,0,0,0,0,0,0,0
170043,1,1,1984,19,19,19,19,19,19,19,19,19,19
170043,2,1,1984,0,0,0,0,0,0,0,0,0,0
170044,1,1,1984,13,13,13,13,13,13,13,13,13,13
170045,1,1,1984,0,0,0,0,0,0,0,0,0,0
170046,1,1,1984,12,12,12,12,12,12,12,12,12,12
170046,2,1,1984,9,9,9,9,9,9,9,9,9,9
170047,0,1,1984,10,10,10,10,10,10,10,10,10,10
170047,1,1,1984,0,28,16,0,0,0,0,0,0,0
170048,1,1,1984,2,26,0,0,6,0,14,9,7,19
170049,1,1,1984,0,0,0,0,0,0,0,0,0,0
170050,0,1,1984,0,0,0,0,0,0,0,0,0,0
170050,1,1,1984,0,0,0,6,0,0,0,0,0,0
170051,1,1,1984,21,21,21,21,21,21,21,21,21,21
170052,0,1,1984,0,0,0,0,0,0,0,0,0,0
170052,1,1,1984,0,0,11,18,12,0,0,0,0,0
170053,0,1,1984,19,19,19,19,19,19,19,19,19,19
170053,1,1,1984,21,21,21,21,21,21,21,21,21,21
170053,2,1,1984,16,21,8,9,0,2,6,0,12,16
170054,1,1,1984,0,0,0,19,0,0,0,0,0,0
170054,2,1,1984,0,0,0,0,0,0,0,0,0,0
170055,0,1,1984,0,30,33,0,0,0,0,0,0,0
170055,1,1,1984,0,0,0,0,0,0,0,0,0,0
170056,0,1,1984,0,0,0,0,0,0,0,0,0,0
170056,1,1,1984,14,14,14,14,14,14,14,14,14,14
170057,1,1,1984,3,3,3,3,3,3,3,3,3,3
170058,1,1,1984,0,0,0,0,0,0,0,0,0,0
170059,1,1,1984,9,9,9,9,9,9,9,9,9,9
170060,1,1,1984,0,0,0,0,0,0,0,0,0,0
170060,2,1,1984,0,0,0,0,0,0,0,0,0,0
170061,1,1,1984,0,0,0,0,0,0,0,0,0,0
170061,2,1,1984,0,0,0,0,0,0,0,0,0,0
170062,1,1,1984,0,0,0,0,0,0,0,0,0,0
170062,2,1,1984,0,0,0,0,0,0,0,0,0,0
170063,1,1,1984,0,0,0,0,0,0,0,0,0,0
170063,2,1,1984,0,0,0,0,0,0,0,0,0,0
170064,0,1,1984,0,0,0,0,0,0,0,0,0,0
170064,0,2,1984,29,21,23,24,20,9,0,0,0,0
170064,1,1,1984,0,0,0,0,0,3,0,0,0,0
170065,1,1,1984,23,23,23,23,23,23,23,23,23,23
170066,1,1,1984,0,0,0,0,0,12,0,0,0,0
170066,2,1,1984,15,0,0,0,0,0,0,0,14,0
170067,1,1,1984,0,0,0,0,0,0,0,0,0,0
170068,1,1,1984,30,0,9,0,0,0,0,0,0,0
170068,2,1,1984,0,0,0,0,0,0,0,0,0,0
170069,1,1,1984,0,0,24,0,0,0,0,0,0,0
170070,1,1,1984,0,19,6,0,14,19,25,16,0,15
170071,1,1,1984,0,0,0,0,0,0,0,0,0,0
170071,2,1,1984,0,0,0,0,0,0,0,0,0,0
170072,0,1,1984,29,29,29,29,29,29,29,29,29,29
170072,1,1,1984,0,0,0,0,7,0,0,0,0,0
170072,2,1,1984,0,0,7,0,10,0,0,0,0,0
170072,3,1,1984,0,0,0,0,0,0,0,0,0,0
170073,0,1,1984,7,7,7,7,7,7,7,7,7,7
170073,1,1,1984,0,0,11,10,0,0,0,0,0,0
170074,1,1,1984,0,0,0,0,0,0,0,0,0,0
170075,1,1,1984,17,17,17,17,17,17,17,17,17,17
170075,2,1,1984,24,24,24,24,24,24,24,24,24,24
170076,1,1,1984,12,12,12,12,12,12,12,12,12,12
170077,1,1,1984,0,0,0,0,0,15,0,27,0,0
170078,1,1,1984,0,0,0,0,0,0,0,0,0,0
170078,2,1,1984,0,0,0,0,0,0,0,0,0,0
170079,1,1,1984,0,0,0,0,0,0,0,0,0,0
170080,1,1,1984,0,0,5,0,0,0,0,0,0,0
170080,2,1,1984,0,0,0,0,0,0,0,0,0,0
170081,1,1,1984,0,0,0,0,0,0,0,0,0,0
170081,2,1,1984,0,0,0,0,5,0,0,0,0,0
170082,1,1,1984,23,23,23,23,23,23,23,23,23,23
170083,1,1,1984,0,0,0,0,0,0,0,0,0,0
170083,2,1,1984,0,0,0,0,0,8,0,14,0,0
170084,1,1,1984,25,25,25,25,25,25,25,25,25,25
170084,2,1,1984,0,14,0,0,0,0,0,0,0,0
170085,1,1,1984,0,20,6,13,3,5,14,25,9,6
170085,2,1,1984,0,13,0,0,0,0,0,0,0,0
170086,1,1,1984,8,0,0,10,7,0,0,0,0,0
170086,2,1,1984,0,0,0,0,16,0,0,0,13,0
170087,1,1,1984,26,8,18,11,20,11,12,2,6,24
170088,1,1,1984,5,13,20,8,7,22,15,3,29,20
170088,2,1,1984,0,21,37,0,0,0,0,0,23,0
170089,1,1,1984,32,32,32,32,32,32,32,32,32,32
170090,1,1,1984,28,28,28,28,28,28,28,28,28,28
170090,2,1,1984,0,9,0,0,36,0,0,0,0,0
170091,1,1,1984,23,23,23,23,23,23,23,23,23,23
170092,1,1,1984,0,0,0,0,0,0,0,0,0,0
170092,2,1,1984,0,0,0,0,0,0,16,0,0,0
170092,3,1,1984,0,0,0,0,0,0,11,20,0,11
170092,4,1,1984,0,0,0,0,0,0,0,0,0,0
170092,5,1,1984,0,0,0,0,0,0,0,0,0,0
170093,1,1,1984,15,15,15,15,15,15,15,15,15,15
170093,2,1,1984,0,0,0,0,0,0,0,0,0,0
170094,1,1,1984,0,0,0,0,9,0,20,20,10,0
170095,1,1,1984,17,17,17,17,17,17,17,17,17,17
170096,1,1,1984,8,15,22,20,9,17,17,12,21,14
170096,2,1,1984,0,0,0,0,0,0,0,0,0,0
170097,1,1,1984,0,0,0,0,0,0,0,0,0,0
170097,2,1,1984,0,0,0,15,0,0,0,0,0,0
170098,1,1,1984,0,14,0,0,9,0,0,0,0,0
170098,2,1,1984,0,0,0,0,0,0,0,0,0,0
170099,1,1,1984,0,0,0,0,0,0,0,0,0,0
170100,1,1,1984,0,0,0,0,0,0,0,0,0,0
170100,2,1,1984,0,0,0,0,0,0,0,0,0,8
170101,1,1,1984,0,0,0,0,0,21,14,0,24,0
170102,1,1,1984,25,25,25,25,25,25,25,25,25,25
170103,0,1,1984,17,17,17,17,17,17,17,17,17,17
170103,1,1,1984,0,0,0,0,0,0,0,0,0,0
170104,1,1,1984,0,0,0,0,0,0,0,0,0,0
170105,0,1,1984,0,0,0,0,0,0,0,0,0,0
170105,0,2,1984,0,0,0,0,0,0,0,0,0,29
170105,1,1,1984,0,0,0,0,0,0,0,0,0,0
170106,1,1,1984,23,23,23,23,23,23,23,23,23,23
170107,1,1,1984,0,0,0,0,0,0,0,0,0,0
170107,2,1,1984,13,12,3,18,15,21,5,0,10,11
170108,0,1,1984,40,40,40,40,40,40,40,40,40,40
170108,1,1,1984,0,0,0,0,0,0,0,0,0,0
170109,1,1,1984,18,18,18,18,18,18,18,18,18,18
170110,1,1,1984,1,1,1,1,1,1,1,1,1,1
170111,1,1,1984,18,18,18,18,18,18,18,18,18,18
170112,0,1,1984,20,20,20,20,20,20,20,20,20,20
170112,1,1,1984,8,0,31,0,14,29,0,10,13,0
170113,0,1,1984,0,0,0,0,0,0,0,0,0,0
170113,1,1,1984,0,0,0,0,0,0,0,0,0,0
170114,1,1,1984,0,0,0,0,0,0,0,0,0,0
170115,0,1,1984,16,16,16,16,16,16,16,16,16,16
170115,1,1,1984,0,0,0,0,0,21,0,0,0,0
170116,1,1,1984,16,0,0,0,0,16,0,0,0,0
170116,2,1,1984,0,0,0,0,0,0,0,0,0,0
170117,0,1,1984,0,0,0,0,0,0,0,0,0,0
170117,1,1,1984,0,0,0,0,0,0,0,0,0,0
170118,1,1,1984,0,0,0,0,0,0,0,0,0,0
170119,1,1,1984,15,20,0,0,5,0,0,9,21,13
170120,1,1,1984,14,14,14,14,14,14,14,14,14,14
170121,0,1,1984,0,0,0,0,0,0,0,0,0,0
170121,0,2,1984,0,0,0,0,0,0,0,0,0,0
170121,1,1,1984,0,0,0,0,12,0,0,0,0,0
170122,0,1,1984,14,14,14,14,14,14,14,14,14,14
170122,1,1,1984,8,0,0,0,3,25,17,15,0,0
170123,1,1,1984,0,0,0,0,0,0,0,0,0,0
170124,0,1,1984,0,0,0,0,0,0,0,0,0,0
170124,1,1,1984,3,0,0,0,0,0,0,0,0,0