ST_CASE,VEH_NO,PER_NO,YEAR,P1,P2,P3,P4,P5,P6,P7,P8,P9,P10
170125,1,1,1984,0,0,0,17,0,0,0,0,0,0
170125,2,1,1984,0,0,0,0,0,0,0,0,0,0
170126,1,1,1984,0,0,0,0,0,0,0,0,0,0
170126,2,1,1984,0,0,0,0,0,0,0,0,0,0
170127,1,1,1984,0,0,0,0,0,0,0,0,0,0
170128,1,1,1984,18,18,18,18,18,18,18,18,18,18
170129,0,1,1984,0,0,0,0,0,0,0,0,0,0
170129,1,1,1984,0,0,0,0,0,0,0,0,0,0
170130,0,1,1984,11,11,11,11,11,11,11,11,11,11
170130,0,2,1984,8,8,0,23,0,15,0,0,0,0
170130,1,1,1984,16,0,13,0,32,0,4,0,0,0
170131,1,1,1984,15,14,6,16,10,17,21,25,21,22
170131,2,1,1984,22,14,15,15,5,8,23,35,14,26
170132,1,1,1984,15,0,30,17,28,7,13,8,28,0
170133,1,1,1984,0,0,0,11,9,0,32,0,0,0
170134,1,1,1984,0,0,0,0,0,0,0,0,0,0
170134,2,1,1984,0,0,0,0,0,0,0,0,0,0
170135,1,1,1984,0,9,0,0,0,0,0,0,0,0
170135,2,1,1984,0,0,0,0,0,0,0,0,0,0
170136,0,1,1984,0,0,0,0,0,0,0,0,0,0
170136,1,1,1984,0,0,0,0,0,0,0,4,0,22
170137,1,1,1984,0,0,0,0,0,0,0,0,0,0
170137,2,1,1984,0,0,0,0,0,0,0,0,0,0
170138,1,1,1984,15,15,15,15,15,15,15,15,15,15
170139,1,1,1984,15,15,15,15,15,15,15,15,15,15
170140,1,1,1984,0,0,0,0,0,0,0,0,0,0
170140,2,1,1984,0,0,0,0,0,0,0,0,0,0
170141,1,1,1984,0,0,0,0,0,0,0,0,0,0
170141,2,1,1984,0,0,0,0,0,0,0,0,0,0
170141,3,1,1984,0,0,0,0,0,0,0,0,0,0
170142,0,1,1984,35,35,35,35,35,35,35,35,35,35
170142,1,1,1984,0,0,0,0,0,0,0,13,0,0
170143,1,1,1984,0,0,0,0,0,0,0,0,0,0
170143,2,1,1984,0,0,0,0,0,0,0,0,0,0
170144,1,1,1984,13,13,13,13,13,13,13,13,13,13
170144,2,1,1984,0,0,0,0,20,0,0,0,0,0
170144,3,1,1984,0,7,0,0,0,0,0,5,15,14
170145,1,1,1984,16,16,16,16,16,16,16,16,16,16
170146,0,1,1984,0,0,0,0,0,22,0,0,0,0
170146,1,1,1984,1,0,0,0,0,0,0,0,0,0
170147,1,1,1984,0,0,0,0,0,0,0,0,0,0
170147,2,1,1984,0,0,0,0,10,10,0,0,0,0
170148,1,1,1984,0,0,0,0,0,0,0,0,0,0
170149,0,1,1984,0,0,0,0,0,0,0,0,0,0
170149,1,1,1984,0,0,0,0,9,0,0,0,0,0
170150,1,1,1984,26,26,26,26,26,26,26,26,26,26
170151,1,1,1984,20,20,20,20,20,20,20,20,20,20
170152,1,1,1984,0,0,0,0,0,0,0,0,0,0
170152,2,1,1984,0,0,0,0,0,0,0,0,0,0
170152,3,1,1984,0,0,0,0,0,18,0,13,0,0
170153,1,1,1984,0,0,0,0,0,0,0,0,0,0
170153,2,1,1984,0,0,0,0,0,0,0,0,0,0
170154,1,1,1984,30,30,30,30,30,30,30,30,30,30
170154,2,1,1984,10,0,0,13,0,0,15,6,14,20
170155,1,1,1984,0,0,0,0,0,0,0,0,15,0
170155,2,1,1984,0,13,0,0,0,13,0,0,0,0
170155,3,1,1984,0,0,0,0,0,0,0,23,0,0
170156,1,1,1984,0,0,0,0,0,0,0,0,0,0
170156,2,1,1984,0,0,0,0,0,0,0,0,0,0
170156,3,1,1984,0,0,0,0,0,0,0,0,0,0
170157,1,1,1984,30,30,30,30,30,30,30,30,30,30
170158,0,1,1984,0,0,0,0,0,0,0,0,0,0
170158,1,1,1984,0,0,0,0,0,22,0,0,0,0
170159,0,1,1984,0,0,0,0,0,0,0,0,0,0
170159,1,1,1984,0,0,0,0,0,0,0,0,0,0
170160,1,1,1984,0,0,0,0,0,0,0,0,0,0
170160,2,1,1984,0,0,0,0,0,0,0,0,0,0
170161,1,1,1984,0,0,0,0,0,0,0,0,0,0
170161,2,1,1984,0,0,0,0,0,0,14,0,0,0
170161,3,1,1984,0,0,0,0,0,0,0,0,0,0
170162,1,1,1984,0,0,0,0,0,0,0,0,0,0
170162,2,1,1984,0,0,0,0,0,0,0,0,0,0
170163,1,1,1984,0,0,0,0,0,0,0,0,0,0
170163,2,1,1984,16,5,19,22,13,17,33,22,10,20
170164,1,1,1984,0,0,0,0,0,0,0,0,0,0
170164,2,1,1984,0,0,0,0,0,0,0,0,0,0
170165,1,1,1984,27,27,27,27,27,27,27,27,27,27
170165,2,1,1984,19,18,0,23,0,0,0,5,9,18
170166,1,1,1984,17,17,17,17,17,17,17,17,17,17
170167,1,1,1984,0,0,0,0,0,0,0,0,0,0
170167,2,1,1984,0,0,0,0,0,0,0,0,0,0
170168,1,1,1984,10,10,10,10,10,10,10,10,10,10
170169,1,1,1984,31,31,31,31,31,31,31,31,31,31
170170,1,1,1984,7,7,7,7,7,7,7,7,7,7
170171,1,1,1984,0,17,0,0,0,0,0,0,0,0
170172,1,1,1984,0,0,0,0,0,0,0,0,0,0
170173,0,1,1984,0,0,0,0,0,0,0,0,0,0
170173,1,1,1984,0,0,0,0,0,0,0,0,0,0
170174,1,1,1984,0,0,0,0,0,0,0,0,0,0
170174,2,1,1984,0,0,0,0,0,0,0,0,0,0
170175,1,1,1984,27,27,27,27,27,27,27,27,27,27
170175,2,1,1984,5,5,5,5,5,5,5,5,5,5
170176,0,1,1984,26,26,26,26,26,26,26,26,26,26
170176,1,1,1984,0,0,0,0,0,0,0,0,0,0
170177,1,1,1984,33,33,33,33,33,33,33,33,33,33
170177,2,1,1984,0,0,0,3,0,0,0,0,0,0
170178,1,1,1984,12,12,12,12,12,12,12,12,12,12
170179,1,1,1984,0,0,19,0,20,8,0,0,20,0
170180,1,1,1984,3,0,0,0,0,0,10,0,0,0
170180,2,1,1984,0,0,0,0,0,0,0,0,0,0
170180,3,1,1984,0,0,0,0,0,0,0,0,0,0
170181,0,1,1984,0,0,0,0,0,0,0,0,0,0
170181,0,2,1984,7,7,7,7,7,7,7,7,7,7
170181,1,1,1984,0,11,0,13,0,0,0,0,0,0
170182,1,1,1984,20,20,20,20,20,20,20,20,20,20
170183,0,1,1984,22,22,22,22,22,22,22,22,22,22
170183,1,1,1984,0,0,0,29,0,0,0,0,0,0
170184,1,1,1984,0,4,0,0,5,0,2,10,22,0
170184,2,1,1984,0,0,0,0,0,0,0,0,0,0
170185,1,1,1984,26,26,26,26,26,26,26,26,26,26
170186,1,1,1984,0,0,0,0,0,0,0,0,0,0
170187,1,1,1984,0,0,0,0,0,0,0,0,0,0
170187,2,1,1984,0,0,14,0,0,0,0,0,0,0
170188,1,1,1984,20,20,20,20,20,20,20,20,20,20
170189,1,1,1984,0,0,0,0,0,0,0,0,0,0
170189,2,1,1984,15,10,11,12,0,0,23,0,16,0
170190,1,1,1984,0,16,0,0,0,9,0,0,0,0
170190,2,1,1984,10,0,0,4,0,0,0,0,0,0
170191,1,1,1984,0,0,0,0,0,0,0,0,0,0
170191,2,1,1984,0,0,0,0,0,0,0,0,0,0
170192,0,1,1984,22,22,22,22,22,22,22,22,22,22
170192,1,1,1984,0,0,0,0,0,0,0,0,0,0
170193,1,1,1984,18,18,18,18,18,18,18,18,18,18
170193,2,1,1984,4,4,4,4,4,4,4,4,4,4
170194,0,1,1984,0,0,0,0,0,0,0,0,0,0
170194,1,1,1984,0,0,0,0,0,0,0,0,0,0
170195,1,1,1984,0,0,0,0,0,0,0,0,0,0
170195,2,1,1984,0,0,0,0,0,0,0,0,0,0
170196,1,1,1984,0,0,0,0,0,0,0,0,0,0
170196,2,1,1984,0,0,0,0,0,0,0,0,0,0
170197,1,1,1984,25,25,25,25,25,25,25,25,25,25
170197,2,1,1984,14,0,12,0,6,5,9,0,0,12
170198,0,1,1984,0,0,0,0,0,7,0,0,0,0
170199,1,1,1984,16,16,16,16,16,16,16,16,16,16
170199,2,1,1984,0,0,0,0,0,0,0,0,0,0
170200,1,1,1984,16,16,16,16,16,16,16,16,16,16
170201,1,1,1984,25,25,25,25,25,25,25,25,25,25
170202,1,1,1984,14,14,14,14,14,14,14,14,14,14
170202,2,1,1984,0,0,0,0,0,0,0,0,0,0
170202,3,1,1984,0,0,0,0,0,0,0,0,0,0
170203,1,1,1984,18,18,18,18,18,18,18,18,18,18
170203,2,1,1984,22,22,22,22,22,22,22,22,22,22
170204,0,1,1984,23,23,23,23,23,23,23,23,23,23
170204,1,1,1984,11,20,3,7,18,17,17,20,6,15
170205,1,1,1984,31,31,31,31,31,31,31,31,31,31
170206,0,1,1984,0,0,0,0,0,0,0,0,0,0
170206,0,2,1984,4,18,21,13,18,26,16,0,35,0
170206,0,3,1984,0,0,0,0,10,12,0,0,23,0
170206,0,4,1984,13,0,30,19,16,0,26,15,23,17
170206,0,5,1984,10,16,0,36,19,15,23,0,19,14
170206,1,1,1984,0,0,0,0,0,0,0,0,0,0
170208,1,1,1984,0,16,21,0,6,21,25,23,13,28
170209,0,1,1984,9,9,9,9,9,9,9,9,9,9
170209,1,1,1984,20,20,20,20,20,20,20,20,20,20
170210,1,1,1984,13,4,0,18,12,12,0,7,0,23
170212,1,1,1984,0,0,0,0,0,0,0,0,0,0
170213,1,1,1984,17,17,17,17,17,17,17,17,17,17
170214,1,1,1984,0,0,0,0,0,0,0,0,0,0
170214,2,1,1984,0,0,0,0,0,0,0,11,0,0
170214,3,1,1984,0,0,0,0,0,15,0,0,0,14
170215,0,1,1984,0,36,17,0,32,19,0,0,0,0
170216,1,1,1984,30,30,30,30,30,30,30,30,30,30
170216,2,1,1984,0,0,11,0,0,0,0,0,0,0
170216,3,1,1984,0,0,0,0,0,0,0,0,0,0
170217,1,1,1984,0,0,0,0,0,0,0,0,0,0
170218,1,1,1984,12,12,12,12,12,12,12,12,12,12
170219,1,1,1984,4,4,4,4,4,4,4,4,4,4
170220,1,1,1984,21,21,21,21,21,21,21,21,21,21
170221,1,1,1984,17,25,24,12,22,14,15,7,11,7
170222,1,1,1984,0,0,0,0,0,0,0,0,0,0
170222,2,1,1984,0,0,0,0,0,0,0,0,0,0
170223,1,1,1984,0,0,0,0,0,25,0,0,0,0
170223,2,1,1984,0,0,0,0,0,0,0,0,0,0
170224,1,1,1984,0,0,0,0,0,0,0,0,0,0
170224,2,1,1984,0,0,0,0,0,0,0,0,0,0
170225,1,1,1984,0,0,0,0,0,0,0,0,0,0
170226,0,1,1984,33,33,33,33,33,33,33,33,33,33
170226,1,1,1984,0,0,0,0,0,0,0,0,0,17
170227,0,1,1984,0,0,0,0,0,0,0,0,0,0
170227,1,1,1984,0,0,0,0,0,0,0,0,0,0
170228,1,1,1984,17,17,17,17,17,17,17,17,17,17
170229,0,1,1984,31,31,31,31,31,31,31,31,31,31
170229,1,1,1984,24,0,0,0,0,0,23,0,0,0
170230,1,1,1984,0,16,0,0,15,0,0,0,0,0
170230,2,1,1984,0,0,0,0,0,0,0,0,0,0
170231,1,1,1984,18,18,18,18,18,18,18,18,18,18
170232,1,1,1984,9,0,0,0,20,0,0,0,0,0
170233,1,1,1984,6,6,6,6,6,6,6,6,6,6
170233,2,1,1984,0,0,8,0,0,4,0,0,0,11
170234,1,1,1984,32,32,32,32,32,32,32,32,32,32
170235,1,1,1984,14,14,14,14,14,14,14,14,14,14
170235,2,1,1984,0,0,0,0,15,0,0,0,0,0
170236,1,1,1984,0,0,0,0,15,0,0,0,0,8
170237,1,1,1984,19,19,19,19,19,19,19,19,19,19
170238,1,1,1984,10,10,10,10,10,10,10,10,10,10
170238,2,1,1984,0,0,0,0,0,0,0,0,0,0
170240,0,1,1984,26,26,26,26,26,26,26,26,26,26
170240,1,1,1984,7,0,0,11,0,0,0,0,0,0
170241,1,1,1984,20,20,20,20,20,20,20,20,20,20
170241,2,1,1984,0,0,4,0,0,0,0,0,0,0
170242,1,1,1984,16,13,9,17,20,7,0,0,21,15
170243,1,1,1984,0,0,0,0,0,0,0,0,0,0
170243,2,1,1984,19,19,19,19,19,19,19,19,19,19
170244,1,1,1984,17,17,17,17,17,17,17,17,17,17
170244,2,1,1984,6,6,6,6,6,6,6,6,6,6
170245,1,1,1984,12,12,12,12,12,12,12,12,12,12
170246,1,1,1984,0,0,0,0,0,0,0,0,0,0
170246,2,1,1984,0,0,0,0,0,13,0,0,0,0
170248,0,1,1984,1,1,1,1,1,1,1,1,1,1
170248,0,2,1984,0,0,0,0,0,0,0,0,0,0
170248,0,3,1984,0,31,0,1,9,17,0,0,0,13
170248,1,1,1984,0,8,32,20,0,0,0,0,0,0
170249,1,1,1984,29,29,29,29,29,29,29,29,29,29
170250,1,1,1984,25,16,31,20,18,0,28,11,17,0
170251,1,1,1984,0,0,0,0,0,0,0,0,10,0
170252,1,1,1984,24,0,36,0,20,25,13,7,8,15
170253,1,1,1984,0,17,9,0,0,0,0,0,0,11
170253,2,1,1984,0,0,0,0,0,0,0,0,0,0
170254,1,1,1984,5,20,9,20,13,25,22,11,10,20
170255,1,1,1984,14,14,14,14,14,14,14,14,14,14
170255,2,1,1984,14,14,14,14,14,14,14,14,14,14
170256,1,1,1984,0,0,0,0,0,0,0,0,0,0
170256,2,1,1984,0,0,0,0,0,0,0,0,0,0
170257,1,1,1984,7,7,7,7,7,7,7,7,7,7
170257,2,1,1984,0,0,0,0,0,0,0,0,0,0
170258,0,1,1984,0,0,0,0,0,0,0,0,0,0
170258,1,1,1984,0,0,0,0,0,0,0,0,0,0
170259,1,1,1984,15,15,15,15,15,15,15,15,15,15
170259,2,1,1984,0,0,0,0,0,0,0,0,0,0
170260,0,1,1984,0,0,0,0,0,0,0,0,0,0
170260,1,1,1984,18,26,0,0,0,20,0,13,0,10
170261,0,1,1984,0,0,0,0,0,0,0,0,0,0
170261,0,2,1984,0,0,0,0,0,25,14,0,0,0
170261,0,3,1984,0,13,0,22,0,8,0,7,0,0
170261,1,1,1984,14,30,19,18,21,41,12,8,11,15
170262,1,1,1984,20,20,20,20,20,20,20,20,20,20
170263,1,1,1984,18,18,18,18,18,18,18,18,18,18
170264,1,1,1984,0,0,0,0,0,24,0,0,0,0
170264,2,1,1984,0,0,0,0,0,0,0,0,0,0
170264,3,1,1984,0,0,0,0,0,0,0,0,16,0
170265,0,1,1984,0,0,0,0,14,0,0,0,0,0
170265,1,1,1984,0,0,23,0,0,0,0,0,0,0
170266,1,1,1984,7,7,7,7,7,7,7,7,7,7
170267,1,1,1984,11,21,19,11,4,6,8,7,18,8
170267,2,1,1984,0,0,0,0,0,0,0,0,0,0
170268,0,1,1984,0,0,0,0,0,0,0,0,0,0
170268,1,1,1984,0,0,0,0,0,21,25,0,0,0
170269,1,1,1984,0,0,7,26,0,0,0,17,15,0
170270,0,1,1984,24,13,27,10,18,17,0,27,33,27
170270,1,1,1984,0,0,0,0,13,17,8,0,0,19
170271,1,1,1984,0,0,0,0,0,0,0,0,0,0
170272,1,1,1984,32,32,32,32,32,32,32,32,32,32
170273,1,1,1984,16,16,16,16,16,16,16,16,16,16
170273,2,1,1984,0,0,0,0,0,0,0,0,0,15
170274,0,1,1984,0,0,0,0,0,0,0,0,0,0
170274,1,1,1984,0,0,0,0,0,0,0,0,0,0
170275,1,1,1984,12,12,12,12,12,12,12,12,12,12
170275,2,1,1984,0,0,0,0,0,0,0,0,0,0
170275,3,1,1984,0,0,0,0,0,0,0,0,0,0
170276,1,1,1984,31,31,31,31,31,31,31,31,31,31
170277,0,1,1984,0,0,0,0,0,0,0,0,0,0
170277,1,1,1984,11,0,0,0,9,20,3,0,0,8
170278,1,1,1984,26,26,26,26,26,26,26,26,26,26
170279,0,1,1984,0,0,0,0,0,0,0,0,0,0
170279,1,1,1984,0,0,0,0,17,10,0,0,0,0
170280,1,1,1984,14,14,14,14,14,14,14,14,14,14
170281,1,1,1984,0,0,0,0,0,0,0,11,0,0
170281,2,1,1984,0,0,0,0,0,0,0,0,0,0
170282,1,1,1984,31,31,31,31,31,31,31,31,31,31
170282,2,1,1984,0,0,0,16,0,0,0,0,0,14
170282,3,1,1984,0,27,0,9,0,0,0,0,0,0
170283,1,1,1984,0,0,0,0,0,0,0,0,0,0
170283,2,1,1984,0,0,0,0,0,0,0,0,0,0
170284,1,1,1984,0,0,0,0,0,0,0,0,0,0
170284,2,1,1984,0,24,0,0,0,0,0,9,0,20
170285,1,1,1984,23,23,23,23,23,23,23,23,23,23
170286,1,1,1984,0,0,0,0,0,0,0,0,0,0
170286,2,1,1984,0,0,0,0,0,0,0,0,0,0
170287,0,1,1984,0,0,0,0,0,0,0,0,0,0
170287,0,2,1984,34,23,11,0,6,16,0,0,14,7
170287,1,1,1984,0,3,18,0,0,22,0,0,0,0
170288,1,1,1984,20,20,20,20,20,20,20,20,20,20
170288,2,1,1984,0,12,0,0,0,0,11,12,13,0
170289,1,1,1984,0,0,0,0,0,0,0,0,0,0
170290,1,1,1984,0,0,0,0,0,0,0,0,0,0
170290,2,1,1984,14,0,0,0,0,0,0,0,0,0
170291,1,1,1984,38,26,7,15,8,2,12,13,5,11
170291,2,1,1984,14,14,14,14,14,14,14,14,14,14
170292,1,1,1984,0,0,0,0,0,0,0,0,0,0
170293,1,1,1984,15,15,15,15,15,15,15,15,15,15
170294,1,1,1984,0,0,0,0,0,0,0,0,0,0
170294,2,1,1984,0,0,0,0,0,0,0,0,0,0
170295,0,1,1984,29,29,29,29,29,29,29,29,29,29
170295,1,1,1984,0,0,0,0,0,0,12,7,0,12
170296,1,1,1984,9,9,9,9,9,9,9,9,9,9
170296,2,1,1984,16,16,16,16,16,16,16,16,16,16
170297,1,1,1984,19,19,19,19,19,19,19,19,19,19
170298,1,1,1984,0,0,0,0,0,0,0,0,0,0
170299,1,1,1984,0,0,0,0,0,0,0,0,0,0
170299,2,1,1984,0,0,0,0,0,0,0,0,0,0
170300,1,1,1984,28,28,28,28,28,28,28,28,28,28
170301,0,1,1984,0,0,0,0,0,0,0,0,0,0
170301,1,1,1984,0,0,0,0,0,0,0,0,0,0
170302,1,1,1984,19,19,19,19,19,19,19,19,19,19
170303,1,1,1984,0,0,0,0,0,0,0,0,0,0
170303,2,1,1984,0,0,0,0,0,0,0,1,0,0
170304,1,1,1984,0,0,0,0,0,0,0,0,0,0
170304,2,1,1984,0,0,0,0,0,0,0,0,0,0
170305,1,1,1984,15,15,15,15,15,15,15,15,15,15
170306,1,1,1984,30,30,30,30,30,30,30,30,30,30
170306,2,1,1984,0,0,0,0,0,0,0,0,0,0
170307,1,1,1984,0,0,0,0,0,0,0,0,0,0
170307,2,1,1984,0,0,0,0,0,0,0,0,0,0
170308,1,1,1984,19,19,19,19,19,19,19,19,19,19
170308,2,1,1984,0,0,14,0,0,0,0,0,0,0
170308,3,1,1984,0,0,0,0,7,16,0,11,0,0
170309,1,1,1984,19,19,19,19,19,19,19,19,19,19
170310,1,1,1984,0,0,0,0,0,0,0,0,0,0
170311,0,1,1984,0,0,0,0,0,0,0,0,0,0
170311,1,1,1984,0,0,0,0,0,0,0,0,0,0
170312,0,1,1984,12,25,20,24,44,32,0,36,27,27
170312,1,1,1984,0,0,13,0,0,0,0,0,0,0
170313,1,1,1984,24,24,24,24,24,24,24,24,24,24
170314,1,1,1984,0,0,0,0,0,0,0,0,0,0
170315,1,1,1984,12,0,29,0,0,0,0,0,38,19
170315,2,1,1984,0,0,0,0,0,0,0,0,0,0
170316,0,1,1984,0,0,0,0,0,6,6,0,0,0
170316,1,1,1984,0,0,0,0,0,0,0,0,0,0
170317,1,1,1984,12,30,13,22,3,22,0,10,15,0
170317,2,1,1984,0,0,0,0,0,0,0,0,0,0
170318,1,1,1984,0,0,0,0,0,0,0,0,0,0
170318,2,1,1984,0,0,0,0,0,0,0,0,0,0
170319,1,1,1984,0,0,0,0,0,0,0,0,0,0
170320,1,1,1984,0,0,0,0,0,0,0,0,0,0
170321,1,1,1984,0,0,0,0,0,0,0,0,0,0
170322,1,1,1984,0,0,0,0,0,0,0,0,0,0
170323,0,1,1984,0,0,26,0,0,0,19,0,16,19
170323,1,1,1984,11,0,0,0,0,0,0,0,0,0
170324,1,1,1984,0,0,0,0,0,0,0,0,0,0
170324,2,1,1984,0,16,0,0,0,0,0,25,0,0
170325,1,1,1984,24,24,24,24,24,24,24,24,24,24
170325,2,1,1984,0,0,0,0,0,0,0,0,0,0
170326,0,1,1984,21,23,19,8,30,16,12,17,21,9
170326,1,1,1984,0,0,0,0,0,0,0,14,0,0
170327,0,1,1984,0,0,0,0,0,0,0,0,0,0
170327,1,1,1984,0,31,0,0,22,0,9,0,0,0
170328,1,1,1984,0,0,0,0,0,0,0,0,0,0
170329,1,1,1984,9,9,9,9,9,9,9,9,9,9
170330,1,1,1984,0,0,0,0,0,0,0,0,0,0
170330,2,1,1984,0,0,0,0,0,0,0,0,0,0
170331,1,1,1984,7,7,7,7,7,7,7,7,7,7
170332,1,1,1984,5,5,5,5,5,5,5,5,5,5
170332,2,1,1984,0,0,6,0,12,13,4,0,12,0
170333,1,1,1984,16,16,16,16,16,16,16,16,16,16
170333,2,1,1984,0,0,0,12,0,0,0,0,0,4
170334,1,1,1984,18,12,4,19,8,13,11,13,31,23
170335,1,1,1984,12,12,12,12,12,12,12,12,12,12
170335,2,1,1984,30,0,0,0,0,0,0,0,0,0
170336,1,1,1984,13,13,13,13,13,13,13,13,13,13
170337,1,1,1984,16,11,0,5,5,22,18,17,14,11
170337,2,1,1984,0,0,0,0,0,0,0,0,12,0
170337,3,1,1984,0,0,0,0,0,0,0,0,0,0
170338,0,1,1984,0,0,0,0,0,0,0,0,0,0
170338,1,1,1984,0,0,0,0,0,0,0,0,0,0
170339,0,1,1984,0,0,0,0,0,0,0,0,0,0
170339,1,1,1984,0,0,0,0,0,0,0,0,0,0
170340,1,1,1984,0,0,0,0,0,0,0,0,0,0
170341,1,1,1984,15,15,15,15,15,15,15,15,15,15
170342,0,1,1984,0,0,9,0,0,16,0,0,0,0
170343,1,1,1984,0,18,19,16,13,38,16,11,17,16
170344,0,1,1984,0,0,0,0,0,0,0,0,0,0
170344,1,1,1984,0,0,0,0,0,0,0,0,0,0
170345,0,1,1984,0,0,0,0,0,0,0,0,0,0
170345,1,1,1984,0,0,0,0,0,23,0,0,0,0
170346,1,1,1984,38,38,38,38,38,38,38,38,38,38
170346,2,1,1984,0,0,0,0,0,0,0,0,0,0
170347,1,1,1984,10,19,0,24,8,14,0,0,19,17
170348,1,1,1984,0,0,0,0,0,0,0,0,0,0
170348,2,1,1984,0,0,0,0,0,0,0,0,0,0
170349,1,1,1984,0,0,0,0,0,0,0,0,0,0
170349,2,1,1984,0,0,0,0,0,0,0,0,0,0
170350,1,1,1984,0,0,0,0,0,0,0,0,0,0
170350,2,1,1984,0,0,0,0,0,0,0,0,0,0
170351,0,1,1984,0,0,0,0,0,0,0,0,0,0
170351,1,1,1984,0,0,0,0,0,0,0,0,0,0
170352,0,1,1984,0,0,0,0,0,0,0,0,0,0
170352,1,1,1984,0,0,0,0,0,0,0,0,0,0
170353,1,1,1984,0,0,0,0,0,0,0,0,0,0
170353,2,1,1984,0,0,0,0,0,0,0,0,0,0
170354,1,1,1984,28,28,28,28,28,28,28,28,28,28
170355,1,1,1984,0,0,0,0,0,0,0,0,0,0
170355,2,1,1984,0,0,0,0,0,0,0,0,0,0
170356,1,1,1984,15,15,15,15,15,15,15,15,15,15
170357,1,1,1984,24,24,24,24,24,24,24,24,24,24
170358,1,1,1984,32,32,32,32,32,32,32,32,32,32
170359,1,1,1984,21,21,21,21,21,21,21,21,21,21
170360,1,1,1984,0,0,0,0,0,0,0,0,0,0
170360,2,1,1984,0,0,0,0,0,0,0,0,0,0
170360,3,1,1984,0,0,0,0,0,0,0,0,0,0
170361,1,1,1984,1,1,1,1,1,1,1,1,1,1
170361,2,1,1984,0,0,0,0,0,5,0,0,0,0
170362,1,1,1984,26,26,26,26,26,26,26,26,26,26
170363,1,1,1984,13,13,13,13,13,13,13,13,13,13
170364,1,1,1984,26,26,26,26,26,26,26,26,26,26
170365,1,1,1984,20,20,20,20,20,20,20,20,20,20
170366,1,1,1984,8,17,13,15,4,12,2,0,2,14
170367,1,1,1984,0,0,0,0,0,0,0,0,0,0
170368,1,1,1984,0,0,0,0,0,0,0,0,0,0
170368,2,1,1984,0,20,0,0,0,0,0,0,0,0
170369,1,1,1984,15,15,15,15,15,15,15,15,15,15
170370,0,1,1984,0,0,0,0,0,0,0,0,0,0
170370,1,1,1984,0,0,0,0,0,0,0,0,0,0
170371,1,1,1984,0,0,0,25,0,0,0,13,0,0
170372,1,1,1984,10,16,23,18,33,20,0,13,25,28
170373,1,1,1984,18,18,18,18,18,18,18,18,18,18
170373,2,1,1984,0,0,0,5,0,12,0,6,0,8
170374,1,1,1984,13,12,20,11,25,7,11,25,14,30
170374,2,1,1984,0,0,0,0,0,0,0,21,0,0
170375,1,1,1984,11,15,7,14,13,24,5,16,12,27
170376,0,1,1984,16,16,16,16,16,16,16,16,16,16
170376,1,1,1984,13,0,14,10,20,0,0,0,15,0
170377,0,1,1984,0,0,0,0,0,0,0,0,0,0
170377,1,1,1984,0,0,0,0,0,0,0,0,0,0
170378,0,1,1984,0,0,0,0,0,0,0,0,0,0
170378,1,1,1984,0,0,0,0,0,0,0,0,0,0
170379,1,1,1984,0,0,0,0,0,0,0,0,0,0
170379,2,1,1984,0,0,0,0,0,0,0,0,0,0
170380,1,1,1984,29,29,29,29,29,29,29,29,29,29
170380,2,1,1984,0,26,0,0,0,8,0,0,0,0
170381,1,1,1984,0,0,0,0,0,0,0,0,0,0
170382,0,1,1984,11,10,0,12,33,23,12,0,4,17
170382,0,2,1984,0,0,0,0,0,0,0,0,0,0
170382,1,1,1984,0,0,0,0,0,0,0,0,0,26
170383,1,1,1984,7,7,7,7,7,7,7,7,7,7
170384,1,1,1984,10,10,10,10,10,10,10,10,10,10
170384,2,1,1984,0,0,0,0,0,0,0,0,0,0
170385,1,1,1984,28,28,28,28,28,28,28,28,28,28
170386,1,1,1984,14,14,14,14,14,14,14,14,14,14
170387,1,1,1984,0,0,0,0,0,0,0,0,0,0
170388,1,1,1984,9,9,9,9,9,9,9,9,9,9
170389,1,1,1984,17,17,17,17,17,17,17,17,17,17
170390,1,1,1984,29,29,29,29,29,29,29,29,29,29
170391,1,1,1984,15,15,15,15,15,15,15,15,15,15
170391,2,1,1984,0,0,0,0,0,13,0,0,0,0
170392,1,1,1984,24,24,24,24,24,24,24,24,24,24
170392,2,1,1984,17,4,7,17,17,0,0,16,11,0
170393,1,1,1984,20,20,20,20,20,20,20,20,20,20
170394,0,1,1984,24,24,24,24,24,24,24,24,24,24
170394,1,1,1984,0,21,0,0,0,0,0,0,0,0
170395,1,1,1984,25,25,25,25,25,25,25,25,25,25
170396,1,1,1984,0,1,0,0,0,0,0,0,0,0
170396,2,1,1984,0,0,0,0,0,0,0,0,0,0
170397,0,1,1984,0,0,0,0,0,0,0,0,0,0
170397,1,1,1984,25,13,10,16,11,23,11,15,10,25
170398,1,1,1984,26,26,26,26,26,26,26,26,26,26
170399,1,1,1984,22,22,22,22,22,22,22,22,22,22