ST_CASE,VEH_NO,PER_NO,YEAR,P1,P2,P3,P4,P5,P6,P7,P8,P9,P10
170667,1,1,1984,10,10,10,10,10,10,10,10,10,10
170668,1,1,1984,23,20,26,0,12,2,12,0,0,10
170669,1,1,1984,21,21,21,21,21,21,21,21,21,21
170669,2,1,1984,0,0,0,0,0,0,0,0,0,0
170670,1,1,1984,25,25,25,25,25,25,25,25,25,25
170671,1,1,1984,18,18,18,18,18,18,18,18,18,18
170672,1,1,1984,0,0,0,0,0,0,0,0,0,0
170672,2,1,1984,0,0,0,0,0,0,0,0,0,0
170673,1,1,1984,8,8,8,8,8,8,8,8,8,8
170674,1,1,1984,0,0,0,0,0,0,0,0,0,0
170675,0,1,1984,0,0,0,0,0,0,0,0,0,0
170675,1,1,1984,0,0,0,0,0,0,0,0,0,0
170676,1,1,1984,2,2,2,2,2,2,2,2,2,2
170676,2,1,1984,18,0,0,0,0,0,0,0,11,0
170677,1,1,1984,25,25,25,25,25,25,25,25,25,25
170678,0,1,1984,8,8,8,8,8,8,8,8,8,8
170679,1,1,1984,12,11,0,0,15,13,10,8,0,21
170679,2,1,1984,0,0,0,0,0,0,0,0,28,0
170680,1,1,1984,24,24,24,24,24,24,24,24,24,24
170681,1,1,1984,38,38,38,38,38,38,38,38,38,38
170681,2,1,1984,0,0,0,0,0,0,0,0,0,0
170681,3,1,1984,0,0,17,0,0,0,0,0,23,0
170681,4,1,1984,0,0,0,0,0,0,0,0,0,0
170682,1,1,1984,0,0,0,0,0,0,0,0,34,0
170683,1,1,1984,0,0,0,0,0,0,0,0,0,0
170683,2,1,1984,0,0,0,0,0,0,0,0,0,0
170684,0,1,1984,0,0,14,19,19,25,0,0,0,0
170684,1,1,1984,0,0,0,0,0,0,0,0,0,0
170685,0,1,1984,0,0,0,0,0,0,0,0,0,0
170685,1,1,1984,0,0,0,0,0,0,0,0,0,0
170686,1,1,1984,0,16,0,0,0,0,0,0,0,0
170687,1,1,1984,0,0,0,0,0,0,0,0,0,0
170688,1,1,1984,0,0,0,0,0,0,0,0,0,0
170688,2,1,1984,0,0,0,0,0,0,0,0,0,0
170689,1,1,1984,0,0,0,25,13,12,0,10,16,25
170690,1,1,1984,0,0,0,0,0,0,0,0,0,0
170690,2,1,1984,5,19,23,18,0,0,0,8,0,0
170691,1,1,1984,0,0,22,0,0,0,0,0,0,0
170692,1,1,1984,0,0,0,0,18,0,0,0,8,0
170693,1,1,1984,24,24,24,24,24,24,24,24,24,24
170694,1,1,1984,0,0,0,0,0,0,0,0,0,0
170694,2,1,1984,0,0,0,0,0,0,6,20,0,0
170694,3,1,1984,0,0,12,0,0,0,0,0,0,0
170694,4,1,1984,0,0,0,0,0,0,0,0,0,0
170695,0,1,1984,11,10,0,0,0,0,0,19,0,0
170695,1,1,1984,2,0,0,0,8,0,0,0,0,0
170696,0,1,1984,0,0,0,0,0,0,0,0,0,0
170696,1,1,1984,22,0,0,12,8,0,21,0,25,19
170697,1,1,1984,0,0,0,0,0,0,0,0,0,0
170698,1,1,1984,0,0,0,0,0,0,0,0,0,0
170699,1,1,1984,12,12,12,12,12,12,12,12,12,12
170700,1,1,1984,0,0,0,0,0,0,0,0,0,0
170701,1,1,1984,25,25,25,25,25,25,25,25,25,25
170702,0,1,1984,0,0,0,0,0,0,0,0,0,0
170702,1,1,1984,5,0,14,9,0,0,0,0,0,0
170703,1,1,1984,0,0,0,0,0,0,0,0,0,0
170704,0,1,1984,0,20,0,13,14,0,7,0,7,0
170704,1,1,1984,0,12,0,6,0,0,29,18,25,16
170705,1,1,1984,3,3,3,3,3,3,3,3,3,3
170706,0,1,1984,0,0,0,0,0,0,0,0,0,0
170706,0,2,1984,0,13,0,11,0,21,0,0,0,0
170706,1,1,1984,15,18,11,7,26,12,11,10,14,17
170707,0,1,1984,15,15,15,15,15,15,15,15,15,15
170707,1,1,1984,10,15,9,4,0,11,0,0,0,0
170708,1,1,1984,23,23,23,23,23,23,23,23,23,23
170708,2,1,1984,0,0,0,0,0,0,0,0,0,7
170708,3,1,1984,0,0,0,0,0,0,0,0,0,0
170708,4,1,1984,0,0,0,0,0,0,0,0,0,0
170708,5,1,1984,0,0,0,0,0,0,0,0,0,0
170709,1,1,1984,19,19,19,19,19,19,19,19,19,19
170710,1,1,1984,0,0,0,0,0,0,0,0,0,0
170710,2,1,1984,0,13,0,0,0,0,0,0,0,0
170711,1,1,1984,13,13,13,13,13,13,13,13,13,13
170711,2,1,1984,0,0,0,0,0,0,0,0,0,0
170712,1,1,1984,0,0,0,0,0,0,18,0,0,0
170712,2,1,1984,19,19,19,19,19,19,19,19,19,19
170713,1,1,1984,0,0,0,14,0,0,0,0,0,0
170713,2,1,1984,0,0,0,0,0,0,0,0,0,0
170714,1,1,1984,11,25,22,15,17,14,15,23,13,12
170715,1,1,1984,21,21,21,21,21,21,21,21,21,21
170716,1,1,1984,14,14,14,14,14,14,14,14,14,14
170717,1,1,1984,26,26,26,26,26,26,26,26,26,26
170717,2,1,1984,0,0,0,0,0,0,0,0,0,0
170718,1,1,1984,0,0,0,0,0,0,0,0,0,0
170719,1,1,1984,24,0,19,20,13,0,14,8,11,15
170720,1,1,1984,24,24,24,24,24,24,24,24,24,24
170721,1,1,1984,0,0,0,0,0,0,0,0,0,0
170722,1,1,1984,0,0,0,0,0,0,0,0,0,0
170722,2,1,1984,0,0,0,0,0,0,0,0,0,0
170722,3,1,1984,0,0,0,0,0,0,0,0,0,21
170723,1,1,1984,0,3,0,0,22,4,21,21,10,0
170724,1,1,1984,0,0,0,0,0,0,0,0,0,34
170724,2,1,1984,0,0,0,0,0,0,0,0,0,0
170725,1,1,1984,17,17,17,17,17,17,17,17,17,17
170726,0,1,1984,0,0,0,0,0,0,0,0,0,0
170726,1,1,1984,0,9,0,0,0,0,0,0,0,0
170727,1,1,1984,0,8,14,29,27,0,0,13,4,14
170728,1,1,1984,0,0,0,0,0,0,0,0,0,0
170730,1,1,1984,11,11,11,11,11,11,11,11,11,11
170730,2,1,1984,0,0,0,0,0,0,0,0,0,0
170730,3,1,1984,0,0,0,0,0,0,0,0,0,0
170731,1,1,1984,0,0,0,0,0,18,0,0,0,0
170731,2,1,1984,7,7,7,7,7,7,7,7,7,7
170732,0,1,1984,0,0,0,0,0,0,0,0,0,0
170732,0,2,1984,33,33,33,33,33,33,33,33,33,33
170732,1,1,1984,18,0,0,0,0,0,8,0,16,14
170733,1,1,1984,19,19,19,19,19,19,19,19,19,19
170734,1,1,1984,4,4,4,4,4,4,4,4,4,4
170735,1,1,1984,22,22,22,22,22,22,22,22,22,22
170735,2,1,1984,0,0,0,0,0,0,0,0,0,0
170736,1,1,1984,12,12,12,12,12,12,12,12,12,12
170737,1,1,1984,10,0,0,0,0,21,13,48,8,0
170737,2,1,1984,20,20,20,20,20,20,20,20,20,20
170738,0,1,1984,0,0,0,0,0,0,0,0,0,0
170738,1,1,1984,7,0,0,0,0,0,0,0,0,0
170739,1,1,1984,37,37,37,37,37,37,37,37,37,37
170739,2,1,1984,0,0,0,0,0,0,0,0,0,0
170739,3,1,1984,0,0,0,0,0,0,0,0,0,0
170740,1,1,1984,9,9,9,9,9,9,9,9,9,9
170741,1,1,1984,14,14,14,14,14,14,14,14,14,14
170741,2,1,1984,17,14,13,8,13,10,0,23,0,8
170742,0,1,1984,13,13,13,13,13,13,13,13,13,13
170742,1,1,1984,18,13,0,32,0,11,0,11,0,0
170743,1,1,1984,13,24,16,28,9,0,9,13,7,0
170743,2,1,1984,10,0,0,0,0,0,24,0,21,0
170744,1,1,1984,31,31,31,31,31,31,31,31,31,31
170745,1,1,1984,0,0,0,0,0,0,0,0,0,0
170745,2,1,1984,0,0,0,0,0,0,0,14,0,0
170746,1,1,1984,26,26,26,26,26,26,26,26,26,26
170747,1,1,1984,22,22,22,22,22,22,22,22,22,22
170748,1,1,1984,16,16,16,16,16,16,16,16,16,16
170749,0,1,1984,30,15,0,15,0,24,13,29,26,0
170749,1,1,1984,13,0,6,36,8,18,12,20,22,9
170750,0,1,1984,0,20,0,0,0,0,0,9,0,0
170750,1,1,1984,0,0,0,0,0,0,0,0,0,0
170751,1,1,1984,0,11,0,19,0,0,0,4,0,0
170751,2,1,1984,0,5,0,8,0,5,0,0,0,0
170752,0,1,1984,0,22,0,0,0,11,0,0,0,0
170752,1,1,1984,0,0,0,0,0,0,0,0,0,0
170753,1,1,1984,0,0,0,0,0,0,0,0,0,0
170754,1,1,1984,5,5,5,5,5,5,5,5,5,5
170755,1,1,1984,2,0,0,0,15,0,0,0,0,7
170755,2,1,1984,32,32,32,32,32,32,32,32,32,32
170756,0,1,1984,0,20,0,30,37,6,28,17,26,20
170756,1,1,1984,0,0,14,1,0,0,0,0,20,0
170757,1,1,1984,26,26,26,26,26,26,26,26,26,26
170758,1,1,1984,5,5,5,5,5,5,5,5,5,5
170758,2,1,1984,17,17,17,17,17,17,17,17,17,17
170759,1,1,1984,6,8,0,6,15,6,14,7,3,18
170760,1,1,1984,0,16,0,16,0,0,0,0,0,0
170762,0,1,1984,13,13,13,13,13,13,13,13,13,13
170762,1,1,1984,0,0,0,8,0,0,0,0,0,0
170762,2,1,1984,0,0,10,0,0,7,23,0,11,26
170763,1,1,1984,12,12,12,12,12,12,12,12,12,12
170763,2,1,1984,0,0,0,0,0,0,0,0,0,0
170764,0,1,1984,0,0,0,0,0,0,0,0,0,0
170764,1,1,1984,14,16,9,15,22,16,5,17,12,13
170765,1,1,1984,0,0,0,0,0,0,0,0,0,0
170766,0,1,1984,0,0,0,0,0,0,0,0,0,0
170766,1,1,1984,0,0,0,0,38,0,0,0,0,0
170767,1,1,1984,12,0,0,0,0,0,0,0,0,0
170768,1,1,1984,6,6,6,6,6,6,6,6,6,6
170768,2,1,1984,13,13,13,13,13,13,13,13,13,13
170769,0,1,1984,1,1,1,1,1,1,1,1,1,1
170769,0,2,1984,11,23,0,0,27,18,9,4,0,0
170769,0,3,1984,17,0,0,0,17,18,0,0,0,0
170769,1,1,1984,13,0,15,0,10,0,15,0,0,15
170770,1,1,1984,0,0,0,0,0,0,0,0,0,0
170770,2,1,1984,0,0,0,0,0,0,0,0,0,0
170771,1,1,1984,0,0,0,0,0,0,0,0,0,0
170772,0,1,1984,0,0,0,0,0,0,0,0,0,0
170772,0,2,1984,0,8,9,0,0,5,0,45,21,0
170772,1,1,1984,0,8,0,0,0,21,0,0,13,21
170773,1,1,1984,0,0,0,0,0,0,0,0,0,0
170773,2,1,1984,0,0,0,0,7,0,0,0,0,0
170774,1,1,1984,17,32,21,34,12,17,32,0,25,17
170775,0,1,1984,10,10,0,23,0,0,0,0,0,0
170775,1,1,1984,0,0,0,0,0,0,0,0,16,0
170776,1,1,1984,26,26,26,26,26,26,26,26,26,26
170776,2,1,1984,0,0,30,0,0,20,0,0,0,0
170776,3,1,1984,4,4,4,4,4,4,4,4,4,4
170777,1,1,1984,25,25,25,25,25,25,25,25,25,25
170778,1,1,1984,0,0,0,0,0,0,0,0,0,0
170778,2,1,1984,24,24,24,24,24,24,24,24,24,24
170779,1,1,1984,26,26,26,26,26,26,26,26,26,26
170779,2,1,1984,0,0,0,14,0,0,0,0,0,0
170780,0,1,1984,0,0,0,0,0,0,0,0,0,0
170780,1,1,1984,0,0,0,0,0,0,0,0,0,0
170781,1,1,1984,0,0,0,0,0,0,0,0,0,0
170781,2,1,1984,0,0,0,0,0,0,0,0,0,0
170782,1,1,1984,0,0,0,0,0,0,0,0,0,0
170783,1,1,1984,14,0,0,0,0,8,0,15,0,0
170783,2,1,1984,3,3,3,3,3,3,3,3,3,3
170783,3,1,1984,0,0,0,0,0,0,0,0,0,0
170784,1,1,1984,23,23,23,23,23,23,23,23,23,23
170785,1,1,1984,1,1,1,1,1,1,1,1,1,1
170786,1,1,1984,0,7,0,11,0,0,0,0,0,0
170786,2,1,1984,9,0,25,23,20,0,0,0,0,19
170787,1,1,1984,3,3,3,3,3,3,3,3,3,3
170787,2,1,1984,0,0,7,0,0,0,2,0,0,0
170788,1,1,1984,0,0,0,0,9,0,0,0,0,0
170788,2,1,1984,9,9,9,9,9,9,9,9,9,9
170789,1,1,1984,0,0,0,0,0,0,0,0,0,0
170790,1,1,1984,0,0,0,0,0,0,0,0,0,0
170790,2,1,1984,6,6,6,6,6,6,6,6,6,6
170790,3,1,1984,0,0,8,0,9,0,12,0,0,0
170791,0,1,1984,0,0,0,0,0,0,0,0,0,0
170791,0,2,1984,0,0,0,0,0,0,0,0,0,0
170791,1,1,1984,0,0,0,0,0,0,0,0,0,0
170792,1,1,1984,0,0,0,0,0,0,0,0,0,0
170792,2,1,1984,10,0,0,0,0,0,0,0,0,0
170793,0,1,1984,9,34,10,31,17,0,0,15,8,0
170793,1,1,1984,8,0,0,0,0,0,0,0,0,0
170794,0,1,1984,0,0,0,0,0,0,0,0,0,0
170794,1,1,1984,0,0,0,0,0,0,0,0,0,0
170795,1,1,1984,0,0,0,0,0,0,0,0,0,0
170795,2,1,1984,0,0,0,0,0,0,0,0,0,0
170796,1,1,1984,27,27,27,27,27,27,27,27,27,27
170797,0,1,1984,0,0,0,0,0,0,0,0,0,0
170797,1,1,1984,0,0,0,0,0,0,0,0,0,0
170798,1,1,1984,0,0,0,0,0,0,0,0,0,0
170798,2,1,1984,0,0,0,0,0,0,0,0,0,0
170799,1,1,1984,20,20,20,20,20,20,20,20,20,20
170799,2,1,1984,0,0,0,0,0,0,0,0,0,10
170799,3,1,1984,0,0,0,0,0,0,0,0,0,8
170799,4,1,1984,0,0,0,0,0,0,0,0,0,0
170800,1,1,1984,0,0,0,0,0,0,0,0,0,0
170800,2,1,1984,0,0,0,0,0,0,0,0,0,0
170800,3,1,1984,0,0,0,0,0,13,0,0,0,0
170801,1,1,1984,13,13,13,13,13,13,13,13,13,13
170802,0,1,1984,0,0,0,0,0,0,0,0,0,0
170802,1,1,1984,0,20,6,8,10,0,0,0,0,0
170803,1,1,1984,13,13,13,13,13,13,13,13,13,13
170804,1,1,1984,8,8,8,8,8,8,8,8,8,8
170804,2,1,1984,0,0,0,0,0,0,0,0,0,0
170805,1,1,1984,8,8,8,23,15,18,24,29,11,17
170806,0,1,1984,28,28,28,28,28,28,28,28,28,28
170806,1,1,1984,0,0,0,14,22,0,0,0,0,0
170807,0,1,1984,1,1,1,1,1,1,1,1,1,1
170807,1,1,1984,11,17,14,21,13,16,20,7,14,9
170808,1,1,1984,0,0,0,0,0,0,0,0,0,0
170808,2,1,1984,0,0,0,0,0,0,0,0,0,10
170809,0,1,1984,22,12,6,0,0,3,0,0,13,19
170809,1,1,1984,23,23,23,23,23,23,23,23,23,23
170810,0,1,1984,18,18,18,18,18,18,18,18,18,18
170810,0,2,1984,16,0,0,0,0,0,31,18,9,4
170810,1,1,1984,0,0,0,0,0,0,0,0,0,18
170811,0,1,1984,0,0,0,0,0,0,0,0,0,0
170811,1,1,1984,0,2,5,0,0,14,0,0,0,0
170812,0,1,1984,0,0,0,0,0,0,0,0,0,0
170812,0,2,1984,0,9,0,8,25,14,18,14,12,25
170812,1,1,1984,0,0,0,0,12,0,0,0,0,10
170813,0,1,1984,16,16,16,16,16,16,16,16,16,16
170813,1,1,1984,0,0,18,0,0,0,30,0,13,0
170814,1,1,1984,0,0,0,0,0,0,0,0,0,0
170814,2,1,1984,0,0,0,0,0,0,0,0,0,0
170814,3,1,1984,0,0,0,0,0,0,0,0,0,0
170814,4,1,1984,0,0,0,0,0,0,0,0,0,0
170815,1,1,1984,0,0,9,0,0,5,0,0,0,0
170816,1,1,1984,14,9,0,0,0,0,0,0,0,0
170817,0,1,1984,0,0,0,0,0,0,0,0,0,0
170817,1,1,1984,0,0,0,0,0,0,0,0,0,0
170818,1,1,1984,12,12,12,12,12,12,12,12,12,12
170818,2,1,1984,0,0,0,0,0,0,0,0,0,0
170819,1,1,1984,0,0,0,0,0,0,0,0,0,0
170820,1,1,1984,0,0,0,0,0,0,0,0,0,0
170821,1,1,1984,13,13,13,13,13,13,13,13,13,13
170822,1,1,1984,13,13,13,13,13,13,13,13,13,13
170823,0,1,1984,0,0,0,16,0,24,0,0,0,19
170823,1,1,1984,23,0,0,0,0,0,0,0,0,0
170824,1,1,1984,0,0,0,0,0,0,0,0,0,0
170824,2,1,1984,0,0,0,0,0,0,0,0,0,0
170825,1,1,1984,0,23,0,0,0,0,0,0,0,0
170825,2,1,1984,2,2,2,2,2,2,2,2,2,2
170826,1,1,1984,0,0,13,0,18,0,0,0,0,0
170826,2,1,1984,0,0,0,0,0,0,0,0,0,0
170827,1,1,1984,0,0,0,0,0,0,0,0,0,0
170827,2,1,1984,0,12,0,0,0,0,0,0,12,0
170828,1,1,1984,12,0,0,0,14,0,10,0,0,0
170829,0,1,1984,14,0,14,0,0,16,0,41,14,0
170829,1,1,1984,20,26,15,27,30,10,29,15,16,22
170830,1,1,1984,0,0,0,0,0,0,0,0,5,0
170830,2,1,1984,0,0,0,0,0,0,0,0,0,0
170830,3,1,1984,0,0,0,0,0,0,0,0,0,0
170831,1,1,1984,11,11,11,11,11,11,11,11,11,11
170831,2,1,1984,0,0,0,0,0,0,0,0,0,0
170832,0,1,1984,2,2,2,2,2,2,2,2,2,2
170832,1,1,1984,12,7,0,0,0,16,25,0,19,19
170833,1,1,1984,0,0,0,0,0,0,0,0,0,0
170833,2,1,1984,0,0,0,13,0,0,0,0,0,0
170834,1,1,1984,14,14,14,14,14,14,14,14,14,14
170834,2,1,1984,0,0,0,0,0,0,0,0,0,0
170835,1,1,1984,20,2,3,10,5,39,12,20,12,0
170836,1,1,1984,15,15,15,15,15,15,15,15,15,15
170837,1,1,1984,0,0,0,0,0,0,0,0,0,0
170838,1,1,1984,18,18,18,18,18,18,18,18,18,18
170839,1,1,1984,15,15,15,15,15,15,15,15,15,15
170840,1,1,1984,0,0,0,0,0,0,0,0,0,0
170841,1,1,1984,10,10,10,10,10,10,10,10,10,10
170842,1,1,1984,16,16,16,16,16,16,16,16,16,16
170843,1,1,1984,27,0,18,0,13,0,0,5,19,0
170843,2,1,1984,0,0,0,0,0,0,0,0,0,0
170844,1,1,1984,22,26,0,0,32,0,20,32,8,6
170845,1,1,1984,26,26,26,26,26,26,26,26,26,26
170846,1,1,1984,20,19,21,9,8,6,25,0,18,11
170847,1,1,1984,12,12,12,12,12,12,12,12,12,12
170848,1,1,1984,0,19,12,11,5,16,25,20,13,9
170849,0,1,1984,0,0,0,0,0,0,0,0,0,0
170849,1,1,1984,0,0,0,7,0,0,0,0,13,0
170850,1,1,1984,20,20,20,20,20,20,20,20,20,20
170851,1,1,1984,12,12,12,12,12,12,12,12,12,12
170851,2,1,1984,0,0,0,0,0,0,8,0,0,10
170852,1,1,1984,0,0,0,0,0,8,0,10,0,29
170852,2,1,1984,6,6,6,6,6,6,6,6,6,6
170853,1,1,1984,0,0,0,0,0,0,12,0,0,0
170854,1,1,1984,21,21,21,21,21,21,21,21,21,21
170855,0,1,1984,1,1,1,1,1,1,1,1,1,1
170855,1,1,1984,0,0,0,0,0,0,0,0,0,0
170856,1,1,1984,17,0,0,0,10,0,0,11,0,0
170856,2,1,1984,0,0,0,0,0,0,0,0,0,0
170857,1,1,1984,0,0,0,0,0,0,0,0,0,0
170857,2,1,1984,0,0,11,0,0,0,0,0,0,0
170858,0,1,1984,0,0,0,0,0,0,0,0,0,0
170858,0,2,1984,0,0,0,0,0,0,0,0,0,0
170858,0,3,1984,0,0,0,0,26,0,0,0,15,0
170858,1,1,1984,0,6,0,0,0,0,10,0,0,0
170859,1,1,1984,0,0,0,0,0,0,0,0,0,0
170859,2,1,1984,0,0,0,0,8,0,0,0,0,0
170860,0,1,1984,0,0,0,0,0,0,0,0,0,0
170860,1,1,1984,0,0,0,0,0,0,0,0,0,0
170861,0,1,1984,0,0,0,0,0,0,0,0,0,0
170861,1,1,1984,0,0,0,0,0,0,0,0,0,0
170862,0,1,1984,0,0,0,0,0,0,0,0,0,0
170862,1,1,1984,0,0,0,0,0,0,0,0,0,0
170863,1,1,1984,0,0,0,0,0,0,11,0,0,0
170863,2,1,1984,0,0,0,0,0,0,0,0,0,0
170864,0,1,1984,0,0,0,0,0,0,0,0,0,0
170864,1,1,1984,0,0,0,0,0,0,0,0,0,0
170865,1,1,1984,12,12,12,12,12,12,12,12,12,12
170866,1,1,1984,0,0,0,0,0,0,0,0,0,0
170866,2,1,1984,0,0,0,0,0,0,31,14,0,0
170867,1,1,1984,18,18,18,18,18,18,18,18,18,18
170868,1,1,1984,16,16,16,16,16,16,16,16,16,16
170869,1,1,1984,28,28,28,28,28,28,28,28,28,28
170870,1,1,1984,0,0,0,0,0,0,0,0,0,0
170871,1,1,1984,0,0,0,0,0,0,0,0,0,0
170872,1,1,1984,1,1,1,1,1,1,1,1,1,1
170872,2,1,1984,0,0,0,0,13,25,14,0,0,0
170874,1,1,1984,0,0,0,0,0,0,0,0,0,0
170874,2,1,1984,0,0,0,7,0,0,0,0,11,0
170875,0,1,1984,0,0,0,0,0,0,0,0,0,0
170875,2,1,1984,0,0,0,0,0,0,0,0,0,0
170876,1,1,1984,6,6,6,6,6,6,6,6,6,6
170876,2,1,1984,12,13,23,0,15,16,0,20,0,14
170878,1,1,1984,19,19,19,19,19,19,19,19,19,19
170879,1,1,1984,13,13,13,13,13,13,13,13,13,13
170879,2,1,1984,0,0,0,0,0,0,0,0,0,0
170880,0,1,1984,0,0,0,0,0,0,0,0,0,0
170880,1,1,1984,0,0,0,0,0,0,0,0,0,3
170881,1,1,1984,17,17,17,17,17,17,17,17,17,17
170882,0,1,1984,0,0,0,0,0,0,0,0,0,0
170882,1,1,1984,0,0,0,0,0,0,11,0,0,0
170883,1,1,1984,0,0,0,0,0,0,0,0,0,0
170883,2,1,1984,0,0,13,13,0,9,0,0,0,0
170884,0,1,1984,13,13,13,13,13,13,13,13,13,13
170884,1,1,1984,0,0,0,0,0,0,0,0,0,0
170885,1,1,1984,0,0,0,9,0,0,0,14,8,16
170885,2,1,1984,0,0,0,0,0,0,0,0,0,0
170886,0,1,1984,21,21,21,21,21,21,21,21,21,21
170886,1,1,1984,18,18,18,18,18,18,18,18,18,18
170887,0,1,1984,0,0,0,0,0,0,0,0,0,0
170887,1,1,1984,0,0,0,0,0,0,0,0,0,0
170888,0,1,1984,14,14,14,14,14,14,14,14,14,14
170888,1,1,1984,0,0,0,0,0,0,0,0,25,0
170889,1,1,1984,16,16,16,16,16,16,16,16,16,16
170889,2,1,1984,0,8,0,0,8,0,19,5,0,0
170889,3,1,1984,0,7,0,0,0,0,0,0,0,0
170890,1,1,1984,15,15,15,15,15,15,15,15,15,15
170891,1,1,1984,29,29,29,29,29,29,29,29,29,29
170893,1,1,1984,18,13,14,0,24,18,9,12,25,10
170894,1,1,1984,0,0,0,0,0,0,0,0,0,0
170895,1,1,1984,19,19,19,19,19,19,19,19,19,19
170896,1,1,1984,14,14,14,14,14,14,14,14,14,14
170896,2,1,1984,0,0,9,0,0,9,5,0,0,0
170897,1,1,1984,0,0,0,0,0,16,0,0,0,0
170897,2,1,1984,0,18,25,0,11,20,0,12,22,0
170897,3,1,1984,0,0,4,0,9,0,0,0,0,13
170898,1,1,1984,0,0,0,0,0,0,0,0,0,0
170898,2,1,1984,0,0,0,0,0,0,0,0,0,0
170899,1,1,1984,0,0,0,0,0,5,0,0,0,19
170899,2,1,1984,0,0,0,0,0,0,0,0,0,0
170899,3,1,1984,0,0,0,0,0,0,0,0,0,0
170900,1,1,1984,26,17,31,20,23,14,16,29,0,20
170901,1,1,1984,39,39,39,39,39,39,39,39,39,39
170901,2,1,1984,0,0,0,11,0,0,0,0,12,0
170901,3,1,1984,0,0,0,0,0,0,0,0,12,0
170901,4,1,1984,16,0,0,0,0,0,0,0,0,0
170901,5,1,1984,0,0,0,0,16,0,0,0,0,0
170902,0,1,1984,0,0,0,0,0,0,0,0,0,0
170902,1,1,1984,0,0,0,0,0,0,0,0,0,0
170903,0,1,1984,0,0,0,0,0,0,0,0,0,0
170903,1,1,1984,0,0,0,0,0,0,0,0,0,0
170904,1,1,1984,0,0,0,0,0,0,0,0,0,0
170904,2,1,1984,0,0,0,11,14,18,10,0,0,5
170905,1,1,1984,0,0,0,0,0,0,0,0,10,0
170906,1,1,1984,0,0,0,0,0,31,0,0,13,0
170907,0,1,1984,11,0,0,31,18,3,0,0,10,0
170907,1,1,1984,24,0,0,0,0,0,0,0,0,0
170908,1,1,1984,17,17,17,17,17,17,17,17,17,17
170909,1,1,1984,22,22,22,22,22,22,22,22,22,22
170910,0,1,1984,0,0,0,0,0,0,0,0,0,0
170910,1,1,1984,0,0,0,0,0,0,0,0,0,0
170911,1,1,1984,0,0,0,0,11,0,0,0,0,0
170911,2,1,1984,6,0,0,0,0,0,0,0,0,0
170912,1,1,1984,13,13,13,13,13,13,13,13,13,13
170913,1,1,1984,0,0,0,0,0,0,0,0,0,0
170913,2,1,1984,0,0,0,0,0,0,0,0,0,0
170914,0,1,1984,0,0,0,0,0,0,0,0,0,0
170914,1,1,1984,20,0,10,0,0,0,18,0,10,0
170915,1,1,1984,0,0,0,0,0,0,0,0,0,0
170915,2,1,1984,0,0,0,0,0,0,0,0,0,0
170916,1,1,1984,0,0,0,0,0,0,0,0,0,0
170917,1,1,1984,0,0,0,0,0,0,0,0,0,0
170917,2,1,1984,0,0,0,0,0,0,0,0,0,0
170918,1,1,1984,13,13,13,13,13,13,13,13,13,13
170919,1,1,1984,17,17,17,17,17,17,17,17,17,17
170919,2,1,1984,0,2,0,5,11,6,0,6,0,0
170920,0,1,1984,0,0,0,0,0,0,0,0,0,0
170920,1,1,1984,0,0,0,0,0,0,0,0,13,0
170921,1,1,1984,0,0,0,0,0,0,0,0,0,0
170922,1,1,1984,0,0,0,0,0,0,0,0,0,0
170922,2,1,1984,0,0,0,0,0,0,0,0,0,0
170922,3,1,1984,0,0,0,0,0,0,0,0,0,0
170923,1,1,1984,33,33,33,33,33,33,33,33,33,33
170924,1,1,1984,0,0,0,0,0,0,0,0,0,0
170924,2,1,1984,0,0,0,0,0,0,0,0,0,0
170925,1,1,1984,0,0,0,0,0,0,0,0,0,0
170926,1,1,1984,18,18,18,18,18,18,18,18,18,18
170926,2,1,1984,0,0,0,0,0,0,0,0,0,0
170927,1,1,1984,0,0,7,6,13,13,9,13,11,7
170928,1,1,1984,0,0,0,18,15,29,0,40,0,11
170930,1,1,1984,20,20,20,20,20,20,20,20,20,20
170931,1,1,1984,15,15,15,15,15,15,15,15,15,15
170932,0,1,1984,0,0,0,0,0,0,0,0,0,0
170932,1,1,1984,17,0,0,0,0,17,0,0,0,0
170933,1,1,1984,22,22,22,22,22,22,22,22,22,22
170933,2,1,1984,0,0,0,0,0,0,0,0,0,0
170934,1,1,1984,0,0,0,0,0,0,0,0,0,0
170934,2,1,1984,0,0,0,0,0,16,0,0,18,0
170935,1,1,1984,16,11,4,16,4,10,19,10,10,11
170936,0,1,1984,1,1,1,1,1,1,1,1,1,1
170936,1,1,1984,0,0,0,0,0,0,0,0,0,0
170937,1,1,1984,0,0,0,0,0,0,0,0,0,0
170938,1,1,1984,0,0,14,0,0,0,0,0,0,0
170939,1,1,1984,5,0,0,0,7,0,0,0,0,0
170939,2,1,1984,0,0,0,0,0,0,0,0,0,0
170940,1,1,1984,6,15,0,0,19,19,15,5,0,16
170940,2,1,1984,18,11,9,13,11,22,0,16,18,2
170941,1,1,1984,15,0,0,0,22,0,0,0,19,0