ST_CASE,VEH_NO,PER_NO,YEAR,P1,P2,P3,P4,P5,P6,P7,P8,P9,P10
170942,1,1,1984,0,0,0,0,0,0,0,0,0,0
170942,2,1,1984,0,0,0,0,0,0,0,0,0,0
170943,1,1,1984,16,16,16,16,16,16,16,16,16,16
170944,0,1,1984,21,21,21,21,21,21,21,21,21,21
170944,1,1,1984,0,32,0,0,0,0,0,0,0,0
170945,1,1,1984,0,0,0,0,0,0,0,0,0,0
170946,1,1,1984,12,12,12,12,12,12,12,12,12,12
170946,2,1,1984,11,11,11,11,11,11,11,11,11,11
170947,1,1,1984,0,0,0,0,0,0,0,0,0,0
170947,2,1,1984,0,0,0,0,0,0,0,0,0,0
170948,1,1,1984,8,8,8,8,8,8,8,8,8,8
170948,2,1,1984,0,0,0,0,0,0,0,0,0,0
170949,1,1,1984,26,26,26,26,26,26,26,26,26,26
170950,1,1,1984,0,0,17,7,0,17,0,0,0,0
170950,2,1,1984,0,0,0,0,0,0,0,0,0,0
170951,0,1,1984,22,22,22,22,22,22,22,22,22,22
170951,1,1,1984,0,0,12,18,0,15,22,8,0,0
170952,1,1,1984,12,12,12,12,12,12,12,12,12,12
170953,0,1,1984,0,0,0,0,0,0,0,0,0,0
170953,1,1,1984,0,0,0,0,0,0,0,0,0,0
170954,1,1,1984,0,0,0,0,0,0,0,0,0,0
170954,2,1,1984,0,0,0,0,14,0,0,0,0,0
170955,1,1,1984,0,0,0,0,0,0,7,0,0,0
170956,1,1,1984,0,7,12,2,3,22,13,19,0,7
170956,2,1,1984,9,9,9,9,9,9,9,9,9,9
170957,1,1,1984,0,0,0,0,0,0,0,0,0,0
170958,1,1,1984,6,6,6,6,6,6,6,6,6,6
170959,1,1,1984,0,0,0,0,0,0,0,0,0,0
170959,2,1,1984,0,0,0,0,0,0,0,0,0,0
170960,1,1,1984,10,10,10,10,10,10,10,10,10,10
170960,2,1,1984,0,0,0,0,0,0,0,0,0,0
170961,1,1,1984,24,24,24,24,24,24,24,24,24,24
170962,1,1,1984,4,0,13,12,10,4,0,9,0,8
170963,1,1,1984,0,0,0,0,0,0,0,13,0,0
170964,1,1,1984,18,0,0,0,0,0,0,0,0,0
170964,2,1,1984,0,0,0,0,0,0,0,0,0,0
170964,3,1,1984,0,0,0,0,0,0,0,0,0,0
170965,1,1,1984,0,0,0,0,0,0,0,0,0,0
170965,2,1,1984,13,17,29,0,8,14,8,10,33,27
170966,0,1,1984,0,0,0,0,0,0,0,0,0,0
170966,0,2,1984,0,15,10,0,0,0,0,0,7,0
170966,1,1,1984,0,0,21,41,0,6,0,0,0,23
170967,1,1,1984,0,0,0,0,0,0,0,0,0,0
170967,2,1,1984,0,0,0,0,0,0,0,0,0,0
170967,3,1,1984,0,0,0,0,0,0,0,0,0,0
170968,1,1,1984,18,18,18,18,18,18,18,18,18,18
170969,0,1,1984,0,0,0,0,0,0,0,0,0,0
170969,1,1,1984,0,0,0,0,0,0,0,0,0,0
170970,1,1,1984,18,18,18,18,18,18,18,18,18,18
170971,1,1,1984,0,0,0,0,0,0,0,0,0,0
170971,2,1,1984,0,0,0,0,0,0,0,0,0,0
170972,0,1,1984,0,0,0,0,0,0,0,0,0,0
170972,1,1,1984,0,10,0,0,0,0,0,0,0,0
170973,1,1,1984,20,20,20,20,20,20,20,20,20,20
170974,1,1,1984,0,0,0,0,8,0,0,0,0,0
170974,2,1,1984,0,0,0,0,0,0,0,0,0,0
170974,3,1,1984,0,0,0,0,0,0,0,0,0,0
170975,0,1,1984,22,22,22,22,22,22,22,22,22,22
170975,1,1,1984,20,0,0,24,0,0,0,0,0,24
170976,1,1,1984,13,13,13,13,13,13,13,13,13,13
170976,2,1,1984,0,0,0,0,0,0,0,0,0,12
170977,1,1,1984,30,30,30,30,30,30,30,30,30,30
170978,1,1,1984,0,0,0,0,0,0,0,0,0,0
170978,2,1,1984,0,0,0,0,0,0,0,0,0,0
170979,1,1,1984,0,0,0,0,16,0,19,0,10,0
170979,2,1,1984,0,15,0,0,0,13,7,14,16,0
170980,1,1,1984,0,0,0,0,0,0,13,21,0,0
170980,2,1,1984,0,0,0,0,0,0,0,0,0,0
170981,1,1,1984,21,4,24,10,16,4,24,13,13,4
170982,0,1,1984,0,0,0,0,0,0,0,0,0,0
170982,1,1,1984,21,21,21,21,21,21,21,21,21,21
170983,1,1,1984,0,0,0,0,16,0,0,0,31,15
170984,1,1,1984,0,0,0,0,12,6,0,0,0,0
170984,2,1,1984,0,0,0,0,0,0,0,0,0,0
170985,1,1,1984,0,0,0,0,0,0,0,0,0,0
170985,2,1,1984,0,0,0,0,0,0,0,0,0,14
170986,1,1,1984,7,10,12,21,18,4,0,12,7,0
170987,1,1,1984,11,28,16,18,16,18,13,10,8,11
170988,1,1,1984,0,0,11,0,0,0,18,9,0,0
170989,1,1,1984,10,6,23,13,16,6,27,22,4,12
170989,2,1,1984,1,1,1,1,1,1,1,1,1,1
170990,1,1,1984,0,0,0,0,0,0,0,0,0,0
170990,2,1,1984,0,0,0,0,0,0,0,0,0,0
170991,1,1,1984,5,5,5,5,5,5,5,5,5,5
170992,1,1,1984,14,14,14,14,14,14,14,14,14,14
170993,0,1,1984,0,17,0,25,0,7,25,16,16,0
170993,1,1,1984,15,0,0,0,0,0,27,26,0,0
170994,1,1,1984,0,0,0,0,0,0,0,0,0,0
170994,2,1,1984,0,0,0,0,0,0,0,0,0,0
170995,1,1,1984,0,0,0,0,0,0,0,0,0,0
170995,2,1,1984,0,0,0,0,0,0,0,0,0,0
170996,0,1,1984,0,0,0,0,0,14,0,0,0,0
170996,1,1,1984,0,0,0,0,0,0,0,0,0,0
170997,1,1,1984,0,0,12,0,0,10,0,0,0,0
170998,0,1,1984,23,22,25,16,10,22,49,0,0,0
170998,1,1,1984,13,0,0,0,0,0,0,0,0,0
170999,1,1,1984,0,0,0,21,0,0,0,11,0,0
171000,1,1,1984,0,0,0,0,0,0,0,0,25,0
171000,2,1,1984,0,0,0,0,0,0,0,0,0,0
171001,1,1,1984,0,0,0,0,0,0,0,0,0,0
171001,2,1,1984,0,0,0,0,0,0,0,0,0,0
171002,1,1,1984,0,0,0,0,0,0,0,0,0,0
171003,1,1,1984,0,0,0,0,0,0,0,0,0,0
171004,1,1,1984,0,0,0,0,0,0,0,0,0,0
171004,2,1,1984,0,0,0,0,0,0,0,0,0,0
171005,1,1,1984,14,14,14,14,14,14,14,14,14,14
171006,1,1,1984,4,4,4,4,4,4,4,4,4,4
171007,1,1,1984,0,0,0,0,0,0,0,0,0,0
171007,2,1,1984,0,0,0,0,0,0,0,0,0,0
171008,1,1,1984,14,14,14,14,14,14,14,14,14,14
171009,0,1,1984,0,0,0,0,0,0,0,0,0,0
171009,1,1,1984,0,0,0,0,14,27,12,21,0,0
171010,1,1,1984,20,20,20,20,20,20,20,20,20,20
171011,0,1,1984,0,0,0,0,0,0,0,0,0,0
171011,0,2,1984,13,11,0,10,10,11,12,0,25,0
171011,0,3,1984,0,0,15,0,7,9,0,8,0,13
171011,1,1,1984,29,29,29,29,29,29,29,29,29,29
171012,1,1,1984,0,0,0,0,0,0,0,0,0,0
171012,2,1,1984,0,0,0,0,0,0,0,0,0,0
171013,1,1,1984,0,22,0,0,0,18,27,16,14,12
171014,1,1,1984,0,0,0,0,0,0,0,0,0,0
171015,1,1,1984,24,24,24,24,24,24,24,24,24,24
171015,2,1,1984,23,12,18,27,21,23,24,28,10,24
171016,1,1,1984,0,0,0,0,0,0,0,0,0,0
171016,2,1,1984,0,0,0,0,0,0,0,0,0,0
171017,1,1,1984,0,0,0,0,0,0,0,0,0,0
171018,1,1,1984,0,0,6,0,0,0,0,0,0,0
171018,2,1,1984,0,0,0,0,0,0,0,0,0,0
171019,0,1,1984,28,28,28,28,28,28,28,28,28,28
171019,1,1,1984,0,0,0,17,0,18,0,17,13,0
171020,1,1,1984,0,0,0,0,0,0,0,0,0,0
171021,1,1,1984,15,4,9,9,11,21,13,25,18,26
171022,0,1,1984,0,0,0,0,0,0,0,0,0,0
171022,1,1,1984,18,0,0,0,0,0,0,0,0,0
171023,1,1,1984,0,13,33,0,18,0,0,16,0,0
171023,2,1,1984,1,1,1,1,1,1,1,1,1,1
171024,1,1,1984,0,0,0,0,0,0,0,0,0,0
171024,2,1,1984,0,0,0,0,2,0,0,0,0,0
171024,3,1,1984,0,0,14,0,0,19,0,0,0,0
171025,1,1,1984,16,14,21,0,19,8,6,7,8,21
171026,1,1,1984,0,0,0,0,0,0,0,0,0,0
171026,2,1,1984,0,0,0,0,0,0,0,0,0,0
171027,1,1,1984,28,28,28,28,28,28,28,28,28,28
171027,2,1,1984,0,0,0,0,0,0,0,0,0,17
171027,3,1,1984,13,11,16,14,3,7,27,4,7,6
171028,1,1,1984,0,0,0,0,0,0,0,0,0,0
171028,2,1,1984,0,0,0,0,0,0,0,0,0,0
171028,3,1,1984,0,0,0,0,0,0,0,0,0,0
171028,4,1,1984,0,0,0,0,0,0,0,0,0,0
171028,5,1,1984,0,0,0,0,0,0,12,0,0,0
171029,0,1,1984,11,11,11,11,11,11,11,11,11,11
171029,1,1,1984,0,0,0,0,0,0,0,0,0,0
171030,1,1,1984,0,0,0,0,0,0,0,0,0,0
171031,1,1,1984,0,0,0,0,0,0,0,0,0,7
171031,2,1,1984,0,0,0,0,0,0,0,0,0,0
171032,0,1,1984,10,10,10,10,10,10,10,10,10,10
171032,1,1,1984,0,0,0,0,0,0,0,0,0,0
171033,1,1,1984,0,0,0,0,0,0,0,0,0,7
171033,2,1,1984,0,0,0,0,0,0,0,0,0,0
171034,1,1,1984,0,0,0,0,0,0,0,0,0,0
171034,2,1,1984,0,0,0,0,0,0,0,0,0,0
171035,1,1,1984,0,0,0,0,0,0,10,0,0,0
171035,2,1,1984,0,0,0,0,0,0,0,0,0,0
171036,1,1,1984,22,22,22,22,22,22,22,22,22,22
171036,2,1,1984,0,11,21,0,0,6,18,0,0,0
171037,1,1,1984,0,0,0,0,0,0,0,0,0,0
171037,2,1,1984,0,0,0,0,0,0,0,0,0,0
171038,1,1,1984,0,0,0,0,0,0,0,10,0,0
171039,1,1,1984,0,0,0,0,0,0,0,0,0,0
171039,2,1,1984,0,0,17,0,0,0,3,0,0,0
171040,1,1,1984,23,0,13,0,22,19,11,24,0,0
171041,1,1,1984,16,16,16,16,16,16,16,16,16,16
171041,2,1,1984,0,0,0,0,0,0,0,0,0,0
171042,1,1,1984,0,0,0,0,0,0,0,0,0,0
171043,1,1,1984,0,7,0,18,0,0,0,0,0,0
171043,2,1,1984,23,0,0,0,0,0,28,0,18,0
171044,1,1,1984,0,0,0,0,0,0,0,0,0,0
171044,2,1,1984,0,0,0,0,0,0,0,0,0,0
171045,1,1,1984,22,22,22,22,22,22,22,22,22,22
171046,0,1,1984,18,18,18,18,18,18,18,18,18,18
171046,1,1,1984,11,11,11,11,11,11,11,11,11,11
171047,1,1,1984,17,17,17,17,17,17,17,17,17,17
171048,1,1,1984,0,0,0,0,0,0,0,0,0,0
171048,2,1,1984,0,0,0,0,0,0,0,0,0,0
171049,1,1,1984,0,0,0,0,0,20,6,0,0,0
171049,2,1,1984,14,14,14,14,14,14,14,14,14,14
171050,1,1,1984,21,21,21,21,21,21,21,21,21,21
171051,1,1,1984,11,20,0,20,0,5,9,7,10,19
171052,0,1,1984,0,0,0,0,0,0,0,0,0,0
171052,1,1,1984,15,0,0,0,29,0,0,0,0,0
171053,1,1,1984,15,16,19,14,0,24,14,16,30,7
171053,2,1,1984,0,0,0,0,0,0,0,0,0,0
171054,0,1,1984,10,34,0,8,0,17,0,11,22,24
171054,1,1,1984,15,15,15,15,15,15,15,15,15,15
171055,1,1,1984,0,0,0,0,0,0,0,0,0,0
171056,1,1,1984,0,0,0,0,0,0,0,0,0,0
171056,2,1,1984,2,0,0,8,0,0,0,0,0,5
171057,1,1,1984,0,0,0,0,0,0,0,0,0,0
171057,2,1,1984,0,0,0,0,0,0,0,0,0,0
171057,3,1,1984,0,0,0,0,0,0,0,0,0,0
171058,1,1,1984,11,11,11,11,11,11,11,11,11,11
171058,2,1,1984,15,0,0,0,16,0,14,0,0,19
171059,1,1,1984,15,14,17,0,34,21,14,15,0,14
171060,1,1,1984,21,21,21,21,21,21,21,21,21,21
171060,2,1,1984,0,0,6,0,0,0,0,0,23,24
171061,1,1,1984,0,25,0,0,10,14,13,26,0,0
171061,2,1,1984,19,19,19,19,19,19,19,19,19,19
171062,1,1,1984,27,27,27,27,27,27,27,27,27,27
171062,2,1,1984,0,0,0,0,0,0,0,0,0,0
171062,3,1,1984,0,0,0,0,0,6,0,0,4,17
171063,1,1,1984,19,19,19,19,19,19,19,19,19,19
171064,1,1,1984,13,13,13,13,13,13,13,13,13,13
171064,2,1,1984,7,0,0,0,0,0,0,0,0,0
171065,0,1,1984,0,0,0,0,0,30,0,0,0,11
171065,0,2,1984,0,0,0,0,0,0,0,0,0,0
171065,0,3,1984,0,0,0,0,0,0,0,0,0,0
171065,1,1,1984,0,0,0,0,0,0,0,0,11,0
171065,2,1,1984,0,0,0,0,0,0,0,0,0,0
171066,1,1,1984,0,0,0,0,0,0,0,0,8,0
171067,1,1,1984,25,25,25,25,25,25,25,25,25,25
171067,2,1,1984,0,0,0,0,0,0,0,0,0,0
171068,1,1,1984,10,10,10,10,10,10,10,10,10,10
171069,0,1,1984,6,6,6,6,6,6,6,6,6,6
171069,1,1,1984,0,0,0,0,0,0,0,0,0,0
171070,1,1,1984,15,0,0,0,0,0,0,16,0,0
171071,1,1,1984,22,22,22,22,22,22,22,22,22,22
171072,1,1,1984,11,11,11,11,11,11,11,11,11,11
171073,0,1,1984,0,0,0,0,0,0,0,0,0,0
171073,1,1,1984,0,0,0,0,0,0,0,0,0,0
171074,1,1,1984,0,0,0,0,0,0,0,0,0,0
171074,2,1,1984,0,0,10,0,0,0,0,0,0,0
171075,1,1,1984,21,21,21,21,21,21,21,21,21,21
171076,1,1,1984,0,0,0,0,0,0,0,0,0,8
171076,2,1,1984,0,0,0,0,0,0,0,0,0,0
171077,0,1,1984,20,20,20,20,20,20,20,20,20,20
171077,1,1,1984,0,0,0,0,0,0,0,0,0,0
171078,1,1,1984,0,0,0,0,0,0,10,0,0,0
171078,2,1,1984,0,0,0,0,0,0,0,0,0,0
171079,1,1,1984,20,20,20,20,20,20,20,20,20,20
171080,1,1,1984,16,20,0,7,6,0,19,15,20,0
171081,1,1,1984,7,15,14,15,12,26,6,18,14,15
171081,2,1,1984,0,0,0,0,0,0,0,0,0,0
171082,1,1,1984,0,0,0,0,0,0,0,0,0,0
171083,0,1,1984,17,17,17,17,17,17,17,17,17,17
171083,1,1,1984,0,0,0,10,15,0,0,0,0,0
171084,1,1,1984,21,21,21,21,21,21,21,21,21,21
171085,1,1,1984,0,0,0,0,0,0,0,0,0,0
171085,2,1,1984,0,0,0,0,0,0,0,16,0,0
171085,3,1,1984,0,0,0,0,0,0,0,0,0,0
171086,1,1,1984,22,16,11,19,11,0,11,26,18,0
171086,2,1,1984,0,0,0,0,0,0,0,0,0,0
171087,1,1,1984,0,0,0,0,0,0,0,0,0,0
171087,2,1,1984,0,0,0,0,0,0,0,0,0,0
171088,1,1,1984,0,0,0,0,0,0,0,0,0,0
171088,2,1,1984,0,0,6,0,9,0,0,0,0,0
171089,0,1,1984,0,0,0,0,0,0,0,0,0,0
171089,1,1,1984,23,11,0,13,11,0,0,20,15,36
171090,1,1,1984,0,0,0,11,22,0,0,0,0,23
171090,2,1,1984,0,0,0,0,0,0,0,0,0,0
171091,1,1,1984,30,30,30,30,30,30,30,30,30,30
171092,1,1,1984,15,15,15,15,15,15,15,15,15,15
171092,2,1,1984,0,0,0,0,0,0,0,0,0,0
171093,0,1,1984,30,30,30,30,30,30,30,30,30,30
171093,1,1,1984,0,0,0,0,0,0,0,0,0,0
171094,1,1,1984,0,0,0,0,0,0,0,0,0,0
171094,2,1,1984,0,0,19,0,0,0,0,0,0,0
171095,1,1,1984,6,6,6,6,6,6,6,6,6,6
171095,2,1,1984,0,0,0,13,0,0,0,0,0,0
171096,1,1,1984,9,9,9,9,9,9,9,9,9,9
171096,2,1,1984,12,0,5,24,0,16,0,0,22,0
171097,1,1,1984,0,0,0,0,0,0,0,0,0,15
171097,2,1,1984,0,0,0,0,0,0,0,0,0,0
171098,1,1,1984,0,0,0,0,0,0,0,0,0,0
171098,2,1,1984,0,0,0,0,0,0,0,0,0,0
171099,1,1,1984,0,19,0,7,0,0,0,0,0,0
171099,2,1,1984,0,0,0,0,0,0,0,0,0,0
171100,1,1,1984,0,0,0,0,0,0,0,0,0,0
171100,2,1,1984,0,0,0,0,0,0,0,0,0,0
171100,3,1,1984,0,0,0,0,0,0,0,0,0,0
171101,0,1,1984,0,0,0,0,0,0,0,0,0,38
171101,1,1,1984,13,0,0,10,0,0,14,0,0,0
171102,0,1,1984,12,0,16,0,12,0,23,0,0,0
171102,1,1,1984,14,6,0,16,8,20,6,11,13,8
171102,2,1,1984,0,27,15,0,23,13,0,20,0,12
171103,0,1,1984,0,0,0,0,0,0,0,0,0,0
171103,1,1,1984,0,0,0,0,0,0,0,0,0,0
171104,1,1,1984,0,0,0,0,0,0,0,0,0,0
171104,2,1,1984,0,0,0,0,0,0,0,0,0,0
171105,1,1,1984,27,27,27,27,27,27,27,27,27,27
171106,1,1,1984,0,0,0,0,0,0,0,0,0,0
171107,0,1,1984,0,0,0,0,0,0,0,0,0,0
171107,1,1,1984,0,0,0,0,0,0,0,0,5,16
171108,1,1,1984,13,13,13,13,13,13,13,13,13,13
171108,2,1,1984,0,11,0,0,0,0,0,0,0,0
171109,1,1,1984,15,15,15,15,15,15,15,15,15,15
171110,1,1,1984,22,22,22,22,22,22,22,22,22,22
171111,1,1,1984,7,7,7,7,7,7,7,7,7,7
171112,1,1,1984,0,0,0,0,0,0,0,0,0,0
171113,0,1,1984,0,0,0,0,0,0,0,0,0,0
171113,1,1,1984,0,0,7,0,0,0,0,0,0,0
171114,1,1,1984,0,0,0,0,0,0,0,0,0,0
171114,2,1,1984,0,0,0,0,0,0,0,0,0,0
171115,0,1,1984,0,0,0,17,0,11,26,0,35,0
171115,0,2,1984,0,8,8,0,16,25,14,13,0,0
171115,1,1,1984,0,0,0,0,0,0,0,0,0,13
171116,1,1,1984,21,21,21,21,21,21,21,21,21,21
171116,2,1,1984,0,0,0,0,0,0,22,0,0,0
171117,1,1,1984,7,7,7,7,7,7,7,7,7,7
171117,2,1,1984,0,14,0,19,0,7,0,0,31,8
171118,1,1,1984,0,0,0,0,0,0,0,0,0,0
171119,1,1,1984,22,22,22,22,22,22,22,22,22,22
171120,0,1,1984,0,0,0,0,0,0,0,0,0,0
171120,1,1,1984,16,0,0,0,0,0,0,0,0,0
171120,2,1,1984,0,0,0,0,0,0,0,0,0,0
171121,1,1,1984,0,17,20,33,19,21,11,14,0,18
171121,2,1,1984,13,0,0,16,0,20,0,12,0,27
171122,1,1,1984,19,0,0,0,0,16,14,0,5,0
171123,0,1,1984,10,0,0,20,18,11,0,38,20,40
171123,0,2,1984,19,19,19,19,19,19,19,19,19,19
171123,1,1,1984,13,0,0,2,0,16,13,20,16,0
171124,0,1,1984,0,0,37,22,0,0,22,25,3,0
171124,1,1,1984,0,26,10,0,0,0,0,10,0,0
171125,1,1,1984,0,0,0,0,0,0,0,0,0,0
171125,2,1,1984,0,0,16,0,0,0,0,0,0,0
171126,0,1,1984,10,0,0,0,0,0,0,0,0,0
171126,1,1,1984,0,0,0,0,0,0,0,0,0,0
171127,0,1,1984,0,0,0,0,0,0,0,0,0,0
171127,1,1,1984,0,0,28,0,0,0,0,0,0,0
171128,0,1,1984,1,1,1,1,1,1,1,1,1,1
171128,1,1,1984,0,0,0,12,0,0,0,0,0,0
171129,1,1,1984,0,0,0,0,0,0,0,0,0,0
171129,2,1,1984,0,0,0,0,0,0,0,0,0,0
171130,1,1,1984,0,0,0,0,0,0,0,0,0,0
171130,2,1,1984,0,0,0,0,0,0,0,0,0,0
171131,1,1,1984,0,0,0,0,12,0,0,0,0,0
171131,2,1,1984,0,0,0,0,0,0,0,0,0,0
171132,0,1,1984,0,0,0,0,0,0,0,0,0,0
171132,0,2,1984,0,0,0,0,0,0,0,0,0,0
171132,0,3,1984,15,9,0,0,0,0,0,15,28,0
171132,1,1,1984,0,0,0,0,0,0,0,0,0,0
171133,1,1,1984,19,19,19,19,19,19,19,19,19,19
171133,2,1,1984,0,0,0,0,0,0,0,0,0,9
171133,3,1,1984,0,0,0,0,0,0,0,0,0,0
171134,0,1,1984,29,29,29,29,29,29,29,29,29,29
171134,1,1,1984,0,0,0,0,0,0,0,0,0,0
171135,1,1,1984,14,14,0,30,16,12,11,4,0,14
171135,2,1,1984,11,0,0,0,0,0,0,0,0,12
171136,1,1,1984,0,0,0,0,0,0,0,0,0,0
171136,2,1,1984,0,0,0,0,0,0,0,0,0,0
171137,1,1,1984,0,0,0,0,0,0,0,0,0,0
171137,2,1,1984,0,0,0,0,0,0,0,0,0,0
171138,0,1,1984,0,0,0,0,0,0,0,0,0,0
171138,1,1,1984,14,19,5,19,13,7,17,23,6,6
171138,2,1,1984,0,0,0,0,0,0,0,0,0,0
171139,0,1,1984,0,0,19,0,22,0,0,0,28,0
171139,1,1,1984,0,0,0,0,0,0,0,0,0,0
171140,0,1,1984,0,0,0,11,0,0,0,0,19,0
171140,1,1,1984,0,7,0,0,0,0,0,0,0,0
171141,1,1,1984,24,24,24,24,24,24,24,24,24,24
171141,2,1,1984,13,0,0,0,0,0,24,0,19,0
171142,1,1,1984,24,24,24,24,24,24,24,24,24,24
171143,1,1,1984,0,0,0,0,0,0,0,0,0,0
171143,2,1,1984,0,0,0,0,0,0,0,0,0,0
171143,3,1,1984,0,0,0,0,0,0,0,0,0,0
171144,0,1,1984,0,0,0,0,0,0,0,0,0,0
171144,1,1,1984,12,12,12,12,12,12,12,12,12,12
171145,1,1,1984,0,0,0,0,0,0,0,0,0,0
171145,2,1,1984,0,0,0,0,0,0,0,0,27,0
171146,1,1,1984,22,12,15,18,16,15,17,14,15,8
171146,2,1,1984,30,30,30,30,30,30,30,30,30,30
171147,0,1,1984,0,0,0,0,0,0,0,0,0,0
171147,1,1,1984,0,0,0,0,0,0,22,0,0,0
171148,0,1,1984,0,0,0,0,0,0,0,0,0,0
171148,1,1,1984,0,0,0,0,0,0,0,0,0,0
171149,1,1,1984,29,29,29,29,29,29,29,29,29,29
171150,1,1,1984,21,21,21,21,21,21,21,21,21,21
171151,0,1,1984,22,22,22,22,22,22,22,22,22,22
171151,1,1,1984,0,0,0,0,0,0,0,0,0,0
171152,1,1,1984,13,13,13,13,13,13,13,13,13,13
171153,1,1,1984,10,10,10,10,10,10,10,10,10,10
171153,2,1,1984,10,24,8,11,20,0,15,19,0,17
171154,0,1,1984,0,0,0,0,0,0,0,0,0,0
171154,1,1,1984,0,0,0,0,0,0,0,0,0,0
171155,1,1,1984,0,0,0,0,0,0,0,0,0,0
171155,2,1,1984,0,0,0,0,0,0,0,0,0,0
171156,1,1,1984,0,0,0,0,0,32,0,0,0,0
171156,2,1,1984,0,2,0,0,0,0,0,0,0,0
171157,1,1,1984,34,34,34,34,34,34,34,34,34,34
171158,1,1,1984,7,18,0,25,21,24,24,17,11,20
171159,1,1,1984,17,17,17,17,17,17,17,17,17,17
171159,2,1,1984,12,13,0,18,0,0,0,0,0,0
171160,1,1,1984,0,0,0,0,0,10,0,0,0,0
171160,2,1,1984,0,0,0,0,0,0,0,0,0,0
171161,1,1,1984,0,0,0,0,0,0,0,0,0,0
171161,2,1,1984,0,0,0,0,0,0,0,0,0,0
171161,3,1,1984,0,0,0,0,0,0,0,0,0,0
171161,4,1,1984,0,0,0,0,0,0,0,0,0,0
171162,1,1,1984,0,0,0,0,0,0,0,0,0,0
171163,0,1,1984,0,0,0,0,0,0,0,0,0,0
171163,1,1,1984,0,0,0,0,0,0,0,0,11,0
171164,0,1,1984,0,0,0,28,0,0,0,0,0,0
171164,1,1,1984,0,0,0,0,0,0,0,0,0,0
171165,0,1,1984,0,0,0,14,0,0,0,0,0,0
171165,1,1,1984,0,0,0,0,0,0,0,0,0,0
171166,1,1,1984,0,0,0,0,11,0,0,0,0,0
171167,1,1,1984,13,13,13,13,13,13,13,13,13,13
171167,2,1,1984,0,0,0,0,0,0,0,0,0,7
171168,1,1,1984,0,7,0,0,0,0,0,0,24,0
171168,2,1,1984,0,0,0,0,0,0,0,0,0,0
171169,1,1,1984,0,0,0,0,0,0,0,0,0,0
171169,2,1,1984,0,0,0,0,0,0,0,0,0,0
171170,0,1,1984,0,0,0,0,0,0,0,0,0,0
171170,0,2,1984,0,0,0,0,0,0,0,0,0,0
171170,0,3,1984,0,0,0,0,24,0,0,0,0,0
171170,0,4,1984,0,27,0,15,0,19,17,0,0,9
171170,1,1,1984,0,0,0,0,0,0,0,0,0,4
171171,0,1,1984,12,12,12,12,12,12,12,12,12,12
171171,1,1,1984,0,0,0,0,0,0,0,0,0,0
171172,0,1,1984,0,0,0,0,0,0,0,0,0,0
171172,1,1,1984,0,0,0,0,0,0,0,0,0,0
171172,2,1,1984,0,0,0,0,0,0,0,0,0,0
171173,1,1,1984,0,0,0,0,0,0,0,0,0,0
171174,1,1,1984,2,2,2,2,2,2,2,2,2,2
171174,2,1,1984,0,0,0,0,0,0,0,0,0,0
171175,1,1,1984,12,12,12,12,12,12,12,12,12,12
171175,2,1,1984,25,35,0,0,10,0,0,0,16,0
171176,1,1,1984,20,20,20,20,20,20,20,20,20,20
171177,0,1,1984,0,0,0,0,0,0,0,0,0,0
171178,1,1,1984,20,20,20,20,20,20,20,20,20,20
171178,2,1,1984,9,0,0,0,0,22,0,20,12,14
171179,0,1,1984,0,0,0,0,0,0,0,0,0,0
171179,1,1,1984,0,0,0,0,0,0,0,0,17,14
171180,1,1,1984,0,0,0,0,0,0,0,0,0,0
171181,0,1,1984,0,0,0,0,0,0,0,0,0,0
171181,1,1,1984,0,0,0,0,0,19,0,0,18,0
171182,1,1,1984,0,0,0,0,0,0,0,0,0,4
171182,2,1,1984,13,0,0,14,0,0,29,18,0,18
171183,1,1,1984,0,0,0,0,0,0,0,0,0,0
171183,2,1,1984,0,0,0,0,0,20,0,0,0,0
171184,1,1,1984,21,21,21,21,21,21,21,21,21,21
171185,1,1,1984,0,0,0,0,0,0,0,0,0,0
171185,2,1,1984,0,0,0,0,0,0,0,0,0,0
171186,0,1,1984,26,26,26,26,26,26,26,26,26,26
171186,1,1,1984,0,0,0,0,0,0,0,0,0,0
171187,1,1,1984,17,17,17,17,17,17,17,17,17,17
171188,1,1,1984,0,0,0,0,0,16,14,21,11,18
171189,0,1,1984,22,22,22,22,22,22,22,22,22,22
171189,1,1,1984,0,0,0,21,12,0,0,0,0,0
171190,1,1,1984,16,11,8,15,4,6,24,19,15,7
171190,2,1,1984,0,0,0,0,0,0,0,0,0,0
171191,0,1,1984,0,0,0,0,0,0,0,0,0,0
171191,1,1,1984,0,0,0,0,0,0,0,0,0,0
171192,1,1,1984,19,19,19,19,19,19,19,19,19,19
171193,1,1,1984,0,0,0,0,0,0,0,0,0,0
171193,2,1,1984,0,0,0,0,0,0,0,0,0,0
171194,0,1,1984,3,3,3,3,3,3,3,3,3,3
171194,1,1,1984,0,0,0,0,17,0,0,18,0,0
171195,1,1,1984,24,0,25,0,7,0,38,18,14,0
171195,2,1,1984,0,0,0,0,0,0,0,0,0,0
171196,1,1,1984,0,0,0,5,0,0,0,0,0,0
171197,1,1,1984,0,18,0,0,0,0,0,0,0,0
171197,2,1,1984,0,0,0,0,29,0,0,0,0,0
171198,1,1,1984,4,4,4,4,4,4,4,4,4,4