ST_CASE,VEH_NO,PER_NO,YEAR,P1,P2,P3,P4,P5,P6,P7,P8,P9,P10
171198,2,1,1984,0,10,0,0,7,0,19,22,3,32
171199,1,1,1984,24,24,24,24,24,24,24,24,24,24
171199,2,1,1984,0,0,0,0,0,0,0,0,0,12
171200,1,1,1984,1,1,1,1,1,1,1,1,1,1
171201,0,1,1984,27,0,0,0,0,9,13,0,24,8
171201,1,1,1984,3,3,3,3,3,3,3,3,3,3
171202,0,1,1984,19,19,19,19,19,19,19,19,19,19
171202,1,1,1984,0,0,0,0,0,0,0,0,0,0
171203,1,1,1984,0,0,0,0,0,0,0,0,0,0
171203,2,1,1984,0,0,0,0,0,0,0,0,0,0
171204,1,1,1984,0,0,0,15,0,14,0,19,0,4
171205,1,1,1984,11,11,11,11,11,11,11,11,11,11
171206,1,1,1984,0,0,0,0,0,0,0,0,0,0
171206,2,1,1984,0,0,0,0,0,0,0,0,0,0
171206,3,1,1984,0,0,0,0,0,0,0,0,0,0
171207,1,1,1984,15,15,15,15,15,15,15,15,15,15
171208,0,1,1984,0,0,0,0,0,0,0,0,0,0
171208,1,1,1984,0,0,0,0,0,0,0,0,0,0
171209,1,1,1984,0,0,0,0,0,0,0,0,0,0
171210,0,1,1984,0,0,0,0,0,0,0,0,0,0
171210,1,1,1984,0,0,0,0,0,0,0,0,0,0
171210,2,1,1984,0,0,0,0,0,0,0,0,0,0
171211,0,1,1984,0,0,19,0,31,18,21,41,0,0
171211,0,2,1984,0,0,0,0,0,0,0,0,0,0
171211,1,1,1984,0,0,0,14,0,0,11,0,13,0
171211,2,1,1984,0,0,0,0,0,0,0,0,0,0
171212,1,1,1984,19,19,19,19,19,19,19,19,19,19
171213,1,1,1984,17,17,0,17,0,16,17,9,0,0
171214,1,1,1984,37,20,0,16,0,0,0,0,0,0
171215,0,1,1984,0,0,0,0,0,0,0,0,0,0
171215,1,1,1984,0,0,0,0,0,0,0,0,0,0
171215,2,1,1984,0,0,0,0,0,0,0,0,0,0
171216,1,1,1984,15,15,15,15,15,15,15,15,15,15
171217,1,1,1984,0,0,0,0,0,0,0,0,0,0
171218,1,1,1984,22,22,22,22,22,22,22,22,22,22
171218,2,1,1984,0,0,0,0,0,0,0,0,0,0
171219,1,1,1984,26,26,26,26,26,26,26,26,26,26
171220,1,1,1984,0,0,0,0,0,4,0,0,0,0
171220,2,1,1984,0,0,0,0,0,0,0,0,0,0
171220,3,1,1984,14,0,0,0,8,0,19,0,0,0
171220,4,1,1984,0,17,0,0,0,0,24,33,8,10
171221,1,1,1984,18,12,26,12,17,3,24,6,20,5
171222,1,1,1984,23,23,23,23,23,23,23,23,23,23
171223,1,1,1984,22,10,15,13,15,11,17,21,7,0
171224,1,1,1984,11,11,11,11,11,11,11,11,11,11
171224,2,1,1984,9,9,9,9,9,9,9,9,9,9
171225,0,1,1984,0,7,0,16,18,0,0,0,0,15
171225,1,1,1984,0,0,0,0,12,0,0,0,0,0
171226,1,1,1984,13,13,13,13,13,13,13,13,13,13
171226,2,1,1984,17,17,17,17,17,17,17,17,17,17
171227,1,1,1984,0,21,0,0,0,25,0,0,0,15
171228,1,1,1984,0,0,0,0,0,0,0,0,0,0
171228,2,1,1984,0,0,0,0,0,0,21,0,0,0
171229,1,1,1984,0,0,0,0,0,0,0,0,0,0
171229,2,1,1984,0,0,0,0,0,0,0,0,0,0
171230,1,1,1984,14,14,14,14,14,14,14,14,14,14
171231,1,1,1984,22,22,22,22,22,22,22,22,22,22
171231,2,1,1984,8,0,0,0,8,0,0,0,0,0
171232,1,1,1984,17,17,17,17,17,17,17,17,17,17
171232,2,1,1984,8,0,26,25,0,28,4,18,0,30
171233,1,1,1984,21,21,21,21,21,21,21,21,21,21
171234,1,1,1984,14,14,14,14,14,14,14,14,14,14
171234,2,1,1984,0,0,13,0,0,0,0,0,0,0
171235,1,1,1984,32,13,14,13,0,19,0,0,21,0
171236,1,1,1984,21,21,21,21,21,21,21,21,21,21
171237,1,1,1984,0,0,0,0,0,0,0,0,0,0
171237,2,1,1984,0,0,0,0,0,0,0,0,0,0
171238,1,1,1984,0,0,0,0,0,0,0,0,0,0
171238,2,1,1984,0,0,0,0,0,0,0,0,0,0
171239,0,1,1984,20,20,20,20,20,20,20,20,20,20
171239,1,1,1984,0,0,0,0,0,0,9,0,0,0
171240,1,1,1984,25,25,25,25,25,25,25,25,25,25
171241,1,1,1984,19,19,19,19,19,19,19,19,19,19
171241,2,1,1984,13,13,13,13,13,13,13,13,13,13
171242,1,1,1984,0,0,0,0,0,0,0,0,0,0
171242,2,1,1984,0,0,0,0,0,0,0,0,0,0
171243,0,1,1984,0,0,0,0,0,0,0,0,0,0
171243,1,1,1984,0,0,15,0,0,0,0,0,0,15
171244,1,1,1984,0,13,15,11,24,9,9,8,15,21
171244,2,1,1984,5,5,5,5,5,5,5,5,5,5
171245,1,1,1984,0,0,0,0,0,0,0,0,0,0
171245,2,1,1984,0,0,0,0,0,0,0,0,0,0
171246,1,1,1984,31,31,31,31,31,31,31,31,31,31
171247,1,1,1984,0,0,0,0,0,0,0,6,0,0
171248,1,1,1984,6,6,6,6,6,6,6,6,6,6
171249,1,1,1984,0,7,10,0,0,0,13,22,33,11
171249,2,1,1984,0,25,0,0,0,0,5,0,0,0
171250,1,1,1984,0,0,0,0,0,0,0,0,0,0
171250,2,1,1984,0,0,0,0,0,0,0,0,0,0
171250,3,1,1984,0,0,0,0,11,0,0,0,0,0
171251,1,1,1984,0,0,0,0,0,0,0,0,0,0
171251,2,1,1984,0,0,0,0,0,0,0,0,0,0
171252,0,1,1984,0,0,0,0,0,0,0,0,0,0
171252,1,1,1984,0,0,0,0,0,22,0,0,0,0
171253,1,1,1984,0,0,0,0,0,0,0,0,0,0
171253,2,1,1984,0,0,0,0,0,0,0,0,0,0
171253,3,1,1984,0,0,0,0,0,0,0,0,0,0
171254,1,1,1984,2,2,2,2,2,2,2,2,2,2
171254,2,1,1984,0,0,0,0,0,0,0,0,0,0
171255,0,1,1984,0,0,0,0,0,0,0,0,0,0
171255,1,1,1984,0,0,0,0,0,0,0,0,0,0
171256,0,1,1984,0,0,0,0,0,0,0,0,0,0
171256,0,2,1984,0,39,0,24,24,0,0,0,25,9
171256,1,1,1984,0,0,0,13,0,0,0,23,0,11
171256,2,1,1984,15,0,0,0,0,0,0,0,0,0
171256,3,1,1984,0,0,0,0,0,0,0,0,0,0
171257,0,1,1984,31,31,31,31,31,31,31,31,31,31
171257,1,1,1984,0,0,0,15,3,0,28,0,0,0
171258,1,1,1984,20,20,20,20,20,20,20,20,20,20
171259,1,1,1984,23,23,23,23,23,23,23,23,23,23
171260,1,1,1984,0,0,0,0,0,0,0,0,0,0
171260,2,1,1984,0,0,0,0,0,0,0,0,0,0
171261,1,1,1984,0,0,0,0,0,0,0,0,0,0
171261,2,1,1984,8,25,8,31,0,5,0,0,0,0
171262,1,1,1984,25,25,25,25,25,25,25,25,25,25
171263,1,1,1984,0,14,0,0,0,0,0,0,0,0
171263,2,1,1984,0,0,0,0,0,0,0,0,0,0
171264,1,1,1984,21,21,21,21,21,21,21,21,21,21
171265,0,1,1984,6,6,6,6,6,6,6,6,6,6
171265,1,1,1984,17,0,12,0,0,16,0,0,0,0
171266,1,1,1984,12,12,12,12,12,12,12,12,12,12
171267,1,1,1984,17,17,17,17,17,17,17,17,17,17
171268,1,1,1984,20,13,17,15,11,20,3,23,15,6
171269,1,1,1984,22,9,13,22,42,31,13,21,12,37
171270,1,1,1984,30,30,30,30,30,30,30,30,30,30
171270,2,1,1984,0,0,0,0,0,0,0,0,0,0
171271,0,1,1984,0,0,0,0,0,0,0,0,0,0
171271,1,1,1984,0,0,0,0,0,0,0,0,0,0
171272,1,1,1984,0,0,0,0,23,0,0,0,0,0
171272,2,1,1984,0,0,0,0,0,0,0,0,0,0
171273,1,1,1984,11,11,11,11,11,11,11,11,11,11
171273,2,1,1984,0,0,20,0,0,20,21,14,0,19
171274,1,1,1984,0,0,0,0,0,0,0,0,0,0
171274,2,1,1984,0,0,0,0,0,0,0,0,0,0
171275,1,1,1984,11,0,0,0,0,0,0,13,0,0
171275,2,1,1984,0,0,0,0,0,0,0,0,0,0
171276,1,1,1984,22,9,12,3,6,16,10,15,20,10
171276,2,1,1984,28,10,0,0,16,0,0,0,0,0
171277,1,1,1984,0,0,0,0,0,0,0,0,0,0
171277,2,1,1984,0,0,0,0,0,0,0,0,0,0
171278,1,1,1984,1,1,1,1,1,1,1,1,1,1
171278,2,1,1984,0,0,0,0,0,0,0,0,0,0
171280,1,1,1984,0,0,0,0,0,0,0,0,0,0
171280,2,1,1984,0,0,0,0,0,0,0,0,0,0
171281,1,1,1984,0,0,0,0,0,0,0,0,0,0
171281,2,1,1984,0,0,0,0,0,0,0,0,0,0
171281,3,1,1984,0,0,0,0,0,0,0,0,0,0
171282,1,1,1984,22,22,22,22,22,22,22,22,22,22
171283,1,1,1984,13,13,13,13,13,13,13,13,13,13
171283,2,1,1984,0,0,0,0,0,0,0,0,0,5
171284,1,1,1984,22,22,22,22,22,22,22,22,22,22
171285,1,1,1984,9,13,14,19,11,7,15,18,8,18
171286,1,1,1984,5,5,5,5,5,5,5,5,5,5
171286,2,1,1984,0,0,0,9,0,0,0,0,0,0
171287,1,1,1984,0,0,0,0,0,0,25,0,0,0
171287,2,1,1984,2,2,2,2,2,2,2,2,2,2
171289,1,1,1984,0,0,0,0,0,0,0,0,0,0
171290,0,1,1984,0,0,0,0,0,0,0,0,0,0
171290,1,1,1984,0,0,0,0,0,0,0,0,0,0
171291,0,1,1984,16,16,16,16,16,16,16,16,16,16
171291,1,1,1984,0,0,5,0,0,26,0,20,0,23
171292,1,1,1984,21,21,21,21,21,21,21,21,21,21
171292,2,1,1984,0,0,11,0,0,0,0,0,0,16
171293,0,1,1984,0,0,0,0,0,0,0,0,0,0
171293,1,1,1984,27,27,27,27,27,27,27,27,27,27
171294,1,1,1984,0,0,0,0,0,0,0,0,0,0
171294,2,1,1984,0,0,0,0,0,0,0,0,0,0
171295,1,1,1984,17,17,17,17,17,17,17,17,17,17
171295,2,1,1984,4,4,4,4,4,4,4,4,4,4
171296,1,1,1984,10,10,10,10,10,10,10,10,10,10
171296,2,1,1984,6,6,6,6,6,6,6,6,6,6
171297,1,1,1984,0,0,0,0,0,0,0,0,0,0
171297,2,1,1984,0,0,24,0,0,0,0,25,0,0
171298,1,1,1984,7,7,7,7,7,7,7,7,7,7
171299,0,1,1984,25,25,25,25,25,25,25,25,25,25
171299,1,1,1984,13,13,13,13,13,13,13,13,13,13
171300,1,1,1984,4,4,4,4,4,4,4,4,4,4
171301,1,1,1984,8,8,8,8,8,8,8,8,8,8
171301,2,1,1984,9,3,5,11,6,25,14,21,17,12
171302,1,1,1984,7,0,9,0,0,0,25,0,15,14
171302,2,1,1984,11,11,11,11,11,11,11,11,11,11
171302,3,1,1984,0,12,19,0,5,16,0,0,11,14
171303,1,1,1984,21,0,7,0,0,16,0,0,0,0
171304,0,1,1984,0,0,0,0,0,0,0,0,0,0
171304,1,1,1984,0,0,0,6,0,0,0,0,0,0
171305,0,1,1984,0,0,0,0,0,0,0,0,0,0
171305,1,1,1984,0,0,0,0,0,0,0,0,0,0
171306,1,1,1984,15,15,15,15,15,15,15,15,15,15
171307,0,1,1984,0,0,0,0,0,5,0,0,0,0
171307,1,1,1984,0,0,0,0,0,0,0,0,0,0
171307,2,1,1984,0,0,0,0,0,0,0,0,18,0
171308,1,1,1984,0,0,0,0,0,0,0,0,0,0
171309,1,1,1984,31,17,25,0,0,19,34,18,0,17
171310,0,1,1984,0,0,0,0,0,0,0,0,0,0
171310,1,1,1984,0,0,0,0,0,0,0,0,0,0
171311,1,1,1984,0,0,0,0,0,0,0,0,0,0
171312,1,1,1984,11,11,11,11,11,11,11,11,11,11
171312,2,1,1984,0,0,0,0,0,0,0,0,0,0
171313,1,1,1984,52,0,0,0,0,0,0,0,0,0
171313,2,1,1984,0,0,0,0,0,0,0,0,0,0
171314,1,1,1984,13,13,13,13,13,13,13,13,13,13
171315,1,1,1984,18,18,18,18,18,18,18,18,18,18
171316,1,1,1984,29,29,29,29,29,29,29,29,29,29
171316,2,1,1984,7,3,11,3,15,2,19,8,14,20
171317,0,1,1984,20,8,19,0,0,0,0,15,0,9
171317,0,2,1984,14,0,0,31,0,9,23,13,0,5
171317,1,1,1984,17,17,17,17,17,17,17,17,17,17
171318,1,1,1984,16,16,16,16,16,16,16,16,16,16
171319,0,1,1984,20,20,20,20,20,20,20,20,20,20
171319,1,1,1984,21,23,16,23,16,20,8,21,12,15
171320,1,1,1984,0,0,0,0,22,0,0,0,0,0
171320,2,1,1984,0,0,0,0,0,0,0,0,0,0
171321,1,1,1984,13,13,13,13,13,13,13,13,13,13
171321,2,1,1984,0,0,0,0,0,0,0,0,0,0
171322,1,1,1984,29,29,29,29,29,29,29,29,29,29
171323,0,1,1984,0,0,0,0,0,0,0,0,0,0
171323,1,1,1984,0,0,0,0,0,0,0,0,0,0
171324,0,1,1984,0,0,0,0,0,0,0,0,0,0
171324,0,2,1984,0,0,0,0,0,0,0,0,0,0
171324,1,1,1984,0,0,0,0,9,27,22,0,0,0
171325,1,1,1984,0,0,0,0,0,0,0,0,0,0
171326,1,1,1984,0,0,0,0,0,0,0,0,0,0
171326,2,1,1984,33,0,7,8,23,0,0,12,0,0
171327,1,1,1984,0,0,0,0,0,0,0,0,0,0
171328,1,1,1984,3,3,3,3,3,3,3,3,3,3
171329,1,1,1984,21,21,21,21,21,21,21,21,21,21
171330,1,1,1984,24,24,24,24,24,24,24,24,24,24
171331,0,1,1984,0,0,0,0,0,0,0,0,0,0
171331,1,1,1984,0,0,0,0,0,0,0,0,0,0
171332,0,1,1984,32,32,32,32,32,32,32,32,32,32
171332,1,1,1984,0,12,16,0,22,0,0,0,7,15
171333,0,1,1984,0,0,0,0,0,0,0,0,0,0
171333,1,1,1984,0,0,0,0,0,0,0,0,0,0
171334,1,1,1984,18,18,18,18,18,18,18,18,18,18
171335,0,1,1984,20,20,20,20,20,20,20,20,20,20
171335,1,1,1984,0,0,0,0,13,0,11,0,0,0
171336,1,1,1984,21,21,21,21,21,21,21,21,21,21
171337,1,1,1984,29,29,29,29,29,29,29,29,29,29
171338,0,1,1984,30,30,30,30,30,30,30,30,30,30
171338,0,2,1984,5,5,5,5,5,5,5,5,5,5
171338,1,1,1984,9,11,10,24,0,24,11,0,0,0
171339,1,1,1984,24,24,24,24,24,24,24,24,24,24
171340,1,1,1984,6,6,6,6,6,6,6,6,6,6
171341,1,1,1984,18,18,18,18,18,18,18,18,18,18
171342,1,1,1984,0,0,0,0,0,0,0,0,0,0
171342,2,1,1984,0,0,0,0,0,0,0,0,0,0
171343,0,1,1984,20,20,20,20,20,20,20,20,20,20
171343,1,1,1984,25,3,14,15,8,10,27,3,31,13
171343,2,1,1984,0,0,0,0,0,0,6,0,0,0
171344,1,1,1984,0,0,0,0,0,0,0,0,0,0
171344,2,1,1984,0,0,0,0,0,0,0,0,0,0
171345,1,1,1984,12,12,12,12,12,12,12,12,12,12
171346,0,1,1984,13,13,13,13,13,13,13,13,13,13
171346,1,1,1984,23,0,18,17,0,0,32,0,13,0
171347,1,1,1984,0,0,0,0,0,0,0,0,0,0
171347,2,1,1984,0,0,0,0,0,0,0,0,0,0
171348,0,1,1984,26,26,26,26,26,26,26,26,26,26
171348,1,1,1984,16,16,16,16,16,16,16,16,16,16
171349,0,1,1984,0,0,0,0,0,0,0,0,0,0
171349,1,1,1984,0,0,0,0,7,34,0,0,0,0
171350,0,1,1984,0,0,0,0,0,0,0,0,0,0
171350,1,1,1984,0,0,0,0,0,0,0,0,0,0
171351,1,1,1984,0,0,0,0,0,0,0,0,0,0
171352,1,1,1984,24,24,24,24,24,24,24,24,24,24
171352,2,1,1984,17,17,17,17,17,17,17,17,17,17
171353,1,1,1984,11,11,11,11,11,11,11,11,11,11
171354,0,1,1984,0,0,0,0,0,0,0,0,0,0
171354,1,1,1984,0,0,0,26,0,0,0,0,0,0
171355,0,1,1984,25,7,0,28,26,35,37,26,10,15
171355,0,2,1984,0,0,0,0,0,0,0,0,0,0
171355,1,1,1984,0,0,0,0,0,25,9,11,0,0
171356,0,1,1984,0,0,0,0,0,0,0,0,0,0
171356,1,1,1984,0,0,0,0,0,0,0,0,0,0
171357,1,1,1984,18,18,18,18,18,18,18,18,18,18
171358,1,1,1984,13,13,13,13,13,13,13,13,13,13
171359,1,1,1984,13,13,13,13,13,13,13,13,13,13
171361,1,1,1984,0,0,0,4,0,11,14,0,0,3
171362,0,1,1984,27,27,27,27,27,27,27,27,27,27
171362,0,2,1984,13,13,13,13,13,13,13,13,13,13
171362,1,1,1984,19,8,12,8,4,16,22,23,3,32
171363,0,1,1984,0,0,0,0,0,0,0,0,0,0
171363,1,1,1984,0,0,0,0,0,0,0,0,0,0
171364,1,1,1984,10,0,0,18,20,0,0,0,34,0
171365,0,1,1984,21,21,21,21,21,21,21,21,21,21
171365,1,1,1984,0,0,0,10,0,19,18,0,0,0
171366,1,1,1984,27,27,27,27,27,27,27,27,27,27
171366,2,1,1984,0,0,0,10,23,0,7,0,0,0
171367,1,1,1984,19,19,19,19,19,19,19,19,19,19
171368,0,1,1984,0,0,0,0,0,0,0,0,0,0
171368,1,1,1984,0,0,0,21,0,0,0,30,0,12
171369,1,1,1984,0,6,12,8,20,26,7,33,12,30
171369,2,1,1984,0,0,0,0,0,0,0,0,0,0
171369,3,1,1984,0,5,0,0,0,0,0,0,0,0
171370,1,1,1984,0,0,0,0,0,0,0,0,0,0
171370,2,1,1984,7,7,7,7,7,7,7,7,7,7
171371,1,1,1984,5,4,16,12,0,20,16,28,12,20
171371,2,1,1984,0,0,0,0,0,0,0,0,0,0
171372,0,1,1984,0,0,0,0,0,0,0,0,0,0
171372,1,1,1984,0,0,0,0,0,0,0,0,0,0
171373,1,1,1984,20,0,13,0,0,22,0,10,0,0
171373,2,1,1984,0,0,0,0,0,0,0,0,0,0
171374,0,1,1984,0,0,0,0,0,0,0,0,0,0
171374,1,1,1984,9,13,24,11,19,29,12,11,5,24
171375,1,1,1984,0,0,0,0,0,0,0,0,0,0
171375,2,1,1984,0,0,0,0,0,0,0,0,0,11
171376,0,1,1984,0,0,0,0,0,0,0,0,0,0
171376,1,1,1984,0,0,0,0,0,0,0,0,0,0
171377,1,1,1984,0,0,0,0,0,0,0,0,0,0
171378,1,1,1984,0,0,0,0,0,0,0,0,0,0
171379,0,1,1984,0,13,14,11,10,19,30,0,0,0
171379,0,2,1984,21,24,0,8,33,0,0,5,0,0
171379,0,3,1984,0,28,0,0,0,15,0,9,13,0
171379,0,4,1984,17,8,17,0,0,0,32,0,8,17
171379,0,5,1984,0,11,0,15,0,0,24,0,6,0
171379,3,1,1984,0,26,21,9,19,0,0,0,0,0
171379,4,1,1984,0,41,27,0,0,0,12,10,0,14
171380,1,1,1984,7,7,21,6,7,17,19,18,13,6
171380,2,1,1984,19,20,0,25,0,0,0,15,30,17
171381,1,1,1984,0,0,0,0,0,0,0,0,0,0
171381,2,1,1984,0,19,0,0,20,11,10,0,0,0
171382,1,1,1984,0,0,0,0,0,0,0,0,0,0
171382,2,1,1984,0,0,0,17,0,0,0,0,0,12
171383,1,1,1984,0,0,0,13,0,0,0,17,0,0
171384,1,1,1984,0,0,26,0,0,20,0,0,0,0
171385,1,1,1984,0,0,0,0,0,0,0,0,0,0
171385,2,1,1984,0,7,0,0,0,0,0,0,0,0
171386,1,1,1984,24,24,24,24,24,24,24,24,24,24
171387,1,1,1984,0,0,0,0,0,0,0,0,0,0
171387,2,1,1984,0,0,0,0,0,0,0,0,0,0
171388,0,1,1984,0,0,0,0,0,0,0,0,0,0
171388,1,1,1984,0,0,0,0,0,0,0,0,0,0
171389,0,1,1984,19,19,19,19,19,19,19,19,19,19
171389,1,1,1984,19,11,0,20,0,13,13,0,0,0
171390,0,1,1984,0,0,6,15,0,0,0,0,16,0
171390,0,2,1984,0,30,0,0,0,0,0,0,0,0
171390,2,1,1984,0,0,0,0,0,0,0,0,0,0
171391,1,1,1984,24,25,29,19,12,6,15,10,25,11
171391,2,1,1984,11,11,11,11,11,11,11,11,11,11
171392,0,1,1984,8,0,6,10,13,0,0,0,18,25
171392,1,1,1984,0,15,0,27,12,0,0,0,0,0
171393,1,1,1984,8,8,8,8,8,8,8,8,8,8
171394,1,1,1984,23,23,23,23,23,23,23,23,23,23
171395,1,1,1984,0,0,0,0,0,0,0,0,0,0
171395,2,1,1984,0,0,0,0,0,0,0,0,0,0
171396,0,1,1984,0,0,0,0,0,0,0,0,0,0
171396,1,1,1984,0,0,0,0,0,32,0,0,17,10
171397,1,1,1984,0,0,0,0,0,0,0,0,0,0
171398,1,1,1984,0,0,0,0,0,15,0,0,0,0
171398,2,1,1984,0,0,0,0,0,0,0,0,0,0
171399,1,1,1984,0,9,0,0,0,0,0,0,21,0
171400,1,1,1984,19,0,15,15,0,14,32,21,35,8
171401,1,1,1984,8,14,14,17,12,15,2,18,12,18
180001,1,1,1984,0,0,0,0,0,0,0,0,0,0
180001,2,1,1984,26,26,26,26,26,26,26,26,26,26
180002,1,1,1984,21,21,21,21,21,21,21,21,21,21
180002,2,1,1984,0,0,0,19,0,0,13,0,0,0
180002,3,1,1984,21,0,26,7,0,0,0,0,0,3
180003,0,1,1984,23,23,23,23,23,23,23,23,23,23
180003,1,1,1984,0,0,0,0,0,0,0,0,0,0
180004,1,1,1984,0,0,0,0,0,0,0,0,0,0
180004,2,1,1984,0,0,0,0,0,0,0,0,0,0
180004,3,1,1984,0,0,0,0,0,0,0,0,0,0
180005,1,1,1984,30,0,0,0,18,0,0,27,0,0
180006,1,1,1984,13,13,13,13,13,13,13,13,13,13
180007,1,1,1984,11,11,11,11,11,11,11,11,11,11
180008,1,1,1984,25,25,25,25,25,25,25,25,25,25
180009,1,1,1984,12,14,8,27,22,10,34,0,8,14
180010,0,1,1984,25,25,25,25,25,25,25,25,25,25
180010,1,1,1984,0,0,0,0,0,0,0,0,0,0
180011,1,1,1984,0,0,0,0,0,0,0,42,0,0
180012,1,1,1984,13,13,13,13,13,13,13,13,13,13
180013,0,1,1984,28,28,28,28,28,28,28,28,28,28
180013,1,1,1984,0,0,19,0,0,0,0,21,0,0
180014,0,1,1984,0,0,0,0,0,14,0,0,0,22
180014,1,1,1984,0,0,0,0,0,0,0,0,0,0
180015,1,1,1984,34,34,34,34,34,34,34,34,34,34
180016,0,1,1984,14,0,0,0,0,0,0,0,0,34
180016,1,1,1984,0,0,19,0,14,0,0,0,0,32
180017,1,1,1984,14,14,14,14,14,14,14,14,14,14
180018,1,1,1984,0,0,0,0,0,0,0,0,0,0
180018,2,1,1984,0,0,0,0,0,0,0,0,0,0
180019,1,1,1984,0,0,0,0,0,0,0,0,0,0
180020,1,1,1984,0,0,0,0,0,0,0,0,0,0
180020,2,1,1984,17,0,0,13,0,0,0,0,0,0
180021,1,1,1984,0,0,0,0,0,0,0,0,0,0
180021,2,1,1984,0,0,0,0,18,0,0,0,0,0
180021,3,1,1984,0,0,0,7,0,0,0,0,0,0
180022,1,1,1984,35,18,4,7,24,18,20,14,32,8
180023,1,1,1984,18,18,18,18,18,18,18,18,18,18
180023,2,1,1984,24,24,24,24,24,24,24,24,24,24
180024,1,1,1984,18,18,18,18,18,18,18,18,18,18
180024,2,1,1984,0,0,17,0,0,0,0,8,25,0
180025,1,1,1984,17,17,17,17,17,17,17,17,17,17
180026,1,1,1984,0,0,0,0,0,0,0,0,0,0
180026,2,1,1984,0,0,0,0,0,0,0,0,0,0
180026,3,1,1984,0,0,0,0,0,0,0,0,0,0
180027,0,1,1984,0,0,0,0,0,0,0,0,0,0
180027,1,1,1984,0,0,0,0,0,0,0,0,0,0
180027,2,1,1984,0,0,0,0,0,0,0,0,0,0
180028,1,1,1984,3,3,3,3,3,3,3,3,3,3
180029,1,1,1984,17,17,17,17,17,17,17,17,17,17
180030,1,1,1984,0,0,0,0,0,0,0,0,0,0
180031,1,1,1984,23,0,0,0,0,0,0,0,0,8
180032,1,1,1984,15,23,26,21,0,14,19,16,15,39
180033,1,1,1984,0,0,0,0,0,0,12,0,0,0
180034,1,1,1984,0,0,0,0,0,0,0,0,0,0
180035,0,1,1984,0,0,0,0,0,0,0,0,0,0
180035,1,1,1984,0,0,0,8,0,0,0,0,0,17
180036,1,1,1984,0,0,0,0,0,0,0,0,0,0
180036,2,1,1984,0,0,0,0,0,0,0,0,0,0
180036,3,1,1984,0,0,0,0,0,0,0,0,0,0
180037,1,1,1984,0,0,0,0,0,0,0,0,0,0
180037,2,1,1984,22,0,0,0,24,0,32,23,0,10
180038,1,1,1984,0,17,0,0,0,20,0,0,0,0
180038,2,1,1984,19,0,0,0,0,0,0,0,0,0
180040,1,1,1984,0,0,0,0,0,0,0,0,0,0
180041,1,1,1984,0,0,0,0,0,0,0,0,0,0
180042,1,1,1984,0,0,0,0,0,0,0,0,0,0
180043,1,1,1984,22,22,22,22,22,22,22,22,22,22
180044,1,1,1984,24,24,24,24,24,24,24,24,24,24
180045,1,1,1984,0,0,0,0,0,0,0,0,0,0
180045,2,1,1984,0,0,0,0,0,0,0,0,0,0
180046,1,1,1984,0,0,0,0,0,0,0,0,0,0
180046,2,1,1984,0,0,0,0,0,0,0,0,0,0
180047,1,1,1984,0,0,0,11,16,14,17,33,15,0
180048,1,1,1984,0,8,0,0,0,0,0,0,0,0
180049,1,1,1984,28,28,28,28,28,28,28,28,28,28
180050,1,1,1984,0,0,0,0,0,0,0,0,0,0
180050,2,1,1984,0,0,0,0,0,0,0,0,0,9
180051,1,1,1984,0,0,0,0,7,0,0,0,0,0
180052,1,1,1984,0,0,0,18,0,0,0,0,23,0
180053,1,1,1984,0,0,21,0,0,0,0,0,0,0
180055,1,1,1984,0,0,0,0,0,0,0,0,0,0
180056,1,1,1984,23,23,23,23,23,23,23,23,23,23
180057,1,1,1984,9,9,9,9,9,9,9,9,9,9
180058,1,1,1984,0,0,0,0,0,0,0,0,0,0
180059,0,1,1984,0,0,0,16,18,0,0,0,0,27
180059,1,1,1984,0,0,6,0,0,0,15,0,0,0
180060,0,1,1984,0,0,0,0,0,0,0,0,0,0
180060,1,1,1984,0,0,0,0,0,0,0,0,0,0
180061,1,1,1984,0,0,0,0,0,0,0,0,0,0
180061,2,1,1984,0,0,0,0,0,0,0,0,0,0
180062,0,1,1984,0,13,0,0,0,14,0,15,21,0
180062,1,1,1984,0,0,0,0,0,0,0,0,0,0
180063,0,1,1984,17,0,22,5,11,0,8,0,0,0
180063,1,1,1984,8,8,8,8,8,8,8,8,8,8
180064,1,1,1984,0,0,10,0,0,0,0,0,0,0
180064,2,1,1984,0,0,0,0,0,0,0,0,0,0
180065,0,1,1984,0,0,0,0,0,0,0,0,21,0
180065,1,1,1984,0,0,0,0,0,0,0,0,0,0
180065,2,1,1984,17,0,0,0,12,0,0,0,0,0
180066,0,1,1984,13,4,0,0,7,19,6,17,12,15
180066,1,1,1984,18,22,25,0,14,7,0,0,10,23
180067,0,1,1984,0,0,0,0,0,0,0,0,0,0
180067,1,1,1984,0,0,0,0,0,0,0,0,0,0
180068,0,1,1984,0,0,0,8,0,0,0,0,0,0
180068,1,1,1984,0,0,0,0,0,0,0,0,0,0