ST_CASE,VEH_NO,PER_NO,YEAR,P1,P2,P3,P4,P5,P6,P7,P8,P9,P10
180068,2,1,1984,0,0,0,0,0,0,0,0,0,0
180069,1,1,1984,0,0,0,0,0,0,0,0,0,0
180069,2,1,1984,0,0,0,0,0,0,0,0,0,0
180070,1,1,1984,0,0,0,0,0,0,0,0,0,7
180071,1,1,1984,20,20,20,20,20,20,20,20,20,20
180071,2,1,1984,0,0,0,0,0,0,0,0,0,0
180072,1,1,1984,8,8,8,8,8,8,8,8,8,8
180072,2,1,1984,0,0,0,0,0,0,0,0,0,0
180073,1,1,1984,21,21,21,21,21,21,21,21,21,21
180074,1,1,1984,0,0,0,0,0,0,0,0,0,0
180075,1,1,1984,33,33,33,33,33,33,33,33,33,33
180076,0,1,1984,15,0,0,0,0,0,0,0,0,0
180076,1,1,1984,0,0,0,0,0,0,0,0,0,0
180077,1,1,1984,25,25,25,25,25,25,25,25,25,25
180077,2,1,1984,14,0,15,32,0,0,0,0,0,0
180078,0,1,1984,24,10,0,45,34,0,0,21,0,34
180078,1,1,1984,0,0,0,0,0,0,0,0,0,0
180079,1,1,1984,0,0,0,0,0,0,0,0,0,0
180079,2,1,1984,0,0,0,0,0,0,0,0,0,0
180080,1,1,1984,0,0,0,0,0,0,0,0,0,0
180080,2,1,1984,0,0,0,0,0,0,0,0,0,0
180081,1,1,1984,6,0,0,17,10,12,13,9,0,18
180082,1,1,1984,0,0,0,12,7,0,0,0,0,0
180082,2,1,1984,0,0,0,0,7,0,0,0,0,0
180083,1,1,1984,0,0,0,0,0,0,0,0,0,0
180083,2,1,1984,0,0,0,0,0,0,0,0,0,0
180084,1,1,1984,17,17,17,17,17,17,17,17,17,17
180085,1,1,1984,0,0,0,0,0,0,0,0,0,0
180086,1,1,1984,20,20,20,20,20,20,20,20,20,20
180086,2,1,1984,0,0,0,0,0,0,0,0,0,0
180087,1,1,1984,0,0,12,0,0,0,0,0,0,0
180087,2,1,1984,0,6,0,0,0,0,0,0,0,0
180088,1,1,1984,0,0,0,0,0,0,0,0,0,0
180088,2,1,1984,0,0,0,0,0,0,0,0,0,0
180089,1,1,1984,0,0,0,0,0,0,0,0,0,0
180089,2,1,1984,0,0,0,0,0,0,0,0,0,0
180090,1,1,1984,19,19,19,19,19,19,19,19,19,19
180091,0,1,1984,18,0,7,0,0,25,20,12,0,22
180091,1,1,1984,10,6,0,7,14,0,21,26,4,20
180092,1,1,1984,12,12,12,12,12,12,12,12,12,12
180093,1,1,1984,0,0,0,0,0,10,0,19,19,0
180094,1,1,1984,18,18,18,18,18,18,18,18,18,18
180095,1,1,1984,4,0,0,0,0,0,0,20,0,0
180096,1,1,1984,0,0,0,0,0,0,0,0,7,0
180096,2,1,1984,0,0,0,0,0,0,0,0,0,25
180097,1,1,1984,0,0,0,0,0,0,0,0,0,0
180097,2,1,1984,12,12,12,12,12,12,12,12,12,12
180098,1,1,1984,0,0,0,0,0,0,0,0,0,0
180098,2,1,1984,0,0,0,0,0,0,0,0,0,0
180099,1,1,1984,0,0,0,0,0,0,0,0,0,0
180100,1,1,1984,0,0,0,0,0,0,0,0,0,0
180101,0,1,1984,14,9,18,10,16,13,20,0,3,0
180101,1,1,1984,0,0,0,0,33,0,0,0,0,0
180102,1,1,1984,16,16,16,16,16,16,16,16,16,16
180103,1,1,1984,0,0,0,0,0,0,0,0,0,0
180104,0,1,1984,0,0,0,0,0,0,0,0,26,0
180104,1,1,1984,0,0,0,0,0,0,0,0,0,0
180105,1,1,1984,26,26,26,26,26,26,26,26,26,26
180106,1,1,1984,19,19,19,19,19,19,19,19,19,19
180106,2,1,1984,0,0,0,0,0,23,17,0,0,0
180107,1,1,1984,18,18,18,18,18,18,18,18,18,18
180108,1,1,1984,0,0,0,0,0,0,17,21,0,19
180109,1,1,1984,0,0,0,0,0,0,0,0,0,0
180109,2,1,1984,0,0,16,0,0,6,0,0,0,0
180113,1,1,1984,0,20,0,0,16,0,25,0,17,19
180113,2,1,1984,24,0,20,26,0,27,27,14,12,21
180114,1,1,1984,0,0,0,0,0,0,0,0,0,0
180114,2,1,1984,0,0,0,0,0,0,0,0,0,0
180115,1,1,1984,0,0,0,0,0,0,0,0,0,0
180115,2,1,1984,0,0,0,0,0,0,0,0,0,0
180116,1,1,1984,0,0,0,0,0,0,0,0,0,0
180117,1,1,1984,31,31,31,31,31,31,31,31,31,31
180117,2,1,1984,0,0,0,0,0,0,0,0,0,0
180118,1,1,1984,25,25,25,25,25,25,25,25,25,25
180119,1,1,1984,24,24,24,24,24,24,24,24,24,24
180119,2,1,1984,0,0,0,0,0,0,0,15,0,0
180119,3,1,1984,0,0,0,0,19,0,0,0,0,0
180120,1,1,1984,0,0,7,0,0,0,0,0,0,0
180120,2,1,1984,0,0,0,13,0,0,0,0,0,0
180121,1,1,1984,24,24,24,24,24,24,24,24,24,24
180122,1,1,1984,5,5,5,5,5,5,5,5,5,5
180123,0,1,1984,14,14,14,14,14,14,14,14,14,14
180123,1,1,1984,0,0,0,0,0,0,0,0,0,0
180124,1,1,1984,0,0,0,0,0,0,0,0,0,0
180124,2,1,1984,0,0,0,0,0,5,23,0,15,0
180125,1,1,1984,13,27,0,0,0,0,20,12,0,9
180126,1,1,1984,0,0,0,0,0,0,0,0,0,0
180126,2,1,1984,0,0,0,0,0,0,0,0,0,0
180127,1,1,1984,0,0,0,0,0,0,0,0,0,0
180127,2,1,1984,0,0,4,0,0,0,0,0,0,0
180128,1,1,1984,0,0,0,0,0,0,0,0,0,0
180128,2,1,1984,0,0,0,0,0,0,0,0,0,0
180129,1,1,1984,12,12,12,12,12,12,12,12,12,12
180130,1,1,1984,5,5,5,5,5,5,5,5,5,5
180130,2,1,1984,20,20,20,20,20,20,20,20,20,20
180131,1,1,1984,0,0,0,0,0,0,0,0,0,0
180131,2,1,1984,12,12,12,12,12,12,12,12,12,12
180132,1,1,1984,0,0,0,0,9,0,0,0,0,28
180133,1,1,1984,8,34,0,0,0,0,24,0,33,16
180134,1,1,1984,0,0,0,0,0,0,0,0,0,0
180135,1,1,1984,0,0,0,0,0,0,0,0,15,0
180136,0,1,1984,0,0,0,0,0,0,0,0,0,0
180136,1,1,1984,0,0,0,0,17,0,0,0,0,0
180137,1,1,1984,0,0,0,0,0,0,0,0,0,0
180138,0,1,1984,3,3,3,3,3,3,3,3,3,3
180138,1,1,1984,0,0,0,0,20,0,0,0,0,0
180139,0,1,1984,36,36,36,36,36,36,36,36,36,36
180139,1,1,1984,0,0,8,0,8,26,0,0,0,0
180140,1,1,1984,15,0,0,14,0,0,0,0,0,0
180141,1,1,1984,0,0,0,0,0,0,0,0,0,0
180141,2,1,1984,0,0,0,0,0,0,0,0,0,0
180142,1,1,1984,34,34,34,34,34,34,34,34,34,34
180142,2,1,1984,42,0,0,0,0,0,0,0,0,0
180143,1,1,1984,0,0,0,0,0,0,0,0,0,0
180143,2,1,1984,0,0,0,0,0,0,0,0,0,0
180144,0,1,1984,0,0,0,0,0,0,0,0,0,20
180144,1,1,1984,0,0,0,0,0,0,0,0,0,0
180145,0,1,1984,27,27,27,27,27,27,27,27,27,27
180145,1,1,1984,10,10,10,10,10,10,10,10,10,10
180146,1,1,1984,13,13,13,13,13,13,13,13,13,13
180146,2,1,1984,0,0,0,0,0,0,0,0,0,0
180147,1,1,1984,0,0,0,0,0,0,0,0,0,0
180148,1,1,1984,0,0,0,0,0,0,0,0,0,0
180149,1,1,1984,0,0,0,0,29,21,0,0,0,0
180149,2,1,1984,0,0,0,0,23,0,0,0,0,11
180150,1,1,1984,0,0,0,0,0,11,0,9,20,0
180151,1,1,1984,22,22,22,22,22,22,22,22,22,22
180152,1,1,1984,7,7,7,7,7,7,7,7,7,7
180152,2,1,1984,0,0,0,0,0,0,0,0,0,0
180153,1,1,1984,0,0,0,0,0,0,0,0,0,0
180153,2,1,1984,0,0,0,0,0,0,0,0,0,0
180153,3,1,1984,0,0,0,0,0,0,0,0,0,0
180154,1,1,1984,22,0,0,0,0,6,0,0,0,0
180154,2,1,1984,34,34,34,34,34,34,34,34,34,34
180155,1,1,1984,23,23,23,23,23,23,23,23,23,23
180155,2,1,1984,0,11,2,0,0,0,0,0,0,0
180156,1,1,1984,0,0,0,0,0,0,0,0,0,0
180157,1,1,1984,19,19,19,19,19,19,19,19,19,19
180158,0,1,1984,0,0,0,0,0,0,0,0,0,0
180158,1,1,1984,0,0,0,0,0,0,0,0,0,0
180159,1,1,1984,13,13,13,13,13,13,13,13,13,13
180160,1,1,1984,16,16,16,16,16,16,16,16,16,16
180161,0,1,1984,18,45,36,0,13,17,19,4,14,14
180161,1,1,1984,0,0,0,0,0,0,0,0,0,0
180163,1,1,1984,15,15,15,15,15,15,15,15,15,15
180163,2,1,1984,15,15,15,15,15,15,15,15,15,15
180164,1,1,1984,0,0,0,0,0,0,0,0,0,0
180164,2,1,1984,0,0,0,0,0,0,0,0,0,0
180165,1,1,1984,0,0,0,0,0,0,0,0,0,0
180166,0,1,1984,45,45,45,45,45,45,45,45,45,45
180166,1,1,1984,0,0,0,0,0,0,0,0,0,29
180167,1,1,1984,0,10,0,0,0,0,14,0,0,0
180167,2,1,1984,0,0,0,0,0,0,0,0,0,0
180168,1,2,1984,0,0,0,0,0,0,0,0,0,0
180168,2,1,1984,0,0,0,0,0,0,0,0,0,0
180169,1,1,1984,4,4,4,4,4,4,4,4,4,4
180170,1,1,1984,0,0,0,0,0,0,0,0,0,0
180171,1,1,1984,0,0,0,0,0,0,0,0,0,0
180171,2,1,1984,0,0,0,0,0,0,0,0,0,0
180172,0,1,1984,0,11,0,7,0,0,0,0,0,0
180172,1,1,1984,0,0,0,9,0,0,14,0,0,0
180173,0,1,1984,0,33,29,11,0,0,30,32,0,0
180173,1,1,1984,15,15,15,15,15,15,15,15,15,15
180174,1,1,1984,1,1,1,1,1,1,1,1,1,1
180175,1,1,1984,0,0,0,0,0,0,0,0,0,0
180175,2,1,1984,0,0,0,0,0,0,0,0,0,0
180176,0,1,1984,25,25,25,25,25,25,25,25,25,25
180176,1,1,1984,0,0,0,0,0,0,0,0,0,0
180177,1,1,1984,14,14,14,14,14,14,14,14,14,14
180177,2,1,1984,11,0,0,0,0,0,0,0,9,0
180178,0,1,1984,0,0,0,0,0,0,0,0,0,0
180178,1,1,1984,7,7,7,7,7,7,7,7,7,7
180179,1,1,1984,0,0,0,0,0,0,0,0,0,0
180180,1,1,1984,0,0,0,0,0,0,0,0,0,0
180181,1,1,1984,15,15,15,15,15,15,15,15,15,15
180182,1,1,1984,0,0,0,0,0,0,0,0,0,0
180183,1,1,1984,28,28,28,28,28,28,28,28,28,28
180183,2,1,1984,0,0,0,0,0,0,0,0,0,0
180184,1,1,1984,17,17,17,17,17,17,17,17,17,17
180185,1,1,1984,13,17,27,21,15,0,0,0,0,10
180186,1,1,1984,19,19,19,19,19,19,19,19,19,19
180187,1,1,1984,18,0,0,13,0,0,34,0,0,0
180188,1,1,1984,28,28,28,28,28,28,28,28,28,28
180189,1,1,1984,0,0,0,0,0,0,0,0,0,0
180189,2,1,1984,0,0,0,0,0,0,0,0,0,0
180190,0,1,1984,0,0,0,0,0,0,21,0,0,0
180190,1,1,1984,0,0,0,0,0,0,0,0,0,0
180191,1,1,1984,0,0,0,0,0,0,0,0,0,0
180191,2,1,1984,0,0,0,0,0,0,0,0,0,0
180192,1,1,1984,17,17,17,17,17,17,17,17,17,17
180193,1,1,1984,5,5,5,5,5,5,5,5,5,5
180194,1,1,1984,0,0,0,0,0,0,0,0,0,0
180194,2,1,1984,0,0,8,0,0,0,0,0,0,0
180195,1,1,1984,0,0,0,0,0,0,0,0,0,0
180195,2,1,1984,0,0,11,0,0,0,0,0,0,0
180196,0,1,1984,0,0,0,0,0,0,0,0,0,0
180196,1,1,1984,0,0,0,0,0,0,0,0,0,0
180197,0,1,1984,4,20,0,25,0,16,11,15,28,42
180197,1,1,1984,12,0,10,0,16,27,16,16,0,0
180198,1,1,1984,0,0,0,0,0,0,0,0,0,0
180199,1,1,1984,0,0,0,0,0,0,0,0,0,0
180200,1,1,1984,0,15,0,0,0,0,0,0,0,0
180200,2,1,1984,0,0,0,0,0,0,0,0,0,0
180201,1,1,1984,0,0,0,0,0,0,0,0,0,0
180201,2,1,1984,0,0,4,9,24,0,0,0,0,0
180202,0,1,1984,10,10,10,10,10,10,10,10,10,10
180202,1,1,1984,6,6,6,6,6,6,6,6,6,6
180203,1,1,1984,18,18,18,18,18,18,18,18,18,18
180204,1,1,1984,0,0,0,0,0,0,0,0,0,0
180204,2,1,1984,0,0,0,0,0,0,0,0,0,0
180205,1,1,1984,0,0,0,0,0,0,0,0,0,0
180205,2,1,1984,0,0,0,0,0,0,0,0,0,0
180205,3,1,1984,0,0,0,0,0,0,0,0,0,0
180205,4,1,1984,0,0,0,0,0,0,0,0,0,0
180205,5,1,1984,0,0,0,0,0,0,0,0,0,0
180205,6,1,1984,0,0,0,0,0,0,0,0,0,0
180206,1,1,1984,27,27,27,27,27,27,27,27,27,27
180207,1,1,1984,10,10,10,10,10,10,10,10,10,10
180207,2,1,1984,0,0,0,0,0,0,0,0,0,0
180208,1,1,1984,22,22,22,22,22,22,22,22,22,22
180209,1,1,1984,0,0,0,0,0,0,0,0,0,0
180209,2,1,1984,0,0,12,0,0,0,0,0,0,0
180210,1,1,1984,26,26,26,26,26,26,26,26,26,26
180211,1,1,1984,19,19,19,19,19,19,19,19,19,19
180212,1,1,1984,11,11,11,11,11,11,11,11,11,11
180213,1,1,1984,0,0,0,0,0,0,0,0,0,0
180213,2,1,1984,0,0,0,0,0,0,0,0,0,0
180214,1,1,1984,0,0,0,0,0,0,0,0,0,0
180214,2,1,1984,0,0,0,3,0,0,0,0,0,0
180216,1,1,1984,6,0,7,17,10,0,13,14,6,26
180217,1,1,1984,0,0,0,0,0,0,0,0,0,0
180218,1,1,1984,19,19,19,19,19,19,19,19,19,19
180219,1,1,1984,15,15,15,15,15,15,15,15,15,15
180219,2,1,1984,0,0,0,0,0,0,0,0,0,0
180220,1,1,1984,0,11,8,8,25,14,13,5,26,5
180221,1,1,1984,35,35,35,35,35,35,35,35,35,35
180221,2,1,1984,20,20,20,20,20,20,20,20,20,20
180222,0,1,1984,0,0,0,0,0,0,0,0,0,0
180222,1,1,1984,14,27,0,0,29,28,0,21,0,0
180223,1,1,1984,7,7,7,7,7,7,7,7,7,7
180223,2,1,1984,0,0,0,0,0,0,0,0,0,0
180224,1,1,1984,13,13,13,13,13,13,13,13,13,13
180225,1,1,1984,25,25,25,25,25,25,25,25,25,25
180225,2,1,1984,0,0,0,21,5,0,24,22,16,0
180226,1,1,1984,9,9,9,9,9,9,9,9,9,9
180227,1,1,1984,0,0,22,0,0,0,0,0,0,0
180227,2,1,1984,0,0,0,0,0,0,0,0,0,0
180228,0,1,1984,0,19,0,28,0,14,0,0,0,0
180228,1,1,1984,19,0,0,0,0,0,0,0,0,0
180229,1,1,1984,0,0,0,0,0,0,0,0,0,0
180230,1,1,1984,0,0,0,0,0,10,0,0,0,0
180231,1,1,1984,0,0,0,0,0,0,0,0,0,0
180232,1,1,1984,0,0,0,0,0,25,30,0,17,0
180232,2,1,1984,0,0,0,0,0,0,0,0,0,0
180233,1,1,1984,12,23,17,20,11,0,6,25,9,15
180234,1,1,1984,0,19,9,7,9,10,15,17,12,21
180235,1,1,1984,20,20,20,20,20,20,20,20,20,20
180236,1,1,1984,15,15,15,15,15,15,15,15,15,15
180237,1,1,1984,7,7,7,7,7,7,7,7,7,7
180238,1,1,1984,17,33,13,19,28,14,21,28,26,19
180239,1,1,1984,0,0,0,0,0,0,0,0,0,0
180239,2,1,1984,0,0,0,0,0,0,0,25,0,0
180240,1,1,1984,0,0,0,0,0,0,0,0,0,0
180241,1,1,1984,17,15,9,25,8,6,3,17,11,8
180242,1,1,1984,21,21,21,21,21,21,21,21,21,21
180242,2,1,1984,0,0,0,0,0,0,0,0,0,0
180243,1,1,1984,0,0,0,0,0,0,0,0,0,0
180243,2,1,1984,19,19,19,19,19,19,19,19,19,19
180244,1,1,1984,0,20,0,0,0,0,0,17,0,0
180244,2,1,1984,0,0,0,0,0,17,0,0,0,0
180245,1,1,1984,0,14,24,15,9,20,0,16,0,0
180246,1,1,1984,0,0,0,0,0,0,0,0,0,0
180246,2,1,1984,0,0,0,0,0,0,0,0,0,0
180247,1,1,1984,0,0,0,0,0,0,0,0,0,0
180249,1,1,1984,19,19,19,19,19,19,19,19,19,19
180249,2,1,1984,0,0,0,0,0,0,0,0,0,0
180250,0,1,1984,0,0,0,0,0,0,0,0,0,0
180250,1,1,1984,0,0,0,0,0,0,0,0,16,0
180251,1,1,1984,27,27,27,27,27,27,27,27,27,27
180251,2,1,1984,8,0,11,0,0,0,29,0,0,10
180252,1,1,1984,0,4,0,0,12,0,0,0,10,0
180253,1,1,1984,23,0,0,7,0,0,12,4,0,16
180254,1,1,1984,0,0,0,0,0,0,0,0,0,0
180254,2,1,1984,0,0,0,0,0,0,0,0,0,0
180254,4,1,1984,0,0,0,0,0,0,0,0,0,0
180254,5,1,1984,4,4,4,4,4,4,4,4,4,4
180254,6,1,1984,0,0,11,0,0,0,0,0,7,0
180255,0,1,1984,0,0,0,0,0,0,0,0,0,0
180255,1,1,1984,0,0,0,0,0,0,0,0,0,0
180256,1,1,1984,0,0,0,0,0,0,0,0,0,0
180256,2,1,1984,0,0,0,0,0,0,0,0,0,0
180257,0,1,1984,0,0,0,19,0,0,22,0,0,0
180257,1,1,1984,0,0,0,0,25,0,0,0,0,22
180258,1,1,1984,14,14,14,14,14,14,14,14,14,14
180259,1,1,1984,0,4,0,0,0,0,0,0,0,0
180259,2,1,1984,0,0,0,0,0,0,0,0,0,0
180260,1,1,1984,0,0,0,0,0,0,0,0,0,0
180260,2,1,1984,0,0,0,0,0,0,0,0,0,0
180261,1,1,1984,13,13,13,13,13,13,13,13,13,13
180262,1,1,1984,0,0,0,0,0,0,0,0,0,7
180262,2,1,1984,0,0,0,0,0,0,0,0,0,0
180263,1,1,1984,0,0,0,0,0,0,0,0,0,0
180264,0,1,1984,0,0,0,0,0,0,0,0,0,0
180264,1,1,1984,0,0,0,0,0,0,0,0,0,0
180265,1,1,1984,21,21,21,21,21,21,21,21,21,21
180266,1,1,1984,25,25,25,25,25,25,25,25,25,25
180266,2,1,1984,0,0,0,0,0,0,0,0,0,0
180266,3,1,1984,0,0,0,0,0,0,0,0,0,0
180267,0,1,1984,0,0,0,0,0,0,0,0,0,0
180267,1,1,1984,0,0,0,0,0,0,0,0,0,0
180268,1,1,1984,19,19,19,19,19,19,19,19,19,19
180269,1,1,1984,0,0,0,0,0,0,0,0,0,0
180269,2,1,1984,0,0,0,0,0,0,0,0,0,0
180270,1,1,1984,19,19,19,19,19,19,19,19,19,19
180271,0,1,1984,0,0,0,0,0,0,0,0,0,0
180271,1,1,1984,0,0,0,0,0,0,0,0,0,0
180272,1,1,1984,19,19,19,19,19,19,19,19,19,19
180272,2,1,1984,0,0,0,0,0,0,0,0,0,0
180273,1,1,1984,0,0,0,0,0,0,0,0,0,0
180273,2,1,1984,0,0,0,0,0,0,0,0,0,0
180274,1,1,1984,1,1,1,1,1,1,1,1,1,1
180275,1,1,1984,17,14,9,16,21,10,32,20,15,12
180276,1,1,1984,25,25,25,25,25,25,25,25,25,25
180277,0,1,1984,10,0,0,0,0,7,0,0,0,0
180277,1,1,1984,13,17,5,0,7,42,7,12,5,7
180278,1,1,1984,29,29,29,29,29,29,29,29,29,29
180279,1,1,1984,0,0,0,0,0,0,0,0,0,0
180279,2,1,1984,0,0,0,0,0,0,0,0,0,0
180280,0,1,1984,0,0,0,0,0,0,0,0,0,0
180280,1,1,1984,0,0,0,0,0,0,0,0,0,0
180281,1,1,1984,0,0,0,0,0,0,0,0,0,0
180282,0,1,1984,10,10,13,18,19,0,0,33,0,0
180282,1,1,1984,0,0,0,0,0,0,0,0,0,0
180283,1,1,1984,0,0,0,0,0,0,0,0,0,0
180284,1,1,1984,18,18,18,18,18,18,18,18,18,18
180285,1,1,1984,11,11,11,11,11,11,11,11,11,11
180287,1,1,1984,16,27,0,18,0,0,25,24,0,0
180288,1,1,1984,0,0,0,0,0,0,0,0,0,0
180288,2,1,1984,0,0,0,0,2,0,0,0,0,0
180289,1,1,1984,0,0,0,0,0,0,0,0,0,0
180289,2,1,1984,0,0,0,0,0,0,0,0,0,0
180290,1,1,1984,0,0,0,0,0,0,0,0,0,0
180291,1,1,1984,0,0,0,0,0,0,0,0,0,0
180291,2,1,1984,0,0,0,0,0,0,0,0,0,0
180292,1,1,1984,0,0,0,0,0,10,0,0,0,0
180292,2,1,1984,0,0,0,0,0,0,0,0,0,0
180293,1,1,1984,9,9,9,9,9,9,9,9,9,9
180294,1,1,1984,0,0,0,0,0,0,0,0,0,0
180295,1,1,1984,17,17,17,17,17,17,17,17,17,17
180295,2,1,1984,15,15,15,15,15,15,15,15,15,15
180296,1,1,1984,0,0,0,0,0,0,0,0,0,0
180296,2,1,1984,0,13,0,0,0,0,0,0,0,0
180297,1,1,1984,25,25,25,25,25,25,25,25,25,25
180298,1,1,1984,17,17,17,17,17,17,17,17,17,17
180299,1,1,1984,10,10,10,10,10,10,10,10,10,10
180300,1,1,1984,0,0,0,0,0,0,0,0,22,14
180300,2,1,1984,0,0,0,7,0,0,0,0,0,0
180301,1,1,1984,0,0,0,0,0,0,0,10,0,0
180301,2,1,1984,0,0,0,0,0,0,0,0,0,0
180302,1,1,1984,0,0,14,0,0,0,0,15,3,0
180302,2,1,1984,0,0,0,0,0,0,0,0,0,0
180303,1,1,1984,0,0,0,0,0,0,0,0,0,0
180303,2,1,1984,0,0,0,0,0,0,0,0,0,0
180304,1,1,1984,24,24,24,24,24,24,24,24,24,24
180304,2,1,1984,0,0,0,0,0,20,0,28,0,16
180305,1,1,1984,9,9,9,9,9,9,9,9,9,9
180305,2,1,1984,0,26,0,0,0,10,0,0,0,0
180306,1,1,1984,21,21,21,21,21,21,21,21,21,21
180307,1,1,1984,0,0,0,0,0,0,0,0,7,0
180308,1,1,1984,14,14,23,8,13,28,20,10,7,13
180309,1,1,1984,17,0,20,25,0,7,26,0,12,0
180310,1,1,1984,13,10,14,19,21,30,22,0,24,14
180311,1,1,1984,22,22,22,22,22,22,22,22,22,22
180312,1,1,1984,0,0,0,0,0,0,0,0,0,0
180312,2,1,1984,16,16,16,16,16,16,16,16,16,16
180313,1,1,1984,0,0,0,0,0,0,0,0,0,0
180313,2,1,1984,0,0,0,0,0,0,0,0,0,0
180314,1,1,1984,0,0,0,0,0,0,0,0,0,0
180315,1,1,1984,11,11,11,11,11,11,11,11,11,11
180316,1,1,1984,27,27,27,27,27,27,27,27,27,27
180317,1,1,1984,0,0,0,0,0,0,0,0,0,0
180317,2,1,1984,0,0,0,0,0,0,0,0,0,0
180318,1,1,1984,5,5,5,5,5,5,5,5,5,5
180318,2,1,1984,8,8,8,8,8,8,8,8,8,8
180319,1,1,1984,0,0,0,0,0,0,0,0,0,0
180319,2,1,1984,0,0,0,8,0,0,0,0,0,0
180320,1,1,1984,0,0,20,14,0,0,0,0,0,0
180320,2,1,1984,0,0,0,0,0,0,0,0,0,0
180321,1,1,1984,0,20,15,32,14,0,19,14,0,0
180322,1,1,1984,20,29,25,12,18,42,10,20,18,10
180323,1,1,1984,16,16,16,16,16,16,16,16,16,16
180323,2,1,1984,0,0,0,0,0,0,0,0,0,0
180324,1,1,1984,0,0,0,0,0,0,0,0,0,0
180324,2,1,1984,0,0,0,0,0,0,0,0,0,0
180325,1,1,1984,9,9,9,9,9,9,9,9,9,9
180326,1,1,1984,0,0,0,0,0,0,0,0,0,17
180327,1,1,1984,0,24,0,0,0,0,20,0,13,0
180328,1,1,1984,0,0,0,0,20,0,0,0,0,0
180328,2,1,1984,9,9,9,9,9,9,9,9,9,9
180329,1,1,1984,0,15,11,5,31,25,26,0,16,20
180330,0,1,1984,0,0,0,0,0,0,0,0,0,0
180330,1,1,1984,15,15,15,15,15,15,15,15,15,15
180331,1,1,1984,21,21,21,21,21,21,21,21,21,21
180332,1,1,1984,16,16,16,16,16,16,16,16,16,16
180332,2,1,1984,2,2,2,2,2,2,2,2,2,2
180333,1,1,1984,25,25,25,25,25,25,25,25,25,25
180334,0,1,1984,0,0,0,0,0,0,0,0,0,0
180334,1,1,1984,0,0,0,0,0,0,0,0,0,0
180335,1,1,1984,29,29,29,29,29,29,29,29,29,29
180336,0,1,1984,23,0,35,15,26,0,18,25,23,25
180336,1,1,1984,0,0,9,23,9,14,0,7,16,0
180337,0,1,1984,0,0,0,0,0,0,0,0,0,0
180337,1,1,1984,0,0,0,0,0,0,0,0,0,0
180338,1,1,1984,0,0,0,0,0,0,0,0,0,0
180338,2,1,1984,0,0,0,0,0,0,0,0,0,0
180339,1,1,1984,0,0,0,0,0,0,0,0,0,0
180339,2,1,1984,16,16,16,16,16,16,16,16,16,16
180340,1,1,1984,31,31,31,31,31,31,31,31,31,31
180341,0,1,1984,0,0,0,0,0,0,0,0,0,0
180341,1,1,1984,0,0,0,0,0,0,0,0,0,0
180342,1,1,1984,0,29,0,0,0,0,0,0,0,0
180343,1,1,1984,0,0,0,0,0,0,0,0,0,0
180344,0,1,1984,0,0,0,0,0,0,0,0,0,0
180344,1,1,1984,0,0,0,0,0,0,0,0,0,0
180345,1,1,1984,17,17,17,17,17,17,17,17,17,17
180346,1,1,1984,20,22,0,17,34,20,16,27,10,30
180347,1,1,1984,13,35,0,7,37,14,14,17,37,0
180348,0,1,1984,0,0,0,0,0,0,0,13,0,0
180348,1,1,1984,0,19,0,23,0,0,0,0,24,13
180349,1,1,1984,0,0,0,0,0,0,0,0,0,0
180350,0,1,1984,0,0,0,0,0,0,0,0,0,0
180350,1,1,1984,0,0,0,0,0,0,0,0,0,0
180351,1,1,1984,14,14,14,14,14,14,14,14,14,14
180351,2,1,1984,13,0,0,0,0,3,13,0,0,0
180351,3,1,1984,0,0,0,0,13,0,0,0,16,0
180351,4,1,1984,0,11,0,0,0,0,0,0,0,0
180352,0,1,1984,0,0,0,0,0,0,0,0,0,0
180352,0,2,1984,0,0,0,0,0,0,0,0,0,0
180352,1,1,1984,0,0,0,0,0,0,0,0,0,0
180353,1,1,1984,12,11,0,25,0,4,12,26,0,0
180354,1,1,1984,11,10,14,13,5,0,0,27,0,0
180355,1,1,1984,0,0,0,0,0,0,0,0,0,0
180355,2,1,1984,0,32,0,8,0,0,34,17,17,0
180356,0,1,1984,0,0,0,0,0,0,0,0,0,0
180356,1,1,1984,16,16,16,16,16,16,16,16,16,16
180357,1,1,1984,19,19,19,19,19,19,19,19,19,19
180357,2,1,1984,0,0,0,0,0,0,0,0,0,0
180358,1,1,1984,0,0,0,0,0,0,0,0,0,0
180358,2,1,1984,0,0,0,0,0,0,0,0,0,0
180359,1,1,1984,0,0,0,0,0,0,0,0,0,0
180359,2,1,1984,0,0,0,0,0,0,0,0,0,0
180359,3,1,1984,0,0,0,0,0,0,0,0,0,0
180359,4,1,1984,0,0,11,0,0,0,0,0,0,0
180359,5,1,1984,0,0,0,0,0,0,0,0,0,0
180360,0,1,1984,0,0,0,0,0,0,0,0,0,0
180360,1,1,1984,0,0,0,0,0,0,0,0,0,0
180361,1,1,1984,0,0,0,0,0,0,0,0,0,0
180361,2,1,1984,0,0,0,0,0,0,0,0,0,0
180362,1,1,1984,0,0,0,0,0,0,0,0,0,0
180363,1,1,1984,19,19,19,19,19,19,19,19,19,19