ST_CASE,VEH_NO,PER_NO,YEAR,P1,P2,P3,P4,P5,P6,P7,P8,P9,P10
180363,2,1,1984,19,19,19,19,19,19,19,19,19,19
180364,1,1,1984,10,10,10,10,10,10,10,10,10,10
180365,1,1,1984,28,18,9,17,0,0,12,15,23,27
180366,1,1,1984,0,0,0,0,0,0,0,0,0,0
180366,2,1,1984,0,0,0,0,0,0,0,0,0,0
180366,3,1,1984,0,0,0,0,0,0,0,0,0,0
180367,1,1,1984,12,12,12,12,12,12,12,12,12,12
180368,0,1,1984,0,0,0,0,0,0,0,0,0,0
180368,1,1,1984,0,0,0,0,0,0,0,0,0,0
180369,1,1,1984,9,10,20,21,31,38,10,17,16,13
180370,1,1,1984,0,0,0,0,0,0,0,0,0,0
180370,2,1,1984,0,11,0,23,0,0,0,0,0,0
180371,1,1,1984,13,13,13,13,13,13,13,13,13,13
180372,1,1,1984,25,25,25,25,25,25,25,25,25,25
180373,1,1,1984,0,0,0,0,0,0,0,0,0,0
180373,2,1,1984,0,0,0,0,0,0,0,0,0,0
180374,1,1,1984,0,0,0,0,0,0,0,0,0,0
180374,2,1,1984,0,0,0,0,0,0,0,0,0,0
180375,1,1,1984,0,0,0,0,0,0,4,0,0,0
180376,1,1,1984,0,17,0,0,0,0,0,0,0,0
180376,2,1,1984,0,0,0,0,0,0,0,0,0,0
180376,3,1,1984,0,0,0,0,0,0,0,0,0,0
180377,0,1,1984,0,0,0,0,0,0,0,0,0,0
180377,1,1,1984,0,0,0,0,0,0,0,0,0,0
180378,0,1,1984,0,0,0,0,0,0,0,0,0,24
180378,1,1,1984,0,0,0,0,0,0,0,0,0,0
180379,1,1,1984,23,23,23,23,23,23,23,23,23,23
180379,2,1,1984,0,0,0,0,0,0,0,0,0,17
180380,1,1,1984,0,0,0,24,7,0,0,11,8,0
180381,1,1,1984,0,0,0,0,0,0,0,0,0,0
180381,2,1,1984,0,0,0,0,0,0,0,0,0,0
180382,1,1,1984,35,35,35,35,35,35,35,35,35,35
180383,1,1,1984,0,0,0,0,0,0,0,0,0,0
180383,2,1,1984,0,0,0,0,0,0,0,0,0,0
180384,0,1,1984,0,0,0,0,0,0,0,0,0,0
180384,1,1,1984,0,0,0,0,0,0,0,0,0,0
180385,1,1,1984,0,0,12,0,0,0,0,0,0,0
180385,2,1,1984,0,0,0,0,0,0,0,0,0,0
180386,1,1,1984,0,0,0,0,0,0,0,0,0,0
180387,1,1,1984,19,19,19,19,19,19,19,19,19,19
180388,1,1,1984,0,0,0,0,20,0,0,0,0,0
180388,2,1,1984,0,0,0,0,0,0,0,0,0,0
180389,1,1,1984,19,23,20,0,14,17,25,16,22,16
180390,1,1,1984,21,21,21,21,21,21,21,21,21,21
180390,2,1,1984,0,0,0,0,0,0,0,0,0,0
180391,0,1,1984,0,0,0,0,0,0,17,0,0,0
180391,1,1,1984,0,0,0,0,0,0,0,0,0,0
180392,0,1,1984,0,23,14,16,22,0,0,0,0,7
180392,1,1,1984,4,4,4,4,4,4,4,4,4,4
180393,1,1,1984,16,16,16,16,16,16,16,16,16,16
180394,1,1,1984,12,7,0,0,3,0,0,0,0,0
180394,2,1,1984,0,0,0,0,0,0,0,0,0,0
180395,1,1,1984,0,0,0,0,0,0,0,4,0,0
180395,2,1,1984,0,0,0,0,0,0,0,0,0,0
180396,1,1,1984,5,5,5,5,5,5,5,5,5,5
180396,2,1,1984,0,0,0,0,0,0,6,0,0,0
180396,3,1,1984,0,0,0,0,0,0,0,0,0,0
180397,1,1,1984,0,0,0,14,0,0,0,0,0,0
180397,2,1,1984,0,0,0,0,0,0,0,0,0,0
180398,1,1,1984,0,0,0,0,0,0,0,0,0,0
180398,2,1,1984,0,0,0,0,0,0,0,0,0,0
180399,1,1,1984,19,19,19,19,19,19,19,19,19,19
180400,1,1,1984,27,22,19,40,19,28,17,0,33,18
180401,1,1,1984,0,0,0,16,0,0,15,0,0,0
180402,1,1,1984,0,0,0,21,0,23,0,0,23,0
180403,1,1,1984,18,18,18,18,18,18,18,18,18,18
180404,1,1,1984,14,14,14,14,14,14,14,14,14,14
180405,1,1,1984,17,17,17,17,17,17,17,17,17,17
180405,2,1,1984,0,0,0,19,0,0,31,19,0,0
180406,0,1,1984,0,0,0,0,0,0,0,0,0,0
180406,1,1,1984,0,0,0,0,0,0,23,0,0,0
180407,1,1,1984,0,0,0,0,0,0,0,0,0,0
180407,2,1,1984,0,0,0,0,0,0,0,0,0,0
180408,1,1,1984,0,0,0,0,0,0,0,0,0,0
180408,2,1,1984,19,9,0,0,0,0,0,0,0,0
180409,1,1,1984,0,0,26,0,12,0,22,0,0,4
180410,0,1,1984,0,0,0,0,0,0,0,0,0,0
180410,1,1,1984,0,4,0,0,0,0,0,0,0,0
180411,1,1,1984,0,0,0,0,0,0,0,0,0,0
180411,2,1,1984,0,0,0,0,0,0,0,0,0,0
180413,1,1,1984,28,28,28,28,28,28,28,28,28,28
180414,1,1,1984,23,23,23,23,23,23,23,23,23,23
180415,1,1,1984,0,0,0,0,0,0,0,0,0,0
180416,1,1,1984,0,0,0,0,0,0,0,0,0,25
180416,2,1,1984,0,0,7,0,0,0,13,0,0,0
180417,1,1,1984,0,0,0,0,0,0,0,0,0,0
180417,2,1,1984,0,0,0,0,0,0,0,0,0,0
180418,1,1,1984,23,23,23,23,23,23,23,23,23,23
180419,1,1,1984,22,22,22,22,22,22,22,22,22,22
180420,1,1,1984,0,0,0,0,0,0,0,0,0,0
180420,2,1,1984,0,0,0,0,0,0,0,0,0,0
180421,1,1,1984,0,11,8,10,22,16,30,21,0,53
180422,1,1,1984,0,0,0,0,0,0,0,0,0,0
180423,1,1,1984,0,0,12,0,20,0,13,0,19,27
180425,1,1,1984,0,0,0,0,0,26,0,0,22,0
180425,2,1,1984,7,0,0,0,0,0,0,0,2,0
180426,0,1,1984,23,23,23,23,23,23,23,23,23,23
180426,1,1,1984,12,12,12,12,12,12,12,12,12,12
180427,1,1,1984,0,0,0,0,0,0,22,0,0,9
180427,2,1,1984,6,6,6,6,6,6,6,6,6,6
180427,3,1,1984,16,0,0,0,0,0,0,0,0,0
180428,1,1,1984,21,21,21,21,21,21,21,21,21,21
180428,2,1,1984,0,0,0,0,0,0,0,33,0,0
180429,1,1,1984,24,24,24,24,24,24,24,24,24,24
180429,2,1,1984,0,0,0,0,0,0,0,0,0,0
180430,1,1,1984,0,0,0,0,0,0,0,0,0,0
180431,0,1,1984,0,0,0,0,0,0,0,0,0,38
180431,1,1,1984,0,0,0,9,0,0,13,0,0,0
180432,1,1,1984,6,6,13,0,30,0,0,0,0,13
180432,2,1,1984,20,0,0,0,0,0,0,0,0,0
180433,1,1,1984,10,13,0,0,25,0,0,0,0,0
180434,1,1,1984,0,0,0,0,0,0,0,0,0,0
180434,2,1,1984,0,0,0,0,0,0,0,0,0,0
180435,1,1,1984,0,0,0,0,0,0,0,0,0,0
180435,2,1,1984,0,0,0,0,0,0,0,0,0,0
180435,3,1,1984,0,0,0,0,0,0,0,0,0,0
180435,4,1,1984,0,0,0,0,0,7,0,0,15,0
180436,1,1,1984,0,0,0,11,0,0,0,0,0,0
180436,2,1,1984,0,0,0,0,0,0,0,0,0,0
180437,1,1,1984,6,6,6,6,6,6,6,6,6,6
180438,1,1,1984,0,0,0,0,0,0,0,0,0,0
180438,2,1,1984,0,0,0,0,7,0,0,0,0,10
180439,1,1,1984,26,26,26,26,26,26,26,26,26,26
180440,1,1,1984,0,0,0,0,0,0,0,0,0,0
180440,2,1,1984,0,0,0,0,3,0,0,0,0,0
180441,0,1,1984,0,0,0,0,0,0,0,0,0,0
180441,1,1,1984,0,0,0,0,0,0,0,0,0,0
180442,1,1,1984,20,12,0,0,4,25,18,0,15,28
180443,1,1,1984,0,0,0,0,0,0,0,0,0,0
180443,2,1,1984,0,0,0,0,0,0,0,0,0,0
180444,0,1,1984,24,24,24,24,24,24,24,24,24,24
180444,1,1,1984,18,18,18,18,18,18,18,18,18,18
180445,1,1,1984,15,15,15,15,15,15,15,15,15,15
180446,1,1,1984,0,0,0,0,0,0,0,0,0,0
180446,2,1,1984,0,0,0,0,0,0,0,0,0,0
180447,1,1,1984,0,0,0,0,0,0,0,0,0,0
180448,1,1,1984,24,24,24,24,24,24,24,24,24,24
180448,2,1,1984,0,0,0,0,0,0,0,0,0,0
180448,3,1,1984,0,0,0,0,0,0,0,23,0,0
180449,1,1,1984,19,19,19,19,19,19,19,19,19,19
180450,1,1,1984,0,0,23,16,0,0,0,0,13,0
180451,1,1,1984,11,11,11,11,11,11,11,11,11,11
180452,1,1,1984,0,0,0,0,0,0,0,0,0,0
180452,2,1,1984,0,0,0,0,0,0,0,0,0,0
180453,1,1,1984,0,0,0,18,0,15,0,10,0,19
180454,1,1,1984,16,0,16,21,0,0,31,0,0,16
180455,1,1,1984,17,5,18,21,25,9,21,0,19,13
180456,0,1,1984,0,0,0,0,0,0,0,0,0,0
180456,1,1,1984,30,5,0,0,0,22,0,0,0,0
180457,1,1,1984,8,0,0,10,29,11,14,9,0,33
180458,1,1,1984,27,27,27,27,27,27,27,27,27,27
180459,1,1,1984,0,0,0,0,0,0,0,0,0,0
180460,1,1,1984,27,27,27,27,27,27,27,27,27,27
180461,1,1,1984,16,16,16,16,16,16,16,16,16,16
180462,0,1,1984,0,0,0,0,0,0,0,0,0,0
180462,1,1,1984,0,0,0,0,0,3,0,2,0,0
180463,1,1,1984,0,0,0,0,0,0,0,0,0,0
180463,2,1,1984,0,0,0,0,0,0,0,0,0,0
180464,1,1,1984,27,27,27,27,27,27,27,27,27,27
180465,1,1,1984,10,0,11,0,18,13,9,19,0,0
180466,1,1,1984,28,28,28,28,28,28,28,28,28,28
180467,0,1,1984,0,0,0,0,0,0,0,0,0,0
180467,1,1,1984,0,15,0,0,0,0,0,0,0,0
180468,1,1,1984,1,1,1,1,1,1,1,1,1,1
180468,2,1,1984,0,0,0,0,0,0,0,0,0,0
180469,1,1,1984,0,0,0,0,0,0,0,0,0,0
180469,2,1,1984,0,0,0,0,0,0,0,0,0,0
180469,3,1,1984,0,0,0,0,0,20,0,36,0,0
180469,4,1,1984,0,0,0,0,0,0,0,0,0,0
180470,1,1,1984,0,0,0,3,0,17,0,0,16,0
180470,2,1,1984,7,2,14,9,12,9,10,16,9,27
180471,1,1,1984,22,22,22,22,22,22,22,22,22,22
180472,1,1,1984,0,0,0,0,0,0,0,0,0,0
180472,2,1,1984,0,0,0,0,0,0,0,0,0,0
180473,1,1,1984,0,0,0,0,0,0,0,0,0,0
180474,1,1,1984,8,0,0,0,0,0,0,0,0,0
180475,1,1,1984,0,0,0,0,0,0,0,0,0,0
180475,2,1,1984,3,3,3,3,3,3,3,3,3,3
180476,1,1,1984,0,0,0,0,0,0,0,0,0,0
180476,2,1,1984,12,0,0,0,0,5,0,0,0,10
180477,1,1,1984,0,0,0,15,14,12,21,12,15,18
180478,1,1,1984,24,24,24,24,24,24,24,24,24,24
180478,2,1,1984,0,0,0,0,0,0,0,0,0,0
180479,1,1,1984,7,7,7,7,7,7,7,7,7,7
180479,2,1,1984,10,10,10,10,10,10,10,10,10,10
180480,1,1,1984,0,0,0,0,0,0,0,0,9,0
180480,2,1,1984,0,0,0,0,0,0,0,0,0,0
180481,1,1,1984,29,29,29,29,29,29,29,29,29,29
180482,0,1,1984,0,0,0,10,0,0,0,0,0,22
180482,1,1,1984,0,0,0,0,0,0,0,0,0,0
180483,1,1,1984,0,0,0,0,0,0,0,0,0,0
180483,2,1,1984,0,0,0,0,0,0,0,0,0,0
180484,1,1,1984,16,16,16,16,16,16,16,16,16,16
180484,2,1,1984,0,0,0,0,0,0,0,0,0,0
180485,1,1,1984,20,20,20,20,20,20,20,20,20,20
180486,1,1,1984,3,3,3,3,3,3,3,3,3,3
180486,2,1,1984,0,0,0,0,0,0,0,0,0,0
180488,1,1,1984,24,24,24,24,24,24,24,24,24,24
180489,1,1,1984,0,0,0,0,0,0,0,0,0,0
180490,0,1,1984,0,0,0,0,0,0,0,0,0,0
180490,1,1,1984,0,0,0,0,0,0,0,0,20,0
180491,1,1,1984,0,0,0,0,0,0,0,0,0,0
180491,2,1,1984,5,5,5,5,5,5,5,5,5,5
180492,1,1,1984,0,0,0,0,0,0,0,0,0,0
180492,2,1,1984,0,10,0,0,0,0,0,0,0,0
180493,1,1,1984,8,8,8,8,8,8,8,8,8,8
180494,1,1,1984,9,9,9,9,9,9,9,9,9,9
180495,1,1,1984,0,0,22,15,0,0,0,0,0,0
180495,2,1,1984,0,0,0,0,0,0,0,16,0,0
180495,3,1,1984,21,0,28,0,0,25,0,0,0,5
180496,1,1,1984,26,26,26,26,26,26,26,26,26,26
180497,1,1,1984,0,0,0,0,0,0,0,0,0,0
180497,2,1,1984,0,0,0,0,0,0,0,0,0,0
180498,0,1,1984,0,0,0,21,0,0,0,0,0,0
180498,1,1,1984,0,0,0,0,0,0,0,0,0,0
180499,1,1,1984,0,0,0,0,0,0,15,0,0,0
180499,2,1,1984,0,0,0,0,0,0,0,0,0,0
180500,1,1,1984,15,15,15,15,15,15,15,15,15,15
180500,2,1,1984,0,0,0,0,0,0,0,0,0,0
180501,1,1,1984,0,0,0,0,0,0,0,0,0,0
180502,1,1,1984,0,0,0,0,0,0,0,0,0,0
180502,2,1,1984,0,0,0,0,0,0,0,0,0,0
180503,1,1,1984,9,9,9,9,9,9,9,9,9,9
180503,2,1,1984,0,0,0,0,19,0,0,0,11,0
180504,1,1,1984,6,0,0,0,0,0,31,18,16,11
180505,1,1,1984,0,0,0,0,0,0,0,0,0,0
180505,2,1,1984,0,0,0,0,0,0,0,0,0,0
180506,1,1,1984,0,0,0,0,0,0,8,0,0,0
180506,2,1,1984,0,0,0,0,0,0,0,0,0,0
180507,1,1,1984,0,0,0,0,0,0,0,0,0,0
180507,2,1,1984,0,0,0,0,0,0,0,0,0,0
180508,1,1,1984,0,0,0,0,0,0,0,14,0,0
180509,1,1,1984,0,0,0,0,0,0,0,0,0,0
180509,2,1,1984,19,19,19,19,19,19,19,19,19,19
180510,1,1,1984,0,0,0,0,0,0,0,0,0,0
180511,1,1,1984,26,25,20,14,12,17,0,9,23,12
180512,1,1,1984,0,0,0,0,0,0,0,0,0,0
180513,1,1,1984,17,17,17,17,17,17,17,17,17,17
180514,1,1,1984,0,0,0,0,0,0,0,0,0,0
180515,1,1,1984,0,0,0,0,0,0,0,22,0,24
180516,1,1,1984,10,10,10,10,10,10,10,10,10,10
180517,1,1,1984,36,36,36,36,36,36,36,36,36,36
180518,1,1,1984,29,29,29,29,29,29,29,29,29,29
180520,1,1,1984,0,0,0,0,0,0,0,0,0,0
180521,1,1,1984,18,18,18,18,18,18,18,18,18,18
180522,1,1,1984,0,0,0,0,0,0,0,0,0,0
180523,1,1,1984,0,0,0,0,0,0,0,0,0,0
180523,2,1,1984,10,0,0,0,0,3,0,0,0,0
180524,1,1,1984,10,10,10,10,10,10,10,10,10,10
180524,2,1,1984,0,0,0,0,0,0,0,0,0,0
180524,3,1,1984,15,16,12,0,12,14,0,0,16,0
180525,1,1,1984,0,0,0,28,12,0,12,0,13,14
180525,2,1,1984,0,0,0,0,0,0,6,0,0,0
180526,1,1,1984,10,10,10,10,10,10,10,10,10,10
180526,2,1,1984,0,0,0,0,0,0,0,0,0,0
180527,1,1,1984,0,27,22,10,17,0,7,17,21,15
180528,1,1,1984,0,0,0,0,0,0,0,0,0,0
180529,1,1,1984,19,19,19,19,19,19,19,19,19,19
180529,2,1,1984,0,0,0,0,0,0,0,0,0,0
180530,1,1,1984,0,0,0,0,0,0,0,0,0,0
180530,2,1,1984,0,0,0,0,0,0,0,0,0,0
180531,1,1,1984,22,22,22,22,22,22,22,22,22,22
180531,2,1,1984,9,9,9,9,9,9,9,9,9,9
180532,1,1,1984,0,0,0,0,0,0,0,0,0,0
180533,1,1,1984,0,0,0,0,0,0,0,8,0,0
180533,2,1,1984,0,0,21,0,0,0,0,18,0,0
180534,1,1,1984,14,19,12,11,22,0,0,0,0,25
180535,1,1,1984,0,0,0,12,0,0,32,0,0,0
180536,1,1,1984,31,31,31,31,31,31,31,31,31,31
180537,1,1,1984,0,21,0,0,0,0,0,0,0,0
180537,2,1,1984,0,0,0,0,0,0,0,0,0,0
180537,3,1,1984,0,0,0,0,0,0,0,0,0,0
180537,4,1,1984,0,0,0,0,0,0,0,0,0,0
180537,5,1,1984,0,0,0,0,0,0,0,0,0,0
180538,0,1,1984,0,0,0,0,0,0,0,0,0,0
180538,1,1,1984,0,0,0,0,0,0,0,0,0,0
180539,1,1,1984,0,0,0,0,0,0,0,0,0,0
180539,2,1,1984,0,0,0,0,0,0,0,0,0,0
180540,1,1,1984,6,6,6,6,6,6,6,6,6,6
180540,2,1,1984,0,0,0,0,0,0,0,0,0,0
180541,1,1,1984,22,22,22,22,22,22,22,22,22,22
180541,2,1,1984,0,0,0,0,0,0,0,0,0,0
180542,1,1,1984,13,13,13,13,13,13,13,13,13,13
180543,1,1,1984,0,0,0,0,0,0,0,0,0,0
180544,0,1,1984,0,0,0,0,0,0,0,0,0,0
180544,1,2,1984,22,22,22,22,22,22,22,22,22,22
180545,1,1,1984,16,0,20,12,15,11,28,15,16,15
180546,1,1,1984,14,14,14,14,14,14,14,14,14,14
180546,2,1,1984,0,0,0,0,0,0,23,13,0,0
180547,1,1,1984,17,17,17,17,17,17,17,17,17,17
180548,0,1,1984,0,0,0,19,0,0,0,0,0,0
180548,1,1,1984,0,0,0,0,0,0,0,0,0,0
180549,1,1,1984,0,0,0,0,0,0,0,0,0,0
180549,2,1,1984,0,9,0,0,0,0,0,0,0,0
180550,1,1,1984,0,0,0,0,0,0,0,0,0,0
180550,2,1,1984,14,6,20,14,0,14,15,12,16,12
180551,1,1,1984,20,7,21,19,0,21,14,29,17,28
180552,0,1,1984,18,18,18,18,18,18,18,18,18,18
180552,1,1,1984,0,0,0,6,12,0,0,0,0,0
180553,1,1,1984,0,0,0,0,0,0,0,0,0,0
180553,2,1,1984,0,0,0,0,0,0,0,0,0,0
180553,3,1,1984,3,3,3,3,3,3,3,3,3,3
180554,1,1,1984,30,30,30,30,30,30,30,30,30,30
180554,2,1,1984,0,0,0,0,0,0,0,0,0,0
180555,1,1,1984,23,23,23,23,23,23,23,23,23,23
180556,1,1,1984,27,27,27,27,27,27,27,27,27,27
180557,1,1,1984,0,0,0,0,0,0,0,0,0,0
180557,2,1,1984,0,0,0,0,0,0,0,0,0,0
180557,3,1,1984,0,0,0,0,0,0,0,25,0,0
180557,4,1,1984,0,0,0,0,0,0,0,0,0,0
180558,1,1,1984,21,21,21,21,21,21,21,21,21,21
180559,1,1,1984,0,0,0,0,0,0,0,0,0,0
180559,2,1,1984,0,3,15,14,12,9,0,21,0,0
180560,1,1,1984,0,0,0,0,0,0,0,0,0,0
180560,2,1,1984,3,3,3,3,3,3,3,3,3,3
180560,3,1,1984,0,0,0,0,0,0,0,0,0,0
180560,4,1,1984,0,0,0,0,0,0,0,0,0,0
180560,5,1,1984,0,0,0,0,0,0,0,0,0,7
180561,1,1,1984,0,0,0,0,0,0,0,0,0,0
180561,2,1,1984,11,11,11,11,11,11,11,11,11,11
180562,1,1,1984,0,0,0,0,5,0,0,10,0,0
180562,2,1,1984,0,0,0,0,0,0,0,0,0,0
180562,3,1,1984,0,0,0,0,0,0,0,0,0,0
180563,0,1,1984,10,10,10,10,10,10,10,10,10,10
180563,1,1,1984,19,19,19,19,19,19,19,19,19,19
180564,0,1,1984,0,0,0,0,0,0,0,0,0,0
180564,1,1,1984,0,0,0,0,0,0,0,0,0,0
180565,1,1,1984,0,0,0,0,0,0,0,0,0,0
180565,2,1,1984,0,0,0,0,0,0,0,0,0,0
180566,0,1,1984,34,22,35,0,0,0,0,0,0,0
180566,1,1,1984,0,0,0,0,0,0,0,0,0,0
180567,1,1,1984,0,0,0,0,0,0,0,7,0,0
180567,2,1,1984,0,0,0,0,0,0,0,0,0,0
180568,1,1,1984,9,16,16,26,16,9,27,15,0,16
180569,0,1,1984,0,0,0,0,23,0,0,0,0,0
180569,1,1,1984,0,12,0,0,0,0,0,0,0,0
180570,1,1,1984,0,0,0,8,0,0,0,0,0,0
180570,2,1,1984,0,0,0,0,0,0,0,0,0,0
180571,1,1,1984,12,0,33,14,17,25,0,37,20,15
180572,1,1,1984,21,21,21,21,21,21,21,21,21,21
180572,2,1,1984,26,26,26,26,26,26,26,26,26,26
180573,1,1,1984,0,0,0,11,0,11,11,12,19,0
180574,1,1,1984,6,6,6,6,6,6,6,6,6,6
180575,1,1,1984,0,0,0,0,0,0,0,0,0,0
180575,2,1,1984,0,0,0,0,0,0,0,0,0,0
180575,3,1,1984,0,0,0,0,0,0,0,0,0,0
180576,1,1,1984,30,30,30,30,30,30,30,30,30,30
180577,1,1,1984,0,0,0,0,0,0,0,0,0,0
180577,2,1,1984,13,13,13,13,13,13,13,13,13,13
180578,1,1,1984,0,0,0,0,0,0,0,0,0,0
180579,1,1,1984,0,0,0,0,0,0,0,0,0,0
180579,2,1,1984,0,0,0,0,0,0,0,0,0,0
180580,1,1,1984,0,0,0,0,0,0,0,0,0,0
180580,2,1,1984,0,0,0,0,0,0,0,8,0,0
180581,1,1,1984,0,0,13,0,0,0,0,0,0,0
180582,1,1,1984,15,0,0,15,0,15,0,0,0,13
180583,1,1,1984,0,0,0,0,0,0,0,0,0,0
180583,2,1,1984,0,0,0,0,0,0,0,0,0,0
180584,1,1,1984,17,17,17,17,17,17,17,17,17,17
180585,1,1,1984,0,0,0,0,0,0,0,0,0,0
180586,1,1,1984,0,0,0,0,0,0,0,0,0,0
180586,2,1,1984,0,0,0,0,0,0,0,16,0,0
180587,0,1,1984,0,0,0,0,0,0,0,0,0,0
180587,1,1,1984,0,0,0,0,0,0,0,0,0,0
180588,0,1,1984,0,12,0,0,13,0,20,0,0,0
180588,1,1,1984,0,0,0,0,0,0,0,0,0,0
180589,0,1,1984,0,0,0,0,0,0,0,0,0,0
180589,0,2,1984,3,3,3,3,3,3,3,3,3,3
180589,1,1,1984,0,0,0,0,0,0,0,0,0,0
180590,1,1,1984,1,1,1,1,1,1,1,1,1,1
180590,2,1,1984,2,2,2,2,2,2,2,2,2,2
180591,1,1,1984,0,0,0,0,0,0,0,0,0,0
180592,1,1,1984,0,0,0,0,0,0,0,0,0,0
180592,2,1,1984,0,0,0,0,0,0,0,0,0,0
180593,1,1,1984,0,19,0,0,0,0,0,20,0,0
180595,1,1,1984,18,24,0,11,18,0,16,9,9,23
180595,2,1,1984,0,0,0,0,0,0,0,0,0,0
180596,1,1,1984,0,0,8,39,0,0,0,0,0,8
180596,2,1,1984,0,0,0,0,0,0,0,0,0,0
180597,1,1,1984,0,0,0,0,0,0,0,0,0,0
180597,2,1,1984,0,0,0,0,0,0,11,0,0,0
180598,1,1,1984,5,5,5,5,5,5,5,5,5,5
180598,2,1,1984,0,0,0,0,0,0,0,0,0,0
180599,1,1,1984,0,20,23,0,0,0,0,25,29,23
180600,1,1,1984,0,0,0,19,0,0,0,0,0,11
180600,2,1,1984,16,0,0,0,0,0,0,14,18,0
180601,0,1,1984,0,0,0,0,0,0,0,0,0,0
180601,1,1,1984,8,6,1,21,27,18,23,18,8,24
180602,1,1,1984,23,23,23,23,23,23,23,23,23,23
180603,1,1,1984,14,14,14,14,14,14,14,14,14,14
180604,1,1,1984,0,0,0,0,0,0,0,0,0,0
180605,1,1,1984,0,0,0,0,0,0,0,0,0,0
180605,2,1,1984,0,0,0,0,0,0,0,0,0,0
180606,1,1,1984,20,20,20,20,20,20,20,20,20,20
180607,1,1,1984,0,0,0,0,0,0,0,0,0,0
180607,2,1,1984,0,0,0,0,0,0,0,0,0,0
180607,3,1,1984,30,30,30,30,30,30,30,30,30,30
180607,4,1,1984,0,0,0,0,0,0,0,0,0,0
180607,5,1,1984,0,0,0,0,0,0,0,0,0,0
180608,1,1,1984,0,0,15,12,12,16,13,25,7,10
180608,2,1,1984,0,0,0,0,0,0,0,0,0,0
180609,0,1,1984,0,0,15,0,19,0,0,0,0,0
180609,1,1,1984,0,0,0,0,0,0,0,0,0,0
180610,1,1,1984,16,20,0,0,0,14,18,0,0,0
180611,1,1,1984,6,6,6,6,6,6,6,6,6,6
180612,1,1,1984,0,0,0,0,0,0,0,0,0,0
180612,2,1,1984,0,0,0,0,0,0,0,0,0,0
180613,1,1,1984,0,0,0,0,0,0,0,0,0,0
180613,2,1,1984,0,0,0,0,0,0,0,0,0,0
180614,1,1,1984,0,0,0,0,0,0,0,0,0,0
180614,2,1,1984,0,0,0,0,0,0,0,0,0,0
180614,3,1,1984,0,0,0,0,0,0,0,0,0,0
180614,4,1,1984,0,0,0,0,0,0,0,0,0,0
180615,1,1,1984,0,0,0,0,0,0,0,12,0,0
180616,1,1,1984,39,39,39,39,39,39,39,39,39,39
180617,1,1,1984,29,29,29,29,29,29,29,29,29,29
180618,1,1,1984,25,25,25,25,25,25,25,25,25,25
180619,1,1,1984,22,22,22,22,22,22,22,22,22,22
180620,1,1,1984,0,0,0,0,0,0,0,0,0,0
180620,2,1,1984,0,0,0,0,0,0,0,7,0,0
180621,1,1,1984,0,0,0,0,0,0,0,0,0,0
180621,2,1,1984,22,22,22,22,22,22,22,22,22,22
180622,0,1,1984,0,0,0,0,0,0,0,0,0,0
180622,1,1,1984,0,0,0,0,0,0,0,0,0,0
180623,1,1,1984,12,12,0,28,27,15,0,9,0,24
180624,1,1,1984,24,24,24,24,24,24,24,24,24,24
180625,0,1,1984,0,0,0,0,0,0,0,0,0,0
180625,1,1,1984,0,0,0,0,0,0,0,0,0,0
180626,1,1,1984,13,13,13,13,13,13,13,13,13,13
180626,2,1,1984,0,0,0,0,0,0,14,0,0,0
180627,1,1,1984,16,16,16,16,16,16,16,16,16,16
180627,2,1,1984,0,0,0,0,0,0,0,0,0,0
180628,1,1,1984,19,19,19,19,19,19,19,19,19,19
180629,1,1,1984,12,12,12,12,12,12,12,12,12,12
180630,1,1,1984,2,2,2,2,2,2,2,2,2,2
180631,1,1,1984,0,8,0,0,0,0,0,0,0,0
180631,2,1,1984,0,0,0,0,0,0,0,0,0,0
180632,1,1,1984,0,0,0,0,0,0,0,0,0,0
180632,2,1,1984,0,0,0,0,0,0,0,0,0,0
180632,3,1,1984,0,12,0,0,3,0,0,0,0,0
180633,1,1,1984,0,0,0,0,0,0,0,0,0,0
180635,1,1,1984,0,0,0,0,0,0,0,0,0,0
180635,2,1,1984,0,0,0,0,0,0,0,0,0,0
180636,1,1,1984,0,0,14,0,0,0,0,0,0,0
180636,2,1,1984,0,0,0,0,0,0,0,0,0,0
180637,1,1,1984,0,0,0,0,0,0,0,18,0,0
180638,1,1,1984,0,8,8,10,0,19,0,0,0,6
180639,0,1,1984,0,0,0,0,32,0,0,5,0,0
180639,1,1,1984,0,0,0,0,19,0,16,0,0,0
180640,1,1,1984,15,15,15,15,15,15,15,15,15,15
180641,1,1,1984,16,16,16,16,16,16,16,16,16,16
180642,1,1,1984,0,0,0,0,0,0,0,0,22,0
180643,1,1,1984,6,6,6,6,6,6,6,6,6,6
180643,2,1,1984,0,3,0,12,1,0,0,20,0,0
180644,0,1,1984,0,0,0,6,0,0,0,0,0,16
180644,1,1,1984,19,19,19,19,19,19,19,19,19,19
180645,0,1,1984,0,0,0,0,0,0,0,0,0,0
180645,1,1,1984,0,0,0,0,0,0,0,0,0,0
180646,1,1,1984,23,23,23,23,23,23,23,23,23,23
180647,1,1,1984,0,0,0,0,0,0,0,0,13,0
180647,2,1,1984,0,0,0,0,0,0,0,0,0,0
180648,1,1,1984,23,23,23,23,23,23,23,23,23,23
180649,1,1,1984,0,0,0,0,4,0,0,0,0,0
180649,2,1,1984,0,0,0,0,0,0,0,0,0,0