ST_CASE,VEH_NO,PER_NO,YEAR,P1,P2,P3,P4,P5,P6,P7,P8,P9,P10
180650,1,1,1984,42,42,42,42,42,42,42,42,42,42
180650,2,1,1984,0,0,0,0,8,0,0,0,22,0
180650,3,1,1984,0,14,0,0,0,0,0,0,0,12
180650,4,1,1984,0,0,0,0,0,0,0,0,0,0
180651,1,1,1984,0,0,0,0,0,20,0,0,0,21
180651,2,1,1984,11,7,23,13,20,15,2,18,3,8
180652,1,1,1984,0,0,0,0,0,0,0,0,0,0
180653,1,1,1984,0,0,0,0,0,12,0,0,0,0
180653,2,1,1984,0,0,0,21,25,0,17,10,4,17
180653,3,1,1984,0,0,0,0,0,0,0,0,0,0
180654,0,1,1984,0,30,0,19,17,3,0,12,21,27
180654,1,1,1984,4,4,4,4,4,4,4,4,4,4
180655,1,1,1984,0,0,0,0,0,0,0,0,0,0
180655,2,1,1984,0,0,0,0,0,0,0,0,0,0
180656,1,1,1984,0,0,0,0,0,0,0,0,9,0
180656,2,1,1984,0,0,0,0,0,0,0,0,0,0
180657,1,1,1984,15,15,15,15,15,15,15,15,15,15
180657,2,1,1984,0,0,0,0,0,0,0,0,0,0
180658,1,1,1984,0,6,0,0,0,0,0,0,0,0
180658,2,1,1984,15,0,21,0,24,4,0,14,0,0
180659,0,1,1984,0,0,0,0,0,0,0,0,0,0
180659,1,1,1984,9,9,9,9,9,9,9,9,9,9
180660,1,1,1984,9,9,9,9,9,9,9,9,9,9
180661,1,1,1984,20,20,20,20,20,20,20,20,20,20
180661,2,1,1984,0,0,0,0,0,11,0,0,0,6
180662,1,1,1984,13,16,0,0,0,0,0,0,18,23
180663,1,1,1984,0,0,0,0,0,0,0,0,0,0
180663,2,1,1984,0,0,13,0,0,0,0,0,0,0
180664,1,1,1984,45,0,0,41,29,0,0,0,0,0
180665,1,1,1984,0,0,0,0,0,0,0,0,0,0
180665,2,1,1984,0,0,0,0,0,0,0,0,0,0
180665,3,1,1984,0,0,0,0,0,0,0,0,0,0
180666,1,1,1984,5,5,5,5,5,5,5,5,5,5
180667,1,1,1984,16,16,16,16,16,16,16,16,16,16
180667,2,1,1984,0,5,0,25,0,0,10,0,0,0
180668,1,1,1984,20,20,20,20,20,20,20,20,20,20
180669,1,1,1984,2,2,2,2,2,2,2,2,2,2
180669,2,1,1984,0,0,0,0,0,0,0,0,0,0
180670,1,1,1984,26,26,26,26,26,26,26,26,26,26
180671,1,1,1984,0,0,0,0,0,0,0,0,0,0
180672,1,1,1984,0,0,0,0,0,0,0,0,0,0
180673,0,1,1984,0,0,0,0,0,0,0,0,0,0
180673,0,2,1984,0,0,0,0,0,0,0,0,0,0
180673,1,1,1984,0,0,0,0,0,0,0,0,0,0
180674,1,1,1984,22,22,22,22,22,22,22,22,22,22
180674,2,1,1984,15,15,15,15,15,15,15,15,15,15
180675,1,1,1984,0,0,0,0,0,0,0,0,0,0
180675,2,1,1984,0,0,0,0,0,0,0,8,0,0
180676,1,1,1984,12,0,14,18,0,21,0,26,16,0
180677,1,1,1984,9,9,9,9,9,9,9,9,9,9
180677,2,1,1984,0,0,0,0,0,0,0,0,0,0
180678,0,1,1984,0,0,0,0,0,0,0,0,0,0
180678,1,1,1984,0,0,0,0,0,0,0,0,0,0
180679,1,1,1984,55,55,55,55,55,55,55,55,55,55
180679,2,1,1984,0,0,0,0,0,0,0,0,0,0
180680,1,1,1984,0,0,0,0,0,0,0,0,0,0
180680,2,1,1984,0,0,0,0,0,0,0,0,0,0
180681,1,1,1984,0,0,0,0,0,0,0,0,0,0
180682,1,1,1984,0,0,0,0,0,0,0,0,0,0
180682,2,1,1984,0,0,0,0,0,0,0,0,0,0
180683,1,1,1984,0,0,0,0,0,26,0,0,0,0
180683,2,1,1984,0,0,0,0,0,0,0,0,0,0
180684,1,1,1984,0,17,23,23,22,29,0,0,36,0
180685,1,1,1984,0,0,0,0,0,0,0,0,0,0
180686,1,1,1984,5,5,5,5,5,5,5,5,5,5
180687,1,1,1984,37,37,37,37,37,37,37,37,37,37
180687,2,1,1984,0,0,0,0,0,0,0,0,0,0
180688,1,1,1984,1,1,1,1,1,1,1,1,1,1
180689,1,1,1984,22,22,22,22,22,22,22,22,22,22
180689,2,1,1984,0,0,0,0,0,0,0,0,0,0
180690,1,1,1984,14,14,14,14,14,14,14,14,14,14
180692,0,1,1984,0,0,0,0,0,0,0,0,0,0
180692,1,1,1984,24,24,24,24,24,24,24,24,24,24
180693,1,1,1984,0,0,0,0,0,0,0,0,0,16
180694,0,1,1984,31,31,31,31,31,31,31,31,31,31
180694,1,1,1984,0,9,0,0,0,0,0,0,0,0
180695,0,1,1984,0,0,0,0,0,0,0,0,0,0
180695,1,1,1984,0,0,0,0,0,0,0,0,0,0
180696,1,1,1984,0,0,0,0,0,0,0,0,0,0
180696,2,1,1984,0,0,0,0,0,0,0,0,0,0
180697,1,1,1984,0,0,0,0,0,0,0,0,0,0
180697,2,1,1984,0,0,0,0,0,0,0,0,0,0
180697,3,1,1984,0,0,0,0,0,0,0,0,0,0
180698,1,1,1984,0,0,0,0,0,0,0,0,0,0
180699,1,1,1984,0,0,0,0,18,19,0,0,5,3
180700,1,1,1984,15,15,15,15,15,15,15,15,15,15
180701,1,1,1984,0,0,0,0,0,0,0,0,0,0
180701,2,1,1984,0,0,0,0,0,0,0,0,0,0
180702,1,1,1984,0,0,0,0,0,0,0,0,0,0
180703,0,1,1984,21,21,21,21,21,21,21,21,21,21
180703,1,1,1984,0,22,26,24,0,10,0,0,10,0
180704,1,1,1984,18,18,18,18,18,18,18,18,18,18
180705,1,1,1984,24,0,12,23,18,17,8,0,29,17
180706,1,1,1984,0,0,0,0,0,0,0,0,0,0
180706,2,1,1984,0,0,0,0,0,0,0,0,0,0
180707,1,1,1984,15,15,15,15,15,15,15,15,15,15
180708,1,1,1984,0,0,0,0,0,0,0,0,0,0
180708,2,1,1984,25,25,25,25,25,25,25,25,25,25
180709,1,1,1984,0,0,0,0,0,0,0,0,0,0
180710,1,1,1984,0,0,0,0,0,0,19,0,0,0
180710,2,1,1984,0,0,0,0,0,0,0,0,0,0
180711,1,1,1984,0,0,0,8,0,0,0,0,0,0
180711,2,1,1984,0,0,0,0,12,0,0,0,0,0
180712,1,1,1984,19,19,19,19,19,19,19,19,19,19
180713,1,1,1984,21,21,21,21,21,21,21,21,21,21
180714,0,1,1984,0,0,0,0,0,0,0,0,0,0
180714,1,1,1984,0,0,0,0,0,0,0,0,0,0
180715,0,1,1984,17,0,0,19,11,0,0,0,0,0
180715,1,1,1984,0,0,0,0,0,0,0,0,0,0
180716,1,1,1984,8,8,8,8,8,8,8,8,8,8
180717,1,1,1984,0,0,0,0,0,0,0,0,0,0
180717,2,1,1984,0,0,0,0,0,0,0,0,0,0
180719,1,1,1984,0,0,0,0,0,7,0,0,0,0
180719,2,1,1984,0,0,9,0,19,0,0,0,0,0
180720,1,1,1984,0,0,0,0,0,0,0,0,0,0
180720,2,1,1984,0,0,0,0,0,0,0,0,0,0
180721,0,1,1984,0,0,0,0,0,0,0,0,0,0
180721,1,1,1984,0,0,0,0,14,0,0,0,0,0
180722,1,1,1984,0,0,0,0,0,0,0,0,0,0
180723,1,1,1984,12,12,12,12,12,12,12,12,12,12
180724,1,1,1984,30,30,30,30,30,30,30,30,30,30
180725,1,1,1984,24,0,21,21,0,0,0,0,0,0
180726,1,1,1984,0,20,34,34,0,8,6,10,24,0
180727,1,1,1984,10,15,6,4,21,8,14,3,17,0
180728,1,2,1984,0,19,0,0,0,14,0,0,0,5
180728,2,1,1984,0,0,0,0,0,0,0,0,0,0
180729,1,1,1984,0,0,0,0,0,0,0,0,0,0
180729,2,1,1984,0,0,0,0,0,0,0,0,0,0
180730,0,1,1984,18,18,18,18,18,18,18,18,18,18
180730,1,1,1984,27,14,24,16,14,0,29,7,31,17
180731,1,1,1984,0,0,0,0,24,0,7,5,0,0
180731,2,1,1984,8,0,0,0,0,0,0,0,0,0
180732,1,1,1984,0,0,0,0,0,0,0,0,0,0
180732,2,1,1984,22,0,23,6,19,21,0,24,28,10
180732,3,1,1984,0,0,0,0,0,0,10,0,0,0
180732,4,1,1984,0,0,6,0,0,0,0,0,0,0
180732,6,1,1984,0,0,0,0,0,0,0,0,0,0
180733,0,1,1984,3,3,3,3,3,3,3,3,3,3
180733,1,1,1984,0,29,0,0,0,0,10,0,0,14
180734,1,1,1984,0,0,0,0,0,0,0,0,0,12
180735,1,1,1984,11,0,0,0,31,0,0,3,0,0
180736,1,1,1984,24,24,24,24,24,24,24,24,24,24
180737,1,1,1984,27,27,27,27,27,27,27,27,27,27
180738,1,1,1984,10,10,10,10,10,10,10,10,10,10
180739,1,1,1984,0,0,0,0,0,0,0,0,0,0
180739,2,1,1984,0,0,0,12,0,0,0,0,0,0
180740,1,1,1984,9,9,9,9,9,9,9,9,9,9
180740,2,1,1984,0,0,0,0,0,0,0,0,0,0
180741,1,1,1984,0,0,0,0,0,0,0,0,0,0
180742,1,1,1984,11,11,11,11,11,11,11,11,11,11
180743,1,1,1984,5,5,5,5,5,5,5,5,5,5
180743,2,1,1984,0,0,0,0,0,0,0,0,0,0
180744,1,1,1984,11,11,11,11,11,11,11,11,11,11
180745,1,1,1984,0,0,0,0,0,0,0,0,0,0
180745,2,1,1984,0,0,0,0,0,0,0,0,0,0
180746,1,1,1984,0,0,0,0,0,0,0,0,8,0
180746,2,1,1984,0,19,0,0,0,0,0,0,0,0
180747,1,1,1984,0,0,0,0,0,0,0,0,0,0
180748,1,1,1984,42,42,42,42,42,42,42,42,42,42
180749,1,1,1984,0,0,0,0,0,0,0,0,0,0
180750,1,1,1984,6,6,6,6,6,6,6,6,6,6
180751,1,1,1984,4,4,4,4,4,4,4,4,4,4
180752,1,1,1984,15,15,15,15,15,15,15,15,15,15
180753,1,1,1984,0,0,0,0,0,0,0,0,0,0
180753,2,1,1984,0,0,0,0,0,0,0,0,0,0
180754,1,1,1984,0,0,0,0,0,0,0,0,0,0
180754,2,1,1984,0,0,0,0,0,0,0,0,0,0
180755,0,1,1984,25,25,25,25,25,25,25,25,25,25
180755,1,1,1984,0,0,0,0,0,0,5,0,0,0
180756,0,1,1984,26,26,26,26,26,26,26,26,26,26
180756,1,1,1984,10,10,10,10,10,10,10,10,10,10
180757,1,1,1984,13,13,13,13,13,13,13,13,13,13
180758,1,1,1984,0,0,0,0,0,0,0,0,0,0
180758,2,1,1984,0,0,0,0,0,0,0,0,23,0
180759,1,1,1984,7,0,0,0,0,0,0,0,0,0
180759,2,1,1984,20,20,20,20,20,20,20,20,20,20
180760,1,1,1984,0,0,0,0,0,0,0,0,0,0
180761,0,1,1984,0,0,0,0,0,0,0,0,0,0
180761,1,1,1984,0,0,0,0,0,0,0,0,0,0
180762,1,1,1984,0,0,0,0,0,0,0,0,0,0
180762,2,1,1984,0,0,0,0,8,0,0,0,5,0
180763,1,1,1984,12,0,0,0,0,0,0,0,0,0
180763,2,1,1984,0,0,0,0,0,0,0,0,0,0
180764,1,1,1984,0,0,0,0,0,0,0,0,0,0
180764,2,1,1984,0,0,0,0,0,0,0,0,0,0
180765,1,1,1984,20,20,20,20,20,20,20,20,20,20
180765,2,1,1984,10,14,14,25,0,0,0,0,13,0
180765,3,1,1984,0,0,0,0,20,0,0,13,0,0
180766,1,1,1984,0,0,0,0,0,0,0,0,0,0
180766,2,1,1984,12,12,12,12,12,12,12,12,12,12
180767,1,1,1984,0,0,0,0,0,0,0,0,0,0
180767,2,1,1984,0,0,10,22,19,0,11,0,7,0
180768,0,1,1984,0,0,0,0,0,0,0,0,0,0
180768,1,1,1984,0,0,0,0,0,0,0,0,0,0
180769,1,1,1984,25,25,25,25,25,25,25,25,25,25
180770,1,1,1984,0,0,0,0,0,0,0,0,0,0
180771,1,1,1984,0,0,13,0,8,0,27,26,17,0
180772,1,1,1984,29,29,29,29,29,29,29,29,29,29
180773,1,1,1984,22,22,22,22,22,22,22,22,22,22
180774,1,1,1984,0,0,0,16,25,8,0,0,24,0
180775,1,1,1984,13,13,13,13,13,13,13,13,13,13
180776,1,1,1984,0,0,0,0,0,0,0,0,0,0
180776,2,1,1984,0,0,0,0,0,0,0,0,0,0
180777,1,1,1984,0,0,0,0,0,0,0,0,0,0
180777,2,1,1984,0,0,0,0,0,0,0,0,0,0
180778,1,1,1984,0,0,0,25,0,0,0,0,0,0
180778,2,1,1984,31,31,31,31,31,31,31,31,31,31
180779,0,1,1984,0,0,0,0,0,0,0,0,0,0
180779,1,1,1984,0,0,0,0,0,0,0,0,0,0
180780,1,1,1984,0,0,0,0,0,0,0,0,0,0
180780,2,1,1984,0,0,0,0,0,0,0,0,0,0
180781,1,1,1984,20,14,7,15,35,18,31,30,19,21
180782,1,1,1984,0,0,0,0,0,18,10,0,14,0
180783,1,1,1984,0,0,0,0,0,0,0,0,0,0
180783,2,1,1984,0,0,0,0,0,0,0,0,0,0
180784,1,1,1984,0,0,0,0,0,0,0,0,0,0
180784,2,1,1984,0,0,0,17,0,0,0,0,0,21
180785,1,1,1984,0,0,11,10,23,19,0,0,0,0
180786,1,1,1984,19,11,8,13,7,6,17,17,20,17
180786,2,1,1984,0,0,0,0,0,0,0,0,0,0
180787,1,1,1984,30,30,30,30,30,30,30,30,30,30
180788,1,1,1984,0,24,0,9,0,34,0,16,0,9
180788,2,2,1984,0,0,0,0,0,0,0,0,25,0
180789,1,1,1984,0,0,0,0,0,0,0,0,0,0
180789,2,1,1984,0,0,0,0,0,0,0,0,0,0
180789,3,1,1984,0,0,0,0,0,0,0,0,0,0
180789,4,1,1984,0,0,0,0,0,0,0,0,0,0
180789,5,1,1984,0,0,0,0,0,0,0,0,0,0
180789,6,1,1984,0,0,0,0,0,0,0,0,0,0
180790,1,1,1984,0,0,0,0,0,0,0,0,0,0
180791,1,1,1984,0,0,0,0,0,0,0,0,0,0
180791,2,1,1984,0,0,0,0,0,0,0,0,0,5
180792,1,1,1984,0,0,0,0,0,12,0,0,0,0
180792,2,1,1984,0,0,0,0,0,0,0,0,0,0
180793,1,1,1984,0,0,0,0,0,0,0,0,0,0
180793,2,1,1984,0,0,0,0,0,0,0,0,0,0
180794,1,1,1984,13,0,0,0,0,0,0,0,0,0
180794,2,1,1984,0,0,0,0,0,0,0,10,0,0
180795,1,1,1984,0,0,0,0,0,0,0,0,0,0
180795,2,1,1984,0,0,0,0,0,0,0,0,0,0
180796,1,1,1984,0,0,0,0,0,0,0,0,16,0
180796,2,1,1984,0,0,0,0,0,0,0,0,0,0
180797,0,1,1984,4,4,4,4,4,4,4,4,4,4
180797,1,1,1984,0,0,4,0,0,0,0,8,0,0
180798,1,1,1984,0,0,0,0,0,0,0,19,11,0
180798,2,1,1984,0,0,0,0,0,0,0,0,0,0
180799,1,1,1984,4,4,4,4,4,4,4,4,4,4
180799,2,1,1984,0,0,0,0,0,0,0,0,9,0
180799,3,1,1984,7,0,0,0,0,0,0,14,0,18
180800,1,1,1984,0,0,0,0,0,0,0,0,0,0
180800,2,1,1984,0,0,0,0,0,0,0,0,0,0
180801,1,1,1984,0,9,0,0,0,0,18,0,21,35
180802,1,1,1984,0,0,0,0,0,0,0,0,0,0
180803,1,1,1984,0,0,0,0,0,0,0,0,0,0
180803,2,1,1984,0,0,0,0,0,0,0,0,0,0
180804,1,1,1984,0,0,0,0,0,0,0,0,0,0
180804,2,1,1984,0,0,24,0,0,0,0,0,0,0
180805,1,1,1984,0,0,0,0,0,8,0,0,0,7
180806,1,1,1984,20,20,20,20,20,20,20,20,20,20
180807,1,1,1984,0,0,0,0,0,0,0,0,0,0
180807,2,1,1984,0,0,0,0,0,0,0,0,0,0
180807,3,1,1984,11,0,0,7,0,0,0,0,0,0
180808,0,1,1984,20,20,20,20,20,20,20,20,20,20
180808,1,1,1984,0,0,10,0,0,0,0,0,0,0
180809,1,1,1984,22,22,22,22,22,22,22,22,22,22
180810,1,1,1984,0,0,0,0,22,20,26,26,0,0
180811,1,1,1984,16,16,16,16,16,16,16,16,16,16
180812,1,1,1984,20,0,0,0,0,0,0,0,0,28
180812,2,1,1984,0,0,0,21,0,0,0,0,0,12
180813,1,1,1984,0,0,0,0,0,0,0,0,0,0
180813,2,1,1984,0,0,0,0,0,0,0,0,0,0
180814,1,1,1984,0,0,0,0,0,0,0,0,0,0
180814,2,1,1984,0,0,0,0,0,0,0,0,0,0
180815,1,1,1984,15,15,15,15,15,15,15,15,15,15
180816,1,1,1984,19,19,19,19,19,19,19,19,19,19
180817,1,1,1984,0,0,0,0,0,0,0,0,0,0
180818,1,1,1984,27,27,27,27,27,27,27,27,27,27
180819,1,1,1984,18,18,18,18,18,18,18,18,18,18
180820,1,1,1984,24,24,24,24,24,24,24,24,24,24
180820,2,1,1984,0,0,0,0,14,0,0,0,22,0
180821,1,1,1984,31,11,0,29,15,0,23,13,0,13
180822,1,1,1984,0,0,0,0,0,0,0,0,0,0
180822,2,1,1984,0,0,0,0,0,0,0,0,0,0
180823,1,1,1984,0,0,0,0,0,0,0,0,0,0
180823,2,1,1984,0,0,0,0,0,0,0,0,0,0
180824,1,1,1984,0,0,15,0,0,0,0,0,0,24
180825,1,1,1984,0,0,0,0,0,0,0,0,0,0
180825,2,1,1984,0,0,0,0,0,0,0,0,0,0
180826,0,1,1984,0,0,0,0,0,0,0,0,0,0
180826,1,1,1984,0,0,0,0,0,0,0,0,0,0
180826,2,1,1984,0,26,0,0,0,0,0,0,0,0
180827,1,1,1984,0,0,25,28,26,37,14,39,0,9
180828,1,1,1984,9,0,0,0,14,0,0,0,0,0
180828,2,1,1984,0,0,0,0,0,0,0,0,0,0
180829,0,1,1984,19,19,19,19,19,19,19,19,19,19
180829,1,1,1984,0,0,9,0,0,0,0,0,0,15
180830,1,1,1984,0,0,0,0,14,0,10,12,0,0
180830,2,1,1984,0,0,0,0,0,0,0,0,7,0
180831,0,1,1984,0,16,0,0,16,0,0,0,21,0
180831,0,2,1984,0,0,5,0,5,16,0,0,0,0
180831,1,1,1984,0,0,0,0,0,0,0,0,0,0
180832,1,1,1984,5,5,5,5,5,5,5,5,5,5
180833,1,1,1984,32,32,32,32,32,32,32,32,32,32
180833,2,1,1984,0,0,0,0,0,0,0,0,0,0
180833,3,1,1984,0,0,24,0,20,0,0,0,0,0
180834,0,1,1984,42,42,42,42,42,42,42,42,42,42
180834,1,1,1984,0,0,0,0,0,0,0,0,0,0
180835,0,1,1984,0,21,0,0,0,0,23,0,0,0
180835,0,2,1984,12,0,0,0,0,0,0,0,0,0
180835,1,1,1984,0,0,0,0,0,0,0,0,0,0
180836,1,1,1984,0,0,0,0,0,0,0,0,0,0
180836,2,1,1984,0,6,0,0,0,0,0,0,0,0
180837,1,1,1984,0,0,0,0,0,0,0,0,0,19
180838,1,1,1984,9,0,10,0,0,0,0,0,0,0
180839,1,1,1984,0,0,0,0,0,0,0,0,0,0
180839,2,1,1984,0,0,0,0,0,0,0,0,0,0
180840,1,1,1984,0,0,15,0,0,0,0,0,0,0
180841,1,1,1984,0,0,0,0,0,0,0,0,0,0
180842,1,1,1984,0,0,0,0,0,0,0,0,8,0
180843,1,1,1984,20,20,20,20,20,20,20,20,20,20
180843,2,1,1984,0,0,0,0,0,0,0,0,0,0
180844,1,1,1984,0,0,0,0,0,0,0,0,0,0
180844,2,1,1984,0,0,0,0,0,0,0,0,0,0
180845,1,1,1984,22,22,22,22,22,22,22,22,22,22
180846,0,1,1984,0,13,0,0,0,0,0,10,0,0
180846,1,1,1984,0,0,0,0,0,0,0,8,0,0
180848,1,1,1984,0,0,0,0,0,0,30,0,11,0
180848,2,1,1984,0,0,0,0,0,0,0,0,0,0
180848,3,1,1984,0,0,0,0,0,0,0,0,0,0
180849,1,1,1984,0,0,0,0,0,0,0,0,0,0
180849,2,1,1984,0,0,0,0,0,0,0,0,0,0
180850,1,1,1984,0,3,0,0,0,0,0,0,0,0
180851,1,1,1984,0,0,0,0,0,0,0,0,0,0
180851,2,1,1984,0,0,0,0,0,0,0,0,0,0
180852,0,1,1984,0,34,0,0,0,0,7,0,0,0
180852,1,1,1984,0,0,0,0,0,0,0,0,0,0
180853,1,1,1984,15,15,15,15,15,15,15,15,15,15
180853,2,1,1984,0,0,0,0,0,0,0,0,0,0
180854,1,1,1984,0,0,0,0,0,0,0,0,0,0
180854,2,1,1984,0,0,0,0,0,0,0,0,0,0
180856,1,1,1984,0,0,0,0,0,0,0,0,0,0
180856,2,1,1984,0,0,0,0,0,0,0,0,0,0
180857,1,1,1984,0,0,0,0,0,0,0,0,0,0
180857,2,1,1984,0,0,0,0,0,0,0,0,0,0
190001,2,1,1984,23,23,23,23,23,23,23,23,23,23
190002,1,1,1984,0,12,0,12,0,0,0,4,0,0
190002,2,1,1984,0,0,0,0,0,0,0,0,0,0
190003,1,1,1984,0,0,0,0,0,0,0,0,0,0
190003,2,1,1984,1,1,1,1,1,1,1,1,1,1
190004,1,1,1984,0,0,0,0,0,0,0,0,0,0
190005,1,1,1984,0,0,0,0,0,0,0,0,0,0
190006,1,1,1984,0,0,0,0,0,0,0,0,0,0
190006,2,1,1984,12,12,12,12,12,12,12,12,12,12
190007,0,1,1984,15,0,14,27,5,7,20,0,0,0
190007,1,1,1984,0,0,0,11,0,0,0,0,0,0
190007,2,1,1984,0,0,0,0,0,5,6,0,0,0
190007,3,1,1984,11,0,0,0,0,0,0,0,0,0
190008,1,1,1984,5,5,5,5,5,5,5,5,5,5
190008,2,1,1984,20,20,20,20,20,20,20,20,20,20
190009,1,1,1984,0,0,0,0,0,0,0,0,0,0
190010,1,1,1984,23,23,23,23,23,23,23,23,23,23
190011,1,1,1984,0,0,13,0,0,0,0,0,0,0
190011,2,1,1984,19,0,0,0,0,12,0,0,0,0
190012,1,1,1984,0,0,0,0,0,0,0,0,0,0
190012,2,1,1984,0,0,0,0,0,0,0,0,0,0
190013,1,1,1984,28,28,28,28,28,28,28,28,28,28
190014,1,1,1984,29,29,29,29,29,29,29,29,29,29
190014,2,1,1984,20,20,20,20,20,20,20,20,20,20
190015,1,1,1984,0,0,0,0,0,0,0,0,0,10
190015,2,1,1984,0,0,0,0,0,0,0,0,12,0
190016,1,1,1984,0,0,0,0,0,0,0,0,0,0
190017,1,1,1984,0,17,0,22,0,0,0,0,0,18
190018,1,1,1984,0,0,0,0,0,0,0,0,0,0
190018,2,1,1984,0,0,0,0,0,0,0,0,8,17
190019,1,1,1984,0,0,0,13,0,0,0,0,0,0
190020,1,1,1984,7,7,7,7,7,7,7,7,7,7
190021,0,1,1984,0,0,5,0,15,0,32,7,21,20
190021,1,1,1984,23,23,23,23,23,23,23,23,23,23
190022,1,1,1984,0,0,0,0,0,0,0,0,0,0
190022,2,1,1984,0,0,0,0,0,0,0,0,0,0
190023,1,1,1984,0,0,0,0,0,0,0,0,0,0
190023,2,1,1984,1,1,1,1,1,1,1,1,1,1
190024,1,1,1984,0,0,0,3,0,0,0,0,0,0
190024,2,1,1984,0,0,0,0,5,0,0,0,0,0
190025,1,1,1984,0,0,0,0,0,0,0,0,0,0
190025,2,1,1984,0,0,0,0,0,0,0,19,30,0
190026,0,1,1984,0,0,0,0,0,0,0,0,0,0
190026,1,1,1984,0,0,0,0,0,0,0,0,0,0
190027,1,1,1984,0,0,0,0,0,0,0,0,0,0
190028,1,2,1984,18,18,18,18,18,18,18,18,18,18
190029,1,1,1984,1,1,1,1,1,1,1,1,1,1
190029,2,1,1984,0,0,0,0,0,0,0,0,0,0
190030,1,1,1984,25,25,25,25,25,25,25,25,25,25
190031,0,1,1984,8,28,0,12,8,9,0,0,0,0
190031,1,1,1984,0,0,5,13,0,0,0,13,13,17
190032,1,1,1984,2,2,2,2,2,2,2,2,2,2
190032,2,1,1984,0,0,0,0,0,0,0,0,0,0
190033,1,1,1984,0,0,0,0,0,0,0,0,0,0
190034,1,1,1984,0,0,0,0,0,0,0,0,0,0
190034,2,1,1984,0,0,0,0,0,0,0,0,0,0
190035,1,1,1984,0,0,25,0,0,0,0,0,0,0
190036,0,1,1984,15,15,15,15,15,15,15,15,15,15
190036,1,1,1984,0,0,0,0,0,0,0,0,0,0
190037,1,1,1984,19,19,19,19,19,19,19,19,19,19
190038,1,1,1984,0,0,0,0,0,0,0,13,0,0
190038,2,1,1984,0,0,0,0,0,0,0,0,0,0
190038,3,1,1984,0,0,0,0,0,0,0,0,0,13
190039,1,1,1984,10,10,10,10,10,10,10,10,10,10
190040,1,1,1984,0,0,0,0,0,0,0,0,0,0
190041,1,1,1984,0,0,0,0,0,20,0,0,8,0
190041,2,1,1984,0,0,25,0,0,0,0,0,11,0
190042,1,1,1984,0,0,0,0,0,0,0,0,0,0
190042,2,1,1984,0,0,0,0,22,0,0,0,0,0
190043,1,1,1984,13,0,0,0,0,0,32,0,0,0
190043,2,1,1984,31,31,31,31,31,31,31,31,31,31
190044,1,1,1984,0,0,0,0,0,0,0,0,0,0
190044,2,1,1984,0,0,0,0,0,0,0,0,0,0
190045,1,1,1984,1,1,1,1,1,1,1,1,1,1
190046,1,1,1984,10,10,10,10,10,10,10,10,10,10
190047,1,1,1984,0,0,0,0,0,0,0,0,0,0
190047,2,1,1984,0,0,0,0,0,0,0,0,0,12
190048,1,1,1984,0,0,0,0,0,0,0,0,0,0
190048,2,1,1984,0,0,0,0,0,0,0,0,0,0
190049,1,1,1984,0,0,0,0,0,0,0,0,0,0
190050,1,1,1984,0,0,0,0,0,0,0,0,0,0
190050,2,1,1984,19,19,19,19,19,19,19,19,19,19
190051,1,1,1984,19,19,19,19,19,19,19,19,19,19
190052,1,1,1984,0,0,0,0,0,0,0,0,0,0
190052,2,1,1984,0,0,0,0,0,0,0,7,0,0
190052,3,1,1984,0,0,0,0,0,0,0,0,0,0
190052,4,1,1984,0,0,0,0,0,0,6,0,0,0
190053,1,1,1984,0,0,0,0,7,0,0,0,0,0
190053,2,1,1984,0,0,0,20,0,0,0,0,20,0
190054,1,1,1984,0,0,0,0,0,0,0,0,0,20
190054,2,1,1984,28,9,0,0,0,32,0,0,0,0
190056,1,1,1984,0,0,0,0,0,0,0,0,0,0
190057,1,1,1984,0,0,0,0,0,0,0,0,0,0
190057,2,1,1984,0,0,0,0,0,0,0,0,0,0
190058,1,1,1984,40,32,0,0,23,0,37,20,16,9
190059,1,1,1984,22,22,22,22,22,22,22,22,22,22
190060,1,2,1984,15,15,15,15,15,15,15,15,15,15
190061,1,1,1984,28,28,28,28,28,28,28,28,28,28
190061,2,1,1984,0,0,0,0,0,0,0,0,0,0
190062,0,1,1984,0,0,0,0,0,0,0,0,0,0
190062,1,1,1984,0,0,0,0,0,0,0,0,0,0
190063,1,1,1984,18,18,18,18,18,18,18,18,18,18
190064,1,1,1984,13,13,13,13,13,13,13,13,13,13
190065,1,1,1984,17,17,17,17,17,17,17,17,17,17
190066,1,1,1984,0,0,0,0,0,0,0,0,0,0
190066,2,1,1984,4,18,0,0,0,0,0,0,0,0
190067,1,1,1984,0,0,0,0,0,0,0,0,0,0
190069,1,1,1984,19,19,19,19,19,19,19,19,19,19
190069,2,1,1984,3,3,3,3,3,3,3,3,3,3
190070,0,1,1984,14,0,0,25,24,23,0,19,0,33
190070,1,1,1984,20,20,20,20,20,20,20,20,20,20
190071,1,1,1984,1,1,1,1,1,1,1,1,1,1
190071,2,1,1984,12,12,12,12,12,12,12,12,12,12
190072,1,1,1984,28,28,28,28,28,28,28,28,28,28
190073,1,1,1984,0,0,0,0,0,0,0,0,0,0
190074,1,1,1984,2,0,0,0,0,0,0,0,0,0
190074,2,1,1984,0,0,0,0,0,0,0,0,0,0
190074,3,1,1984,0,0,0,0,0,0,0,0,0,0
190075,1,1,1984,0,0,0,0,0,0,0,0,0,0
190076,1,1,1984,0,0,0,16,0,0,0,0,0,0
190076,2,1,1984,0,0,0,0,0,0,0,0,0,0
190077,0,1,1984,0,5,0,0,0,0,0,0,0,0
190077,1,1,1984,0,0,0,0,0,0,0,0,0,0