ST_CASE,VEH_NO,PER_NO,YEAR,P1,P2,P3,P4,P5,P6,P7,P8,P9,P10
190358,1,1,1984,14,20,11,26,4,17,6,11,15,18
190360,1,1,1984,0,0,0,0,0,0,0,0,0,0
190360,2,1,1984,10,10,10,10,10,10,10,10,10,10
190361,1,1,1984,10,10,10,10,10,10,10,10,10,10
190362,1,1,1984,2,2,2,2,2,2,2,2,2,2
190362,2,1,1984,0,0,30,0,19,0,0,0,0,0
190363,1,1,1984,20,20,20,20,20,20,20,20,20,20
190364,1,1,1984,0,0,0,0,0,0,0,0,0,0
190364,2,1,1984,0,0,14,0,0,0,0,0,0,0
190365,1,1,1984,0,0,0,0,0,0,0,0,0,0
190365,2,1,1984,0,0,0,0,0,6,0,0,0,0
190366,1,1,1984,0,0,0,0,0,0,0,0,0,0
190367,1,1,1984,27,27,27,27,27,27,27,27,27,27
190368,1,1,1984,11,11,11,11,11,11,11,11,11,11
190368,2,1,1984,0,0,21,11,0,0,0,0,0,0
190370,1,1,1984,19,0,0,0,0,0,0,0,0,0
190371,1,1,1984,0,0,0,0,0,0,0,0,0,24
190371,2,1,1984,0,0,0,0,0,0,0,0,0,0
190372,0,1,1984,0,0,0,0,0,0,0,0,0,0
190372,1,1,1984,0,0,0,0,3,30,0,0,0,0
190373,0,1,1984,0,0,0,0,24,23,0,0,0,0
190373,1,1,1984,0,0,0,0,0,0,0,0,0,0
190374,1,1,1984,29,29,29,29,29,29,29,29,29,29
190375,1,1,1984,18,10,21,32,20,25,30,0,0,29
190376,1,1,1984,0,0,0,0,0,0,0,0,0,0
190376,2,1,1984,0,0,0,0,0,0,0,0,0,0
190377,1,1,1984,21,21,21,21,21,21,21,21,21,21
190378,1,1,1984,0,0,15,0,0,0,0,0,0,0
190379,1,1,1984,0,0,0,0,0,0,0,0,0,0
190379,2,1,1984,41,29,27,21,21,16,8,22,26,24
190380,1,1,1984,0,0,0,0,0,0,0,0,0,0
190381,1,1,1984,0,0,0,0,0,0,0,0,0,0
190381,2,1,1984,0,0,0,0,0,0,0,0,0,0
190381,3,1,1984,0,0,0,7,0,0,0,0,0,0
190382,1,1,1984,0,0,0,0,0,0,0,0,0,0
190382,2,1,1984,0,0,0,0,0,0,0,0,0,0
190383,1,1,1984,5,5,5,5,5,5,5,5,5,5
190384,1,1,1984,18,18,18,18,18,18,18,18,18,18
200001,1,1,1984,17,12,9,10,29,13,20,10,5,15
200002,1,1,1984,0,0,0,0,0,0,0,0,0,0
200002,2,1,1984,0,0,0,0,0,0,0,0,0,0
200003,1,1,1984,0,0,0,0,0,0,0,0,0,0
200003,2,1,1984,12,12,12,12,12,12,12,12,12,12
200004,1,1,1984,0,0,0,0,0,0,0,0,0,0
200004,2,1,1984,0,0,0,0,0,0,0,0,0,0
200005,1,1,1984,12,0,15,0,7,0,0,0,0,12
200005,2,1,1984,13,17,4,16,11,12,18,20,17,15
200006,1,1,1984,3,3,3,3,3,3,3,3,3,3
200007,1,1,1984,24,24,24,24,24,24,24,24,24,24
200008,1,1,1984,18,18,18,18,18,18,18,18,18,18
200009,0,1,1984,0,0,0,0,0,0,0,0,0,0
200009,1,1,1984,0,0,0,0,0,0,0,0,0,0
200010,1,1,1984,31,31,31,31,31,31,31,31,31,31
200010,2,1,1984,0,0,20,0,0,0,0,0,0,0
200011,0,1,1984,0,12,0,0,0,6,0,0,0,9
200011,1,1,1984,0,0,0,0,0,0,0,0,0,0
200012,1,1,1984,0,0,0,0,0,0,0,0,0,0
200013,1,1,1984,0,0,0,13,0,0,0,0,0,0
200014,1,1,1984,0,0,0,0,0,0,0,0,0,0
200014,2,1,1984,0,0,0,0,0,0,0,0,0,0
200015,1,1,1984,0,0,0,0,0,0,0,0,0,0
200015,2,1,1984,0,0,22,0,28,0,0,0,0,0
200016,1,1,1984,19,19,19,19,19,19,19,19,19,19
200017,1,1,1984,19,0,0,0,6,0,0,0,0,0
200017,2,1,1984,0,0,0,0,0,0,0,14,0,0
200018,1,1,1984,0,0,0,0,0,0,0,0,0,0
200018,2,1,1984,0,0,0,0,0,0,0,0,0,0
200019,1,1,1984,0,0,0,0,3,0,0,0,0,0
200019,2,1,1984,0,0,0,0,0,0,0,0,0,0
200020,1,1,1984,0,0,0,0,0,0,0,0,0,0
200020,2,1,1984,0,0,0,0,0,0,0,0,0,0
200021,1,1,1984,21,0,0,0,10,0,0,0,0,0
200021,2,1,1984,0,0,0,0,0,0,0,0,0,0
200022,1,1,1984,0,0,0,0,0,0,0,0,0,0
200022,2,1,1984,18,18,18,18,18,18,18,18,18,18
200023,1,1,1984,14,14,14,14,14,14,14,14,14,14
200023,2,1,1984,12,0,6,7,0,12,5,25,13,21
200024,1,1,1984,0,0,0,0,0,0,0,0,0,0
200024,2,1,1984,0,0,0,0,0,0,0,0,0,0
200025,1,1,1984,22,22,22,22,22,22,22,22,22,22
200026,0,1,1984,0,0,0,0,0,0,0,0,0,0
200026,0,2,1984,0,0,35,0,13,0,0,18,0,0
200026,1,1,1984,0,0,0,0,0,0,0,0,0,0
200027,0,1,1984,22,17,8,8,19,21,10,19,11,19
200027,1,1,1984,29,13,6,0,0,0,0,14,0,0
200028,1,1,1984,22,22,22,22,22,22,22,22,22,22
200029,0,1,1984,0,0,0,0,0,0,0,0,0,0
200029,2,1,1984,0,0,0,0,0,0,0,0,0,0
200030,0,1,1984,0,0,0,0,0,0,0,0,0,0
200030,1,1,1984,0,0,0,0,0,0,0,0,0,0
200031,1,1,1984,0,0,0,0,0,0,0,0,0,0
200031,2,1,1984,3,3,3,3,3,3,3,3,3,3
200032,0,1,1984,0,0,0,0,0,0,0,0,0,0
200032,1,1,1984,0,0,0,0,0,0,0,0,0,0
200033,1,1,1984,19,19,19,19,19,19,19,19,19,19
200034,1,1,1984,26,21,7,13,0,16,18,4,12,11
200034,2,1,1984,0,0,0,0,0,0,0,0,0,0
200034,3,1,1984,6,0,0,0,0,19,30,0,0,0
200035,1,1,1984,0,0,0,0,0,0,0,0,0,0
200035,2,1,1984,0,0,0,0,0,0,0,0,0,0
200036,1,1,1984,25,25,25,25,25,25,25,25,25,25
200037,1,1,1984,0,0,0,0,0,0,0,0,0,0
200038,1,1,1984,0,0,0,0,0,0,0,0,0,0
200039,1,1,1984,0,0,0,0,0,0,0,0,0,0
200040,1,1,1984,0,0,0,0,0,0,0,0,0,0
200040,2,1,1984,0,0,0,0,0,0,0,0,0,0
200041,1,1,1984,0,17,0,0,0,0,25,0,0,0
200042,1,2,1984,20,18,19,24,15,3,33,0,18,11
200043,1,1,1984,36,36,36,36,36,36,36,36,36,36
200043,2,1,1984,0,0,0,0,0,0,0,0,0,0
200044,1,1,1984,0,0,0,0,23,0,0,21,11,0
200044,2,1,1984,19,19,19,19,19,19,19,19,19,19
200045,1,1,1984,7,7,7,7,7,7,7,7,7,7
200046,1,1,1984,0,0,0,0,0,0,0,0,0,0
200046,2,1,1984,0,0,0,0,0,0,0,0,0,0
200047,1,1,1984,0,0,0,0,0,0,0,0,0,0
200047,2,1,1984,0,0,0,0,0,0,0,0,0,0
200048,1,1,1984,0,0,0,0,0,0,0,0,0,9
200048,2,1,1984,0,0,0,0,0,0,0,0,0,0
200049,0,1,1984,0,9,6,0,8,7,29,18,0,0
200049,1,1,1984,0,0,0,3,0,0,0,0,0,0
200050,1,1,1984,0,0,0,0,0,0,0,0,0,0
200050,2,1,1984,0,0,0,0,0,18,0,0,0,0
200051,1,1,1984,0,0,0,0,0,0,0,0,0,0
200051,2,1,1984,0,0,0,0,0,0,0,0,0,0
200052,1,1,1984,0,0,0,0,0,0,0,0,0,0
200052,2,1,1984,0,0,23,0,0,0,0,0,0,0
200053,1,1,1984,0,0,0,0,0,0,0,23,0,0
200053,2,1,1984,0,0,0,0,0,0,0,0,0,0
200054,1,1,1984,13,13,13,13,13,13,13,13,13,13
200055,1,1,1984,0,0,0,0,0,0,0,0,0,0
200055,2,1,1984,26,26,26,26,26,26,26,26,26,26
200057,1,1,1984,0,0,0,21,0,16,0,0,31,0
200058,1,1,1984,0,0,0,0,0,0,0,0,0,0
200059,1,1,1984,17,22,6,14,23,14,14,14,23,0
200061,1,1,1984,0,0,0,0,0,15,0,0,0,0
200061,2,1,1984,0,0,0,0,0,0,0,0,0,0
200062,1,1,1984,23,0,13,8,0,7,15,7,0,0
200063,1,1,1984,0,0,0,0,9,0,0,18,8,0
200064,1,1,1984,0,18,27,0,30,24,20,17,0,18
200065,1,1,1984,21,29,21,18,5,24,20,11,17,11
200066,1,1,1984,8,0,0,0,0,0,0,0,2,0
200066,2,1,1984,9,6,6,5,13,5,24,18,13,7
200067,1,1,1984,0,19,0,0,24,14,7,12,19,6
200068,1,1,1984,0,0,0,0,0,0,0,0,0,0
200068,2,1,1984,2,2,2,2,2,2,2,2,2,2
200068,3,1,1984,0,0,0,0,0,0,0,0,0,0
200069,1,1,1984,0,0,0,0,0,0,0,0,0,0
200069,2,1,1984,0,12,0,0,0,16,0,0,0,0
200070,1,1,1984,12,12,12,12,12,12,12,12,12,12
200071,0,1,1984,21,21,21,21,21,21,21,21,21,21
200071,1,1,1984,0,0,12,0,0,18,0,0,0,11
200072,1,1,1984,0,0,0,0,0,0,0,0,0,0
200072,2,1,1984,0,0,0,0,0,15,0,0,0,0
200073,1,1,1984,15,15,15,15,15,15,15,15,15,15
200074,0,1,1984,33,28,26,23,33,22,18,18,29,27
200074,1,1,1984,0,24,12,18,0,0,13,13,0,0
200075,1,1,1984,0,0,0,0,0,0,0,0,14,0
200075,2,1,1984,0,0,0,0,19,14,0,0,0,0
200076,1,1,1984,0,0,0,0,0,0,0,0,0,0
200076,2,1,1984,0,12,0,0,0,0,0,0,0,0
200077,0,1,1984,24,32,34,27,17,18,10,0,19,26
200077,1,1,1984,0,0,0,0,0,0,0,0,0,0
200078,1,1,1984,11,0,21,28,16,16,0,0,11,11
200079,1,1,1984,19,12,9,18,23,11,24,14,0,20
200080,1,1,1984,0,0,0,0,0,0,0,0,0,0
200080,2,1,1984,0,0,0,0,0,0,0,0,0,0
200081,1,1,1984,0,0,0,0,0,0,0,0,0,0
200082,1,1,1984,8,0,10,15,0,16,0,0,0,9
200083,1,1,1984,24,18,20,24,17,9,0,16,15,10
200084,1,1,1984,0,0,0,0,0,0,0,0,0,0
200084,2,1,1984,0,0,0,0,0,0,0,0,0,0
200085,1,1,1984,0,0,0,0,0,0,0,0,0,0
200085,2,1,1984,0,0,0,0,0,0,0,2,0,0
200086,0,1,1984,0,0,0,0,0,0,0,0,0,0
200086,1,1,1984,0,0,0,0,0,0,0,0,0,0
200087,1,1,1984,9,9,9,9,9,9,9,9,9,9
200088,1,1,1984,0,0,0,0,0,0,0,0,0,0
200089,1,1,1984,0,0,0,0,0,0,17,0,0,0
200089,2,1,1984,0,0,0,0,0,0,0,0,0,0
200090,1,1,1984,0,0,0,0,0,0,0,0,0,0
200090,2,1,1984,0,0,0,0,0,0,0,0,0,0
200091,1,1,1984,21,21,21,21,21,21,21,21,21,21
200091,2,1,1984,14,13,11,36,13,13,33,16,28,19
200092,1,1,1984,23,23,23,23,23,23,23,23,23,23
200092,2,1,1984,0,0,0,0,0,0,0,0,0,0
200093,0,1,1984,0,0,0,0,0,0,0,0,0,0
200093,1,1,1984,7,0,0,0,10,0,17,0,0,0
200094,1,1,1984,12,12,12,12,12,12,12,12,12,12
200095,1,1,1984,0,0,0,0,0,3,0,0,0,14
200095,2,1,1984,9,0,17,16,0,13,26,17,0,0
200096,1,1,1984,0,0,0,0,1,0,0,0,0,0
200096,2,1,1984,0,0,0,0,0,0,0,0,0,0
200097,1,1,1984,11,11,11,11,11,11,11,11,11,11
200098,1,1,1984,18,18,18,18,18,18,18,18,18,18
200099,1,1,1984,0,0,0,0,0,0,0,0,0,0
200099,2,1,1984,14,14,14,14,14,14,14,14,14,14
200100,0,1,1984,35,19,24,32,36,41,0,16,23,0
200100,1,1,1984,0,0,0,0,0,0,22,0,19,0
200101,1,1,1984,0,0,0,0,0,0,0,0,11,0
200102,1,1,1984,27,15,18,25,29,28,15,14,15,20
200103,1,1,1984,0,0,0,0,0,0,0,0,0,0
200104,1,1,1984,13,13,13,13,13,13,13,13,13,13
200105,1,1,1984,11,11,11,11,11,11,11,11,11,11
200106,1,2,1984,10,19,11,13,12,17,13,26,24,17
200107,1,1,1984,0,14,18,0,0,7,0,4,0,0
200107,2,1,1984,0,0,0,0,0,0,0,0,0,0
200108,1,1,1984,0,0,0,0,0,0,0,0,0,0
200108,2,1,1984,0,0,0,0,0,0,0,0,0,0
200109,1,1,1984,0,0,0,0,0,0,0,0,0,0
200109,2,1,1984,0,0,0,0,0,0,0,0,0,0
200110,1,1,1984,23,23,23,23,23,23,23,23,23,23
200111,1,1,1984,0,0,0,7,0,0,0,0,0,0
200111,2,1,1984,7,0,0,0,0,10,14,7,0,0
200112,0,1,1984,0,0,0,17,15,9,38,11,14,6
200112,1,1,1984,0,0,0,0,0,0,0,0,0,0
200113,0,1,1984,20,24,20,22,0,0,17,0,0,24
200113,1,1,1984,0,0,0,0,0,0,0,0,0,21
200114,1,1,1984,8,8,8,8,8,8,8,8,8,8
200114,2,1,1984,0,0,0,0,0,0,0,0,0,0
200115,1,1,1984,0,0,0,0,0,0,0,0,0,0
200115,2,1,1984,0,0,0,0,0,0,0,0,0,0
200116,1,1,1984,0,0,0,0,0,0,0,0,0,0
200116,2,1,1984,11,11,11,11,11,11,11,11,11,11
200117,1,1,1984,11,11,11,11,11,11,11,11,11,11
200118,1,1,1984,30,0,0,0,46,27,0,21,7,0
200119,1,1,1984,8,8,8,8,8,8,8,8,8,8
200120,1,1,1984,0,0,0,0,0,0,0,14,0,0
200120,2,1,1984,0,0,0,0,0,0,0,0,0,0
200121,1,1,1984,0,0,0,0,0,0,0,0,0,0
200121,2,1,1984,16,0,0,12,0,0,5,0,27,0
200122,1,1,1984,0,0,25,16,36,22,0,22,24,15
200123,1,1,1984,0,49,0,18,23,0,0,0,27,0
200124,0,1,1984,0,7,5,0,0,0,0,0,0,19
200124,0,2,1984,11,7,9,12,10,6,13,0,0,19
200124,0,3,1984,0,9,12,16,6,9,11,9,10,10
200124,1,1,1984,18,5,18,7,5,28,18,9,25,19
200124,2,1,1984,0,0,0,0,0,0,0,0,0,0
200125,1,1,1984,18,18,18,18,18,18,18,18,18,18
200126,0,1,1984,0,0,0,0,0,0,0,0,0,0
200126,1,1,1984,0,0,0,0,0,0,0,0,0,0
200127,1,1,1984,29,29,29,29,29,29,29,29,29,29
200128,1,1,1984,0,0,0,0,0,0,0,0,0,0
200129,1,1,1984,0,0,0,0,0,0,0,0,0,0
200130,1,1,1984,12,15,18,13,0,0,16,10,26,24
200131,1,1,1984,0,0,0,0,0,0,0,0,0,0
200132,1,1,1984,0,0,0,0,0,0,0,0,0,0
200133,0,1,1984,0,15,0,0,0,0,25,0,0,0
200133,1,1,1984,0,0,0,0,0,0,0,5,0,0
200134,1,1,1984,21,0,0,0,0,0,0,0,36,4
200134,2,1,1984,0,0,0,0,0,0,0,0,0,0
200135,0,1,1984,0,0,0,0,0,0,0,0,0,0
200135,1,1,1984,0,0,0,0,0,0,0,7,0,0
200136,1,1,1984,31,21,6,26,24,17,0,0,0,22
200137,0,1,1984,6,6,6,6,6,6,6,6,6,6
200137,1,1,1984,21,0,0,0,17,0,4,0,0,0
200138,1,1,1984,0,0,0,0,0,0,0,0,0,0
200138,2,1,1984,0,0,0,0,18,0,0,0,0,0
200139,1,1,1984,0,13,0,0,0,17,0,0,0,0
200139,2,1,1984,0,0,0,15,0,0,0,0,0,16
200140,1,1,1984,9,19,10,16,34,22,17,20,21,28
200141,1,1,1984,23,23,23,23,23,23,23,23,23,23
200142,1,1,1984,0,0,0,0,0,0,0,15,0,0
200143,1,1,1984,32,32,32,32,32,32,32,32,32,32
200143,2,1,1984,0,0,0,0,0,0,10,0,0,0
200144,1,1,1984,0,0,0,0,0,0,0,0,0,0
200145,1,1,1984,39,39,39,39,39,39,39,39,39,39
200146,0,1,1984,0,0,0,0,0,0,0,0,0,0
200146,1,1,1984,0,0,0,0,3,0,0,0,0,0
200147,1,1,1984,4,4,4,4,4,4,4,4,4,4
200148,1,1,1984,17,17,17,17,17,17,17,17,17,17
200148,2,1,1984,19,19,19,19,19,19,19,19,19,19
200148,3,1,1984,0,0,0,0,15,0,15,0,0,0
200149,1,1,1984,0,0,0,0,0,0,0,0,0,0
200149,2,1,1984,0,0,0,0,0,0,0,0,0,0
200150,1,1,1984,0,0,0,0,25,0,0,0,0,0
200150,2,1,1984,6,6,6,6,6,6,6,6,6,6
200151,1,1,1984,0,0,9,0,0,0,0,0,0,16
200152,1,1,1984,22,22,22,22,22,22,22,22,22,22
200153,1,1,1984,23,0,25,18,0,9,0,21,12,0
200154,1,1,1984,0,0,0,0,0,23,0,0,0,0
200154,2,1,1984,0,0,0,0,0,0,0,0,0,0
200155,1,1,1984,0,0,0,0,0,0,0,0,0,0
200156,1,1,1984,0,0,0,0,0,0,0,17,0,0
200156,2,1,1984,21,10,13,11,13,18,14,15,3,16
200157,0,1,1984,0,0,0,0,0,0,0,0,0,0
200157,1,1,1984,12,12,12,12,12,12,12,12,12,12
200159,1,1,1984,0,0,0,0,0,0,0,0,0,0
200160,1,1,1984,0,0,0,0,0,0,0,0,0,0
200160,2,1,1984,0,0,0,0,0,0,0,0,0,0
200161,1,1,1984,6,0,0,6,0,0,0,0,0,0
200162,0,1,1984,0,0,0,0,0,0,16,0,0,0
200162,1,1,1984,0,0,0,0,0,0,0,0,16,0
200163,0,1,1984,0,0,0,0,0,0,0,0,0,0
200163,1,1,1984,0,0,0,0,0,0,0,0,0,0
200165,1,1,1984,0,29,0,9,0,0,0,14,21,15
200166,1,1,1984,0,0,0,16,0,0,0,0,0,0
200166,2,1,1984,23,13,0,0,0,0,0,0,16,0
200167,1,1,1984,0,0,0,0,0,0,0,0,0,0
200168,1,1,1984,0,0,0,0,32,22,0,0,0,0
200169,1,1,1984,20,20,20,20,20,20,20,20,20,20
200170,1,1,1984,0,0,0,0,0,0,0,0,0,0
200170,2,1,1984,0,0,0,0,0,0,0,0,0,0
200171,1,1,1984,30,30,30,30,30,30,30,30,30,30
200172,1,1,1984,0,17,0,0,0,0,0,0,0,0
200172,2,1,1984,27,6,19,16,12,17,12,5,10,11
200173,1,1,1984,0,0,0,0,15,0,0,0,0,0
200174,1,1,1984,0,0,24,10,13,7,9,12,20,32
200175,1,1,1984,0,21,0,0,0,0,17,28,0,0
200176,1,1,1984,20,22,16,0,0,42,0,26,35,14
200177,1,1,1984,0,0,0,0,0,0,0,0,0,0
200177,2,1,1984,0,0,16,0,5,6,0,0,15,0
200178,1,1,1984,13,12,0,0,0,0,0,0,0,0
200179,1,1,1984,7,7,7,7,7,7,7,7,7,7
200180,1,1,1984,0,0,0,0,0,0,0,0,0,0
200181,1,1,1984,18,18,18,18,18,18,18,18,18,18
200182,1,1,1984,0,20,0,0,0,0,0,0,24,0
200182,2,1,1984,0,0,0,0,0,0,0,0,7,0
200183,1,1,1984,8,8,8,8,8,8,8,8,8,8
200184,0,1,1984,10,0,0,13,10,35,0,26,0,0
200184,0,2,1984,0,0,16,25,11,13,13,18,15,13
200184,1,1,1984,21,0,0,0,0,0,12,0,0,0
200185,1,1,1984,20,20,20,20,20,20,20,20,20,20
200186,1,1,1984,0,0,0,0,0,0,0,0,0,0
200186,2,1,1984,0,0,0,0,0,0,0,0,0,0
200187,1,1,1984,0,0,0,0,0,0,0,0,0,0
200188,1,1,1984,18,18,9,22,14,0,10,11,15,5
200189,1,1,1984,25,25,25,25,25,25,25,25,25,25
200190,1,1,1984,30,10,25,25,8,15,17,6,19,16
200190,2,1,1984,0,0,0,0,0,0,0,0,0,0
200191,0,1,1984,0,0,34,0,0,0,0,9,0,0
200191,1,1,1984,0,0,0,0,0,0,12,0,0,0
200192,1,1,1984,6,0,24,33,0,0,8,19,0,18
200193,1,1,1984,10,10,15,23,13,3,23,0,22,0
200194,1,1,1984,0,0,0,0,21,0,0,29,0,0
200195,0,1,1984,0,0,0,0,0,0,0,0,0,0
200196,1,1,1984,0,0,0,0,0,0,0,0,0,0
200196,2,1,1984,0,0,0,0,0,0,19,19,28,0
200197,1,1,1984,0,0,0,10,0,0,0,0,0,0
200197,2,1,1984,14,14,11,5,21,15,24,3,5,21
200198,1,1,1984,0,0,0,0,0,0,0,0,0,0
200199,1,1,1984,23,11,15,23,25,16,12,13,15,0
200200,1,1,1984,0,6,0,0,0,17,24,0,21,0
200201,1,1,1984,14,14,14,14,14,14,14,14,14,14
200202,1,1,1984,0,0,14,0,0,0,0,0,18,0
200202,2,1,1984,0,0,0,0,0,0,0,0,0,0
200203,1,1,1984,0,19,0,0,0,0,0,5,0,0
200203,2,1,1984,0,0,0,0,0,0,0,0,0,0
200204,1,1,1984,0,0,0,0,0,0,0,0,0,0
200204,2,1,1984,0,9,0,0,0,0,0,0,0,0
200205,1,1,1984,0,0,0,0,13,0,0,0,0,0
200206,1,1,1984,0,0,0,0,0,0,0,0,0,0
200206,2,1,1984,0,0,0,0,0,0,0,0,0,0
200207,1,1,1984,0,0,0,0,0,0,0,0,0,0
200207,2,1,1984,0,0,0,0,0,21,19,0,0,0
200208,1,1,1984,0,0,10,0,0,0,0,0,0,0
200209,1,1,1984,6,6,6,6,6,6,6,6,6,6
200210,1,1,1984,0,0,0,0,0,9,0,0,0,0
200210,2,1,1984,0,0,0,0,0,0,0,0,0,0
200211,1,1,1984,5,0,6,0,0,0,0,8,0,0
200211,2,1,1984,0,0,0,0,0,0,0,0,0,0
200212,1,1,1984,0,0,0,0,0,0,0,0,0,0
200212,2,1,1984,17,0,0,0,0,0,0,0,0,0
200213,1,1,1984,0,0,0,0,0,0,0,0,0,0
200213,2,1,1984,0,0,0,0,0,0,0,0,0,0
200214,1,1,1984,22,22,22,22,22,22,22,22,22,22
200214,2,1,1984,3,0,0,13,0,0,0,0,0,0
200214,3,1,1984,0,0,0,0,0,0,0,0,0,5
200215,1,1,1984,21,8,13,24,27,24,20,27,15,14
200216,1,1,1984,17,17,17,17,17,17,17,17,17,17
200217,1,1,1984,0,0,0,0,0,0,0,0,0,0
200217,2,1,1984,0,0,0,0,0,0,0,0,0,0
200217,3,1,1984,0,0,0,0,0,0,0,0,0,0
200218,1,1,1984,17,17,17,17,17,17,17,17,17,17
200218,2,1,1984,11,21,0,0,0,0,0,0,29,16
200219,1,1,1984,0,0,0,0,0,0,0,13,0,0
200219,2,1,1984,0,0,0,0,0,0,0,0,0,4
200220,1,1,1984,29,29,29,29,29,29,29,29,29,29
200221,1,1,1984,0,0,0,0,0,0,0,0,0,0
200222,1,1,1984,20,20,20,20,20,20,20,20,20,20
200223,1,1,1984,1,1,1,1,1,1,1,1,1,1
200223,2,1,1984,4,4,4,4,4,4,4,4,4,4
200224,1,1,1984,3,0,0,0,0,19,0,0,0,0
200224,2,1,1984,0,0,0,0,0,0,0,0,0,0
200225,1,1,1984,16,16,16,16,16,16,16,16,16,16
200226,1,1,1984,14,14,14,14,14,14,14,14,14,14
200227,1,1,1984,0,0,0,0,0,0,0,21,0,0
200227,2,1,1984,0,0,0,0,0,0,0,0,0,0
200228,1,1,1984,0,0,0,0,0,0,0,0,0,0
200229,1,1,1984,0,0,0,0,0,0,0,0,17,0
200229,2,1,1984,16,0,0,0,0,0,0,0,0,0
200230,1,1,1984,23,2,12,12,8,22,18,9,21,12
200230,2,1,1984,0,0,0,0,0,0,0,0,0,0
200231,1,1,1984,0,0,0,0,0,0,0,0,8,29
200231,2,1,1984,0,0,0,0,0,0,0,0,0,0
200232,1,1,1984,4,11,0,17,25,17,0,15,24,18
200233,1,1,1984,0,0,0,0,0,0,0,0,0,0
200233,2,1,1984,0,0,0,0,0,0,0,0,0,0
200234,1,1,1984,0,0,0,0,0,0,0,0,0,0
200235,1,1,1984,0,0,9,0,0,19,0,0,0,0
200235,2,1,1984,0,0,0,0,0,0,0,0,0,0
200236,0,1,1984,0,0,0,0,0,32,0,0,0,0
200236,1,1,1984,0,0,0,0,0,0,0,0,0,0
200237,1,1,1984,2,2,2,2,2,2,2,2,2,2
200237,2,1,1984,6,20,13,8,10,14,13,7,11,4
200238,1,1,1984,0,0,0,0,0,0,0,0,0,0
200239,2,1,1984,0,0,0,0,0,0,0,0,0,0
200240,1,1,1984,5,0,14,14,19,0,13,0,0,0
200241,0,1,1984,0,0,0,0,0,0,0,0,0,0
200241,1,1,1984,13,13,13,13,13,13,13,13,13,13
200242,1,1,1984,0,0,0,0,0,0,0,0,0,0
200243,1,1,1984,0,12,0,23,0,0,15,0,0,0
200244,1,1,1984,0,0,0,0,0,18,0,0,0,31
200245,1,1,1984,18,18,18,18,18,18,18,18,18,18
200246,1,1,1984,0,0,0,0,8,5,0,22,0,0
200247,1,1,1984,0,0,0,0,0,0,0,0,0,0
200248,1,1,1984,0,0,0,0,0,0,0,0,0,0
200249,1,1,1984,28,28,28,28,28,28,28,28,28,28
200250,1,1,1984,23,37,29,0,14,20,34,10,19,17
200251,1,1,1984,22,10,8,17,16,4,4,19,11,11
200251,2,1,1984,0,0,0,0,0,0,0,0,0,0
200252,1,1,1984,8,0,0,0,0,0,0,0,0,0
200252,2,1,1984,0,0,0,0,0,0,0,0,0,0
200253,1,1,1984,18,18,18,18,18,18,18,18,18,18
200254,1,1,1984,0,0,0,0,0,0,0,0,0,0
200254,2,1,1984,0,0,0,0,0,0,0,0,0,0
200255,0,1,1984,16,16,16,16,16,16,16,16,16,16
200255,1,1,1984,0,0,0,0,0,0,0,0,0,0
200256,1,1,1984,16,16,16,16,16,16,16,16,16,16
200257,1,1,1984,16,16,16,16,16,16,16,16,16,16
200258,1,1,1984,0,0,0,17,0,0,0,0,0,30
200258,2,1,1984,0,0,0,0,0,0,0,0,4,0
200259,1,1,1984,19,19,19,19,19,19,19,19,19,19
200260,1,1,1984,0,0,0,0,0,0,0,0,0,0
200260,2,1,1984,21,21,21,21,21,21,21,21,21,21
200261,1,1,1984,36,0,0,0,0,0,0,0,0,0
200261,2,1,1984,0,0,0,0,0,0,0,0,0,0
200262,1,1,1984,0,0,0,0,0,0,0,0,0,0
200262,2,1,1984,0,0,0,0,0,0,0,0,0,0
200263,1,1,1984,0,0,0,17,0,0,0,0,10,0
200264,1,1,1984,0,0,0,0,0,0,0,0,0,0
200265,1,1,1984,0,0,0,0,0,0,0,0,8,0
200265,2,1,1984,0,0,0,0,0,0,3,0,0,0
200266,1,1,1984,0,0,8,0,0,0,0,0,0,0
200266,2,1,1984,0,0,0,0,0,0,0,0,0,0
200267,1,1,1984,21,21,21,21,21,21,21,21,21,21
200268,0,1,1984,0,0,0,0,0,0,0,0,0,0
200268,1,1,1984,0,0,0,0,0,0,0,13,0,0
200269,1,1,1984,14,0,10,0,14,5,0,26,0,0
200270,1,1,1984,2,2,2,2,2,2,2,2,2,2
200271,1,1,1984,2,2,2,2,2,2,2,2,2,2
200272,1,1,1984,0,0,0,0,0,0,0,0,0,0
200272,2,1,1984,0,0,0,0,0,0,0,0,0,0
200273,1,1,1984,17,0,14,0,0,0,22,0,0,0
200274,1,1,1984,18,18,18,18,18,18,18,18,18,18
200275,1,1,1984,21,21,21,21,21,21,21,21,21,21
200276,1,1,1984,0,0,0,0,0,0,0,0,0,0
200276,2,1,1984,0,0,25,9,0,0,28,3,0,17
200277,0,1,1984,17,17,17,17,17,17,17,17,17,17
200277,0,2,1984,16,16,16,16,16,16,16,16,16,16
200277,0,3,1984,0,0,0,0,0,0,0,0,0,0
200277,0,4,1984,21,22,4,30,23,6,0,0,0,17