ST_CASE,VEH_NO,PER_NO,YEAR,P1,P2,P3,P4,P5,P6,P7,P8,P9,P10
210108,1,1,1984,0,10,0,0,0,0,0,0,0,0
210109,0,1,1984,20,20,20,20,20,20,20,20,20,20
210109,1,1,1984,0,0,0,0,0,0,0,0,0,0
210110,1,1,1984,0,0,0,0,0,0,0,0,0,0
210111,1,1,1984,0,0,0,0,0,0,0,0,0,0
210111,2,1,1984,0,0,0,0,0,0,0,0,0,0
210112,0,1,1984,0,0,0,0,0,0,0,0,0,0
210112,1,1,1984,0,10,0,0,0,0,0,0,0,20
210113,0,1,1984,4,0,0,0,0,0,0,0,0,0
210113,1,1,1984,1,1,1,1,1,1,1,1,1,1
210114,1,1,1984,0,0,0,0,0,0,0,0,0,0
210115,1,1,1984,24,24,24,24,24,24,24,24,24,24
210116,1,1,1984,21,0,7,25,9,30,14,15,19,5
210116,2,1,1984,14,25,14,13,11,22,14,12,10,15
210117,1,1,1984,20,20,20,20,20,20,20,20,20,20
210118,1,1,1984,16,16,16,16,16,16,16,16,16,16
210118,2,1,1984,0,0,0,0,0,0,0,0,0,0
210119,1,2,1984,7,7,7,7,7,7,7,7,7,7
210120,1,1,1984,0,0,0,0,0,0,0,0,0,0
210120,2,1,1984,0,0,0,0,0,0,0,0,0,0
210121,1,1,1984,0,0,0,0,0,0,0,0,0,0
210121,2,1,1984,0,0,0,0,0,0,0,0,0,0
210121,3,1,1984,0,0,0,0,0,0,0,0,0,0
210122,1,1,1984,0,0,0,0,0,0,0,0,0,0
210122,2,1,1984,0,0,0,0,0,0,0,0,0,0
210123,1,1,1984,0,0,0,0,0,0,0,0,0,0
210123,2,1,1984,0,0,0,0,0,0,0,0,0,0
210124,1,1,1984,15,15,15,15,15,15,15,15,15,15
210125,1,1,1984,0,0,0,0,0,5,13,0,0,13
210126,0,1,1984,28,28,28,28,28,28,28,28,28,28
210126,1,1,1984,0,0,0,0,0,0,0,0,0,0
210127,1,1,1984,0,0,0,0,0,0,0,0,0,0
210128,1,1,1984,10,10,10,10,10,10,10,10,10,10
210131,1,1,1984,13,13,13,13,13,13,13,13,13,13
210132,0,1,1984,26,26,26,26,26,26,26,26,26,26
210132,1,1,1984,0,0,0,0,0,0,0,11,0,0
210133,1,1,1984,0,0,0,0,0,0,0,0,0,0
210133,2,1,1984,0,0,0,0,0,0,0,0,0,0
210134,0,1,1984,0,0,0,0,0,0,0,0,0,0
210134,1,1,1984,0,0,0,0,0,0,0,0,0,0
210135,1,1,1984,25,25,25,25,25,25,25,25,25,25
210136,1,1,1984,0,0,0,0,0,0,0,0,0,0
210136,2,1,1984,0,0,0,0,0,0,0,0,18,0
210137,1,1,1984,25,25,25,25,25,25,25,25,25,25
210138,1,1,1984,15,15,15,15,15,15,15,15,15,15
210139,1,1,1984,0,0,0,0,0,0,0,0,0,0
210139,2,1,1984,0,0,0,0,0,0,0,0,0,0
210140,1,1,1984,0,0,0,0,0,0,0,0,0,0
210141,1,1,1984,16,16,16,16,16,16,16,16,16,16
210142,1,1,1984,32,32,32,32,32,32,32,32,32,32
210143,1,1,1984,0,0,0,0,0,0,7,0,0,0
210143,2,1,1984,0,0,0,0,0,0,0,0,0,0
210144,1,1,1984,0,0,0,0,0,0,0,0,0,0
210144,2,1,1984,0,0,0,0,0,0,0,0,0,0
210145,1,1,1984,0,0,0,0,0,0,0,0,0,0
210145,2,1,1984,0,0,0,0,0,0,0,0,0,0
210145,3,1,1984,0,0,0,0,0,0,0,0,0,0
210145,4,1,1984,0,0,0,0,0,0,0,0,0,0
210146,0,1,1984,0,0,0,0,0,0,0,0,0,0
210146,1,1,1984,0,0,0,0,0,0,0,0,0,0
210147,1,1,1984,0,0,0,0,0,0,0,0,24,0
210148,1,1,1984,0,0,0,0,0,0,0,0,0,0
210148,2,1,1984,0,0,0,0,0,0,0,0,0,0
210149,1,1,1984,19,19,19,19,19,19,19,19,19,19
210150,1,1,1984,0,0,0,0,0,0,0,0,0,0
210150,2,1,1984,0,0,0,0,0,0,0,0,0,0
210152,0,1,1984,31,31,31,31,31,31,31,31,31,31
210152,1,1,1984,0,0,0,0,0,0,0,0,0,0
210152,2,1,1984,0,0,0,16,0,0,0,0,0,0
210153,1,1,1984,11,11,11,11,11,11,11,11,11,11
210154,1,1,1984,0,0,0,0,0,8,0,0,0,0
210155,1,1,1984,17,0,0,0,0,0,0,11,0,0
210156,1,1,1984,0,0,0,0,0,0,0,0,0,0
210156,2,1,1984,0,0,0,0,0,0,0,0,0,0
210157,1,1,1984,11,11,11,11,11,11,11,11,11,11
210158,1,1,1984,24,24,24,24,24,24,24,24,24,24
210158,2,1,1984,0,0,0,0,0,0,0,0,0,0
210159,1,1,1984,22,8,23,16,11,27,5,16,20,28
210160,1,1,1984,0,0,0,0,0,0,0,0,0,0
210160,2,1,1984,0,0,0,0,0,0,0,0,0,0
210161,1,1,1984,20,20,20,20,20,20,20,20,20,20
210162,1,1,1984,0,0,0,0,0,0,0,0,0,0
210162,2,1,1984,0,0,0,0,0,0,0,0,0,0
210163,1,1,1984,13,13,13,13,13,13,13,13,13,13
210164,1,1,1984,16,16,16,16,16,16,16,16,16,16
210165,1,1,1984,10,0,0,0,0,11,0,8,0,0
210166,1,1,1984,0,0,0,0,0,0,0,0,0,0
210167,1,1,1984,0,0,0,0,0,0,0,0,0,0
210167,2,1,1984,0,0,0,0,0,0,0,0,0,0
210168,0,1,1984,0,0,0,0,0,0,0,0,0,0
210168,1,1,1984,0,9,0,0,0,0,0,0,0,0
210169,1,1,1984,14,14,14,14,14,14,14,14,14,14
210170,1,1,1984,0,0,0,0,0,0,0,0,0,0
210170,2,1,1984,0,0,0,0,0,0,0,14,0,0
210171,1,1,1984,0,0,0,0,0,0,0,0,0,0
210172,1,1,1984,16,16,16,16,16,16,16,16,16,16
210173,0,1,1984,0,0,0,0,0,0,0,0,0,0
210173,1,1,1984,0,0,0,0,0,0,0,0,0,0
210174,0,1,1984,0,0,0,0,0,0,0,0,0,0
210174,1,1,1984,0,0,0,0,0,22,0,0,4,24
210175,1,1,1984,5,10,25,11,0,27,12,12,4,14
210175,2,1,1984,0,0,0,0,0,0,0,0,0,0
210176,1,1,1984,19,19,19,19,19,19,19,19,19,19
210177,1,1,1984,21,21,21,21,21,21,21,21,21,21
210178,0,1,1984,0,0,0,0,0,0,0,0,0,0
210178,1,1,1984,19,19,19,19,19,19,19,19,19,19
210179,1,1,1984,27,0,0,16,0,0,0,0,0,18
210180,1,1,1984,0,0,0,0,0,0,0,0,0,0
210181,1,1,1984,15,15,15,15,15,15,15,15,15,15
210182,1,1,1984,15,12,16,8,0,0,0,0,0,0
210183,1,1,1984,0,0,0,16,0,0,0,0,0,18
210184,1,1,1984,15,4,25,18,26,7,22,17,11,10
210185,1,1,1984,0,0,0,0,0,0,0,0,0,0
210186,1,1,1984,24,24,24,24,24,24,24,24,24,24
210187,0,1,1984,0,0,0,0,0,0,0,0,0,0
210187,1,1,1984,0,0,0,15,0,0,0,0,0,0
210188,0,1,1984,24,32,21,30,25,25,17,4,20,8
210188,1,1,1984,20,0,0,0,0,23,0,0,0,0
210189,1,1,1984,0,0,0,0,0,0,0,0,0,0
210190,1,1,1984,3,3,3,3,3,3,3,3,3,3
210191,1,1,1984,0,0,0,0,0,0,14,0,0,0
210192,0,1,1984,0,0,0,0,0,0,0,0,0,3
210192,0,2,1984,0,0,0,0,5,0,0,0,0,0
210192,1,1,1984,13,13,13,13,13,13,13,13,13,13
210193,1,2,1984,7,24,8,0,5,0,0,16,0,10
210194,0,1,1984,0,0,0,0,0,0,0,0,0,0
210194,1,1,1984,8,0,0,17,0,0,0,0,0,0
210195,1,1,1984,13,13,13,13,13,13,13,13,13,13
210195,2,1,1984,29,0,0,0,16,38,23,0,0,18
210196,1,1,1984,19,19,19,19,19,19,19,19,19,19
210196,2,1,1984,0,0,0,0,0,0,0,0,0,0
210196,3,1,1984,0,0,0,0,0,0,0,0,0,0
210196,4,1,1984,0,0,0,0,0,0,0,0,0,0
210197,1,1,1984,6,6,6,6,6,6,6,6,6,6
210198,1,1,1984,0,0,0,0,0,0,0,0,0,0
210198,2,1,1984,0,0,0,0,0,0,0,0,0,0
210199,1,1,1984,25,25,25,25,25,25,25,25,25,25
210199,2,1,1984,0,0,0,0,0,0,0,0,0,0
210200,1,1,1984,0,4,30,0,0,16,0,0,0,0
210200,2,1,1984,0,4,0,0,9,16,19,0,4,0
210201,0,1,1984,0,0,0,0,0,0,0,0,0,0
210201,1,1,1984,0,0,0,20,21,0,0,0,0,18
210202,1,1,1984,5,5,5,5,5,5,5,5,5,5
210203,1,1,1984,0,0,0,0,0,0,0,0,0,0
210203,2,1,1984,0,0,0,0,6,0,0,0,0,0
210204,1,1,1984,0,0,0,10,0,0,0,0,0,0
210204,2,1,1984,0,0,0,0,0,0,0,15,0,0
210205,1,1,1984,11,11,11,11,11,11,11,11,11,11
210205,2,1,1984,0,0,0,0,0,0,0,0,0,0
210206,1,1,1984,16,16,16,16,16,16,16,16,16,16
210207,1,1,1984,18,18,18,18,18,18,18,18,18,18
210207,2,1,1984,0,0,0,0,0,0,0,0,0,0
210208,1,1,1984,20,20,20,20,20,20,20,20,20,20
210209,0,1,1984,0,0,0,0,0,0,0,0,0,0
210209,1,1,1984,0,0,0,32,0,0,0,0,0,0
210210,1,1,1984,19,14,19,0,12,0,14,8,20,19
210211,1,1,1984,0,7,0,0,0,0,14,0,0,0
210211,2,1,1984,0,0,0,0,0,0,0,0,0,0
210212,1,1,1984,0,0,0,0,0,0,0,0,0,0
210212,2,1,1984,0,27,8,8,0,8,0,10,15,0
210213,1,1,1984,11,3,0,11,0,0,0,0,0,0
210213,2,1,1984,0,0,0,0,11,0,0,16,0,0
210213,3,1,1984,0,13,0,14,9,7,30,13,13,22
210214,1,1,1984,0,0,0,0,0,0,0,0,0,0
210214,2,1,1984,0,0,0,0,0,0,0,0,0,0
210215,1,1,1984,0,0,0,0,0,0,0,0,0,0
210215,2,1,1984,0,0,0,0,0,0,0,0,0,0
210216,0,1,1984,0,0,0,0,0,0,0,0,0,0
210216,1,1,1984,0,0,0,0,0,0,0,0,0,0
210217,1,1,1984,0,0,0,0,0,0,0,0,0,0
210217,2,1,1984,4,0,0,0,0,0,0,0,0,0
210218,1,1,1984,0,11,23,0,0,0,19,0,14,0
210219,1,1,1984,0,0,0,0,0,0,0,0,0,0
210219,2,1,1984,0,0,0,0,0,0,0,0,0,0
210220,1,1,1984,1,1,1,1,1,1,1,1,1,1
210220,2,1,1984,0,0,0,0,0,0,0,0,0,0
210221,1,1,1984,8,8,8,8,8,8,8,8,8,8
210222,1,1,1984,13,9,12,34,17,0,11,20,9,13
210222,2,1,1984,0,0,0,0,0,0,0,0,0,0
210223,1,1,1984,0,0,0,0,0,0,0,0,0,0
210223,2,1,1984,0,0,0,0,0,0,0,0,0,0
210224,1,1,1984,0,0,20,0,0,2,15,0,0,11
210225,2,1,1984,0,0,0,0,0,0,0,0,0,0
210226,1,1,1984,0,36,0,0,0,0,0,0,0,0
210226,2,1,1984,0,0,0,0,0,0,0,0,0,0
210227,1,1,1984,0,0,0,0,0,0,0,0,0,0
210227,2,1,1984,0,0,0,0,0,0,0,0,0,0
210228,1,1,1984,0,0,0,0,0,0,0,0,8,0
210228,2,1,1984,0,5,0,0,0,0,0,13,0,0
210228,3,1,1984,0,0,0,0,0,0,0,0,0,0
210229,1,1,1984,0,0,0,0,0,0,0,0,0,0
210229,2,1,1984,0,0,0,0,0,0,0,0,0,0
210230,1,1,1984,0,0,0,0,0,0,0,0,0,0
210231,0,1,1984,0,20,12,24,24,0,13,10,28,0
210231,1,1,1984,0,0,0,0,0,0,6,32,0,6
210232,0,1,1984,0,0,0,0,0,0,0,0,0,0
210232,1,1,1984,0,0,0,0,0,0,0,0,0,0
210233,1,1,1984,0,0,0,0,0,0,0,0,0,0
210234,1,1,1984,23,23,23,23,23,23,23,23,23,23
210235,1,1,1984,32,32,32,32,32,32,32,32,32,32
210236,1,1,1984,2,2,2,2,2,2,2,2,2,2
210236,2,1,1984,0,0,0,0,27,0,0,0,0,0
210236,3,1,1984,0,0,0,0,0,0,0,0,0,0
210238,1,1,1984,0,0,0,0,0,0,0,0,0,0
210238,2,1,1984,19,0,0,0,0,0,0,0,0,0
210239,0,1,1984,33,33,42,23,16,0,0,0,20,30
210239,1,1,1984,0,0,20,0,0,0,0,0,17,0
210240,1,1,1984,10,10,10,10,10,10,10,10,10,10
210241,1,1,1984,0,0,0,0,0,0,0,0,0,0
210241,2,1,1984,0,0,0,0,0,0,0,0,0,0
210242,1,1,1984,0,0,0,0,37,0,0,0,0,0
210243,1,1,1984,0,0,0,0,20,28,0,26,18,0
210244,1,1,1984,10,14,12,23,9,11,24,5,20,23
210245,1,1,1984,0,0,0,16,17,0,0,0,22,15
210246,1,1,1984,0,0,0,0,0,0,0,0,0,0
210246,2,1,1984,16,16,16,16,16,16,16,16,16,16
210247,0,1,1984,0,9,0,8,0,28,0,0,0,0
210247,0,2,1984,21,9,39,13,18,22,0,33,0,13
210247,1,1,1984,22,0,0,0,13,0,0,0,18,0
210248,1,1,1984,17,17,17,17,17,17,17,17,17,17
210249,0,1,1984,21,0,28,0,0,18,0,0,0,0
210249,1,1,1984,19,0,0,0,8,6,11,0,14,0
210250,1,1,1984,0,37,0,0,0,0,21,0,25,3
210250,2,1,1984,12,0,0,0,0,0,0,0,15,0
210251,1,1,1984,42,0,0,0,0,5,0,8,0,0
210252,1,1,1984,0,12,0,0,0,0,0,0,0,0
210253,1,1,1984,0,0,0,17,0,0,0,0,0,0
210254,1,1,1984,0,0,0,0,0,0,0,0,0,0
210256,1,1,1984,5,5,5,5,5,5,5,5,5,5
210256,2,1,1984,0,0,0,0,0,0,0,0,0,0
210257,1,1,1984,4,13,22,21,8,7,0,17,27,10
210258,1,1,1984,8,8,8,8,8,8,8,8,8,8
210259,1,1,1984,0,0,0,0,0,0,0,0,0,8
210260,1,1,1984,34,0,0,0,0,0,0,0,0,0
210261,1,1,1984,0,0,0,0,0,0,0,0,0,0
210261,2,1,1984,0,0,0,0,0,0,0,0,3,0
210262,1,1,1984,0,0,0,0,0,0,0,0,0,0
210262,2,1,1984,0,0,0,0,0,0,0,0,0,0
210263,1,1,1984,0,0,0,0,0,0,0,0,0,0
210263,2,1,1984,0,0,0,0,0,0,0,0,0,0
210264,1,1,1984,0,0,0,0,0,0,12,0,0,15
210264,2,1,1984,0,0,0,0,0,0,0,0,0,0
210265,1,1,1984,0,0,0,0,0,0,0,0,0,0
210266,1,1,1984,0,18,11,20,21,16,0,0,17,0
210267,1,1,1984,17,17,17,17,17,17,17,17,17,17
210268,1,1,1984,12,12,12,12,12,12,12,12,12,12
210268,2,1,1984,15,18,0,0,0,0,0,0,0,2
210269,1,1,1984,0,0,0,0,0,0,0,0,0,0
210269,2,1,1984,0,0,0,0,0,0,0,0,0,0
210270,1,1,1984,0,0,0,0,0,0,0,0,0,0
210271,1,1,1984,6,6,6,6,6,6,6,6,6,6
210272,1,1,1984,0,0,0,0,0,0,0,0,0,0
210272,2,1,1984,0,0,0,0,28,0,8,3,6,11
210274,1,1,1984,0,0,0,4,0,0,0,0,0,0
210275,0,1,1984,0,0,20,13,16,0,0,0,0,0
210275,1,1,1984,0,0,0,0,0,0,0,14,0,0
210276,1,1,1984,0,0,0,0,0,0,0,0,0,0
210277,1,1,1984,19,19,19,19,19,19,19,19,19,19
210277,2,1,1984,0,0,0,6,0,0,0,0,0,0
210277,3,1,1984,0,14,0,0,0,0,0,0,0,27
210278,0,1,1984,4,4,4,4,4,4,4,4,4,4
210278,1,1,1984,21,17,0,0,0,0,7,12,0,21
210279,1,1,1984,0,0,0,0,0,0,0,0,0,0
210279,2,1,1984,17,17,17,17,17,17,17,17,17,17
210280,1,1,1984,0,0,0,0,0,0,0,0,0,0
210280,2,1,1984,16,16,16,16,16,16,16,16,16,16
210281,0,1,1984,0,0,0,0,0,16,4,0,7,0
210281,1,1,1984,0,0,0,0,0,0,0,0,0,0
210282,0,1,1984,19,19,19,19,19,19,19,19,19,19
210282,1,1,1984,0,0,0,12,0,0,0,0,0,0
210283,1,1,1984,19,19,19,19,19,19,19,19,19,19
210283,2,1,1984,0,0,0,0,0,0,0,0,0,0
210284,1,1,1984,0,9,0,0,0,8,0,0,0,0
210285,1,1,1984,26,26,26,26,26,26,26,26,26,26
210286,1,1,1984,6,0,0,13,0,0,16,0,12,0
210287,1,1,1984,0,0,0,0,0,0,0,0,0,0
210288,1,1,1984,7,7,7,7,7,7,7,7,7,7
210289,0,1,1984,0,0,0,0,0,0,0,0,0,0
210289,1,1,1984,13,0,0,0,8,0,0,0,0,0
210290,1,1,1984,11,11,11,11,11,11,11,11,11,11
210290,2,1,1984,0,0,0,0,0,0,0,0,0,0
210291,1,1,1984,2,2,2,2,2,2,2,2,2,2
210291,2,1,1984,0,0,0,0,0,0,8,0,0,0
210291,3,1,1984,0,0,0,0,0,0,0,0,0,0
210292,1,1,1984,0,0,0,0,0,0,0,0,0,0
210293,1,1,1984,0,0,0,0,0,0,0,0,0,0
210293,2,1,1984,0,0,0,0,0,0,0,0,0,0
210293,3,1,1984,0,0,0,0,0,0,0,0,0,0
210293,4,1,1984,0,0,0,0,0,0,0,0,0,0
210294,1,1,1984,0,0,0,0,0,0,0,0,0,0
210295,1,1,1984,0,0,0,0,0,0,0,0,18,0
210296,1,1,1984,4,4,4,4,4,4,4,4,4,4
210297,1,1,1984,17,0,24,0,0,0,40,0,0,0
210298,1,1,1984,0,0,0,0,0,0,0,0,8,0
210299,1,1,1984,0,0,0,0,0,0,0,0,0,0
210300,1,1,1984,19,19,19,19,19,19,19,19,19,19
210301,1,1,1984,0,0,0,0,0,0,0,0,0,0
210301,2,1,1984,0,0,0,0,0,0,0,0,0,0
210302,0,1,1984,0,0,0,0,0,0,0,0,0,4
210302,1,1,1984,0,0,0,0,16,0,0,0,0,0
210303,1,1,1984,0,0,0,0,0,0,0,0,0,0
210303,2,1,1984,0,0,0,0,0,0,0,0,0,0
210304,1,1,1984,0,0,0,0,0,0,0,0,0,9
210305,1,1,1984,9,9,9,9,9,9,9,9,9,9
210306,1,1,1984,0,0,0,0,0,0,0,0,0,0
210307,1,1,1984,0,0,0,0,0,0,0,0,0,0
210308,1,1,1984,16,16,16,16,16,16,16,16,16,16
210308,2,1,1984,0,0,0,0,0,0,0,0,0,0
210308,3,1,1984,0,0,0,0,0,0,0,0,0,0
210309,1,1,1984,11,11,11,11,11,11,11,11,11,11
210310,1,1,1984,0,19,0,0,0,0,0,0,0,15
210311,1,1,1984,0,0,0,0,0,0,0,0,0,0
210311,2,1,1984,0,0,0,0,0,28,0,0,0,0
210312,1,1,1984,0,0,0,0,0,0,0,0,0,0
210312,2,1,1984,0,0,0,0,0,0,14,0,0,0
210313,1,1,1984,0,0,0,0,0,0,0,0,0,0
210313,2,1,1984,0,0,0,0,0,0,0,0,0,0
210314,1,1,1984,12,16,12,19,13,15,9,17,6,14
210315,1,1,1984,6,20,11,13,5,15,14,3,6,11
210316,1,1,1984,31,31,31,31,31,31,31,31,31,31
210316,2,1,1984,0,0,0,0,0,0,0,0,0,0
210317,1,1,1984,8,16,27,20,38,32,26,31,20,18
210318,1,1,1984,14,14,14,14,14,14,14,14,14,14
210319,1,1,1984,0,0,0,0,0,6,0,0,0,6
210319,2,1,1984,0,0,0,0,0,0,0,0,0,0
210320,1,1,1984,0,0,0,0,0,0,0,0,0,0
210321,1,1,1984,0,0,0,0,0,0,0,0,0,0
210321,2,1,1984,0,0,0,0,0,0,0,0,0,0
210322,1,1,1984,1,1,1,1,1,1,1,1,1,1
210323,1,1,1984,13,20,17,26,16,0,20,21,0,0
210323,2,1,1984,0,0,0,0,0,0,0,0,0,0
210324,0,1,1984,0,0,0,0,0,0,0,9,0,0
210324,1,1,1984,0,0,0,0,0,0,0,0,0,0
210325,0,1,1984,0,0,0,0,0,0,0,0,0,0
210325,1,1,1984,0,25,8,12,27,20,0,0,0,0
210325,2,1,1984,0,0,9,0,21,0,0,0,0,0
210326,1,1,1984,7,7,7,7,7,7,7,7,7,7
210327,1,1,1984,13,13,13,13,13,13,13,13,13,13
210328,1,1,1984,0,0,0,0,0,0,0,0,0,0
210328,2,1,1984,0,0,0,13,0,0,0,0,0,0
210329,0,1,1984,0,0,0,0,0,0,0,0,0,0
210329,1,1,1984,8,5,10,14,0,20,18,19,10,4
210330,1,1,1984,17,17,17,17,17,17,17,17,17,17
210331,1,1,1984,29,29,29,29,29,29,29,29,29,29
210332,1,1,1984,0,0,0,0,0,0,0,0,0,0
210332,2,1,1984,0,0,0,0,0,0,0,0,0,0
210332,3,1,1984,0,0,0,0,0,0,0,0,0,0
210333,1,1,1984,0,0,0,0,0,0,0,0,0,0
210334,1,1,1984,0,0,0,0,0,0,0,0,0,0
210334,2,1,1984,0,0,0,0,9,0,0,0,0,0
210334,3,1,1984,0,0,0,0,0,0,0,0,0,0
210334,4,1,1984,0,0,0,0,0,0,0,0,0,0
210335,1,1,1984,0,28,0,0,0,0,0,0,0,26
210336,1,1,1984,8,10,0,0,0,0,0,0,14,0
210336,2,1,1984,0,3,0,0,0,0,0,0,0,0
210337,1,1,1984,0,0,0,0,0,0,0,0,0,0
210338,1,1,1984,21,21,21,21,21,21,21,21,21,21
210339,1,1,1984,0,11,11,21,0,0,33,0,0,0
210340,1,1,1984,16,16,16,16,16,16,16,16,16,16
210341,1,1,1984,0,0,0,0,0,0,0,0,0,0
210342,1,1,1984,16,20,8,0,14,18,9,25,31,7
210342,2,1,1984,21,0,0,0,0,0,0,10,0,0
210343,1,1,1984,20,20,20,20,20,20,20,20,20,20
210343,2,1,1984,0,0,0,0,0,0,0,0,0,0
210344,1,1,1984,12,12,12,12,12,12,12,12,12,12
210345,1,1,1984,22,22,22,22,22,22,22,22,22,22
210346,1,1,1984,25,25,25,25,25,25,25,25,25,25
210347,1,1,1984,10,10,10,10,10,10,10,10,10,10
210348,1,1,1984,15,15,15,15,15,15,15,15,15,15
210349,1,1,1984,0,0,0,0,0,0,0,17,0,0
210349,2,1,1984,0,0,0,0,0,0,0,0,0,0
210350,1,1,1984,0,0,0,0,0,0,0,0,0,0
210350,2,1,1984,0,0,0,0,0,0,0,0,0,0
210351,1,1,1984,0,0,23,0,4,0,0,0,0,0
210351,2,1,1984,0,0,0,0,0,0,0,0,0,0
210352,1,1,1984,11,11,11,11,11,11,11,11,11,11
210352,2,1,1984,0,0,0,12,0,0,10,0,0,0
210353,1,1,1984,0,0,0,0,0,0,0,0,0,0
210354,1,1,1984,0,0,15,0,0,0,0,0,15,18
210355,1,1,1984,0,0,0,0,0,0,0,0,0,0
210355,2,1,1984,0,0,0,0,0,0,0,0,0,0
210356,0,1,1984,0,0,0,0,0,0,0,0,0,0
210356,1,1,1984,0,0,0,0,0,0,0,5,0,0
210357,1,1,1984,26,26,26,26,26,26,26,26,26,26
210357,2,1,1984,0,0,0,0,0,0,0,0,0,0
210358,1,1,1984,0,13,24,12,25,7,0,17,36,7
210359,1,1,1984,0,7,10,17,7,31,4,4,33,13
210360,1,1,1984,20,20,20,20,20,20,20,20,20,20
210361,1,1,1984,3,3,3,3,3,3,3,3,3,3
210362,1,1,1984,0,0,0,0,0,0,0,0,0,0
210362,2,1,1984,0,0,0,0,0,0,0,0,0,0
210363,0,1,1984,0,0,0,0,0,0,0,0,0,0
210363,1,1,1984,0,0,0,0,0,0,0,0,0,0
210364,1,1,1984,11,11,11,11,11,11,11,11,11,11
210365,1,1,1984,20,7,0,0,11,0,0,12,17,12
210366,0,1,1984,0,0,0,0,0,0,0,0,0,0
210366,1,1,1984,14,32,0,3,0,0,28,0,0,0
210367,1,1,1984,0,0,0,17,30,0,0,0,21,0
210368,1,1,1984,7,12,0,0,0,0,0,0,0,0
210369,1,1,1984,16,23,14,12,7,15,12,13,19,8
210370,1,1,1984,0,17,17,17,0,29,24,28,0,29
210371,0,1,1984,0,0,0,0,0,0,0,0,0,0
210371,1,1,1984,0,0,0,0,0,0,0,0,0,0
210373,1,1,1984,0,0,0,0,0,0,0,0,0,0
210373,2,1,1984,0,0,0,0,0,0,0,0,0,0
210374,0,1,1984,19,0,19,0,0,0,17,0,0,2
210374,1,1,1984,0,0,0,0,0,0,0,0,0,0
210375,0,1,1984,0,0,0,0,0,0,0,0,0,0
210375,1,1,1984,0,0,0,0,0,0,0,0,7,0
210376,1,1,1984,36,36,36,36,36,36,36,36,36,36
210377,1,1,1984,0,0,0,0,0,0,0,0,0,0
210377,2,1,1984,0,0,0,0,0,0,0,0,0,0
210379,1,1,1984,0,0,0,0,0,0,0,0,0,0
210379,2,1,1984,0,0,0,0,0,0,0,0,0,0
210380,0,1,1984,0,0,0,0,0,0,0,0,0,0
210380,1,1,1984,0,0,16,0,0,0,0,0,0,0
210381,0,1,1984,0,0,0,0,0,0,0,0,0,0
210381,1,1,1984,12,6,0,0,0,0,0,3,0,0
210382,1,1,1984,0,0,0,0,0,0,0,0,0,0
210382,2,1,1984,0,0,0,0,0,0,20,0,0,0
210382,3,1,1984,2,2,2,2,2,2,2,2,2,2
210382,4,1,1984,0,0,0,0,0,0,0,0,0,0
210383,1,1,1984,0,0,0,0,0,0,0,0,0,0
210384,1,1,1984,0,0,0,0,0,0,0,0,0,0
210384,2,1,1984,0,0,0,0,0,0,0,0,0,0
210385,1,1,1984,11,11,11,11,11,11,11,11,11,11
210386,0,1,1984,0,0,0,0,0,0,0,0,0,0
210386,1,1,1984,0,0,0,0,0,0,0,0,0,0
210387,1,1,1984,14,14,14,14,14,14,14,14,14,14
210388,1,1,1984,8,8,8,8,8,8,8,8,8,8
210389,1,1,1984,0,0,0,0,0,18,0,0,0,19
210390,1,1,1984,0,0,0,0,0,6,0,0,0,0
210390,2,1,1984,0,0,0,0,0,0,0,0,0,0
210391,1,1,1984,16,16,16,16,16,16,16,16,16,16
210391,2,1,1984,3,3,3,3,3,3,3,3,3,3
210392,1,1,1984,16,16,16,16,16,16,16,16,16,16
210392,2,1,1984,0,0,0,0,0,0,0,0,0,0
210393,1,1,1984,0,0,0,0,0,0,0,0,0,0
210393,2,1,1984,0,0,0,0,0,0,0,0,0,0
210394,1,1,1984,0,0,0,0,0,0,0,0,0,0
210395,1,1,1984,25,25,25,25,25,25,25,25,25,25
210396,1,1,1984,0,0,0,0,0,0,0,0,0,0
210396,2,1,1984,0,0,0,0,0,0,0,0,0,12
210397,1,1,1984,24,24,24,24,24,24,24,24,24,24
210397,2,1,1984,24,0,0,0,0,0,0,0,0,0
210398,1,1,1984,0,0,0,0,0,0,0,0,0,0
210398,2,1,1984,0,0,0,0,0,0,0,0,0,0
210399,1,1,1984,2,2,2,2,2,2,2,2,2,2
210400,1,1,1984,0,0,0,0,0,0,0,0,0,0
210400,2,1,1984,0,0,0,0,0,0,0,0,0,0
210401,1,1,1984,0,0,0,0,0,0,0,0,0,0
210401,2,1,1984,0,0,0,0,0,0,0,0,0,0
210402,1,1,1984,0,0,0,0,0,0,0,0,0,0
210402,2,1,1984,0,0,0,0,0,0,0,0,0,0
210403,1,1,1984,0,0,0,0,0,0,0,0,17,0
210403,2,1,1984,0,0,0,0,0,0,0,0,0,0
210404,1,1,1984,17,17,17,17,17,17,17,17,17,17
210405,0,1,1984,8,8,8,8,8,8,8,8,8,8
210406,1,1,1984,0,0,0,0,0,0,0,0,0,0
210407,1,1,1984,14,14,14,14,14,14,14,14,14,14
210409,1,1,1984,7,7,7,7,7,7,7,7,7,7
210409,2,1,1984,0,0,0,0,0,0,0,0,0,0
210410,1,1,1984,0,0,0,0,0,0,0,0,0,12
210410,2,1,1984,0,9,0,0,12,0,33,0,0,20
210410,3,1,1984,0,16,5,5,0,0,0,17,0,0
210411,1,1,1984,15,15,15,15,15,15,15,15,15,15