ST_CASE,VEH_NO,PER_NO,YEAR,P1,P2,P3,P4,P5,P6,P7,P8,P9,P10
210412,1,1,1984,8,0,4,0,15,0,0,12,0,7
210412,2,1,1984,0,0,0,0,0,0,0,0,0,0
210413,1,1,1984,20,20,20,20,20,20,20,20,20,20
210413,2,1,1984,0,0,0,0,0,0,0,0,0,0
210414,1,1,1984,0,0,0,0,0,0,0,0,0,0
210414,2,1,1984,5,5,5,5,5,5,5,5,5,5
210415,1,1,1984,0,0,0,0,0,0,0,0,0,0
210415,2,1,1984,0,0,0,0,0,0,0,0,0,0
210415,3,1,1984,0,0,0,23,0,0,0,0,0,0
210416,1,1,1984,13,13,13,13,13,13,13,13,13,13
210417,0,1,1984,0,0,0,0,0,0,0,0,0,0
210417,1,1,1984,0,0,15,0,0,0,0,0,0,0
210418,1,1,1984,13,15,16,31,21,7,31,16,30,15
210419,1,1,1984,17,0,0,0,0,0,0,0,0,0
210420,1,1,1984,0,0,0,0,0,0,0,0,0,0
210421,1,1,1984,12,12,12,12,12,12,12,12,12,12
210422,1,1,1984,0,0,0,0,0,0,0,0,0,0
210423,1,1,1984,27,27,27,27,27,27,27,27,27,27
210424,1,1,1984,35,35,35,35,35,35,35,35,35,35
210425,1,1,1984,23,23,23,23,23,23,23,23,23,23
210426,1,1,1984,0,0,0,0,0,0,0,0,0,0
210427,1,1,1984,15,15,15,15,15,15,15,15,15,15
210428,1,1,1984,6,6,6,6,6,6,6,6,6,6
210429,1,1,1984,0,0,0,0,0,0,0,0,0,0
210429,2,1,1984,0,0,0,0,0,0,0,0,0,0
210430,0,1,1984,30,30,30,30,30,30,30,30,30,30
210430,1,1,1984,0,0,0,0,0,0,0,0,0,0
210431,1,1,1984,11,11,11,11,11,11,11,11,11,11
210431,2,1,1984,0,0,0,0,0,10,0,0,0,0
210431,3,1,1984,0,0,0,0,17,0,0,0,0,0
210431,4,1,1984,18,0,0,0,10,0,0,0,20,10
210432,1,1,1984,11,11,11,11,11,11,11,11,11,11
210433,1,1,1984,29,29,29,29,29,29,29,29,29,29
210434,1,1,1984,22,22,22,22,22,22,22,22,22,22
210435,1,1,1984,0,0,0,0,0,0,0,0,0,0
210435,2,1,1984,0,0,17,0,0,0,0,0,0,0
210436,0,1,1984,0,0,0,0,12,0,0,0,0,0
210436,1,1,1984,9,9,9,9,9,9,9,9,9,9
210436,2,1,1984,14,5,0,8,13,0,0,22,19,16
210437,1,1,1984,1,1,1,1,1,1,1,1,1,1
210437,2,1,1984,0,0,0,0,0,0,0,0,0,0
210438,1,1,1984,0,0,0,0,0,0,22,0,0,8
210439,1,1,1984,0,0,0,0,0,0,0,0,0,0
210439,2,1,1984,0,0,0,0,0,0,0,0,0,0
210440,1,1,1984,18,18,18,18,18,18,18,18,18,18
210441,1,1,1984,0,0,0,0,0,0,0,0,0,0
210442,1,1,1984,0,0,0,0,0,0,0,0,0,0
210443,1,1,1984,0,0,31,10,0,0,11,0,0,20
210444,1,1,1984,13,13,13,13,13,13,13,13,13,13
210444,2,1,1984,2,2,2,2,2,2,2,2,2,2
210445,1,1,1984,19,8,18,0,0,7,0,14,0,12
210446,1,1,1984,0,0,0,0,0,0,0,0,0,0
210446,2,1,1984,0,0,0,0,0,0,0,0,0,0
210447,1,1,1984,13,13,13,13,13,13,13,13,13,13
210448,1,1,1984,0,0,0,0,0,0,0,0,0,0
210448,2,1,1984,0,0,0,0,0,0,0,0,0,0
210449,1,1,1984,16,19,3,0,7,19,4,0,5,13
210449,2,1,1984,0,0,0,0,0,0,0,0,0,0
210450,1,1,1984,21,21,21,21,21,21,21,21,21,21
210450,2,1,1984,0,0,0,0,0,0,0,16,0,0
210451,1,1,1984,0,0,0,0,0,0,0,0,0,0
210451,2,1,1984,0,0,0,0,0,0,0,0,0,0
210453,1,1,1984,16,16,16,16,16,16,16,16,16,16
210453,2,1,1984,13,0,0,0,0,0,0,0,0,0
210454,1,1,1984,0,0,0,0,0,0,0,0,0,0
210455,1,1,1984,32,0,0,0,18,0,0,0,8,19
210456,1,1,1984,0,0,0,0,0,6,0,0,6,0
210456,2,1,1984,21,21,21,21,21,21,21,21,21,21
210457,1,1,1984,10,10,10,10,10,10,10,10,10,10
210457,2,1,1984,0,0,0,0,0,0,0,0,0,0
210458,1,1,1984,8,8,8,8,8,8,8,8,8,8
210459,1,1,1984,11,11,11,11,11,11,11,11,11,11
210460,1,1,1984,0,0,0,0,0,18,20,0,0,0
210460,2,1,1984,0,0,0,0,0,0,0,0,0,0
210461,1,1,1984,3,3,3,3,3,3,3,3,3,3
210462,1,1,1984,13,13,13,13,13,13,13,13,13,13
210462,2,1,1984,8,8,8,8,8,8,8,8,8,8
210463,1,1,1984,0,0,0,0,0,0,0,0,0,0
210463,2,1,1984,0,0,0,0,0,0,0,0,0,0
210464,1,1,1984,0,0,0,0,6,15,0,0,0,0
210464,2,1,1984,0,0,0,0,0,0,0,0,0,0
210465,1,1,1984,21,21,21,21,21,21,21,21,21,21
210466,1,1,1984,0,0,0,0,0,0,0,0,0,0
210466,2,1,1984,0,0,0,0,0,0,0,0,0,0
210467,1,1,1984,21,21,21,21,21,21,21,21,21,21
210468,1,1,1984,0,0,0,0,0,0,0,0,0,0
210469,1,1,1984,3,20,25,0,0,0,0,14,22,20
210469,2,1,1984,0,0,0,0,0,0,0,0,0,0
210470,1,1,1984,0,0,0,31,0,0,0,0,0,0
210471,1,1,1984,0,0,0,0,0,0,0,0,0,0
210472,1,1,1984,28,28,28,28,28,28,28,28,28,28
210473,0,1,1984,0,17,39,29,18,27,9,29,20,0
210473,1,1,1984,0,0,0,0,0,4,0,9,0,0
210474,1,1,1984,0,0,0,0,0,0,0,0,0,0
210474,2,1,1984,0,0,0,20,0,0,0,0,0,0
210475,1,1,1984,0,0,0,0,0,0,0,0,0,0
210475,2,1,1984,0,0,0,0,0,0,0,0,0,0
210476,0,1,1984,0,0,0,0,0,0,0,0,0,0
210476,1,1,1984,0,0,0,0,0,0,0,12,0,0
210477,1,1,1984,19,19,19,19,19,19,19,19,19,19
210477,2,1,1984,0,0,0,4,0,0,0,0,0,0
210478,1,1,1984,0,0,0,0,0,0,0,0,0,0
210479,1,1,1984,0,0,0,0,0,0,0,0,0,0
210479,2,1,1984,0,0,0,0,9,0,0,0,0,0
210480,1,1,1984,0,0,0,0,0,0,0,0,0,0
210481,0,1,1984,17,0,0,10,19,0,0,0,0,0
210481,1,1,1984,0,0,0,0,0,0,0,0,0,0
210482,1,1,1984,24,24,24,24,24,24,24,24,24,24
210483,1,1,1984,0,0,0,38,0,0,0,0,0,0
210484,0,1,1984,0,0,0,0,0,0,0,0,0,0
210484,1,1,1984,0,0,29,0,0,0,0,0,15,0
210485,1,1,1984,0,0,0,0,0,0,0,11,26,0
210485,2,1,1984,0,0,0,0,0,0,0,0,0,0
210485,3,1,1984,0,0,0,0,0,0,0,0,0,0
210485,4,1,1984,0,6,0,0,0,0,0,9,11,0
210486,1,1,1984,23,23,23,23,23,23,23,23,23,23
210486,2,1,1984,0,0,0,0,0,0,0,23,0,0
210487,1,1,1984,19,0,0,30,31,13,0,0,0,0
210488,0,1,1984,13,0,0,0,39,13,7,20,35,0
210488,0,2,1984,0,0,0,0,0,0,0,0,0,0
210488,1,1,1984,18,18,18,18,18,18,18,18,18,18
210489,1,1,1984,0,0,0,0,0,0,0,0,0,0
210489,2,1,1984,0,0,0,0,0,0,0,0,0,0
210490,1,1,1984,31,31,31,31,31,31,31,31,31,31
210491,1,1,1984,0,0,0,0,0,0,0,0,0,0
210491,2,1,1984,0,12,0,0,0,0,0,13,0,0
210492,1,1,1984,12,0,0,0,0,0,0,0,0,0
210492,2,1,1984,0,0,0,0,0,0,0,0,0,0
210493,1,1,1984,0,0,0,0,0,0,0,0,0,0
210493,2,1,1984,7,0,12,0,0,0,0,0,0,0
210494,0,1,1984,0,0,11,0,0,0,10,0,0,0
210494,1,1,1984,0,4,0,9,10,15,0,0,0,0
210495,1,1,1984,0,0,0,0,0,0,0,0,0,0
210495,2,1,1984,0,0,0,0,0,0,0,0,0,9
210495,3,1,1984,0,0,0,0,0,0,0,0,0,0
210496,1,1,1984,19,19,19,19,19,19,19,19,19,19
210497,0,1,1984,17,17,17,17,17,17,17,17,17,17
210497,1,1,1984,0,0,0,0,0,0,0,0,0,0
210498,0,1,1984,0,0,0,0,0,0,0,0,0,0
210498,1,1,1984,0,0,0,0,0,0,0,0,0,0
210499,1,1,1984,17,17,17,17,17,17,17,17,17,17
210500,0,1,1984,0,0,0,0,0,0,0,0,0,0
210500,1,1,1984,0,0,0,0,0,8,0,0,0,0
210501,1,1,1984,0,0,0,0,0,0,0,0,0,0
210502,1,1,1984,0,0,0,0,0,0,0,0,0,0
210502,2,1,1984,0,0,0,0,0,0,0,0,0,0
210503,1,1,1984,25,25,25,25,25,25,25,25,25,25
210504,1,1,1984,0,0,0,0,0,0,0,0,0,0
210505,1,1,1984,17,17,17,17,17,17,17,17,17,17
210506,1,1,1984,25,25,25,25,25,25,25,25,25,25
210506,2,1,1984,0,0,0,0,0,0,0,0,0,9
210507,1,1,1984,0,0,0,0,10,0,12,0,0,0
210508,1,1,1984,1,1,1,1,1,1,1,1,1,1
210508,2,1,1984,0,7,0,0,0,0,0,0,0,0
210509,1,1,1984,12,12,12,12,12,12,12,12,12,12
210510,1,1,1984,0,0,0,0,0,0,0,0,0,0
210510,2,1,1984,0,0,0,0,0,0,0,0,0,0
210510,3,1,1984,0,0,0,0,0,0,0,0,0,0
210511,1,1,1984,0,0,0,0,0,0,0,0,0,0
210512,1,1,1984,0,0,0,0,0,0,0,0,0,0
210512,2,1,1984,0,0,0,0,0,0,0,0,0,0
210513,1,1,1984,0,0,0,0,0,0,0,0,0,0
210514,1,1,1984,6,0,0,0,0,0,0,0,0,0
210514,2,1,1984,0,0,0,0,0,0,0,0,0,0
210516,1,1,1984,0,0,0,0,0,0,0,0,0,0
210516,2,1,1984,7,7,7,7,7,7,7,7,7,7
210517,1,1,1984,15,21,10,10,0,15,14,0,11,16
210518,1,1,1984,21,21,21,21,21,21,21,21,21,21
210519,1,1,1984,0,0,0,0,0,0,0,0,0,0
210519,2,1,1984,12,0,0,0,0,0,0,0,0,0
210520,1,1,1984,0,0,0,0,0,0,0,0,0,0
210521,1,1,1984,12,12,12,12,12,12,12,12,12,12
210522,1,1,1984,0,0,0,0,0,0,0,0,0,0
210522,2,1,1984,0,0,0,0,0,0,0,0,13,0
210523,0,1,1984,15,15,15,15,15,15,15,15,15,15
210523,1,1,1984,12,0,11,20,0,0,17,0,22,10
210523,2,1,1984,0,0,0,0,0,0,0,21,0,0
210524,1,1,1984,12,19,13,24,5,13,14,6,16,18
210525,1,1,1984,0,0,0,0,0,0,0,3,0,0
210525,2,1,1984,0,0,0,0,0,0,0,0,0,0
210526,1,1,1984,0,0,0,0,0,0,0,0,0,0
210527,1,1,1984,0,0,0,0,0,0,0,0,0,0
210527,2,1,1984,0,0,0,0,0,0,0,0,37,0
210527,3,1,1984,0,0,0,0,0,0,0,0,0,0
210528,1,1,1984,0,0,0,0,0,0,0,0,0,0
210528,2,1,1984,0,0,0,0,0,0,0,0,0,0
210529,1,1,1984,0,0,0,0,0,0,9,0,8,8
210529,2,1,1984,0,0,0,0,0,0,0,0,0,12
210530,1,1,1984,0,0,0,0,0,0,0,0,0,0
210531,1,1,1984,0,0,0,0,0,0,0,0,0,0
210532,1,1,1984,29,29,29,29,29,29,29,29,29,29
210533,1,1,1984,0,0,0,0,0,0,0,0,0,0
210533,2,1,1984,0,0,0,0,0,0,0,0,0,0
210534,1,1,1984,0,0,0,0,0,0,0,0,0,0
210535,1,1,1984,0,0,0,0,0,0,0,0,0,0
210535,2,1,1984,0,0,0,7,0,0,0,0,0,0
210536,1,1,1984,0,0,0,0,20,11,0,3,0,13
210537,1,1,1984,31,31,31,31,31,31,31,31,31,31
210537,2,1,1984,0,0,0,0,0,0,0,0,0,0
210538,1,1,1984,26,26,26,26,26,26,26,26,26,26
210538,2,1,1984,0,0,0,0,0,0,0,0,0,0
210539,1,1,1984,21,21,21,21,21,21,21,21,21,21
210540,1,1,1984,16,16,16,16,16,16,16,16,16,16
210540,2,1,1984,24,8,0,18,16,0,15,18,0,0
210541,1,1,1984,7,7,7,7,7,7,7,7,7,7
210542,1,1,1984,0,0,0,0,0,0,0,0,0,0
210542,2,1,1984,0,25,0,0,0,0,0,0,0,0
210543,1,1,1984,20,20,20,20,20,20,20,20,20,20
210544,1,1,1984,0,0,0,0,0,0,0,0,0,0
210545,1,1,1984,15,15,15,15,15,15,15,15,15,15
210546,1,1,1984,0,0,0,0,0,0,0,0,0,0
210546,2,1,1984,0,0,0,13,0,0,0,0,17,0
210547,1,1,1984,0,0,0,0,0,0,0,0,0,0
210547,2,1,1984,0,0,0,0,0,0,0,0,0,23
210548,1,1,1984,6,6,6,6,6,6,6,6,6,6
210549,1,1,1984,21,21,21,21,21,21,21,21,21,21
210550,1,1,1984,14,14,14,14,14,14,14,14,14,14
210550,2,1,1984,14,14,14,14,14,14,14,14,14,14
210551,1,1,1984,0,0,0,0,0,0,0,0,0,0
210551,2,1,1984,0,0,0,0,0,0,0,0,0,0
210552,0,1,1984,0,0,0,0,0,0,0,0,0,0
210552,1,1,1984,19,0,0,0,0,0,0,0,0,0
210553,0,1,1984,0,33,29,37,0,31,0,0,0,30
210553,1,1,1984,0,0,0,13,0,0,0,0,0,0
210554,1,1,1984,4,4,4,4,4,4,4,4,4,4
210555,0,1,1984,0,0,0,0,0,0,0,0,0,0
210555,1,1,1984,0,0,0,0,0,0,14,0,0,0
210556,1,1,1984,14,14,14,14,14,14,14,14,14,14
210557,0,1,1984,23,23,23,23,23,23,23,23,23,23
210557,1,1,1984,7,7,7,7,7,7,7,7,7,7
210558,0,1,1984,0,0,0,0,0,0,0,0,0,0
210558,1,1,1984,23,8,0,0,0,0,0,26,0,0
210559,1,1,1984,0,0,0,0,0,21,0,0,0,0
210559,2,1,1984,0,0,0,0,0,0,0,0,0,0
210560,1,1,1984,0,0,0,0,0,0,0,0,0,0
210560,2,1,1984,0,0,0,0,7,0,0,0,0,0
210561,1,1,1984,0,0,0,0,0,0,0,0,0,0
210561,2,1,1984,0,0,8,0,0,0,0,0,0,0
210562,1,1,1984,11,11,11,11,11,11,11,11,11,11
210563,1,1,1984,14,14,14,14,14,14,14,14,14,14
210563,2,1,1984,12,12,12,12,12,12,12,12,12,12
210564,1,1,1984,17,17,17,17,17,17,17,17,17,17
210564,2,1,1984,19,17,0,0,0,0,21,0,0,14
210565,1,1,1984,0,0,0,9,0,0,0,0,0,0
210565,2,1,1984,0,0,0,0,0,0,0,0,0,0
210566,1,1,1984,0,0,0,0,0,0,0,0,0,0
210566,2,1,1984,0,0,0,0,0,0,0,0,0,0
210567,1,1,1984,6,6,6,6,6,6,6,6,6,6
210568,1,1,1984,0,0,0,0,0,0,0,0,0,0
210569,1,1,1984,0,31,0,14,21,11,25,0,0,21
210570,1,1,1984,19,19,19,19,19,19,19,19,19,19
210571,1,1,1984,0,0,0,0,0,0,0,0,0,0
210572,1,1,1984,0,0,0,0,0,0,0,0,0,0
210572,2,1,1984,0,0,0,0,0,0,0,0,0,0
210573,1,1,1984,22,22,22,22,22,22,22,22,22,22
210574,0,1,1984,0,0,25,0,21,0,16,0,0,25
210574,0,2,1984,0,0,0,0,0,6,5,11,0,0
210574,1,1,1984,15,15,15,15,15,15,15,15,15,15
210575,0,1,1984,12,12,12,12,12,12,12,12,12,12
210575,1,1,1984,0,0,12,7,0,6,0,19,0,31
210576,1,1,1984,0,0,0,0,0,0,0,0,0,0
210576,2,1,1984,19,19,19,19,19,19,19,19,19,19
210576,3,1,1984,17,0,0,0,0,0,0,0,0,0
210576,4,1,1984,0,0,0,0,0,0,0,8,0,0
210578,1,1,1984,18,18,18,18,18,18,18,18,18,18
210578,2,1,1984,0,0,0,0,0,0,0,0,0,0
210578,3,1,1984,0,0,0,18,0,0,0,0,0,0
210579,1,1,1984,0,0,0,0,0,0,0,0,0,0
210579,2,1,1984,0,0,0,0,0,0,0,0,0,0
210579,3,1,1984,0,0,0,0,0,0,0,0,0,0
210580,1,1,1984,0,0,0,0,0,0,0,0,0,0
210581,1,1,1984,11,11,11,11,11,11,11,11,11,11
210581,2,1,1984,8,8,8,8,8,8,8,8,8,8
210582,1,1,1984,0,0,0,0,0,0,0,0,0,0
210582,2,1,1984,0,0,0,0,0,0,0,0,0,0
210583,1,1,1984,0,0,0,0,0,0,0,0,23,0
210583,2,1,1984,0,0,0,0,0,0,0,0,0,0
210584,1,1,1984,4,0,0,0,0,0,0,0,0,0
210585,1,1,1984,15,15,15,15,15,15,15,15,15,15
210586,1,1,1984,0,0,0,0,0,0,0,0,0,0
210587,1,1,1984,20,0,0,0,12,0,0,0,0,0
210588,1,1,1984,0,0,0,0,0,0,22,0,0,0
210588,2,1,1984,0,0,0,0,0,0,0,0,0,0
210589,1,1,1984,0,0,0,0,0,0,0,0,0,0
210589,2,1,1984,0,0,0,0,0,0,0,0,0,0
210590,1,1,1984,0,0,0,0,0,0,0,0,0,0
210590,2,1,1984,0,0,0,0,0,14,0,0,0,0
210591,1,1,1984,0,0,0,0,0,0,0,0,0,0
210591,2,1,1984,7,7,7,7,7,7,7,7,7,7
210592,1,1,1984,36,36,36,36,36,36,36,36,36,36
210592,2,1,1984,0,0,0,0,0,0,0,0,0,0
210593,1,1,1984,12,12,12,12,12,12,12,12,12,12
210594,1,1,1984,0,0,0,7,0,0,0,0,0,0
210594,2,1,1984,0,0,0,0,0,0,0,0,0,0
210595,1,1,1984,0,0,0,0,0,0,0,0,0,0
210595,2,1,1984,0,0,0,0,0,0,0,0,0,0
210596,1,1,1984,0,14,0,0,0,0,0,0,0,0
210596,2,1,1984,0,0,0,0,0,0,0,0,27,0
210597,1,1,1984,0,0,0,0,0,0,0,0,0,0
210597,2,1,1984,0,0,0,0,0,0,0,0,0,0
210598,1,1,1984,13,13,13,13,13,13,13,13,13,13
210599,1,1,1984,0,0,9,0,0,0,0,0,0,0
210599,2,1,1984,0,0,0,0,0,0,0,0,0,0
210600,1,1,1984,0,10,0,0,0,0,0,0,0,0
210600,2,1,1984,0,0,0,0,0,0,0,0,0,0
210601,1,1,1984,13,28,0,28,0,21,0,29,33,0
210602,1,1,1984,0,0,0,0,0,0,0,0,0,0
210603,1,1,1984,0,0,0,0,0,0,0,0,0,0
210603,2,1,1984,0,0,0,0,0,0,0,0,0,0
210604,1,1,1984,0,0,0,10,0,0,0,0,15,0
210604,2,1,1984,0,0,0,0,0,0,0,0,0,0
210604,3,1,1984,0,0,0,0,0,0,0,0,0,0
210604,4,1,1984,0,0,0,0,0,16,0,0,0,0
210604,5,1,1984,0,8,0,0,0,0,0,0,0,0
210604,6,1,1984,0,0,0,0,0,0,0,0,0,0
210604,7,1,1984,0,0,0,0,0,0,0,0,0,0
210604,8,1,1984,0,0,0,0,0,0,0,0,0,0
210604,9,1,1984,0,0,0,0,0,0,0,0,0,0
210604,10,1,1984,0,13,0,11,0,0,0,0,0,0
210605,1,1,1984,16,16,16,16,16,16,16,16,16,16
210606,1,1,1984,0,0,0,0,19,0,0,0,0,0
210606,2,1,1984,0,0,0,0,0,0,0,0,0,0
210607,1,1,1984,0,0,0,0,0,0,0,10,0,0
210607,2,1,1984,0,0,0,0,0,0,0,0,0,0
210608,1,1,1984,16,16,16,16,16,16,16,16,16,16
210609,1,1,1984,3,3,3,3,3,3,3,3,3,3
210609,2,1,1984,0,0,0,0,0,0,0,0,0,0
210610,1,1,1984,0,0,0,0,0,0,0,0,0,0
210611,1,1,1984,19,19,19,19,19,19,19,19,19,19
210612,1,1,1984,0,0,0,0,0,0,0,0,0,0
210613,1,1,1984,0,0,0,0,0,0,0,0,0,0
210614,0,1,1984,28,22,0,0,0,30,0,0,21,12
210614,1,1,1984,0,0,0,0,0,0,0,0,0,0
210615,1,1,1984,20,20,20,20,20,20,20,20,20,20
210616,1,1,1984,9,9,9,9,9,9,9,9,9,9
210616,2,1,1984,21,21,21,21,21,21,21,21,21,21
210617,1,1,1984,35,35,35,35,35,35,35,35,35,35
210618,1,1,1984,22,22,22,22,22,22,22,22,22,22
210619,0,1,1984,0,0,0,0,0,0,0,0,0,0
210619,1,1,1984,0,0,0,0,0,0,0,0,0,0
210620,1,1,1984,0,0,0,0,0,0,0,0,0,0
210620,2,1,1984,0,0,0,0,0,0,0,0,0,0
210621,1,1,1984,19,19,19,19,19,19,19,19,19,19
210621,2,1,1984,9,9,9,9,9,9,9,9,9,9
210621,3,1,1984,0,0,0,0,0,0,0,0,0,0
210622,1,1,1984,0,0,0,0,0,0,0,0,0,0
210622,2,1,1984,0,0,0,0,0,0,0,0,0,0
210623,1,1,1984,0,0,0,0,0,0,0,0,0,0
210624,0,1,1984,19,19,19,19,19,19,19,19,19,19
210624,1,1,1984,11,41,23,0,6,10,22,25,15,17
210625,1,1,1984,15,15,15,15,15,15,15,15,15,15
210626,1,1,1984,0,0,15,25,0,0,0,19,6,0
210627,1,1,1984,0,0,0,0,0,0,0,0,0,0
210627,2,1,1984,0,0,0,0,0,17,0,0,0,0
210628,1,1,1984,22,22,22,22,22,22,22,22,22,22
210629,1,1,1984,16,16,16,16,16,16,16,16,16,16
210630,1,1,1984,14,14,14,14,14,14,14,14,14,14
210631,1,1,1984,0,0,0,0,0,0,0,0,0,0
210632,1,1,1984,0,0,0,0,0,0,0,0,0,0
210632,2,1,1984,0,0,0,0,0,0,0,0,0,0
210633,1,1,1984,0,0,0,0,0,0,0,0,0,0
210634,1,1,1984,0,0,0,0,0,0,0,0,0,0
210635,1,1,1984,14,15,5,19,21,29,5,11,17,14
210635,2,1,1984,0,27,0,0,0,0,17,0,0,0
210636,1,1,1984,22,22,22,22,22,22,22,22,22,22
210636,2,1,1984,0,0,0,0,0,0,0,0,0,0
210637,1,1,1984,0,0,0,0,0,0,0,0,0,0
210637,2,1,1984,0,0,0,0,0,0,0,0,0,0
210638,1,1,1984,0,0,0,0,0,0,0,0,0,0
210639,1,1,1984,0,0,0,0,0,0,0,0,0,0
210639,2,1,1984,0,0,0,0,0,0,15,0,0,0
210639,3,1,1984,0,0,0,0,0,0,0,0,0,0
210639,4,1,1984,0,0,18,0,0,0,11,0,0,0
210640,1,1,1984,0,0,0,0,0,0,0,0,0,0
210641,1,1,1984,0,0,0,0,0,0,0,0,0,0
210642,1,1,1984,23,23,23,23,23,23,23,23,23,23
210642,2,1,1984,0,0,0,0,0,0,0,0,0,0
210643,1,1,1984,10,0,27,0,0,0,0,0,16,0
210644,1,1,1984,18,18,18,18,18,18,18,18,18,18
210645,1,1,1984,18,18,18,18,18,18,18,18,18,18
210645,2,1,1984,1,1,1,1,1,1,1,1,1,1
210646,1,1,1984,0,0,0,0,0,0,0,0,7,0
210646,2,1,1984,0,8,0,0,0,8,17,0,0,20
210647,1,1,1984,15,15,15,15,15,15,15,15,15,15
210648,1,1,1984,0,0,0,0,0,0,0,0,0,0
210648,2,1,1984,0,0,0,0,0,0,0,0,0,0
210649,1,1,1984,0,0,0,0,0,0,0,0,0,0
210649,2,1,1984,0,0,0,0,0,0,0,0,0,0
210650,0,1,1984,0,0,0,0,0,0,0,0,0,0
210650,1,1,1984,0,0,0,0,0,0,0,0,0,0
210650,2,1,1984,0,0,0,0,0,0,0,0,0,0
210650,3,1,1984,0,15,0,0,0,0,0,0,0,0
210651,0,1,1984,0,0,10,5,0,0,14,0,0,22
210651,1,1,1984,0,15,0,0,0,0,0,0,9,0
210652,1,1,1984,0,0,0,0,0,0,0,0,0,0
210652,2,1,1984,0,0,0,0,0,0,0,8,0,0
210653,1,1,1984,0,0,0,0,0,0,16,0,0,0
210654,1,1,1984,0,0,0,0,16,0,0,0,0,0
210654,2,1,1984,0,0,0,0,0,0,0,0,0,0
210655,1,1,1984,0,0,0,0,0,0,0,0,0,0
210656,1,1,1984,20,20,20,20,20,20,20,20,20,20
210657,1,1,1984,10,10,10,10,10,10,10,10,10,10
210658,0,1,1984,16,16,16,16,16,16,16,16,16,16
210658,1,1,1984,0,0,0,0,0,0,0,0,0,0
210659,0,1,1984,30,30,30,30,30,30,30,30,30,30
210659,1,1,1984,18,0,0,0,0,0,0,0,0,0
210660,1,1,1984,0,0,0,0,0,0,0,0,0,0
210661,1,1,1984,1,1,1,1,1,1,1,1,1,1
210662,1,1,1984,13,13,13,13,13,13,13,13,13,13
210663,1,1,1984,0,20,0,0,0,0,14,0,0,0
210664,1,1,1984,0,0,0,0,0,0,0,0,22,0
210665,1,1,1984,12,12,12,12,12,12,12,12,12,12
210666,0,1,1984,0,0,0,0,0,0,0,0,0,0
210666,1,1,1984,0,0,0,0,0,0,0,0,0,0
210667,1,1,1984,19,19,19,19,19,19,19,19,19,19
210668,1,1,1984,0,0,0,0,0,0,0,0,0,0
210668,2,1,1984,0,0,0,0,0,0,0,0,0,0
210669,1,1,1984,14,14,14,14,14,14,14,14,14,14
210670,1,1,1984,0,0,0,0,0,0,0,0,0,0
210671,1,1,1984,0,0,0,0,0,0,0,0,0,0
210672,1,1,1984,0,12,10,11,0,23,16,0,16,18
210673,1,1,1984,0,0,0,0,0,0,0,0,0,0
210673,2,1,1984,0,0,0,11,0,0,0,0,0,0
210674,1,1,1984,0,0,0,0,0,0,0,0,0,0
210674,2,1,1984,0,0,0,0,0,0,0,0,0,0
210674,3,1,1984,0,0,0,0,0,0,0,0,0,0
210675,1,1,1984,28,28,28,28,28,28,28,28,28,28
210677,1,1,1984,0,0,0,0,0,21,0,0,0,0
210677,2,1,1984,22,22,22,22,22,22,22,22,22,22
210678,1,1,1984,19,19,19,19,19,19,19,19,19,19
210679,1,1,1984,0,0,0,0,0,0,0,0,0,0
210679,2,1,1984,17,17,17,17,17,17,17,17,17,17
210680,1,1,1984,0,0,0,0,0,0,0,0,15,0
210681,1,1,1984,0,0,0,0,0,0,0,0,0,0
210681,2,1,1984,17,0,0,0,0,0,0,0,0,0
210682,1,1,1984,11,11,11,11,11,11,11,11,11,11
210684,1,1,1984,6,6,6,6,6,6,6,6,6,6
210684,2,1,1984,0,0,0,12,0,0,0,0,0,0
210685,1,1,1984,18,31,17,35,0,17,0,15,9,9
210686,1,1,1984,0,30,0,0,0,17,0,0,28,0
210686,2,1,1984,0,0,3,0,11,0,7,7,0,17
210686,3,1,1984,0,0,0,0,0,30,0,0,25,0
210687,1,1,1984,22,22,22,22,22,22,22,22,22,22
210688,1,1,1984,0,0,0,0,6,0,0,0,0,0
210688,2,1,1984,0,0,0,0,0,0,0,25,0,0
220001,1,1,1984,0,16,0,0,0,0,0,0,0,0
220001,2,1,1984,0,0,0,0,0,0,0,7,0,0
220002,0,1,1984,32,32,32,32,32,32,32,32,32,32
220002,1,1,1984,0,0,0,0,0,0,0,0,0,0
220002,2,1,1984,0,0,0,6,0,0,0,0,0,0
220003,1,1,1984,0,7,17,23,22,17,20,26,32,27
220004,1,1,1984,17,19,25,9,24,12,27,14,9,19
220005,1,1,1984,0,0,0,0,0,23,0,0,0,0
220006,0,1,1984,22,26,0,0,18,22,0,22,0,0
220006,0,2,1984,0,0,0,0,0,0,0,0,0,0
220006,1,1,1984,0,0,0,0,0,0,0,0,0,0
220007,1,1,1984,0,0,0,0,0,0,0,0,0,0
220007,2,1,1984,16,24,0,0,8,0,14,0,0,17
220008,1,1,1984,12,15,22,31,0,9,18,16,22,0
220009,1,1,1984,0,0,0,0,0,0,0,12,11,0
220010,1,1,1984,0,0,41,7,18,0,13,0,26,0
220011,1,1,1984,3,3,3,3,3,3,3,3,3,3