ST_CASE,VEH_NO,PER_NO,YEAR,P1,P2,P3,P4,P5,P6,P7,P8,P9,P10
220293,2,1,1984,0,0,0,0,0,0,0,0,0,0
220294,1,1,1984,8,8,8,8,8,8,8,8,8,8
220294,2,1,1984,17,0,12,0,0,0,0,0,0,0
220295,0,1,1984,37,0,33,23,21,24,24,20,16,18
220295,1,1,1984,0,0,19,0,23,37,25,0,0,11
220296,1,1,1984,13,0,0,0,0,0,13,0,0,0
220297,1,1,1984,0,0,18,0,4,0,0,0,27,0
220298,1,1,1984,17,19,13,16,18,26,34,11,20,14
220299,0,1,1984,0,28,25,0,0,0,19,0,0,0
220299,1,1,1984,24,24,17,8,11,21,11,10,25,0
220300,1,1,1984,0,0,0,0,0,0,0,0,0,0
220300,2,1,1984,0,0,0,0,0,0,0,0,0,0
220300,3,1,1984,0,0,0,9,0,0,0,0,0,0
220301,1,1,1984,0,0,0,0,0,0,0,28,0,0
220301,2,1,1984,0,0,0,0,0,0,0,0,0,0
220302,1,1,1984,26,26,26,26,26,26,26,26,26,26
220303,0,1,1984,30,30,30,30,30,30,30,30,30,30
220303,1,1,1984,0,0,5,0,0,14,14,0,0,18
220304,1,1,1984,0,0,20,0,14,11,33,0,0,0
220304,2,1,1984,0,0,0,0,0,13,0,25,0,0
220305,1,1,1984,10,21,18,18,21,0,23,0,12,0
220306,1,1,1984,15,15,15,15,15,15,15,15,15,15
220306,2,1,1984,0,13,16,0,0,19,16,0,0,0
220306,3,1,1984,0,0,0,0,0,0,0,0,0,0
220307,0,1,1984,20,20,20,20,20,20,20,20,20,20
220307,1,1,1984,0,0,0,0,0,0,0,0,0,0
220308,1,1,1984,0,9,0,18,0,0,0,0,24,0
220308,2,1,1984,0,0,0,0,0,0,0,0,0,0
220309,1,1,1984,11,11,11,11,11,11,11,11,11,11
220310,0,1,1984,0,0,9,11,0,25,14,0,25,11
220310,1,1,1984,0,0,0,0,0,0,0,0,0,0
220311,1,1,1984,20,20,25,16,0,14,21,13,24,11
220312,1,1,1984,0,0,0,0,0,0,0,0,25,0
220312,2,1,1984,0,0,0,0,26,0,9,0,10,0
220313,1,1,1984,12,12,12,12,12,12,12,12,12,12
220314,1,1,1984,2,2,2,2,2,2,2,2,2,2
220314,2,1,1984,0,0,0,0,0,0,0,0,0,0
220315,1,1,1984,0,0,0,14,29,20,16,0,17,0
220315,2,1,1984,0,0,0,16,19,17,21,0,0,0
220315,3,1,1984,6,0,10,0,14,0,0,0,0,23
220316,1,1,1984,13,18,0,20,0,0,18,0,3,1
220316,2,1,1984,0,0,0,0,0,0,0,0,0,0
220317,1,1,1984,0,0,0,0,0,0,0,16,0,0
220318,0,1,1984,8,20,0,19,25,38,0,7,19,13
220318,1,1,1984,9,9,9,9,9,9,9,9,9,9
220319,1,1,1984,0,0,0,0,0,0,0,0,0,0
220319,2,1,1984,0,0,0,0,0,0,0,0,0,0
220319,3,1,1984,0,0,0,0,0,0,0,0,0,0
220320,1,1,1984,40,6,0,0,31,0,0,0,17,0
220321,1,1,1984,29,35,21,25,7,15,22,22,8,24
220322,1,1,1984,12,12,12,12,12,12,12,12,12,12
220323,0,1,1984,0,28,0,0,15,0,0,21,27,0
220323,1,1,1984,27,15,0,18,0,12,12,4,7,20
220324,1,1,1984,0,0,18,21,34,41,16,0,13,28
220325,1,1,1984,0,13,23,0,0,0,0,0,0,0
220325,2,1,1984,21,14,0,16,0,9,9,12,19,0
220326,1,1,1984,0,0,0,16,14,0,0,0,0,0
220326,2,1,1984,0,0,0,0,24,0,12,0,20,0
220327,0,1,1984,0,0,0,0,0,0,0,0,0,0
220327,1,1,1984,0,24,13,0,0,33,17,0,18,0
220328,0,1,1984,0,32,23,22,15,0,0,24,12,0
220328,1,1,1984,1,1,1,1,1,1,1,1,1,1
220329,1,1,1984,0,0,0,0,0,0,0,0,0,0
220330,1,1,1984,17,17,17,17,17,17,17,17,17,17
220331,1,1,1984,18,25,21,22,23,28,23,31,0,12
220332,1,1,1984,23,8,0,0,0,18,0,0,0,0
220332,2,1,1984,0,0,0,0,0,14,0,0,0,0
220333,1,1,1984,0,0,0,0,0,0,7,0,18,0
220333,2,1,1984,0,0,0,0,0,0,0,0,0,16
220334,1,1,1984,0,0,0,0,0,0,0,0,0,0
220334,2,1,1984,0,13,0,0,0,0,0,0,0,0
220334,3,1,1984,0,0,0,0,0,0,0,0,0,0
220335,1,1,1984,30,21,26,39,32,16,20,0,0,21
220336,1,1,1984,0,19,0,26,15,22,4,0,10,16
220337,1,1,1984,0,0,0,0,0,0,0,0,0,0
220337,2,1,1984,0,0,0,0,0,0,0,11,0,0
220338,1,1,1984,0,0,18,0,12,0,23,0,0,0
220339,1,1,1984,0,9,0,0,22,0,0,17,13,0
220339,2,1,1984,0,0,0,0,0,0,0,0,0,0
220340,1,1,1984,24,0,16,0,9,0,10,0,0,10
220341,0,1,1984,11,17,20,8,0,0,0,30,0,32
220341,1,1,1984,0,0,0,0,0,0,0,0,0,0
220342,1,1,1984,0,0,20,18,0,0,0,0,0,0
220342,2,1,1984,0,0,0,29,0,0,0,0,0,0
220343,1,1,1984,0,9,20,15,0,17,17,13,10,18
220343,2,1,1984,0,0,17,0,0,0,0,5,0,0
220343,3,1,1984,0,0,0,0,0,0,0,0,0,0
220344,1,1,1984,0,0,17,30,0,5,9,12,21,10
220345,1,1,1984,32,0,0,0,0,0,0,0,0,18
220346,1,1,1984,14,0,0,19,0,0,9,14,0,0
220347,1,1,1984,21,0,29,18,23,0,0,13,22,14
220348,1,1,1984,29,15,0,0,0,0,11,0,15,38
220349,1,1,1984,0,0,0,0,0,0,0,0,6,0
220349,2,1,1984,0,0,0,0,0,0,0,0,0,15
220350,1,1,1984,0,0,0,0,0,0,8,0,0,0
220351,1,1,1984,30,21,26,21,0,0,12,17,24,9
220351,2,1,1984,0,0,0,0,0,0,0,0,25,0
220352,1,1,1984,0,0,0,0,0,0,0,0,0,0
220352,2,1,1984,0,0,0,0,10,0,0,0,0,0
220353,1,1,1984,0,0,0,0,0,0,0,0,16,0
220353,2,1,1984,0,0,0,16,0,0,0,0,0,0
220354,0,1,1984,0,12,0,0,6,16,18,9,0,0
220354,1,1,1984,11,11,11,11,11,11,11,11,11,11
220355,0,1,1984,13,0,0,0,6,0,0,0,0,0
220355,1,1,1984,0,0,0,0,0,0,0,0,0,0
220356,1,1,1984,17,0,22,0,22,0,8,0,15,0
220356,2,1,1984,0,7,0,30,19,3,17,0,26,14
220357,1,1,1984,0,24,0,11,15,0,0,19,17,23
220358,1,1,1984,0,0,0,0,0,0,0,0,0,0
220358,2,1,1984,1,1,1,1,1,1,1,1,1,1
220359,1,1,1984,13,8,7,0,4,15,0,0,0,17
220359,2,1,1984,28,14,0,0,0,0,0,0,0,13
220360,1,1,1984,0,0,8,0,7,0,0,0,7,0
220360,2,1,1984,25,25,25,25,25,25,25,25,25,25
220361,1,1,1984,0,0,0,0,0,0,0,0,0,0
220362,1,1,1984,0,0,0,17,0,0,0,0,0,0
220362,2,1,1984,0,0,0,14,0,0,14,0,0,0
220363,1,1,1984,10,26,19,30,14,13,12,15,13,10
220364,1,1,1984,12,0,26,0,0,0,0,0,0,0
220364,2,1,1984,0,0,0,0,0,0,0,0,0,0
220365,1,1,1984,9,9,9,9,9,9,9,9,9,9
220365,2,1,1984,18,19,6,27,26,16,15,10,0,20
220366,0,1,1984,0,0,0,0,0,0,0,0,0,0
220366,1,1,1984,1,1,1,1,1,1,1,1,1,1
220367,1,1,1984,0,5,0,0,0,0,35,0,0,0
220368,1,1,1984,0,0,0,0,11,0,0,0,0,0
220369,1,1,1984,0,9,0,28,0,0,0,0,0,0
220369,2,1,1984,0,0,0,0,21,0,0,28,12,25
220370,1,1,1984,0,0,0,0,0,0,0,0,0,0
220370,2,1,1984,0,0,0,0,0,0,0,0,0,0
220371,0,1,1984,0,0,0,0,0,31,0,0,0,0
220371,1,1,1984,9,9,9,9,9,9,9,9,9,9
220372,0,1,1984,0,0,0,0,0,0,0,0,0,0
220372,1,1,1984,0,0,0,0,0,0,0,0,0,0
220373,1,1,1984,22,18,15,28,0,28,29,18,26,15
220374,1,1,1984,15,9,12,23,27,12,18,26,0,19
220375,1,1,1984,0,0,4,18,8,0,22,21,17,0
220375,2,1,1984,0,0,0,0,14,0,0,22,0,14
220376,0,1,1984,4,0,0,0,0,9,0,0,0,0
220376,1,1,1984,0,0,0,0,4,0,0,10,0,0
220377,0,1,1984,23,12,15,28,26,15,15,6,0,10
220377,1,1,1984,20,0,0,0,0,7,0,10,0,0
220378,1,1,1984,8,12,12,25,0,9,0,0,0,0
220379,1,1,1984,0,0,0,0,0,0,0,0,0,0
220379,2,1,1984,0,0,0,0,0,0,0,0,14,0
220380,1,1,1984,24,24,24,24,24,24,24,24,24,24
220381,1,1,1984,20,18,0,0,0,13,12,16,11,0
220381,2,1,1984,19,29,17,0,23,19,24,22,23,21
220382,1,1,1984,1,1,1,1,1,1,1,1,1,1
220382,2,1,1984,0,0,0,0,13,0,0,0,0,0
220383,1,1,1984,24,26,18,9,16,0,0,0,19,14
220384,1,1,1984,0,0,0,0,0,0,0,0,35,11
220384,2,1,1984,0,0,0,0,0,0,20,0,0,0
220384,3,1,1984,0,0,0,0,0,0,0,0,0,0
220385,1,1,1984,35,0,0,0,0,0,20,9,0,0
220385,2,1,1984,17,0,0,0,0,18,0,8,4,0
220386,1,1,1984,10,19,18,16,13,15,0,23,26,18
220386,2,1,1984,0,0,0,0,0,0,0,0,0,0
220387,1,1,1984,0,0,0,4,0,20,0,0,0,0
220388,1,1,1984,0,17,0,0,0,13,0,6,0,23
220389,1,1,1984,18,29,11,0,15,15,0,6,0,0
220390,1,1,1984,0,0,0,0,0,0,0,0,2,0
220390,2,1,1984,0,0,0,0,0,0,0,0,0,0
220391,0,1,1984,0,0,9,0,26,18,0,0,11,21
220391,1,1,1984,8,8,8,8,8,8,8,8,8,8
220392,0,1,1984,13,22,28,0,20,16,0,21,23,39
220392,1,1,1984,11,0,16,0,0,0,0,0,0,17
220393,1,1,1984,17,12,13,12,0,19,19,27,17,26
220394,1,1,1984,21,3,12,21,18,8,32,14,24,12
220395,0,1,1984,0,0,0,0,0,0,0,0,0,0
220395,1,1,1984,0,0,30,0,0,16,0,0,0,0
220396,0,1,1984,4,28,0,35,0,0,13,0,23,7
220396,1,1,1984,0,31,0,33,0,0,0,0,9,8
220397,1,1,1984,27,25,9,23,10,16,20,20,18,33
220398,1,1,1984,15,15,15,15,15,15,15,15,15,15
220399,0,1,1984,0,0,0,0,9,0,0,0,0,0
220399,1,1,1984,0,0,0,0,5,0,7,16,0,0
220400,1,1,1984,0,0,0,0,0,0,0,0,0,0
220400,2,1,1984,0,0,0,0,0,0,0,0,0,0
220401,0,1,1984,0,0,0,0,0,0,0,16,0,0
220401,1,1,1984,0,0,0,0,0,0,19,0,0,0
220402,0,1,1984,17,0,0,0,0,0,0,0,0,0
220402,1,1,1984,23,23,23,23,23,23,23,23,23,23
220403,1,1,1984,27,27,27,27,27,27,27,27,27,27
220404,1,1,1984,18,0,0,22,0,0,15,34,0,16
220405,1,1,1984,0,0,0,0,0,0,0,0,0,0
220405,2,1,1984,0,0,0,0,0,0,0,0,0,0
220406,0,1,1984,0,0,0,0,0,0,0,0,0,0
220406,1,1,1984,0,0,0,0,0,0,0,0,0,0
220407,1,1,1984,0,0,0,0,24,11,0,0,0,0
220408,1,1,1984,0,0,18,17,11,0,10,0,25,37
220409,1,1,1984,0,0,0,27,0,8,0,6,0,17
220409,2,1,1984,14,8,0,17,3,0,12,8,0,0
220410,1,1,1984,15,15,15,15,15,15,15,15,15,15
220410,2,1,1984,0,0,0,0,0,0,0,0,0,0
220410,3,1,1984,0,27,10,0,0,0,2,16,26,0
220411,1,1,1984,0,0,0,0,0,0,0,9,0,26
220411,2,1,1984,3,3,3,3,3,3,3,3,3,3
220412,0,1,1984,14,14,14,14,14,14,14,14,14,14
220412,1,1,1984,11,11,11,11,11,11,11,11,11,11
220413,1,1,1984,9,0,14,9,0,0,17,0,8,0
220414,1,1,1984,29,29,29,29,29,29,29,29,29,29
220414,2,1,1984,0,11,0,21,34,29,32,26,35,0
220415,0,1,1984,13,13,0,0,38,32,26,28,22,15
220415,1,1,1984,0,16,0,0,0,0,0,0,0,0
220416,1,1,1984,28,28,28,28,28,28,28,28,28,28
220417,1,1,1984,0,0,14,0,0,0,16,0,13,0
220417,2,1,1984,12,12,12,12,12,12,12,12,12,12
220418,1,1,1984,0,0,0,0,0,0,0,0,0,0
220418,2,1,1984,0,16,0,9,0,19,0,0,0,10
220419,0,1,1984,0,17,19,33,10,0,15,0,5,21
220419,1,1,1984,17,0,4,5,17,0,0,0,24,35
220420,1,1,1984,0,0,0,0,0,22,0,0,0,0
220420,2,1,1984,0,0,12,0,0,0,0,0,0,0
220421,1,1,1984,0,0,0,0,16,0,0,0,0,0
220422,1,1,1984,20,20,20,20,20,20,20,20,20,20
220422,2,1,1984,0,0,17,0,0,0,3,0,0,0
220422,3,1,1984,0,0,0,0,0,0,0,19,0,0
220423,1,1,1984,8,3,0,0,0,25,12,0,0,0
220424,1,1,1984,34,21,19,15,0,17,13,0,0,37
220425,1,1,1984,17,9,7,0,12,16,0,32,10,0
220425,2,1,1984,11,0,8,0,5,0,24,22,0,0
220426,1,1,1984,33,33,33,33,33,33,33,33,33,33
220427,1,1,1984,0,20,0,0,21,0,0,0,0,0
220427,2,1,1984,18,0,0,0,0,0,16,0,0,0
220428,1,1,1984,32,9,10,14,20,18,12,12,0,11
220429,1,1,1984,28,25,28,15,0,0,38,17,17,31
220430,1,1,1984,0,0,0,0,0,0,0,0,0,0
220430,2,1,1984,0,0,0,1,0,0,0,0,0,19
220431,1,1,1984,23,20,0,23,0,0,12,3,13,0
220432,1,1,1984,0,0,0,0,0,0,0,0,0,0
220433,1,1,1984,12,29,0,14,17,14,20,0,18,8
220434,1,1,1984,0,10,37,17,0,18,0,17,20,20
220435,1,1,1984,0,0,13,16,15,17,14,8,16,15
220435,2,1,1984,11,0,8,0,11,0,14,9,28,0
220436,1,1,1984,0,0,0,0,0,0,0,0,0,0
220436,2,1,1984,0,0,0,0,0,0,0,0,0,0
220437,1,1,1984,4,0,22,15,12,14,24,18,9,15
220438,1,1,1984,9,9,9,9,9,9,9,9,9,9
220438,2,1,1984,15,11,0,0,0,0,17,16,0,13
220439,0,1,1984,0,0,6,21,0,35,0,26,0,5
220439,1,1,1984,7,12,0,26,10,29,15,0,10,12
220440,1,1,1984,6,6,6,6,6,6,6,6,6,6
220441,1,1,1984,31,10,14,34,0,12,22,0,0,0
220442,0,1,1984,0,0,0,0,0,0,0,0,0,0
220442,1,1,1984,9,0,12,13,0,21,0,13,10,13
220443,1,1,1984,0,17,25,8,0,15,0,0,8,19
220443,2,1,1984,0,0,0,0,0,0,14,0,0,0
220443,3,1,1984,0,15,0,0,12,0,0,0,0,0
220444,1,1,1984,12,12,12,12,12,12,12,12,12,12
220444,2,1,1984,2,2,2,2,2,2,2,2,2,2
220445,0,1,1984,0,13,0,0,0,0,0,0,0,0
220445,1,1,1984,5,5,5,5,5,5,5,5,5,5
220446,1,1,1984,0,0,0,0,0,0,0,0,14,0
220446,2,1,1984,7,0,11,0,0,0,0,11,6,13
220447,1,1,1984,19,19,19,19,19,19,19,19,19,19
220448,1,1,1984,27,27,0,0,16,27,0,0,0,17
220449,0,1,1984,34,26,24,16,25,20,20,5,12,13
220449,1,1,1984,0,0,0,0,5,15,6,20,31,22
220450,1,1,1984,13,13,13,13,13,13,13,13,13,13
220450,2,1,1984,0,0,36,0,0,23,21,8,0,22
220451,1,1,1984,10,0,0,28,12,0,0,18,0,0
220451,2,1,1984,0,0,20,0,0,0,0,0,0,0
220452,1,1,1984,0,0,0,0,0,0,0,0,0,0
220452,2,1,1984,0,0,0,13,0,0,0,0,13,0
220453,0,1,1984,0,0,0,0,0,0,0,0,0,0
220453,1,1,1984,0,0,0,0,15,0,0,0,9,5
220454,1,1,1984,32,20,18,24,24,13,29,26,12,27
220455,1,1,1984,0,25,22,24,17,28,23,32,0,13
220456,1,1,1984,17,21,12,0,17,40,3,16,21,22
220456,2,1,1984,0,0,0,14,11,34,0,0,0,0
220457,1,1,1984,16,29,25,21,18,32,22,25,13,30
220458,1,1,1984,0,0,0,0,0,0,0,0,0,0
220458,2,1,1984,0,0,0,0,0,0,0,0,0,0
220459,0,1,1984,0,0,0,0,0,0,0,0,0,0
220459,1,1,1984,9,9,9,9,9,9,9,9,9,9
220460,1,1,1984,14,0,0,0,0,0,0,0,0,0
220460,2,1,1984,0,18,0,10,0,0,0,0,0,0
220461,1,1,1984,3,3,3,3,3,3,3,3,3,3
220461,2,1,1984,0,0,0,0,0,0,0,0,0,0
220462,0,1,1984,0,0,0,0,0,0,0,0,0,0
220462,1,1,1984,0,0,0,0,0,0,0,0,0,0
220463,1,1,1984,0,0,0,15,0,0,0,0,0,0
220463,2,1,1984,0,0,0,0,0,0,0,0,0,0
220464,1,1,1984,0,0,0,0,0,0,0,0,0,0
220464,2,1,1984,0,0,0,0,0,2,0,0,0,0
220465,1,1,1984,3,0,0,0,0,0,0,19,3,0
220466,0,1,1984,0,27,0,0,0,0,0,0,0,22
220466,1,1,1984,0,0,0,0,0,0,0,0,0,0
220467,1,1,1984,13,0,18,8,0,0,0,0,0,9
220467,2,1,1984,0,0,0,0,0,0,0,0,0,0
220468,0,1,1984,0,0,26,20,11,0,0,5,24,39
220468,1,1,1984,1,1,1,1,1,1,1,1,1,1
220469,1,1,1984,0,0,0,0,0,0,0,0,0,0
220469,2,1,1984,0,0,0,16,0,0,0,0,0,0
220470,1,1,1984,5,0,20,0,0,15,0,20,23,22
220471,2,1,1984,21,19,26,0,19,16,33,18,16,15
220472,1,1,1984,14,0,26,0,0,0,0,23,20,0
220473,0,1,1984,0,0,0,0,0,0,0,0,0,0
220473,1,1,1984,0,0,0,0,0,0,8,0,3,0
220474,1,1,1984,0,0,0,0,16,0,0,19,0,0
220474,2,1,1984,0,0,0,0,0,0,0,0,0,0
220475,1,1,1984,0,16,35,0,0,0,0,0,19,0
220476,0,1,1984,27,27,27,27,27,27,27,27,27,27
220476,1,1,1984,0,0,0,0,0,0,0,0,0,0
220477,1,1,1984,0,0,0,0,0,0,0,0,8,0
220478,0,1,1984,0,0,0,0,0,0,0,0,0,0
220478,1,1,1984,18,18,18,18,18,18,18,18,18,18
220479,0,1,1984,16,9,0,0,0,0,18,0,0,0
220479,1,1,1984,0,0,0,0,0,0,0,0,0,0
220479,2,1,1984,0,0,0,0,0,0,0,0,0,0
220480,0,1,1984,0,24,33,0,0,0,0,0,6,0
220480,0,2,1984,0,18,18,9,11,0,0,15,0,19
220480,1,1,1984,23,23,23,23,23,23,23,23,23,23
220481,1,1,1984,0,0,0,0,0,0,0,0,0,0
220481,2,1,1984,0,0,0,0,0,0,0,0,0,0
220482,0,1,1984,0,0,0,0,0,0,0,0,0,0
220482,1,1,1984,0,0,0,0,0,0,0,0,0,0
220483,1,1,1984,8,8,8,8,8,8,8,8,8,8
220483,2,1,1984,0,0,0,0,0,0,0,0,0,0
220484,1,1,1984,0,0,18,0,0,0,0,22,0,10
220484,2,1,1984,4,4,4,4,4,4,4,4,4,4
220485,1,1,1984,0,0,0,0,0,0,0,0,0,0
220486,1,1,1984,0,0,52,0,0,0,0,0,0,0
220486,2,1,1984,0,0,27,0,0,10,18,26,0,0
220487,1,1,1984,0,22,5,0,5,0,7,0,2,42
220488,1,1,1984,18,18,18,18,18,18,18,18,18,18
220489,1,1,1984,0,0,25,15,13,10,0,22,0,23
220490,0,1,1984,0,0,11,0,13,23,0,0,0,0
220490,1,1,1984,0,0,0,0,0,0,0,0,0,3
220491,1,1,1984,0,0,0,0,0,0,0,0,0,0
220491,2,1,1984,0,0,0,0,0,0,0,0,0,0
220492,1,1,1984,2,2,2,2,2,2,2,2,2,2
220492,2,1,1984,16,16,16,16,16,16,16,16,16,16
220493,1,1,1984,0,0,0,0,0,0,0,0,0,0
220494,1,1,1984,0,0,18,0,0,0,0,0,0,0
220494,2,1,1984,0,0,0,0,0,0,0,0,0,0
220496,1,1,1984,11,18,0,0,0,0,18,0,23,0
220496,2,1,1984,0,0,27,0,0,0,0,8,14,0
220497,1,1,1984,0,0,0,0,0,0,0,0,0,0
220497,2,1,1984,15,17,0,21,8,17,0,13,0,26
220498,1,1,1984,0,0,0,0,18,0,0,0,0,0
220498,2,1,1984,6,18,0,0,0,0,0,0,0,14
220499,0,1,1984,0,0,0,0,0,0,0,0,0,0
220499,1,1,1984,0,0,0,0,0,0,0,0,0,0
220500,1,1,1984,0,0,17,0,0,0,0,0,0,0
220500,2,1,1984,0,0,0,13,0,0,0,0,0,0
220501,1,1,1984,17,17,17,17,17,17,17,17,17,17
220502,1,1,1984,26,25,16,17,0,10,19,19,10,25
220503,1,1,1984,24,18,17,10,16,20,17,16,13,19
220504,1,1,1984,0,0,0,12,0,25,0,0,0,31
220505,1,1,1984,0,0,0,0,0,0,0,9,0,0
220505,2,1,1984,0,0,0,0,0,0,0,0,0,0
220506,1,1,1984,0,0,0,0,21,0,0,8,0,12
220506,2,1,1984,0,0,0,13,0,0,0,0,0,0
220507,1,1,1984,16,0,19,20,10,7,0,0,0,14
220508,1,1,1984,15,15,15,15,15,15,15,15,15,15
220509,0,1,1984,24,24,24,24,24,24,24,24,24,24
220509,1,1,1984,4,4,4,4,4,4,4,4,4,4
220510,1,1,1984,0,0,0,0,0,0,0,0,0,0
220510,2,1,1984,27,27,27,27,27,27,27,27,27,27
220511,0,1,1984,0,0,0,0,0,0,0,0,0,0
220511,1,1,1984,0,0,29,0,19,0,0,0,0,0
220512,0,1,1984,0,14,0,0,0,0,0,12,0,2
220512,1,1,1984,16,0,0,0,0,0,12,0,0,0
220513,0,1,1984,0,15,0,0,0,10,0,0,0,0
220513,1,1,1984,0,0,22,0,28,9,0,0,0,11
220513,2,1,1984,0,0,0,0,0,0,0,0,0,0
220514,0,1,1984,11,11,11,11,11,11,11,11,11,11
220514,0,2,1984,0,20,0,12,0,24,18,35,20,27
220514,1,1,1984,19,19,19,19,19,19,19,19,19,19
220515,0,1,1984,0,24,34,12,19,0,17,14,20,23
220515,1,1,1984,0,0,0,0,0,0,0,0,0,0
220516,1,1,1984,0,0,0,0,0,0,0,0,0,0
220517,1,1,1984,22,22,22,22,22,22,22,22,22,22
220518,0,1,1984,22,19,0,0,0,0,0,0,16,14
220518,1,1,1984,29,0,0,14,12,0,25,32,0,0
220519,0,1,1984,0,0,14,9,9,0,0,0,17,0
220519,1,1,1984,0,24,19,0,25,0,0,0,21,0
220520,1,1,1984,0,0,0,0,0,5,0,0,0,0
220520,2,1,1984,0,0,0,0,0,0,0,0,0,0
220521,0,1,1984,0,0,0,0,0,4,0,0,0,0
220521,1,1,1984,0,0,0,0,0,0,0,0,0,0
220522,1,1,1984,12,12,12,12,12,12,12,12,12,12
220523,1,1,1984,0,0,0,0,0,0,0,0,0,0
220523,2,1,1984,0,0,0,0,0,0,0,0,11,16
220524,0,1,1984,24,24,24,24,24,24,24,24,24,24
220524,1,1,1984,15,17,20,8,5,10,7,21,31,11
220525,1,1,1984,22,29,10,11,17,9,13,10,17,0
220526,0,1,1984,15,32,51,32,30,34,0,16,14,16
220526,1,1,1984,14,12,0,0,0,0,20,24,0,0
220527,1,1,1984,0,0,0,12,0,0,0,0,0,0
220527,2,1,1984,0,0,0,0,0,0,0,0,0,0
220528,0,1,1984,27,27,27,27,27,27,27,27,27,27
220528,1,1,1984,0,0,0,0,0,0,0,16,0,0
220529,0,1,1984,0,0,0,0,5,24,0,38,8,13
220529,1,1,1984,0,0,0,0,0,0,0,0,0,0
220530,0,1,1984,0,0,0,0,0,0,3,0,0,0
220530,1,1,1984,0,0,0,0,0,0,0,0,0,0
220531,1,1,1984,0,0,10,22,0,22,0,0,0,0
220532,1,1,1984,0,0,0,31,0,0,0,11,0,0
220532,2,1,1984,5,8,0,0,0,8,3,0,0,0
220533,1,1,1984,17,17,17,17,17,17,17,17,17,17
220534,0,1,1984,0,0,0,0,0,0,35,0,0,6
220534,0,2,1984,0,0,0,0,0,0,0,0,0,18
220534,1,1,1984,3,3,3,3,3,3,3,3,3,3
220535,1,1,1984,0,18,12,5,0,0,9,21,2,20
220536,0,1,1984,0,0,0,0,0,0,0,0,0,0
220537,1,1,1984,18,0,33,0,35,0,21,12,9,24
220538,1,1,1984,0,0,32,13,9,0,0,0,4,20
220539,1,1,1984,0,12,0,0,0,0,0,0,28,0
220539,2,1,1984,0,0,0,26,0,0,0,0,0,14
220540,1,1,1984,15,15,15,15,15,15,15,15,15,15
220541,1,1,1984,0,0,0,0,0,10,0,12,12,0
220541,2,1,1984,25,22,16,0,0,0,21,26,5,0
220542,1,1,1984,0,13,8,17,9,13,0,26,9,8
220543,1,1,1984,0,23,8,6,10,17,0,8,17,14
220543,2,1,1984,0,8,15,0,0,0,0,19,0,0
220544,0,1,1984,0,0,0,0,0,0,0,0,0,0
220544,1,1,1984,0,0,0,0,0,0,0,0,0,0
220545,1,1,1984,0,0,0,25,0,0,0,0,0,0
220546,1,1,1984,0,0,0,0,0,0,0,0,0,7
220546,2,1,1984,0,0,0,0,0,0,0,0,0,0
220547,1,1,1984,0,23,0,18,6,0,23,14,22,0
220548,1,1,1984,8,8,8,8,8,8,8,8,8,8
220549,1,1,1984,0,0,0,0,0,0,0,0,0,0
220549,2,1,1984,9,9,9,9,9,9,9,9,9,9
220549,3,1,1984,0,0,0,5,0,0,0,0,0,0
220550,1,1,1984,1,1,1,1,1,1,1,1,1,1
220550,2,1,1984,17,17,17,17,17,17,17,17,17,17
220551,0,1,1984,15,11,17,14,0,24,24,16,10,11
220551,1,1,1984,0,0,25,16,5,0,0,0,14,0
220552,1,1,1984,17,17,17,17,17,17,17,17,17,17
220553,1,1,1984,13,13,13,13,13,13,13,13,13,13
220554,1,1,1984,8,8,8,8,8,8,8,8,8,8
220555,1,1,1984,0,0,0,0,0,0,0,0,0,12
220556,0,1,1984,11,3,15,22,26,21,17,28,16,33
220556,1,1,1984,0,0,0,0,20,0,0,11,0,22
220557,1,1,1984,23,11,26,29,18,0,37,25,3,26
220558,1,1,1984,26,27,28,7,19,15,19,13,27,15
220559,0,1,1984,0,18,20,5,24,20,0,0,15,16
220559,1,1,1984,0,10,6,25,9,0,20,0,15,0
220560,1,1,1984,26,15,22,21,32,0,30,0,28,10
220561,0,1,1984,11,22,3,0,6,13,9,29,0,16
220561,1,1,1984,12,12,12,12,12,12,12,12,12,12
220562,1,1,1984,0,0,0,0,16,21,10,0,13,0
220562,2,1,1984,0,0,0,0,0,0,0,0,0,9
220563,0,1,1984,24,28,0,31,19,39,18,0,18,22
220563,1,1,1984,0,0,0,0,0,0,0,0,0,0
220564,1,1,1984,0,0,0,0,0,0,0,0,0,0
220564,2,1,1984,0,0,0,26,0,0,0,0,0,11
220565,1,1,1984,17,10,8,7,17,22,23,13,3,13
220566,1,1,1984,19,18,0,21,15,18,11,12,11,30
220567,1,1,1984,0,0,0,0,0,0,0,0,0,0
220567,2,1,1984,0,0,0,0,0,0,0,0,0,0
220568,1,1,1984,16,19,0,16,8,21,0,0,9,8
220569,1,1,1984,12,25,27,17,13,18,26,0,26,28