ST_CASE,VEH_NO,PER_NO,YEAR,P1,P2,P3,P4,P5,P6,P7,P8,P9,P10
220847,2,1,1984,0,0,0,0,0,0,0,0,0,0
230001,1,1,1984,0,0,0,0,0,0,25,0,0,0
230001,2,1,1984,0,20,0,0,0,0,0,0,0,0
230001,3,1,1984,0,0,0,0,0,0,0,0,0,0
230002,0,1,1984,0,0,0,0,0,0,0,0,0,0
230002,1,1,1984,0,0,0,0,0,0,0,0,0,0
230003,1,1,1984,12,12,12,12,12,12,12,12,12,12
230004,1,1,1984,0,0,0,0,0,0,0,0,0,0
230004,2,1,1984,21,21,21,21,21,21,21,21,21,21
230005,1,1,1984,14,14,14,14,14,14,14,14,14,14
230005,2,1,1984,0,0,0,0,0,0,0,0,0,0
230006,1,1,1984,0,0,0,0,0,0,0,0,0,14
230007,1,1,1984,11,11,11,11,11,11,11,11,11,11
230007,2,1,1984,0,0,0,0,0,0,0,0,0,0
230008,0,1,1984,9,0,5,0,0,0,4,0,16,0
230008,1,1,1984,0,0,0,0,0,0,0,0,0,0
230009,1,2,1984,0,0,0,0,0,0,0,0,0,0
230009,2,1,1984,0,0,0,0,0,0,0,0,0,0
230010,1,1,1984,0,0,0,0,0,0,0,0,0,0
230010,2,1,1984,0,0,0,0,0,0,0,0,0,0
230011,0,1,1984,19,19,19,19,19,19,19,19,19,19
230011,1,1,1984,0,0,0,0,0,0,0,0,0,0
230012,1,1,1984,0,0,0,0,0,0,9,4,0,0
230012,2,1,1984,0,12,0,0,0,0,0,0,14,25
230013,1,1,1984,9,14,9,23,19,11,13,19,18,8
230014,1,1,1984,0,0,0,0,0,0,0,0,0,0
230014,2,1,1984,0,37,0,10,0,16,0,0,0,0
230015,1,1,1984,0,0,0,0,0,0,0,0,0,0
230015,2,1,1984,0,0,0,25,0,0,0,0,15,0
230016,1,1,1984,0,0,0,0,0,0,0,0,0,0
230017,0,1,1984,0,0,0,0,0,0,0,0,0,0
230017,1,1,1984,0,0,0,0,0,0,0,0,0,0
230018,1,1,1984,6,0,7,0,0,21,0,11,16,22
230019,0,1,1984,0,0,0,0,0,0,0,0,0,0
230019,1,1,1984,0,0,0,0,0,0,0,0,0,0
230020,1,1,1984,0,0,0,0,0,0,0,0,0,0
230021,1,1,1984,0,0,0,0,0,0,0,0,0,0
230021,2,1,1984,0,0,0,0,0,0,0,0,0,0
230023,0,1,1984,21,21,21,21,21,21,21,21,21,21
230023,1,1,1984,21,21,21,21,21,21,21,21,21,21
230024,1,1,1984,28,28,28,28,28,28,28,28,28,28
230025,1,1,1984,7,7,7,7,7,7,7,7,7,7
230026,1,1,1984,17,17,17,17,17,17,17,17,17,17
230027,1,1,1984,16,16,16,16,16,16,16,16,16,16
230028,1,1,1984,21,21,21,21,21,21,21,21,21,21
230030,1,1,1984,0,0,0,0,0,0,0,0,0,0
230031,1,1,1984,0,0,0,0,0,0,0,0,0,0
230031,2,1,1984,0,0,0,0,0,0,0,0,0,0
230032,0,1,1984,0,0,0,0,26,15,0,0,0,0
230032,1,1,1984,0,0,0,0,0,0,0,0,0,0
230033,1,1,1984,13,0,13,24,20,0,0,0,7,19
230034,1,1,1984,0,0,0,0,0,0,0,0,0,0
230035,1,1,1984,0,0,0,0,0,0,0,0,0,0
230035,2,1,1984,0,0,0,0,0,0,0,0,0,0
230036,1,1,1984,0,0,0,0,0,0,0,17,0,0
230036,2,1,1984,0,0,0,0,0,0,0,0,0,0
230037,1,1,1984,0,0,0,0,0,0,0,0,0,0
230038,1,1,1984,18,18,18,18,18,18,18,18,18,18
230039,0,1,1984,0,0,0,0,0,0,0,0,0,0
230039,1,1,1984,0,0,0,0,4,17,0,0,0,0
230040,1,1,1984,13,13,13,13,13,13,13,13,13,13
230041,0,1,1984,0,0,0,0,0,0,0,0,0,0
230041,0,2,1984,0,0,0,0,0,0,0,0,0,0
230041,1,1,1984,18,18,18,18,18,18,18,18,18,18
230042,1,1,1984,0,0,0,0,0,0,0,0,0,0
230042,2,1,1984,0,0,0,0,0,0,0,0,0,0
230043,1,1,1984,34,34,34,34,34,34,34,34,34,34
230043,2,1,1984,13,13,13,13,13,13,13,13,13,13
230044,1,1,1984,17,17,17,17,17,17,17,17,17,17
230045,0,1,1984,10,0,0,0,0,0,0,0,0,0
230045,1,1,1984,0,0,5,0,0,0,0,0,0,0
230046,1,1,1984,16,16,16,16,16,16,16,16,16,16
230047,1,1,1984,17,17,17,17,17,17,17,17,17,17
230048,1,1,1984,20,20,20,20,20,20,20,20,20,20
230049,1,1,1984,26,26,26,26,26,26,26,26,26,26
230050,1,1,1984,0,0,0,0,0,0,0,0,0,0
230050,2,1,1984,0,21,0,12,0,0,0,0,4,24
230051,1,1,1984,0,0,0,0,25,0,0,0,0,0
230051,2,1,1984,0,0,0,0,0,0,0,0,0,0
230052,1,1,1984,11,11,11,11,11,11,11,11,11,11
230053,1,1,1984,17,17,17,17,17,17,17,17,17,17
230054,1,1,1984,0,0,0,0,0,0,0,0,0,0
230055,1,1,1984,11,26,0,19,34,17,13,30,17,22
230056,0,1,1984,27,27,27,27,27,27,27,27,27,27
230056,1,1,1984,0,0,0,0,0,0,0,0,0,0
230057,1,1,1984,15,15,15,15,15,15,15,15,15,15
230058,1,4,1984,0,0,0,0,0,0,0,0,0,0
230058,2,1,1984,0,0,0,0,0,0,0,0,0,0
230059,1,1,1984,0,0,0,0,0,0,0,0,0,0
230059,2,1,1984,0,0,0,0,0,0,0,0,0,0
230060,1,1,1984,25,25,25,25,25,25,25,25,25,25
230061,1,1,1984,18,18,18,18,18,18,18,18,18,18
230062,1,1,1984,0,0,0,0,0,0,0,0,0,0
230063,1,1,1984,20,20,20,20,20,20,20,20,20,20
230063,2,1,1984,0,0,0,0,0,0,0,0,0,0
230064,1,1,1984,25,25,25,25,25,25,25,25,25,25
230065,1,1,1984,0,0,0,0,0,0,0,0,0,0
230066,1,1,1984,0,0,0,0,0,0,0,0,0,0
230066,2,1,1984,0,0,0,0,0,0,0,0,10,0
230066,3,1,1984,0,0,0,0,10,0,0,0,0,0
230067,1,1,1984,14,14,14,14,14,14,14,14,14,14
230068,1,1,1984,5,21,8,14,14,21,4,9,18,3
230070,0,1,1984,22,22,22,22,22,22,22,22,22,22
230070,1,1,1984,10,10,10,10,10,10,10,10,10,10
230071,1,1,1984,0,0,0,0,0,0,0,0,0,0
230071,2,1,1984,0,0,0,0,0,0,0,0,0,3
230072,1,1,1984,10,12,22,14,24,19,17,13,9,0
230073,0,1,1984,0,0,0,0,0,0,0,0,0,0
230073,1,1,1984,0,0,0,0,0,0,0,0,0,0
230073,2,1,1984,0,0,0,0,0,0,0,0,0,0
230073,3,1,1984,0,0,0,0,0,0,0,0,0,0
230074,1,1,1984,0,0,0,0,0,0,0,0,0,0
230074,2,1,1984,0,9,0,0,0,0,0,0,0,0
230075,1,1,1984,15,15,15,15,15,15,15,15,15,15
230076,1,1,1984,0,0,0,0,0,0,0,0,0,0
230077,1,1,1984,2,2,2,2,2,2,2,2,2,2
230077,2,1,1984,0,0,0,0,0,0,0,0,0,0
230078,0,1,1984,24,24,24,24,24,24,24,24,24,24
230078,1,1,1984,22,8,15,14,16,14,18,24,14,15
230079,1,1,1984,14,25,16,24,0,6,8,11,16,21
230080,1,1,1984,0,0,0,0,0,0,0,0,0,0
230081,1,1,1984,12,12,12,12,12,12,12,12,12,12
230082,1,1,1984,20,26,21,4,12,10,24,17,18,15
230083,1,1,1984,0,0,0,0,0,0,0,0,0,0
230084,1,1,1984,14,14,14,14,14,14,14,14,14,14
230085,1,1,1984,9,22,0,21,28,17,12,10,45,14
230088,1,1,1984,10,10,10,10,10,10,10,10,10,10
230089,1,1,1984,16,16,16,16,16,16,16,16,16,16
230089,2,1,1984,8,0,0,10,13,0,10,7,35,13
230090,1,1,1984,0,0,0,0,0,0,0,0,0,0
230091,1,1,1984,1,1,1,1,1,1,1,1,1,1
230091,2,1,1984,0,0,0,18,0,0,0,0,0,4
230092,1,1,1984,18,19,20,22,20,4,9,20,17,11
230093,1,1,1984,2,2,2,2,2,2,2,2,2,2
230093,2,1,1984,0,0,0,0,0,0,0,0,0,0
230094,1,1,1984,20,20,20,20,20,20,20,20,20,20
230095,1,1,1984,0,0,0,0,0,0,0,0,0,0
230095,2,1,1984,0,0,0,0,0,0,0,0,0,0
230097,1,1,1984,7,7,7,7,7,7,7,7,7,7
230097,2,1,1984,32,23,8,26,25,19,31,21,22,11
230098,1,1,1984,26,26,26,26,26,26,26,26,26,26
230099,1,1,1984,17,17,17,17,17,17,17,17,17,17
230100,1,1,1984,0,0,0,0,0,0,0,0,0,0
230100,2,1,1984,0,0,0,0,0,0,0,0,0,9
230101,1,2,1984,11,11,11,11,11,11,11,11,11,11
230102,1,1,1984,0,0,0,0,0,0,0,0,0,0
230102,2,1,1984,0,0,0,0,0,0,0,0,0,0
230103,1,1,1984,3,3,3,3,3,3,3,3,3,3
230104,1,1,1984,16,16,16,16,16,16,16,16,16,16
230104,2,1,1984,6,19,13,0,0,0,0,8,0,9
230104,3,1,1984,0,0,0,0,0,0,0,0,0,0
230105,1,1,1984,0,0,0,0,0,0,0,0,0,0
230105,2,6,1984,13,0,0,0,24,24,24,20,0,11
230106,1,1,1984,30,30,30,30,30,30,30,30,30,30
230107,1,1,1984,5,5,5,5,5,5,5,5,5,5
230107,2,1,1984,32,9,7,19,16,15,24,25,11,13
230108,1,1,1984,0,0,0,0,0,0,0,0,0,0
230108,2,1,1984,0,0,0,0,0,0,0,0,0,0
230109,1,1,1984,21,21,21,21,21,21,21,21,21,21
230110,1,1,1984,23,23,23,23,23,23,23,23,23,23
230110,2,1,1984,0,0,0,0,0,0,16,26,0,45
230111,1,1,1984,6,25,6,18,18,17,15,15,12,12
230112,1,1,1984,29,29,29,29,29,29,29,29,29,29
230113,1,1,1984,0,0,0,0,0,0,0,0,0,0
230113,2,1,1984,0,0,0,0,0,0,0,0,0,0
230114,1,1,1984,18,18,18,18,18,18,18,18,18,18
230115,0,1,1984,0,0,0,0,0,0,0,0,0,0
230115,1,1,1984,0,0,11,10,0,0,0,0,0,22
230116,1,1,1984,0,0,0,0,11,0,0,0,0,0
230117,1,1,1984,15,15,15,15,15,15,15,15,15,15
230118,1,1,1984,23,23,23,23,23,23,23,23,23,23
230119,1,1,1984,9,9,9,9,9,9,9,9,9,9
230120,1,1,1984,0,0,0,0,0,0,0,0,0,0
230121,1,1,1984,0,0,21,0,0,0,0,0,0,0
230121,2,1,1984,15,15,15,15,15,15,15,15,15,15
230122,1,1,1984,0,0,0,0,0,0,0,0,0,0
230122,2,1,1984,0,13,10,5,4,0,0,0,11,0
230123,1,1,1984,0,0,0,0,0,0,0,0,0,0
230123,2,1,1984,0,0,0,0,0,0,0,0,0,0
230124,1,1,1984,21,0,0,0,0,0,0,0,0,0
230124,2,1,1984,17,17,17,17,17,17,17,17,17,17
230125,1,1,1984,0,0,0,0,0,0,0,0,0,0
230125,2,1,1984,7,0,0,0,0,0,0,0,0,0
230126,1,1,1984,17,17,17,17,17,17,17,17,17,17
230127,1,1,1984,23,23,23,23,23,23,23,23,23,23
230128,1,1,1984,0,0,0,0,0,0,0,0,0,0
230128,2,1,1984,6,6,6,6,6,6,6,6,6,6
230129,1,1,1984,0,0,0,0,0,0,0,0,0,0
230129,2,1,1984,0,0,0,0,0,0,0,0,0,0
230129,3,1,1984,0,0,0,0,0,0,0,0,0,0
230130,1,1,1984,12,12,12,12,12,12,12,12,12,12
230130,2,1,1984,7,0,23,13,13,0,0,0,0,20
230130,3,1,1984,18,29,15,0,6,0,0,0,17,0
230131,1,1,1984,0,0,0,0,0,0,0,0,0,0
230132,1,1,1984,18,18,18,18,18,18,18,18,18,18
230133,1,1,1984,16,16,16,16,16,16,16,16,16,16
230134,0,1,1984,18,18,18,18,18,18,18,18,18,18
230134,1,1,1984,5,5,5,5,5,5,5,5,5,5
230135,1,1,1984,9,9,9,9,9,9,9,9,9,9
230136,0,1,1984,13,13,13,13,13,13,13,13,13,13
230136,1,1,1984,0,0,0,0,0,0,0,0,0,0
230137,1,2,1984,0,0,0,0,0,0,0,0,0,0
230137,2,1,1984,9,0,0,0,0,0,0,0,0,0
230138,1,1,1984,19,19,19,19,19,19,19,19,19,19
230139,1,1,1984,0,0,0,0,0,0,0,0,0,0
230140,1,1,1984,8,8,8,8,8,8,8,8,8,8
230141,1,1,1984,21,21,21,21,21,21,21,21,21,21
230142,1,1,1984,0,0,0,0,0,0,0,0,0,0
230143,1,1,1984,26,26,26,26,26,26,26,26,26,26
230144,1,1,1984,10,10,10,10,10,10,10,10,10,10
230145,1,1,1984,26,26,26,26,26,26,26,26,26,26
230146,1,1,1984,0,0,0,0,0,0,0,0,0,0
230147,0,1,1984,0,0,0,0,0,0,0,0,0,0
230147,1,1,1984,0,0,0,0,0,0,0,0,0,0
230148,1,1,1984,19,19,19,19,19,19,19,19,19,19
230149,1,1,1984,0,0,0,0,0,0,0,0,0,0
230150,1,1,1984,0,0,0,0,0,0,0,0,0,0
230151,1,1,1984,14,12,11,19,9,36,15,6,23,12
230152,1,1,1984,16,16,16,16,16,16,16,16,16,16
230153,0,1,1984,32,32,32,32,32,32,32,32,32,32
230153,1,1,1984,25,19,0,48,0,0,0,0,0,18
230153,2,1,1984,13,0,4,10,5,17,0,14,18,25
230153,3,1,1984,7,11,0,0,17,17,9,21,21,0
230153,4,1,1984,40,32,22,13,17,18,22,6,20,18
230153,5,1,1984,15,9,9,10,14,12,0,7,9,8
230154,1,1,1984,0,0,0,0,0,0,0,0,0,0
230155,1,1,1984,20,0,10,31,0,0,7,8,0,13
230156,1,1,1984,3,3,3,3,3,3,3,3,3,3
230157,1,1,1984,26,26,26,26,26,26,26,26,26,26
230158,1,1,1984,0,0,0,0,0,0,0,0,0,0
230158,2,1,1984,0,0,0,0,0,0,0,0,0,0
230159,0,1,1984,0,0,0,0,0,0,0,0,0,0
230159,1,1,1984,0,0,0,0,0,0,0,0,0,0
230160,1,1,1984,11,11,11,11,11,11,11,11,11,11
230161,1,1,1984,15,15,15,15,15,15,15,15,15,15
230162,0,1,1984,0,0,0,0,0,0,0,0,0,0
230162,1,1,1984,8,19,25,19,12,22,23,27,12,23
230163,1,1,1984,18,18,18,18,18,18,18,18,18,18
230164,1,1,1984,18,18,18,18,18,18,18,18,18,18
230165,1,1,1984,15,15,15,15,15,15,15,15,15,15
230166,1,1,1984,35,35,35,35,35,35,35,35,35,35
230167,1,1,1984,0,0,0,0,0,0,0,0,0,0
230167,2,1,1984,0,0,0,0,0,0,0,0,0,0
230168,1,1,1984,0,0,0,0,0,0,0,0,0,0
230168,2,1,1984,0,0,0,0,0,0,0,0,0,0
230169,1,1,1984,9,9,9,9,9,9,9,9,9,9
230170,1,1,1984,0,0,0,0,0,0,0,0,0,0
230170,2,1,1984,0,0,0,0,0,0,0,0,0,0
230171,1,1,1984,0,0,0,0,0,0,0,0,0,0
230171,2,1,1984,0,0,0,0,0,0,0,0,0,0
230172,1,1,1984,0,0,0,0,0,0,0,0,0,0
230173,0,1,1984,0,0,0,0,0,0,0,0,0,0
230173,1,1,1984,0,0,0,0,0,0,0,0,0,0
230174,1,1,1984,0,0,0,0,0,0,0,0,0,0
230175,1,1,1984,28,28,28,28,28,28,28,28,28,28
230176,1,1,1984,0,0,0,0,0,0,0,0,0,0
230176,2,1,1984,0,0,0,0,0,0,0,0,0,0
230177,1,1,1984,0,0,0,0,0,0,0,0,0,0
230177,2,1,1984,0,36,0,0,0,0,0,0,0,0
230178,1,1,1984,0,0,0,0,0,0,0,0,0,0
230178,2,1,1984,0,0,0,28,13,19,0,0,33,12
230179,1,1,1984,16,16,16,16,16,16,16,16,16,16
230180,1,3,1984,26,10,21,38,0,17,25,6,35,22
230181,1,1,1984,0,0,0,0,0,0,0,0,0,0
230181,2,1,1984,0,0,0,0,0,0,0,0,0,0
230182,1,1,1984,11,0,0,20,15,23,12,24,6,25
230183,1,1,1984,4,0,0,0,12,0,0,0,20,0
230184,1,1,1984,25,25,25,25,25,25,25,25,25,25
230184,2,1,1984,7,7,7,7,7,7,7,7,7,7
230185,1,1,1984,0,0,0,0,0,0,0,0,0,0
230185,2,1,1984,0,0,0,0,0,0,0,0,0,0
230186,0,1,1984,0,0,0,0,0,0,0,0,0,0
230186,1,1,1984,0,0,0,0,0,0,0,0,0,0
230187,1,1,1984,0,0,0,0,0,0,0,0,0,0
230188,1,1,1984,26,26,26,26,26,26,26,26,26,26
230189,1,1,1984,0,0,0,0,0,0,0,0,0,0
230190,1,1,1984,13,13,13,13,13,13,13,13,13,13
230191,0,1,1984,0,0,0,0,0,0,0,0,0,0
230191,1,1,1984,13,0,0,0,0,0,12,10,39,0
230192,1,1,1984,22,22,22,22,22,22,22,22,22,22
230193,0,1,1984,1,1,1,1,1,1,1,1,1,1
230193,1,1,1984,0,8,0,0,0,0,0,0,0,0
230194,1,1,1984,14,14,14,14,14,14,14,14,14,14
230195,1,2,1984,4,4,4,4,4,4,4,4,4,4
230196,1,1,1984,14,14,14,14,14,14,14,14,14,14
230197,0,1,1984,0,0,0,0,0,0,0,0,0,0
230197,1,1,1984,0,0,0,11,0,0,0,0,0,0
230198,1,1,1984,0,0,0,0,0,0,0,0,0,0
230198,2,1,1984,0,0,0,0,0,0,0,0,0,0
230199,1,1,1984,0,0,0,0,0,0,0,0,0,0
230199,2,1,1984,0,0,0,0,0,0,0,0,0,0
230200,1,1,1984,0,0,0,0,0,0,0,0,0,0
230200,2,1,1984,0,0,0,0,0,0,0,0,0,0
230201,1,1,1984,18,18,18,18,18,18,18,18,18,18
230202,1,1,1984,21,21,21,21,21,21,21,21,21,21
230203,1,1,1984,0,0,0,0,0,0,0,0,0,0
230203,2,1,1984,0,0,0,13,0,0,0,0,0,0
230204,1,1,1984,0,0,0,0,0,0,0,0,0,0
230205,0,1,1984,4,4,4,4,4,4,4,4,4,4
230205,1,1,1984,0,0,0,0,0,0,0,0,0,0
230206,1,1,1984,13,13,13,13,13,13,13,13,13,13
230207,1,1,1984,0,0,0,0,0,0,0,0,0,0
230208,0,1,1984,0,0,0,0,0,0,0,0,0,0
230208,0,2,1984,0,12,0,0,0,0,0,0,0,0
230208,1,1,1984,12,0,0,0,19,0,0,0,0,0
230209,0,1,1984,31,31,31,31,31,31,31,31,31,31
230209,1,1,1984,0,0,0,0,0,0,0,0,0,0
230210,1,1,1984,0,0,0,0,0,0,0,0,0,0
230211,1,1,1984,0,0,0,0,0,0,0,0,0,0
230211,2,1,1984,0,0,0,0,0,0,0,0,0,0
230212,1,1,1984,0,0,0,0,0,0,0,0,0,0
230212,2,1,1984,0,0,0,0,0,0,0,0,4,0
230213,0,1,1984,0,0,0,0,0,0,0,0,0,0
230213,0,2,1984,33,0,46,28,12,0,0,0,0,0
230213,1,1,1984,0,0,0,0,0,0,0,0,0,0
230214,1,1,1984,0,0,0,0,0,0,0,0,0,0
230215,0,1,1984,0,30,6,19,0,9,21,2,27,0
230215,1,1,1984,20,0,0,0,0,22,0,0,0,0
230216,1,1,1984,0,0,0,0,0,0,0,0,0,0
230216,2,1,1984,0,0,0,0,0,0,0,0,0,0
230217,1,1,1984,26,26,26,26,26,26,26,26,26,26
240001,1,1,1984,1,1,1,1,1,1,1,1,1,1
240002,1,1,1984,7,7,7,7,7,7,7,7,7,7
240003,1,1,1984,0,0,0,0,0,0,0,0,0,0
240004,1,1,1984,0,0,0,0,0,0,0,0,0,0
240005,1,1,1984,0,0,0,0,0,0,0,0,0,0
240005,2,1,1984,0,0,0,0,0,0,0,0,0,16
240005,3,1,1984,7,6,0,0,0,0,17,12,0,0
240006,0,1,1984,0,0,0,0,0,0,0,0,0,0
240006,1,1,1984,0,0,0,0,0,0,3,0,11,7
240007,1,1,1984,0,0,0,0,0,0,0,0,0,0
240007,2,1,1984,0,11,0,0,0,0,0,0,3,0
240008,1,1,1984,6,6,6,6,6,6,6,6,6,6
240009,0,1,1984,0,0,0,0,0,0,0,0,0,0
240009,1,1,1984,0,8,0,0,0,0,0,0,0,0
240010,0,1,1984,0,0,0,0,0,0,0,0,0,0
240010,1,1,1984,13,6,17,9,9,11,12,0,16,14
240010,2,1,1984,16,0,0,0,12,0,0,0,0,15
240011,1,1,1984,15,15,15,15,15,15,15,15,15,15
240012,1,1,1984,0,0,0,0,0,0,0,0,0,0
240013,1,1,1984,19,16,32,39,18,16,9,19,24,15
240014,1,1,1984,0,0,0,0,0,0,0,0,0,0
240014,2,1,1984,0,0,0,0,0,0,0,0,0,0
240015,1,1,1984,9,25,0,19,23,0,0,0,8,0
240015,2,1,1984,0,0,0,18,27,13,0,0,0,0
240016,0,1,1984,0,0,0,0,0,0,0,0,0,0
240016,1,1,1984,0,0,0,0,0,0,0,0,0,0
240017,1,1,1984,14,14,14,14,14,14,14,14,14,14
240017,2,1,1984,0,0,0,0,19,0,0,0,0,0
240018,1,1,1984,35,35,35,35,35,35,35,35,35,35
240019,1,1,1984,27,27,27,27,27,27,27,27,27,27
240020,1,1,1984,0,10,16,7,14,27,22,13,0,16
240021,0,1,1984,28,28,28,28,28,28,28,28,28,28
240021,1,1,1984,22,0,17,0,4,0,0,10,0,18
240022,1,1,1984,20,20,20,20,20,20,20,20,20,20
240022,2,1,1984,0,0,0,0,0,0,0,0,0,0
240023,0,1,1984,0,0,0,0,0,0,0,0,0,0
240023,1,1,1984,0,0,0,0,0,0,0,0,0,0
240024,1,1,1984,0,0,0,0,0,0,0,0,0,0
240024,2,1,1984,0,0,0,0,0,0,0,0,0,0
240025,0,1,1984,0,0,0,0,0,0,0,0,0,0
240025,1,1,1984,26,11,12,39,0,0,24,0,33,3
240026,0,1,1984,0,0,0,0,0,0,0,0,0,0
240026,0,2,1984,0,23,0,23,24,36,0,0,0,31
240026,1,1,1984,0,0,0,0,0,0,0,0,0,0
240027,0,1,1984,0,0,0,0,0,0,0,0,0,0
240027,1,1,1984,0,0,0,0,0,0,0,0,0,0
240028,1,1,1984,0,0,0,0,0,0,0,0,0,0
240028,2,1,1984,12,8,0,0,0,10,0,0,26,0
240029,1,1,1984,9,9,9,9,9,9,9,9,9,9
240030,1,1,1984,0,0,0,0,19,2,0,0,0,0
240030,2,1,1984,0,0,0,0,0,0,0,0,0,0
240031,1,1,1984,0,0,0,0,0,0,0,0,0,0
240031,2,1,1984,0,0,0,0,0,0,0,0,0,0
240032,1,1,1984,0,0,0,0,0,0,0,0,0,0
240032,2,1,1984,0,0,0,0,0,0,0,0,0,0
240033,1,1,1984,0,0,0,0,0,0,0,0,0,0
240033,2,1,1984,0,0,0,0,0,0,0,0,0,0
240034,0,1,1984,17,17,17,17,17,17,17,17,17,17
240034,1,1,1984,0,0,0,0,0,0,0,0,0,0
240035,1,1,1984,5,5,5,5,5,5,5,5,5,5
240035,2,1,1984,0,0,0,0,0,0,0,0,0,8
240036,1,1,1984,0,0,0,0,0,0,0,0,0,0
240036,2,1,1984,0,0,0,0,0,0,0,0,0,0
240037,1,1,1984,0,0,0,0,9,0,0,0,0,0
240038,0,1,1984,30,30,30,30,30,30,30,30,30,30
240038,1,1,1984,0,0,0,0,0,0,0,0,0,0
240039,1,1,1984,0,0,0,0,0,0,0,0,0,0
240040,1,1,1984,0,0,0,0,0,0,0,0,0,0
240041,0,1,1984,21,21,21,21,21,21,21,21,21,21
240041,1,1,1984,7,7,7,7,7,7,7,7,7,7
240042,1,1,1984,14,0,16,0,0,0,0,0,23,0
240043,0,1,1984,0,0,0,0,0,0,0,0,0,0
240043,1,1,1984,16,0,0,17,0,0,0,0,0,0
240044,1,1,1984,15,15,15,15,15,15,15,15,15,15
240045,1,1,1984,0,0,0,0,0,0,0,0,0,0
240045,2,1,1984,0,0,0,0,0,0,0,0,0,0
240046,1,1,1984,0,0,0,0,0,0,0,0,0,0
240047,1,1,1984,0,0,0,0,0,0,0,0,0,0
240047,2,1,1984,0,0,0,0,0,0,0,0,0,0
240048,1,1,1984,0,0,0,0,0,0,0,0,0,0
240048,2,1,1984,0,0,0,0,0,0,0,0,0,0
240049,0,1,1984,0,0,0,0,0,0,0,0,0,0
240049,1,1,1984,14,21,20,5,0,0,0,15,0,0
240050,1,1,1984,17,17,17,17,17,17,17,17,17,17
240051,1,1,1984,20,20,20,20,20,20,20,20,20,20
240051,2,1,1984,0,0,0,0,0,0,0,0,0,0
240052,1,1,1984,0,0,11,0,0,0,0,0,0,0
240052,2,1,1984,0,0,0,0,0,0,0,5,0,0
240052,3,1,1984,12,20,12,5,18,11,12,7,14,0
240053,1,1,1984,16,16,16,16,16,16,16,16,16,16
240054,1,1,1984,9,9,9,9,9,9,9,9,9,9
240055,1,1,1984,0,0,0,27,28,14,0,10,0,0
240056,1,1,1984,13,15,21,16,30,35,16,21,10,15
240057,1,1,1984,12,25,10,8,22,26,13,21,11,19
240058,1,1,1984,0,0,0,0,0,0,0,0,0,4
240058,2,1,1984,0,0,0,0,0,0,0,25,0,13
240059,1,1,1984,0,0,0,0,0,0,0,0,0,0
240059,2,1,1984,0,14,0,0,0,0,0,29,0,0
240060,1,1,1984,0,18,0,0,0,0,0,0,0,0
240060,2,1,1984,0,0,0,0,0,0,0,0,0,0
240061,1,1,1984,12,12,12,12,12,12,12,12,12,12
240062,1,1,1984,0,0,0,0,0,0,0,0,0,0
240062,2,1,1984,15,0,0,0,0,0,0,0,0,0
240063,0,1,1984,23,23,23,23,23,23,23,23,23,23
240063,1,1,1984,19,0,11,0,23,10,0,0,10,0
240064,1,1,1984,0,0,0,0,0,0,0,0,0,0
240064,2,1,1984,0,20,0,0,0,0,0,0,0,0
240065,0,1,1984,38,38,38,38,38,38,38,38,38,38
240065,1,1,1984,0,0,0,0,0,0,0,0,0,0
240066,1,1,1984,11,11,11,11,11,11,11,11,11,11
240066,2,1,1984,3,0,0,0,0,0,0,11,0,0
240067,1,1,1984,0,0,0,0,0,0,0,0,0,0
240068,1,1,1984,0,0,0,0,0,0,0,0,0,0
240069,0,1,1984,0,0,0,0,0,0,0,0,0,0
240069,1,1,1984,0,7,0,26,7,0,0,0,4,22
240069,2,1,1984,0,0,0,0,15,7,20,0,0,0
240070,1,1,1984,16,2,0,0,8,8,14,0,15,0
240070,2,1,1984,7,7,7,7,7,7,7,7,7,7
240071,0,1,1984,0,0,0,0,0,0,0,0,0,0
240071,1,1,1984,0,0,0,0,0,0,0,0,0,0
240072,1,1,1984,0,0,0,0,0,0,0,0,0,0
240073,1,1,1984,0,0,0,0,22,13,0,17,0,0
240074,1,1,1984,18,18,18,18,18,18,18,18,18,18
240074,2,1,1984,7,7,7,7,7,7,7,7,7,7
240075,1,2,1984,0,0,0,0,0,0,0,0,0,0
240076,1,1,1984,0,0,0,0,0,0,16,0,0,0
240076,2,1,1984,0,0,0,0,0,0,0,0,0,0
240077,1,1,1984,24,24,24,24,24,24,24,24,24,24
240078,1,1,1984,0,0,0,0,0,0,0,0,0,0
240078,2,1,1984,0,0,0,0,0,0,0,0,0,0
240079,1,1,1984,0,0,0,0,0,0,0,0,0,0
240079,2,1,1984,0,0,0,0,0,0,0,0,0,0
240080,1,1,1984,21,21,21,21,21,21,21,21,21,21
240081,0,1,1984,0,0,0,0,0,0,0,0,0,0
240081,1,1,1984,0,0,0,0,0,0,0,0,0,0
240082,0,1,1984,0,0,0,0,0,0,0,0,0,0
240082,1,1,1984,0,0,0,0,0,0,0,0,0,0
240083,1,1,1984,0,0,0,0,0,0,0,0,0,0