ST_CASE,VEH_NO,PER_NO,YEAR,P1,P2,P3,P4,P5,P6,P7,P8,P9,P10
240356,2,1,1984,0,0,0,0,17,0,0,0,9,0
240357,1,1,1984,10,22,13,0,15,13,29,13,8,8
240358,0,1,1984,32,0,24,16,19,0,0,31,0,0
240358,1,1,1984,0,0,0,0,0,0,12,0,0,0
240358,2,1,1984,0,0,0,0,0,0,0,0,0,0
240359,1,1,1984,0,0,0,0,0,0,0,0,0,0
240359,2,1,1984,0,0,9,0,0,0,0,0,0,0
240360,1,1,1984,5,5,5,5,5,5,5,5,5,5
240361,1,1,1984,0,0,0,0,0,0,0,0,0,0
240362,1,1,1984,9,9,9,9,9,9,9,9,9,9
240362,2,1,1984,22,22,22,22,22,22,22,22,22,22
240363,0,1,1984,13,13,13,13,13,13,13,13,13,13
240363,1,1,1984,0,0,0,0,13,0,0,0,9,0
240364,1,1,1984,15,0,8,4,9,11,28,5,3,15
240364,2,1,1984,15,15,15,15,15,15,15,15,15,15
240365,1,1,1984,13,13,13,13,13,13,13,13,13,13
240366,1,1,1984,6,8,11,22,6,0,7,31,6,13
240366,2,1,1984,0,0,0,0,0,0,0,0,0,0
240367,1,1,1984,11,3,14,17,0,3,0,12,18,0
240367,2,1,1984,0,0,0,0,0,0,0,0,0,0
240368,1,1,1984,0,21,18,14,8,17,0,21,12,14
240369,1,1,1984,18,18,18,18,18,18,18,18,18,18
240370,1,1,1984,15,15,15,15,15,15,15,15,15,15
240370,2,1,1984,0,0,0,0,0,0,0,0,0,0
240371,1,1,1984,0,0,0,0,0,0,0,0,0,0
240372,1,1,1984,0,0,0,0,0,0,0,0,0,0
240372,2,1,1984,0,0,0,0,0,0,0,0,0,0
240373,0,1,1984,0,0,0,0,0,0,0,0,0,0
240373,1,1,1984,0,9,0,0,23,0,0,0,27,0
240374,0,1,1984,26,9,0,0,0,18,0,4,0,25
240374,1,1,1984,17,35,0,0,0,26,0,0,0,0
240375,1,1,1984,0,0,0,0,0,0,0,0,0,0
240375,2,1,1984,0,0,0,0,0,0,0,0,0,0
240375,3,1,1984,0,0,0,0,0,0,0,0,0,0
240376,0,1,1984,0,0,0,0,0,0,0,0,0,0
240376,1,1,1984,0,0,0,0,0,23,0,0,0,0
240376,2,1,1984,8,8,8,8,8,8,8,8,8,8
240376,3,1,1984,0,0,0,0,0,0,0,0,0,0
240377,1,1,1984,0,0,0,0,0,0,33,0,0,0
240377,2,1,1984,0,0,0,0,0,0,0,10,0,0
240378,1,1,1984,0,16,0,0,0,0,28,26,0,0
240379,1,1,1984,0,0,0,0,0,0,0,0,0,0
240380,1,1,1984,22,22,22,22,22,22,22,22,22,22
240380,2,1,1984,0,0,0,0,0,0,0,0,0,0
240381,0,1,1984,0,0,0,0,0,0,0,37,0,0
240381,0,2,1984,0,0,0,0,0,0,0,0,0,0
240382,1,1,1984,0,0,0,0,0,0,0,0,0,0
240382,2,1,1984,0,17,0,0,0,0,0,0,0,0
240382,3,1,1984,0,0,0,0,0,0,0,0,0,0
240382,4,1,1984,0,0,0,0,0,0,0,0,0,0
240382,5,1,1984,0,0,0,0,0,0,0,0,0,0
240383,1,1,1984,16,16,16,16,16,16,16,16,16,16
240383,2,1,1984,10,20,10,0,0,0,0,0,24,4
240384,1,1,1984,24,19,13,27,12,27,18,19,5,15
240385,1,1,1984,0,0,0,0,0,0,0,0,0,0
240386,1,1,1984,0,0,0,0,0,0,0,0,0,0
240387,0,1,1984,24,24,24,24,24,24,24,24,24,24
240387,1,1,1984,0,14,0,0,0,0,0,0,0,0
240388,1,1,1984,0,13,5,0,0,10,7,0,0,0
240389,0,1,1984,0,0,0,0,0,0,0,0,0,0
240389,1,1,1984,0,0,14,13,0,0,0,0,0,0
240389,2,1,1984,0,0,0,0,0,0,0,0,0,0
240390,1,1,1984,32,32,32,32,32,32,32,32,32,32
240390,2,1,1984,0,0,0,0,0,0,0,0,0,0
240391,1,1,1984,33,33,33,33,33,33,33,33,33,33
240392,1,1,1984,0,0,19,0,0,0,0,0,0,0
240392,2,1,1984,3,3,3,3,3,3,3,3,3,3
240393,1,1,1984,0,0,0,0,0,0,0,0,0,0
240394,0,1,1984,15,15,15,15,15,15,15,15,15,15
240394,1,1,1984,0,0,0,33,0,0,0,0,0,0
240395,1,1,1984,5,5,5,5,5,5,5,5,5,5
240396,1,1,1984,0,11,0,0,17,0,29,0,0,0
240396,2,1,1984,0,7,6,10,11,7,23,12,12,12
240396,3,1,1984,0,0,0,0,0,0,0,0,0,0
240397,1,1,1984,17,17,17,17,17,17,17,17,17,17
240398,1,1,1984,13,13,13,13,13,13,13,13,13,13
240399,1,1,1984,0,0,0,0,0,0,0,0,0,0
240399,2,1,1984,0,0,0,0,0,0,0,0,0,5
240400,1,1,1984,22,22,22,22,22,22,22,22,22,22
240401,1,1,1984,9,0,0,0,0,0,0,14,9,0
240402,1,1,1984,15,15,15,15,15,15,15,15,15,15
240403,1,1,1984,13,8,0,13,15,14,14,18,23,17
240403,2,1,1984,0,0,0,0,0,0,0,0,0,0
240404,1,1,1984,18,0,0,0,16,10,0,0,0,5
240405,0,1,1984,9,9,9,9,9,9,9,9,9,9
240405,1,1,1984,13,25,0,0,0,7,7,0,0,0
240406,1,1,1984,7,7,7,7,7,7,7,7,7,7
240406,2,1,1984,17,17,0,10,14,0,9,3,11,9
240407,0,1,1984,18,18,18,18,18,18,18,18,18,18
240407,1,1,1984,0,0,0,0,0,3,0,0,0,0
240408,1,1,1984,0,0,0,0,0,0,0,0,0,0
240408,2,1,1984,0,0,0,0,0,0,0,0,0,0
240409,1,1,1984,23,23,23,23,23,23,23,23,23,23
240410,0,1,1984,16,16,16,16,16,16,16,16,16,16
240410,1,1,1984,12,0,15,37,10,19,5,6,0,13
240411,1,1,1984,29,28,6,0,21,13,16,10,22,7
240412,1,1,1984,8,8,8,8,8,8,8,8,8,8
240413,1,1,1984,0,9,0,0,17,0,0,0,0,0
240414,1,1,1984,0,5,0,0,0,0,0,0,0,0
240415,1,1,1984,0,0,0,0,0,0,0,0,0,0
240416,0,1,1984,0,0,0,0,0,0,0,0,0,0
240416,1,1,1984,5,3,10,4,22,8,24,14,8,15
240417,1,1,1984,17,15,11,6,6,2,12,15,11,9
240418,1,1,1984,0,0,0,0,0,0,0,0,0,0
240418,2,1,1984,0,0,0,0,0,0,0,0,0,0
240419,1,1,1984,0,0,0,0,8,0,0,0,0,0
240419,2,1,1984,0,0,0,0,0,0,0,0,0,0
240419,3,1,1984,0,0,0,0,0,0,0,0,0,0
240420,1,1,1984,17,28,8,13,20,18,23,18,6,18
240421,1,1,1984,0,0,0,0,0,20,0,0,0,0
240422,1,1,1984,0,1,9,3,17,9,17,9,21,19
240422,2,1,1984,0,0,0,0,0,0,0,0,0,0
240423,1,1,1984,0,0,0,0,0,0,0,0,0,0
240423,2,1,1984,17,0,0,0,0,0,0,0,0,0
240424,0,1,1984,24,24,24,24,24,24,24,24,24,24
240424,1,1,1984,0,6,9,20,16,35,23,21,18,0
240425,1,1,1984,7,7,7,7,7,7,7,7,7,7
240425,2,1,1984,0,0,0,0,0,0,0,0,0,0
240426,1,1,1984,0,0,0,0,0,0,0,0,0,0
240427,1,1,1984,7,7,7,7,7,7,7,7,7,7
240428,0,1,1984,0,16,15,19,20,20,16,0,0,30
240428,1,1,1984,34,0,0,0,0,20,0,9,0,0
240429,1,1,1984,11,11,11,11,11,11,11,11,11,11
240429,2,1,1984,18,18,18,18,18,18,18,18,18,18
240430,1,1,1984,0,0,0,0,0,0,0,0,0,0
240430,2,1,1984,0,0,0,0,0,0,0,0,0,0
240431,1,1,1984,0,0,0,0,0,0,0,0,0,0
240431,2,1,1984,0,0,0,0,0,0,0,0,0,0
240432,0,1,1984,0,36,0,0,16,15,4,31,0,34
240432,1,1,1984,22,22,22,22,22,22,22,22,22,22
240433,1,1,1984,0,0,0,0,0,0,0,0,0,0
240433,2,1,1984,0,0,0,0,0,0,0,0,0,0
240434,1,1,1984,0,0,0,0,0,0,0,0,0,0
240434,2,1,1984,0,0,0,0,0,0,0,0,0,0
240434,3,1,1984,0,0,0,0,0,0,0,0,0,0
240435,1,1,1984,27,27,27,27,27,27,27,27,27,27
240436,1,1,1984,0,0,0,0,0,0,0,8,0,0
240436,2,1,1984,0,0,0,0,0,0,0,0,0,0
240436,3,1,1984,0,0,0,0,0,0,0,0,0,0
240437,0,1,1984,14,14,14,14,14,14,14,14,14,14
240437,1,1,1984,22,22,22,22,22,22,22,22,22,22
240438,1,1,1984,8,8,8,8,8,8,8,8,8,8
240439,1,1,1984,0,0,0,0,0,0,0,0,0,0
240439,2,1,1984,0,0,0,0,0,0,0,0,0,0
240440,1,1,1984,7,7,7,7,7,7,7,7,7,7
240441,1,1,1984,22,22,22,22,22,22,22,22,22,22
240443,0,1,1984,15,15,15,15,15,15,15,15,15,15
240443,1,1,1984,13,21,0,30,11,25,12,18,21,18
240444,0,1,1984,0,0,0,0,0,0,0,0,0,0
240444,1,1,1984,13,13,13,13,13,13,13,13,13,13
240445,1,1,1984,0,15,18,9,10,0,9,0,4,6
240445,2,1,1984,3,3,3,3,3,3,3,3,3,3
240446,1,1,1984,16,16,16,16,16,16,16,16,16,16
240447,1,1,1984,19,19,19,19,19,19,19,19,19,19
240448,0,1,1984,9,9,9,9,9,9,9,9,9,9
240448,1,1,1984,0,0,0,0,0,0,0,0,0,0
240449,0,1,1984,0,6,10,9,12,0,0,18,0,0
240449,1,1,1984,0,0,0,0,0,0,0,0,0,0
240450,1,1,1984,0,0,0,0,0,0,0,0,0,0
240450,2,1,1984,0,0,0,0,0,0,0,0,0,0
240451,1,1,1984,15,6,14,26,17,28,22,17,18,17
240452,0,1,1984,17,17,17,17,17,17,17,17,17,17
240452,1,1,1984,10,0,28,19,9,7,10,12,18,14
240453,1,1,1984,16,16,16,16,16,16,16,16,16,16
240453,2,1,1984,10,0,0,0,0,0,0,0,0,0
240454,1,1,1984,0,0,0,0,0,0,0,0,0,0
240454,2,1,1984,0,0,0,0,0,0,0,0,0,0
240455,1,1,1984,16,16,16,16,16,16,16,16,16,16
240455,2,1,1984,0,0,0,0,0,0,0,0,0,0
240456,0,1,1984,28,28,28,28,28,28,28,28,28,28
240456,1,1,1984,5,20,0,0,18,0,0,0,0,0
240457,1,1,1984,0,0,0,0,0,0,0,0,0,0
240457,2,1,1984,0,0,0,0,0,0,0,0,0,0
240458,0,1,1984,0,0,0,0,0,0,0,0,0,31
240458,1,1,1984,0,0,0,0,0,0,0,0,0,0
240459,1,1,1984,0,0,0,0,24,0,20,0,0,0
240459,2,1,1984,0,0,0,0,0,0,0,0,0,0
240460,1,1,1984,0,0,0,0,0,0,0,0,0,0
240460,2,1,1984,0,0,0,0,12,0,0,0,12,0
240461,1,1,1984,0,0,0,0,0,0,14,0,0,0
240462,1,1,1984,18,18,18,18,18,18,18,18,18,18
240463,0,1,1984,0,0,0,0,0,0,0,0,0,0
240463,1,1,1984,27,0,10,22,0,0,0,0,0,0
240464,1,1,1984,0,0,0,0,0,0,0,0,0,0
240464,2,1,1984,0,0,0,0,0,0,0,0,0,0
240465,1,1,1984,0,0,0,0,0,0,0,0,0,0
240465,2,1,1984,0,0,0,0,0,0,0,0,0,0
240466,0,1,1984,20,20,20,20,20,20,20,20,20,20
240466,1,1,1984,0,0,0,0,0,0,0,0,0,0
240467,0,1,1984,14,14,14,14,14,14,14,14,14,14
240467,1,1,1984,14,14,14,14,14,14,14,14,14,14
240468,0,1,1984,13,0,0,24,0,0,13,0,0,0
240468,1,1,1984,8,8,8,8,8,8,8,8,8,8
240469,1,1,1984,21,21,21,21,21,21,21,21,21,21
240470,0,1,1984,17,17,17,17,17,17,17,17,17,17
240470,1,1,1984,0,0,0,0,0,0,0,0,0,0
240471,1,1,1984,0,0,0,0,0,0,0,0,0,0
240471,2,1,1984,0,0,0,0,0,0,0,0,0,0
240472,1,1,1984,0,0,0,0,0,0,0,0,0,0
240472,2,1,1984,0,0,0,0,0,0,0,0,0,0
240473,1,1,1984,0,0,0,0,0,0,0,0,0,0
240473,2,1,1984,0,0,0,0,0,0,0,0,0,0
240474,1,1,1984,24,24,24,24,24,24,24,24,24,24
240475,1,1,1984,6,6,6,6,6,6,6,6,6,6
240475,2,1,1984,0,0,0,0,0,0,0,0,0,0
240476,1,1,1984,17,17,17,17,17,17,17,17,17,17
240477,1,1,1984,0,0,0,0,0,0,0,0,0,0
240477,2,1,1984,3,3,3,3,3,3,3,3,3,3
240478,1,1,1984,0,0,0,0,0,0,0,0,0,0
240478,2,1,1984,9,9,9,9,9,9,9,9,9,9
240479,1,1,1984,14,14,14,14,14,14,14,14,14,14
240480,1,1,1984,10,10,10,10,10,10,10,10,10,10
240481,1,1,1984,0,0,0,0,0,0,0,0,0,0
240482,1,1,1984,20,20,20,20,20,20,20,20,20,20
240483,1,1,1984,31,31,31,31,31,31,31,31,31,31
240484,1,1,1984,7,7,7,7,7,7,7,7,7,7
240484,2,1,1984,3,0,0,14,0,0,0,0,0,0
240485,1,1,1984,0,0,0,0,0,3,0,0,0,0
240485,2,1,1984,0,0,0,0,0,0,0,0,0,0
240486,1,1,1984,11,0,8,14,22,10,14,1,15,21
240487,1,1,1984,0,0,0,0,0,0,0,0,0,0
240487,2,1,1984,0,0,0,0,0,0,0,0,0,0
240488,1,1,1984,0,0,0,0,0,0,0,0,0,0
240489,1,1,1984,22,22,22,22,22,22,22,22,22,22
240490,1,1,1984,0,0,0,0,0,0,9,0,0,27
240491,1,1,1984,13,13,13,13,13,13,13,13,13,13
240492,0,1,1984,0,0,0,0,0,0,0,0,0,0
240492,1,1,1984,0,0,0,0,0,0,0,0,0,0
240493,1,1,1984,14,14,0,18,0,0,0,0,0,16
240494,1,1,1984,0,0,0,0,15,0,0,0,0,0
240494,2,1,1984,16,0,0,0,0,0,0,0,0,0
240495,1,1,1984,19,19,19,19,19,19,19,19,19,19
240497,1,1,1984,0,0,0,0,0,0,0,0,0,0
240497,2,1,1984,6,4,13,14,10,6,15,20,0,21
240498,0,1,1984,0,0,0,0,0,0,0,0,0,0
240498,1,1,1984,0,0,0,0,0,0,0,0,0,0
240499,0,1,1984,29,29,29,29,29,29,29,29,29,29
240499,1,1,1984,0,0,0,0,0,0,0,0,10,0
240500,0,1,1984,0,0,0,0,0,0,0,0,0,0
240500,1,1,1984,0,0,0,0,0,0,0,0,0,0
240501,0,1,1984,0,0,0,0,0,0,0,0,0,0
240501,1,1,1984,0,0,0,0,0,0,0,17,0,0
240502,0,1,1984,0,0,0,0,0,0,0,0,0,0
240502,1,1,1984,0,0,0,0,0,0,0,0,0,0
240503,0,1,1984,15,15,15,15,15,15,15,15,15,15
240503,1,1,1984,0,0,0,0,0,15,18,0,0,0
240504,0,1,1984,19,19,19,19,19,19,19,19,19,19
240504,1,1,1984,0,18,15,0,0,0,0,19,0,0
240505,1,1,1984,0,0,0,0,0,0,0,0,14,0
240506,1,1,1984,9,13,13,14,6,18,2,14,12,8
240507,1,1,1984,0,0,0,0,0,0,0,0,0,0
240507,2,1,1984,0,0,0,0,0,0,21,0,0,0
240508,1,1,1984,0,0,0,0,0,0,0,0,0,0
240508,2,1,1984,2,2,2,2,2,2,2,2,2,2
240509,1,1,1984,8,8,20,21,32,6,8,14,20,27
240510,1,1,1984,0,0,0,0,0,0,0,0,0,0
240510,2,1,1984,0,0,0,0,0,0,0,0,0,0
240511,1,1,1984,13,13,13,13,13,13,13,13,13,13
240512,1,1,1984,0,0,0,0,0,0,0,0,0,0
240512,2,1,1984,0,0,0,0,0,0,0,0,0,0
240513,0,1,1984,14,14,14,14,14,14,14,14,14,14
240513,1,1,1984,11,11,11,11,11,11,11,11,11,11
240514,1,1,1984,0,0,0,0,0,0,0,0,0,0
240514,2,1,1984,0,0,0,0,0,0,0,0,0,0
240515,1,1,1984,0,26,16,0,0,0,0,0,0,0
240516,0,1,1984,0,0,0,0,0,0,0,0,0,0
240516,1,1,1984,24,0,11,9,0,0,0,0,0,15
240517,1,1,1984,13,13,13,13,13,13,13,13,13,13
240518,1,1,1984,0,0,0,0,0,0,0,0,0,0
240519,1,1,1984,0,0,0,18,0,0,0,17,0,0
240520,1,1,1984,7,0,0,19,0,0,0,39,21,16
240521,1,1,1984,0,0,0,0,0,0,0,0,0,0
240521,2,1,1984,0,0,0,0,0,0,0,14,0,0
240522,1,1,1984,30,30,30,30,30,30,30,30,30,30
240523,0,1,1984,0,0,0,0,0,0,0,0,0,0
240523,1,1,1984,0,0,0,0,0,0,0,0,0,0
240524,1,1,1984,11,10,9,11,3,19,7,12,15,32
240525,1,1,1984,0,0,0,0,0,0,0,0,0,0
240525,2,1,1984,0,0,0,0,0,0,0,0,0,0
240526,1,1,1984,0,0,0,0,0,0,0,12,0,0
240526,2,1,1984,0,0,0,0,0,0,0,0,0,0
240527,1,1,1984,0,0,0,11,0,0,12,5,0,0
240528,1,1,1984,31,31,31,31,31,31,31,31,31,31
240528,2,1,1984,0,0,0,0,0,0,0,0,0,0
240529,0,1,1984,0,0,0,0,0,0,0,0,0,0
240529,1,1,1984,0,0,0,0,0,0,0,0,0,0
240530,0,1,1984,22,22,22,22,22,22,22,22,22,22
240530,1,1,1984,0,0,0,0,0,0,0,0,0,0
240531,1,1,1984,15,15,15,15,15,15,15,15,15,15
240532,0,1,1984,0,0,0,0,0,0,0,0,0,0
240532,1,1,1984,0,0,0,0,0,0,0,0,0,0
240533,1,1,1984,0,0,0,0,0,12,0,0,0,0
240534,0,1,1984,0,0,19,30,25,5,0,0,0,0
240534,1,1,1984,0,0,0,0,0,0,0,0,0,0
240535,1,1,1984,26,26,26,26,26,26,26,26,26,26
240535,2,1,1984,0,0,0,0,38,0,0,0,0,0
240536,0,1,1984,0,0,0,0,0,0,0,0,0,0
240536,1,1,1984,0,0,0,0,0,0,0,0,7,18
240537,1,1,1984,0,0,0,0,0,0,0,0,0,0
240537,2,1,1984,0,0,0,0,0,0,0,0,0,0
240538,0,1,1984,2,2,2,2,2,2,2,2,2,2
240538,1,1,1984,0,0,0,0,0,0,0,0,0,0
240539,1,1,1984,16,14,16,21,22,22,13,22,13,19
240540,1,1,1984,0,0,0,0,0,0,0,0,0,0
240541,1,1,1984,16,16,16,16,16,16,16,16,16,16
240542,1,1,1984,0,0,0,0,0,0,0,0,0,0
240542,2,1,1984,22,22,22,22,22,22,22,22,22,22
240543,1,1,1984,0,0,0,0,0,0,0,0,0,0
240543,2,1,1984,0,0,0,0,0,0,0,0,0,0
240544,1,1,1984,23,23,23,23,23,23,23,23,23,23
240545,1,1,1984,30,13,10,16,13,15,13,12,0,19
240545,2,1,1984,0,0,0,0,0,0,0,0,0,0
240546,1,1,1984,0,0,0,0,0,0,0,0,0,0
240547,1,1,1984,0,0,0,0,0,0,0,0,0,0
240547,2,1,1984,0,0,0,0,0,0,0,0,0,0
240548,1,1,1984,14,14,14,14,14,14,14,14,14,14
240549,1,1,1984,0,0,0,0,0,0,0,0,0,0
240549,2,1,1984,18,18,18,18,18,18,18,18,18,18
240550,1,1,1984,6,6,6,6,6,6,6,6,6,6
240551,1,1,1984,15,15,15,15,15,15,15,15,15,15
240552,0,1,1984,0,0,0,0,0,0,0,0,0,0
240552,1,1,1984,7,7,7,7,7,7,7,7,7,7
240553,0,1,1984,0,0,0,0,0,0,0,0,0,0
240553,1,1,1984,6,6,6,6,6,6,6,6,6,6
240554,1,1,1984,0,0,0,0,0,0,0,0,0,0
240554,2,1,1984,0,0,0,0,0,0,0,0,0,0
240555,1,1,1984,13,13,13,13,13,13,13,13,13,13
240556,1,1,1984,0,0,0,0,0,0,0,0,0,0
240557,1,1,1984,0,0,0,0,0,0,0,0,0,0
240558,1,1,1984,14,19,20,30,25,24,6,35,9,9
240559,0,1,1984,0,0,0,0,0,0,0,0,0,0
240559,1,1,1984,0,0,15,0,0,0,20,11,0,0
240559,2,1,1984,0,0,0,0,0,0,0,0,3,0
240560,1,1,1984,0,17,0,0,0,0,0,0,0,4
240561,1,1,1984,0,0,0,0,0,0,0,0,0,0
240562,1,1,1984,0,0,0,0,0,0,0,0,0,0
240562,2,1,1984,0,0,0,0,0,0,0,0,17,0
240563,1,1,1984,0,0,0,0,0,0,0,0,0,0
240563,2,1,1984,0,0,0,0,0,0,0,0,32,7
240564,1,1,1984,19,19,19,19,19,19,19,19,19,19
240564,2,1,1984,0,0,0,0,0,0,0,0,0,0
240565,1,1,1984,14,14,14,14,14,14,14,14,14,14
240566,0,1,1984,0,0,0,0,0,0,0,0,0,0
240566,1,1,1984,0,0,0,0,22,0,0,0,0,0
240567,1,1,1984,20,20,20,20,20,20,20,20,20,20
240568,0,1,1984,18,23,11,30,17,24,34,20,16,36
240568,1,1,1984,10,10,10,10,10,10,10,10,10,10
240569,1,1,1984,0,26,0,0,0,0,0,0,0,0
240569,2,1,1984,23,9,6,12,27,0,24,24,12,6
240570,1,1,1984,0,0,0,9,0,0,0,0,0,0
240570,2,1,1984,7,7,7,7,7,7,7,7,7,7
240571,1,1,1984,18,18,18,18,18,18,18,18,18,18
240571,2,1,1984,0,0,0,0,0,0,0,0,0,0
240572,0,1,1984,0,0,0,0,0,0,0,0,0,0
240572,1,1,1984,0,14,0,0,0,0,0,0,0,0
240573,1,1,1984,0,0,16,0,0,0,0,0,18,0
240574,0,1,1984,18,18,18,18,18,18,18,18,18,18
240574,1,1,1984,19,0,0,0,13,0,0,0,0,0
240575,1,1,1984,0,0,0,0,0,0,0,0,0,0
240576,0,1,1984,28,28,28,28,28,28,28,28,28,28
240576,1,1,1984,0,0,0,0,0,0,0,0,0,0
240577,1,1,1984,18,18,18,18,18,18,18,18,18,18
240578,1,1,1984,13,13,13,13,13,13,13,13,13,13
240579,1,1,1984,2,2,2,2,2,2,2,2,2,2
240579,2,1,1984,0,0,0,0,0,0,0,0,11,14
240580,1,1,1984,0,0,0,0,0,0,0,0,0,0
240581,1,1,1984,0,0,0,0,0,0,0,0,0,0
240581,2,1,1984,0,0,0,0,0,0,0,0,0,0
240582,1,1,1984,0,26,0,0,0,0,0,0,0,0
240583,0,1,1984,10,0,0,0,0,0,0,0,0,0
240583,1,1,1984,0,0,0,0,0,19,10,0,12,0
240584,1,1,1984,31,31,31,31,31,31,31,31,31,31
240585,1,1,1984,0,0,15,0,0,0,0,0,0,0
240585,2,1,1984,0,0,0,0,0,0,0,0,0,0
240586,0,1,1984,0,0,0,0,0,0,0,0,0,0
240586,1,1,1984,19,0,0,0,0,0,0,0,0,0
240587,1,1,1984,0,0,0,0,0,0,0,0,0,0
240587,2,1,1984,0,0,0,0,0,0,0,0,0,0
240588,1,1,1984,0,0,0,0,0,9,0,0,0,0
240589,1,1,1984,0,0,0,0,0,0,0,0,0,0
240589,2,1,1984,0,0,0,0,0,0,0,0,0,0
240590,1,1,1984,0,0,0,0,0,0,0,0,0,0
240590,2,1,1984,0,0,0,0,0,0,0,0,0,0
240591,1,1,1984,0,0,6,16,0,10,20,37,14,14
250001,1,1,1984,0,0,22,9,4,15,13,15,10,9
250002,1,1,1984,0,0,0,20,0,11,0,0,0,0
250003,1,1,1984,6,6,6,6,6,6,6,6,6,6
250004,1,1,1984,0,0,0,0,0,0,0,0,0,0
250005,0,1,1984,0,0,0,0,0,0,0,0,0,0
250005,1,1,1984,0,0,0,0,0,0,0,0,0,0
250006,1,1,1984,0,0,0,0,0,0,0,0,0,0
250006,2,1,1984,0,17,0,25,20,0,0,0,14,0
250007,1,1,1984,0,0,0,0,0,0,0,0,0,0
250009,0,1,1984,14,14,14,14,14,14,14,14,14,14
250009,1,1,1984,0,0,0,0,0,0,0,0,0,27
250010,1,1,1984,17,17,17,17,17,17,17,17,17,17
250011,0,1,1984,0,0,0,0,0,0,0,0,0,0
250011,1,1,1984,0,5,0,0,0,0,0,0,0,0
250012,0,1,1984,0,0,0,0,0,0,0,0,0,0
250012,1,1,1984,0,0,15,0,0,0,0,0,0,0
250013,1,1,1984,19,14,23,13,25,6,8,10,9,26
250014,1,1,1984,25,25,25,25,25,25,25,25,25,25
250014,2,1,1984,0,17,0,0,16,39,12,0,13,18
250015,1,1,1984,16,0,0,0,0,0,0,0,0,0
250015,2,1,1984,0,0,0,0,0,0,0,0,0,0
250015,3,1,1984,0,0,0,0,0,0,0,0,0,0
250016,1,1,1984,0,0,0,0,0,0,0,0,0,0
250017,1,1,1984,0,0,19,0,0,11,20,7,0,17
250017,2,1,1984,0,10,0,2,13,18,0,15,0,20
250018,1,1,1984,14,0,0,0,0,0,0,0,0,0
250018,2,1,1984,0,0,0,0,0,9,0,0,0,0
250018,3,1,1984,0,0,0,0,0,0,0,0,0,0
250018,4,1,1984,0,0,0,0,0,0,0,0,0,0
250019,1,1,1984,0,0,18,0,0,0,0,0,5,0
250019,2,1,1984,13,13,13,13,13,13,13,13,13,13
250019,3,1,1984,8,23,0,16,20,0,0,0,0,0
250020,1,1,1984,0,0,0,0,0,0,0,0,0,0
250021,1,1,1984,10,16,14,13,9,5,11,18,9,16
250021,2,1,1984,0,0,0,0,0,0,0,22,0,0
250022,0,1,1984,28,28,28,28,28,28,28,28,28,28
250022,0,2,1984,15,23,29,13,13,19,19,28,15,27
250022,1,1,1984,0,0,0,0,0,0,21,0,0,0
250023,1,1,1984,0,0,0,0,0,0,0,0,0,0
250023,2,1,1984,0,0,0,0,0,0,0,0,0,0
250024,1,1,1984,0,0,0,0,0,17,22,0,11,0
250024,2,1,1984,22,0,9,0,0,0,0,0,0,0
250025,1,1,1984,0,0,0,0,0,0,0,0,0,0
250026,1,1,1984,14,14,14,14,14,14,14,14,14,14
250027,1,1,1984,0,0,0,0,0,0,0,0,0,0
250028,1,1,1984,6,6,6,6,6,6,6,6,6,6
250028,2,1,1984,0,0,0,0,0,0,0,0,0,0
250029,1,1,1984,0,0,16,0,0,0,6,0,0,0
250030,1,1,1984,14,14,14,14,14,14,14,14,14,14
250031,1,1,1984,10,10,7,14,15,2,10,12,20,13
250031,2,1,1984,0,0,0,0,0,0,0,0,0,0
250032,1,1,1984,19,19,19,19,19,19,19,19,19,19
250033,0,1,1984,0,0,0,0,0,0,0,0,0,0
250033,1,1,1984,0,0,0,0,0,0,0,0,0,0
250034,1,1,1984,0,0,0,0,0,0,15,0,0,11
250034,2,1,1984,0,12,0,0,0,0,0,12,0,0
250035,0,1,1984,0,0,0,0,0,0,0,0,0,0
250035,1,1,1984,16,4,13,17,5,11,0,4,14,0
250036,0,1,1984,39,19,35,28,17,22,38,24,16,15
250036,1,1,1984,4,4,4,4,4,4,4,4,4,4
250037,0,1,1984,0,0,0,0,0,0,0,0,0,0
250037,1,1,1984,11,0,0,23,0,13,4,12,0,16
250038,1,1,1984,0,0,0,0,0,0,0,0,0,0
250039,1,1,1984,17,17,17,17,17,17,17,17,17,17
250040,0,1,1984,0,0,0,0,0,0,0,0,0,0
250040,1,1,1984,10,7,20,17,6,21,5,20,10,11
250041,0,1,1984,0,0,0,0,0,0,0,0,0,0
250041,1,1,1984,0,0,0,0,22,0,0,0,0,0
250041,2,1,1984,10,7,0,12,0,16,5,0,0,0
250042,1,1,1984,21,0,0,18,15,0,0,6,9,0
250043,1,1,1984,9,0,0,0,0,22,0,16,0,12
250044,1,1,1984,17,17,17,17,17,17,17,17,17,17
250044,2,1,1984,12,12,12,12,12,12,12,12,12,12
250044,3,1,1984,0,0,0,0,0,0,0,0,0,0
250045,1,1,1984,11,11,11,11,11,11,11,11,11,11
250046,1,1,1984,0,0,0,0,0,0,0,0,0,14
250046,2,1,1984,0,0,0,0,0,0,0,0,0,0