ST_CASE,VEH_NO,PER_NO,YEAR,P1,P2,P3,P4,P5,P6,P7,P8,P9,P10
250047,0,1,1984,22,22,22,22,22,22,22,22,22,22
250047,1,1,1984,0,13,0,0,0,8,7,8,0,6
250048,1,1,1984,7,11,0,10,26,13,19,12,16,24
250048,2,1,1984,7,7,7,7,7,7,7,7,7,7
250049,0,1,1984,0,0,0,0,0,0,0,0,0,0
250049,1,1,1984,0,0,0,0,0,0,0,0,0,0
250050,1,1,1984,0,0,0,0,0,0,0,0,0,0
250051,1,1,1984,11,10,0,14,0,8,0,13,0,14
250052,1,1,1984,0,0,0,0,0,0,0,0,0,0
250052,2,1,1984,0,0,0,0,7,0,0,0,0,0
250052,3,1,1984,0,10,8,7,14,0,0,0,15,0
250053,1,1,1984,11,18,9,25,0,2,9,4,6,0
250054,0,1,1984,13,13,13,13,13,13,13,13,13,13
250054,1,1,1984,0,0,29,0,0,0,16,0,0,0
250055,1,1,1984,0,0,0,0,0,0,0,0,0,0
250055,2,1,1984,0,0,0,0,0,0,0,0,0,0
250056,1,1,1984,43,43,43,43,43,43,43,43,43,43
250057,0,1,1984,15,15,15,15,15,15,15,15,15,15
250057,1,1,1984,18,0,11,0,0,0,0,0,0,0
250058,1,1,1984,0,0,0,0,0,0,0,0,0,0
250059,1,2,1984,0,0,0,0,0,0,0,0,0,17
250060,1,1,1984,29,16,16,13,18,21,21,23,22,8
250061,1,1,1984,0,0,0,0,0,0,0,0,0,0
250062,1,1,1984,0,0,0,15,0,0,0,0,0,0
250062,2,1,1984,0,0,0,0,0,0,0,0,0,0
250062,3,1,1984,0,0,0,0,0,0,0,0,0,0
250063,1,1,1984,0,0,0,0,0,0,0,3,0,0
250063,2,1,1984,0,0,0,0,0,0,0,0,0,0
250064,1,1,1984,0,11,2,8,18,20,34,14,19,13
250064,2,1,1984,0,0,0,0,0,0,0,0,0,0
250064,3,1,1984,10,18,0,21,9,0,8,0,22,7
250065,1,1,1984,0,0,0,0,0,0,0,0,0,0
250065,2,1,1984,0,3,0,0,0,0,0,0,0,0
250066,1,1,1984,0,0,0,0,0,0,0,0,0,0
250066,2,1,1984,0,0,0,10,12,6,0,0,14,0
250067,1,1,1984,5,5,5,5,5,5,5,5,5,5
250067,2,1,1984,0,8,0,17,7,0,0,17,0,0
250068,0,1,1984,10,10,10,10,10,10,10,10,10,10
250068,1,1,1984,21,18,16,22,12,11,16,16,8,11
250069,1,1,1984,0,0,0,0,0,12,3,31,0,11
250069,2,1,1984,17,17,17,17,17,17,17,17,17,17
250070,1,1,1984,2,0,0,0,0,0,0,0,0,0
250071,1,1,1984,17,17,17,17,17,17,17,17,17,17
250073,1,1,1984,0,0,8,0,0,0,0,0,0,0
250075,0,1,1984,0,0,0,0,0,0,0,0,0,0
250075,1,1,1984,0,0,0,0,0,0,5,11,0,0
250076,1,1,1984,16,16,16,16,16,16,16,16,16,16
250077,1,1,1984,2,2,2,2,2,2,2,2,2,2
250078,1,1,1984,7,7,7,7,7,7,7,7,7,7
250079,1,1,1984,15,15,15,15,15,15,15,15,15,15
250080,1,1,1984,0,13,0,17,10,24,39,18,0,0
250081,1,1,1984,13,9,25,10,20,14,14,25,7,4
250082,1,1,1984,0,0,0,0,0,0,0,0,0,0
250083,1,1,1984,15,15,15,15,15,15,15,15,15,15
250084,1,1,1984,17,17,17,17,17,17,17,17,17,17
250086,0,1,1984,21,21,21,21,21,21,21,21,21,21
250086,1,1,1984,21,0,0,0,0,0,0,0,0,0
250087,0,1,1984,15,15,15,15,15,15,15,15,15,15
250087,1,1,1984,10,12,0,0,11,13,12,6,17,11
250088,0,1,1984,0,0,0,0,0,0,0,0,0,0
250088,1,1,1984,0,0,0,0,0,0,0,0,0,0
250089,1,1,1984,5,5,5,5,5,5,5,5,5,5
250089,2,1,1984,0,0,0,0,0,0,0,0,0,0
250090,0,1,1984,0,0,0,0,0,0,0,0,0,0
250090,0,2,1984,11,0,0,0,0,0,0,0,18,14
250090,1,1,1984,0,0,0,0,0,0,0,0,0,0
250092,0,1,1984,17,17,17,17,17,17,17,17,17,17
250092,1,1,1984,11,0,0,0,0,0,0,0,0,0
250093,1,1,1984,15,15,15,15,15,15,15,15,15,15
250093,2,1,1984,0,18,16,0,0,0,11,0,0,9
250094,1,1,1984,0,0,0,0,0,0,0,0,0,0
250094,2,1,1984,0,0,0,0,0,0,0,0,0,0
250095,0,1,1984,11,11,11,11,11,11,11,11,11,11
250095,1,1,1984,0,0,0,0,0,0,0,0,23,0
250095,2,1,1984,0,0,0,0,0,0,25,0,0,0
250096,1,1,1984,0,0,0,0,0,0,0,0,0,0
250096,2,1,1984,0,0,0,0,0,0,0,0,0,0
250097,1,1,1984,20,9,25,22,35,11,14,0,0,9
250098,1,1,1984,20,20,20,20,20,20,20,20,20,20
250099,0,1,1984,0,0,0,0,0,0,0,0,0,0
250099,1,1,1984,0,0,0,0,0,0,0,0,0,0
250100,1,1,1984,8,8,8,8,8,8,8,8,8,8
250101,0,1,1984,21,21,21,21,21,21,21,21,21,21
250101,1,1,1984,0,0,0,0,0,0,0,0,0,0
250102,1,1,1984,10,10,10,10,10,10,10,10,10,10
250102,2,1,1984,0,26,20,0,9,16,10,0,0,0
250103,0,1,1984,0,0,0,0,0,0,0,0,0,0
250103,1,1,1984,0,0,0,7,0,0,0,0,0,0
250104,1,1,1984,0,0,0,0,0,0,0,0,0,0
250104,2,1,1984,0,9,0,12,0,0,0,0,0,0
250104,3,1,1984,0,0,0,0,0,0,0,0,0,0
250104,4,1,1984,10,19,0,0,0,11,0,0,0,0
250105,1,1,1984,25,20,0,0,0,0,0,14,0,0
250105,2,1,1984,0,0,0,0,0,0,0,0,0,0
250106,1,1,1984,0,0,0,0,0,0,0,0,0,0
250106,2,1,1984,0,0,11,0,0,0,0,0,0,12
250106,3,1,1984,0,0,0,0,0,0,0,0,0,0
250107,1,1,1984,10,10,10,10,10,10,10,10,10,10
250108,1,1,1984,0,0,0,0,0,0,0,0,0,0
250108,2,1,1984,0,0,0,0,13,0,0,0,0,0
250109,1,1,1984,5,3,16,0,16,0,0,11,0,7
250109,2,1,1984,0,0,0,0,18,0,0,0,3,0
250110,1,1,1984,17,17,17,17,17,17,17,17,17,17
250110,2,1,1984,0,0,0,0,0,0,0,0,0,0
250111,0,1,1984,0,0,23,15,0,0,0,12,0,0
250111,1,1,1984,0,0,0,0,10,12,0,0,11,0
250112,1,1,1984,17,8,20,6,28,19,17,22,6,19
250113,1,1,1984,14,14,14,14,14,14,14,14,14,14
250114,1,1,1984,0,0,0,0,0,0,0,0,0,0
250115,1,1,1984,14,14,14,14,14,14,14,14,14,14
250116,1,1,1984,3,3,3,3,3,3,3,3,3,3
250116,2,1,1984,15,11,31,16,0,15,20,27,26,7
250117,1,1,1984,0,0,0,0,0,0,0,0,0,0
250117,2,1,1984,0,0,0,0,0,0,0,0,0,0
250118,1,1,1984,34,0,10,20,0,16,19,13,19,0
250119,1,1,1984,0,0,0,0,0,0,0,0,0,0
250119,2,1,1984,10,8,0,0,0,10,10,0,12,0
250120,1,1,1984,20,11,22,4,3,8,4,4,10,11
250120,2,1,1984,0,0,0,0,0,0,0,0,0,0
250120,3,1,1984,0,0,0,0,0,0,0,0,0,0
250121,0,1,1984,17,37,0,0,7,18,19,8,11,23
250121,0,2,1984,0,0,0,0,0,0,0,0,0,0
250121,1,1,1984,28,20,0,0,29,0,0,17,0,5
250122,1,1,1984,0,0,0,0,0,0,0,0,0,0
250122,2,1,1984,0,0,0,0,0,28,0,0,0,0
250123,1,1,1984,8,8,8,8,8,8,8,8,8,8
250124,1,1,1984,11,11,11,11,11,11,11,11,11,11
250125,1,1,1984,17,17,17,17,17,17,17,17,17,17
250126,1,1,1984,0,0,0,0,0,0,0,0,0,0
250126,2,1,1984,14,0,12,0,10,0,0,0,0,0
250127,1,1,1984,19,29,8,19,7,24,18,15,0,5
250127,2,1,1984,0,17,0,14,11,10,10,17,12,12
250128,1,1,1984,10,10,10,10,10,10,10,10,10,10
250129,1,1,1984,18,18,18,18,18,18,18,18,18,18
250130,1,1,1984,0,0,0,0,0,6,0,10,0,0
250130,2,1,1984,9,9,9,9,9,9,9,9,9,9
250131,1,1,1984,0,0,0,0,0,0,0,0,0,0
250132,1,1,1984,29,29,29,29,29,29,29,29,29,29
250133,1,1,1984,9,9,9,9,9,9,9,9,9,9
250134,1,1,1984,14,0,0,0,0,0,0,0,0,0
250134,2,1,1984,12,0,0,0,0,0,0,0,0,0
250134,3,1,1984,7,9,0,10,12,22,0,0,0,4
250135,1,1,1984,0,0,0,0,0,0,0,0,0,0
250135,2,1,1984,18,14,10,20,15,16,17,0,0,0
250136,1,1,1984,6,6,6,6,6,6,6,6,6,6
250137,1,1,1984,21,9,25,32,11,10,5,0,25,11
250137,2,1,1984,0,0,0,0,19,0,0,6,19,26
250138,1,1,1984,0,0,0,0,0,0,0,0,0,0
250138,2,1,1984,0,0,0,0,0,0,0,0,0,0
250138,3,1,1984,0,0,0,0,0,0,0,0,0,0
250139,1,1,1984,8,8,8,8,8,8,8,8,8,8
250141,1,1,1984,0,0,0,0,0,0,0,20,0,0
250142,0,1,1984,0,0,0,0,0,0,0,0,0,0
250142,1,1,1984,16,18,10,13,15,20,12,15,10,10
250143,0,1,1984,0,0,0,0,0,0,0,0,0,0
250143,1,1,1984,5,6,21,3,10,26,29,3,12,19
250144,1,1,1984,12,12,12,12,12,12,12,12,12,12
250145,1,1,1984,17,4,14,14,13,5,14,12,10,20
250145,2,1,1984,10,10,10,10,10,10,10,10,10,10
250146,1,1,1984,0,0,0,0,0,0,0,0,0,0
250147,1,1,1984,23,4,8,11,23,8,11,27,30,9
250147,2,1,1984,0,19,15,12,0,0,20,18,0,8
250148,0,1,1984,0,0,0,0,0,0,0,0,0,0
250148,1,1,1984,8,0,6,9,11,7,11,8,4,17
250149,0,1,1984,0,0,0,0,0,0,0,0,0,0
250149,1,1,1984,0,0,0,0,0,0,0,0,0,0
250150,1,1,1984,13,12,11,24,10,13,5,14,11,6
250150,2,1,1984,0,0,0,0,0,0,0,0,0,0
250150,3,1,1984,21,21,21,21,21,21,21,21,21,21
250151,1,1,1984,0,0,0,0,0,0,0,0,0,0
250151,2,1,1984,0,0,0,0,0,0,0,0,0,0
250152,1,1,1984,0,0,0,0,0,0,0,0,0,16
250152,2,1,1984,0,0,0,0,0,0,0,0,0,0
250153,1,1,1984,0,0,0,0,0,0,0,0,0,0
250153,2,1,1984,0,0,0,0,0,0,0,0,0,0
250154,0,1,1984,0,0,0,0,0,0,0,0,0,0
250154,1,1,1984,19,0,11,17,0,0,39,0,0,14
250155,1,1,1984,0,0,0,0,0,0,0,7,0,0
250155,2,1,1984,15,15,15,15,15,15,15,15,15,15
250156,1,1,1984,0,0,0,0,0,0,0,16,0,0
250156,2,1,1984,0,0,0,0,0,0,0,0,0,0
250157,1,1,1984,13,13,13,13,13,13,13,13,13,13
250158,1,1,1984,10,10,10,10,10,10,10,10,10,10
250159,1,1,1984,21,21,21,21,21,21,21,21,21,21
250160,1,1,1984,17,0,9,15,28,24,9,35,14,15
250161,1,1,1984,14,14,14,14,14,14,14,14,14,14
250162,0,1,1984,3,3,3,3,3,3,3,3,3,3
250162,1,1,1984,0,29,0,16,0,0,0,0,0,0
250163,1,1,1984,0,0,0,0,0,0,0,0,0,0
250164,1,1,1984,17,17,17,17,17,17,17,17,17,17
250165,1,1,1984,19,19,19,19,19,19,19,19,19,19
250166,1,1,1984,0,0,0,0,0,22,0,0,0,0
250167,0,1,1984,9,9,9,9,9,9,9,9,9,9
250167,0,2,1984,0,0,0,0,19,0,0,0,0,0
250167,0,3,1984,0,0,0,0,12,16,0,0,13,0
250167,1,1,1984,11,7,0,0,0,0,21,0,0,0
250168,1,1,1984,14,14,12,0,27,0,15,13,28,13
250169,1,1,1984,19,13,11,2,30,10,13,8,20,18
250170,1,1,1984,0,0,0,0,0,0,0,0,0,0
250171,1,1,1984,29,29,29,29,29,29,29,29,29,29
250172,1,1,1984,0,0,0,0,0,0,0,23,0,0
250172,2,1,1984,0,0,0,0,0,0,0,0,0,0
250173,1,1,1984,0,0,0,0,0,0,0,0,0,0
250174,1,1,1984,0,0,0,0,0,0,0,0,0,0
250174,2,1,1984,0,0,0,0,0,0,0,0,0,0
250175,1,1,1984,29,29,29,29,29,29,29,29,29,29
250175,2,1,1984,0,0,0,0,6,0,21,0,0,9
250176,1,1,1984,22,22,22,22,22,22,22,22,22,22
250176,2,1,1984,0,0,0,0,0,0,0,0,10,4
250177,1,1,1984,0,0,6,11,0,0,0,0,0,0
250177,2,1,1984,9,9,9,9,9,9,9,9,9,9
250177,3,1,1984,0,0,21,0,13,0,0,0,0,0
250178,1,1,1984,11,0,6,0,0,0,0,0,0,0
250178,2,1,1984,0,0,0,0,0,0,11,0,0,0
250179,1,1,1984,0,18,0,0,0,0,0,0,0,0
250179,2,1,1984,0,0,0,0,0,0,0,0,0,0
250180,1,1,1984,0,0,23,11,16,25,0,5,12,20
250181,1,1,1984,9,9,9,9,9,9,9,9,9,9
250182,0,1,1984,0,23,0,0,0,0,0,0,16,0
250182,1,1,1984,0,0,0,7,0,0,0,24,0,0
250183,1,1,1984,0,0,0,0,0,0,0,0,0,0
250183,2,1,1984,14,14,14,14,14,14,14,14,14,14
250184,1,1,1984,0,0,0,0,0,0,0,0,0,0
250184,2,1,1984,0,0,0,0,44,0,0,0,0,0
250185,0,1,1984,6,6,6,6,6,6,6,6,6,6
250185,1,1,1984,12,4,10,23,15,17,17,11,5,0
250186,1,1,1984,10,0,8,23,4,4,0,22,14,0
250187,0,1,1984,0,0,0,0,0,0,0,0,9,0
250187,1,1,1984,0,0,0,0,0,0,0,0,0,0
250188,0,1,1984,0,0,0,0,0,26,0,0,0,0
250188,1,1,1984,9,0,0,9,0,21,15,11,0,12
250189,1,1,1984,17,8,13,13,23,9,3,12,20,14
250190,1,1,1984,0,0,0,0,0,0,0,0,0,0
250191,1,1,1984,14,14,14,14,14,14,14,14,14,14
250192,1,1,1984,17,0,0,0,20,0,0,0,0,0
250193,1,1,1984,33,0,0,0,0,22,12,0,20,0
250193,2,1,1984,0,0,0,0,0,0,12,26,0,0
250194,1,1,1984,12,12,12,12,12,12,12,12,12,12
250195,0,1,1984,0,0,0,0,0,0,0,0,0,0
250195,1,1,1984,23,23,23,23,23,23,23,23,23,23
250195,2,1,1984,0,0,0,0,0,0,0,0,0,0
250196,1,1,1984,0,0,0,0,0,0,0,0,0,0
250196,2,1,1984,0,0,13,0,0,0,0,0,0,0
250197,1,1,1984,0,0,0,0,0,0,0,0,0,0
250197,2,1,1984,0,0,0,0,0,0,0,0,0,0
250198,1,1,1984,20,17,8,7,16,30,3,20,10,12
250199,1,1,1984,28,22,18,19,13,17,21,20,5,17
250200,1,1,1984,0,27,0,23,0,0,0,10,3,0
250201,1,1,1984,21,21,21,21,21,21,21,21,21,21
250201,2,1,1984,0,0,0,0,0,0,0,0,0,0
250202,1,1,1984,0,13,0,0,0,0,0,0,0,0
250202,2,1,1984,0,0,0,0,0,0,8,0,0,0
250203,1,1,1984,0,15,8,8,0,0,0,0,0,20
250203,2,1,1984,31,31,31,31,31,31,31,31,31,31
250204,1,1,1984,0,12,0,0,0,28,30,0,0,14
250204,2,1,1984,0,0,10,10,25,0,0,23,0,0
250204,3,1,1984,11,10,20,3,18,2,0,5,17,7
250205,1,1,1984,5,5,5,5,5,5,5,5,5,5
250206,1,1,1984,0,0,0,0,0,0,0,0,0,0
250207,1,1,1984,7,30,6,0,11,0,7,17,0,21
250208,1,1,1984,22,0,16,0,14,13,0,22,0,14
250209,1,1,1984,6,0,0,0,0,15,0,0,0,0
250209,2,1,1984,0,0,0,0,0,0,0,0,0,0
250210,1,1,1984,13,13,13,13,13,13,13,13,13,13
250211,1,1,1984,0,0,0,0,0,0,19,0,0,0
250211,2,1,1984,15,15,15,15,15,15,15,15,15,15
250211,3,1,1984,0,14,0,9,0,23,28,16,20,0
250212,1,1,1984,0,0,0,0,0,0,0,0,0,0
250213,1,1,1984,0,0,0,0,0,0,18,25,20,0
250213,2,1,1984,0,0,0,0,0,0,0,0,0,0
250214,1,1,1984,9,9,9,9,9,9,9,9,9,9
250215,1,1,1984,0,0,0,0,0,0,0,0,0,0
250216,0,1,1984,0,0,0,0,0,0,0,0,0,0
250216,1,1,1984,0,0,0,0,0,0,0,0,0,0
250217,1,1,1984,0,0,0,0,0,0,0,0,10,0
250217,2,1,1984,0,0,0,0,0,0,0,0,0,0
250218,1,1,1984,19,6,18,10,14,7,3,9,9,8
250218,2,1,1984,0,0,0,0,0,0,0,0,0,0
250219,1,1,1984,22,15,25,0,31,12,0,25,14,7
250219,2,1,1984,9,35,23,14,19,28,27,31,19,28
250220,1,1,1984,0,0,0,0,12,0,0,0,0,0
250220,2,1,1984,0,0,0,0,0,0,0,0,0,0
250221,0,2,1984,22,5,11,7,13,21,9,0,42,7
250221,1,1,1984,8,16,9,22,14,13,18,11,11,17
250222,1,1,1984,6,6,6,6,6,6,6,6,6,6
250222,2,1,1984,0,14,29,23,11,9,11,17,0,28
250223,1,1,1984,0,0,0,0,0,0,0,6,0,9
250223,2,1,1984,0,0,0,0,0,0,0,0,0,0
250224,1,1,1984,0,0,0,0,0,7,0,0,0,0
250224,2,1,1984,0,0,0,0,0,0,0,0,0,0
250225,1,1,1984,0,0,0,0,0,0,0,0,0,0
250225,2,1,1984,0,0,0,0,9,0,0,0,0,0
250225,3,1,1984,0,0,0,0,0,0,0,0,0,0
250226,0,1,1984,23,0,0,13,0,24,0,19,16,0
250226,0,2,1984,7,17,0,0,29,8,0,0,9,0
250226,1,1,1984,8,23,9,10,6,18,15,7,20,10
250227,0,1,1984,0,0,25,18,13,0,6,13,13,0
250227,1,1,1984,0,0,9,0,0,0,0,14,9,0
250228,1,1,1984,19,19,19,19,19,19,19,19,19,19
250229,1,1,1984,28,28,28,28,28,28,28,28,28,28
250230,1,1,1984,13,13,13,13,13,13,13,13,13,13
250231,1,1,1984,14,14,14,14,14,14,14,14,14,14
250232,1,1,1984,10,9,23,20,10,42,37,29,29,31
250234,1,1,1984,0,0,5,0,0,0,2,0,0,17
250235,1,1,1984,14,18,14,32,11,14,11,14,18,4
250236,1,1,1984,0,0,0,0,0,0,0,0,0,0
250237,1,1,1984,23,23,23,23,23,23,23,23,23,23
250238,1,1,1984,21,21,21,21,21,21,21,21,21,21
250239,1,1,1984,11,0,23,15,10,0,0,0,13,6
250240,1,1,1984,0,0,0,0,0,0,0,0,0,0
250241,1,1,1984,15,15,0,20,14,0,39,5,19,18
250242,1,1,1984,0,0,0,0,0,0,0,0,0,0
250243,0,1,1984,0,27,0,39,0,24,10,0,0,0
250243,1,1,1984,0,0,0,0,0,0,0,16,0,0
250244,1,1,1984,17,17,17,17,17,17,17,17,17,17
250245,1,1,1984,18,18,18,18,18,18,18,18,18,18
250246,1,1,1984,0,0,0,0,0,0,0,0,0,0
250247,0,1,1984,0,0,0,0,0,0,0,0,0,0
250247,1,1,1984,13,0,0,0,0,0,0,7,0,0
250248,0,1,1984,18,11,0,19,19,31,0,0,0,0
250248,1,1,1984,9,0,15,0,0,17,0,0,14,0
250249,1,1,1984,0,0,0,0,0,0,0,0,0,0
250249,2,1,1984,0,0,0,0,0,0,0,0,0,0
250250,1,1,1984,16,0,0,0,0,0,0,0,0,0
250250,2,1,1984,0,0,0,0,0,0,0,0,0,0
250251,1,1,1984,0,0,0,0,0,0,0,0,0,0
250251,2,1,1984,14,0,0,0,8,0,0,0,0,0
250252,1,1,1984,0,0,0,0,0,0,9,0,0,0
250252,2,1,1984,16,0,0,0,0,12,0,0,0,0
250253,1,1,1984,10,10,10,10,10,10,10,10,10,10
250253,2,1,1984,0,0,7,5,15,0,0,0,0,3
250254,1,1,1984,0,0,11,0,0,0,8,13,0,11
250254,2,1,1984,0,0,0,0,3,0,20,0,13,11
250255,1,1,1984,6,23,9,14,18,13,26,23,14,12
250255,2,1,1984,0,0,0,0,0,0,0,0,0,0
250256,1,1,1984,11,11,11,11,11,11,11,11,11,11
250256,2,1,1984,0,0,0,0,0,0,0,0,0,0
250257,1,1,1984,0,0,4,0,0,0,0,0,13,0
250257,2,1,1984,11,11,11,11,11,11,11,11,11,11
250258,1,1,1984,0,0,6,0,9,23,23,0,0,0
250259,0,1,1984,0,8,0,0,14,0,10,28,0,16
250259,1,1,1984,0,0,0,0,0,0,0,0,0,0
250260,1,1,1984,10,21,7,10,18,8,29,23,12,14
250261,1,1,1984,18,18,18,18,18,18,18,18,18,18
250262,1,1,1984,26,21,14,9,7,13,13,8,14,12
250262,2,1,1984,0,19,0,0,0,0,0,0,0,0
250263,1,1,1984,0,0,0,0,0,0,0,0,7,0
250263,2,1,1984,0,0,0,0,0,0,0,0,0,0
250264,1,1,1984,16,16,16,16,16,16,16,16,16,16
250265,1,1,1984,20,21,14,0,0,5,19,19,0,0
250266,1,1,1984,4,0,14,0,9,7,0,0,16,18
250267,1,1,1984,0,0,0,0,0,0,0,0,0,0
250268,1,1,1984,0,0,0,7,0,0,0,0,6,0
250268,2,1,1984,19,3,0,0,0,0,0,0,0,0
250269,0,1,1984,18,18,18,18,18,18,18,18,18,18
250269,1,1,1984,24,0,4,19,0,12,0,0,0,0
250270,1,1,1984,18,11,27,15,24,21,9,7,15,10
250270,2,1,1984,0,11,0,0,18,0,0,0,18,14
250271,1,1,1984,0,0,0,0,0,0,0,0,0,0
250272,1,1,1984,25,25,25,25,25,25,25,25,25,25
250273,0,1,1984,0,0,0,0,0,0,0,0,0,0
250273,0,2,1984,8,15,0,0,10,11,0,14,0,0
250273,1,1,1984,0,0,0,0,0,13,18,0,0,0
250274,0,1,1984,0,0,0,0,0,0,0,0,0,0
250274,1,1,1984,0,13,7,0,23,0,20,0,0,6
250275,0,1,1984,0,15,0,0,8,0,27,15,21,0
250275,1,1,1984,14,8,0,12,26,0,0,7,8,17
250276,1,1,1984,0,0,0,0,0,0,0,0,0,0
250276,2,1,1984,0,0,0,0,0,0,0,0,0,0
250277,0,1,1984,4,4,4,4,4,4,4,4,4,4
250277,1,1,1984,0,16,18,24,9,4,9,0,37,20
250278,1,1,1984,0,7,0,14,0,0,0,19,7,16
250278,2,1,1984,0,0,0,0,0,0,0,0,0,0
250279,1,1,1984,0,0,0,0,0,0,0,0,0,0
250279,2,1,1984,0,0,0,0,11,18,0,0,0,0
250280,1,1,1984,14,14,14,14,14,14,14,14,14,14
250281,1,1,1984,9,0,18,24,3,0,0,19,32,0
250282,1,1,1984,23,23,23,23,23,23,23,23,23,23
250283,1,1,1984,0,3,0,11,0,11,0,11,0,32
250284,1,1,1984,9,0,22,17,13,16,0,0,25,19
250285,1,1,1984,17,17,17,17,17,17,17,17,17,17
250285,2,1,1984,0,0,0,0,0,0,0,0,0,0
250286,1,1,1984,18,18,18,18,18,18,18,18,18,18
250287,1,1,1984,14,20,14,6,15,10,3,12,6,7
250288,1,1,1984,0,18,15,5,10,17,12,0,19,13
250289,1,1,1984,2,2,2,2,2,2,2,2,2,2
250289,2,1,1984,0,0,0,0,0,0,0,0,0,0
250289,3,1,1984,0,0,0,21,0,0,0,0,27,0
250290,1,1,1984,12,12,12,12,12,12,12,12,12,12
250291,1,1,1984,10,10,10,10,10,10,10,10,10,10
250292,1,1,1984,0,0,0,18,0,0,0,0,0,0
250292,2,1,1984,9,0,0,0,0,0,0,0,0,0
250293,1,1,1984,0,0,0,0,0,0,0,0,0,0
250293,2,1,1984,0,0,0,0,0,0,0,0,0,0
250294,1,1,1984,12,12,12,12,12,12,12,12,12,12
250295,1,1,1984,19,19,19,19,19,19,19,19,19,19
250296,1,2,1984,10,8,10,28,32,5,6,19,22,9
250297,1,1,1984,0,0,0,0,0,0,0,11,14,0
250298,1,1,1984,24,24,24,24,24,24,24,24,24,24
250299,1,1,1984,21,21,21,21,21,21,21,21,21,21
250300,1,1,1984,7,7,7,7,7,7,7,7,7,7
250301,1,1,1984,0,0,25,0,0,0,0,0,15,0
250302,1,1,1984,18,18,18,18,18,18,18,18,18,18
250302,2,1,1984,0,0,0,0,0,0,0,0,0,0
250303,1,1,1984,0,0,8,14,14,0,10,24,0,7
250303,2,1,1984,0,0,0,0,0,11,0,0,0,0
250304,0,1,1984,22,22,22,22,22,22,22,22,22,22
250304,1,1,1984,0,2,10,8,8,0,0,6,5,25
250305,1,1,1984,0,0,0,0,0,0,0,0,0,0
250306,1,1,1984,0,0,0,0,0,0,0,0,0,0
250306,2,1,1984,0,0,0,0,0,0,0,0,0,0
250307,1,1,1984,15,10,0,0,0,0,0,0,8,0
250307,2,1,1984,0,0,0,0,7,0,0,0,0,0
250308,1,1,1984,21,19,0,14,14,17,0,10,35,11
250309,1,1,1984,0,0,0,0,0,0,0,0,0,0
250309,2,1,1984,0,5,0,0,0,16,0,0,11,0
250310,1,1,1984,10,10,10,10,10,10,10,10,10,10
250311,1,1,1984,0,0,0,0,0,0,0,0,0,0
250312,1,1,1984,0,14,28,10,0,20,0,0,14,0
250313,1,1,1984,26,26,26,26,26,26,26,26,26,26
250314,1,1,1984,20,20,20,20,20,20,20,20,20,20
250315,1,1,1984,17,17,17,17,17,17,17,17,17,17
250316,1,1,1984,10,8,17,12,19,24,3,7,31,13
250317,1,1,1984,14,0,12,0,15,15,11,0,24,0
250317,2,1,1984,18,10,0,10,12,6,0,15,10,19
250318,0,1,1984,0,21,43,0,13,14,13,19,0,13
250318,1,1,1984,11,0,0,0,9,0,0,9,0,0
250319,1,1,1984,21,21,21,21,21,21,21,21,21,21
250320,1,1,1984,8,13,18,3,0,13,9,13,13,4
250321,1,1,1984,27,27,27,27,27,27,27,27,27,27
250322,1,1,1984,12,22,11,0,7,12,14,7,35,16
250323,1,1,1984,0,5,9,2,24,24,10,0,11,12
250324,1,1,1984,6,13,0,12,22,35,11,9,25,15
250325,1,1,1984,0,0,0,0,0,0,0,0,0,0
250326,0,1,1984,5,5,5,5,5,5,5,5,5,5
250326,1,1,1984,14,7,11,5,17,13,7,18,11,25
250327,1,1,1984,26,26,26,26,26,26,26,26,26,26
250328,1,1,1984,5,5,5,5,5,5,5,5,5,5
250329,1,1,1984,0,0,0,0,0,0,0,0,0,0
250329,2,1,1984,0,0,0,0,0,0,0,19,0,0
250330,0,1,1984,17,17,17,17,17,17,17,17,17,17
250330,1,1,1984,0,0,0,5,0,0,12,0,0,6
250331,1,1,1984,0,0,0,0,0,0,0,0,17,13
250331,2,1,1984,19,19,19,19,19,19,19,19,19,19
250332,0,1,1984,0,0,0,0,0,0,0,0,0,0
250332,1,1,1984,31,0,0,28,23,0,12,14,15,0
250333,1,1,1984,19,19,19,19,19,19,19,19,19,19
250334,1,1,1984,0,0,0,0,0,0,0,0,0,0
250334,2,1,1984,0,0,0,0,0,0,0,0,0,0
250335,1,1,1984,6,6,6,6,6,6,6,6,6,6
250335,2,1,1984,0,15,19,15,12,12,19,8,10,0
250335,3,1,1984,19,0,28,23,0,0,19,0,17,0
250336,1,1,1984,0,0,0,0,0,0,19,0,0,0
250337,1,1,1984,0,0,0,0,0,0,0,0,0,28