ST_CASE,VEH_NO,PER_NO,YEAR,P1,P2,P3,P4,P5,P6,P7,P8,P9,P10
250338,1,1,1984,0,16,21,22,11,13,0,12,6,10
250339,1,1,1984,7,6,19,3,11,5,3,6,0,11
250340,1,1,1984,0,6,0,12,8,0,0,9,0,0
250340,2,1,1984,0,0,0,0,0,0,0,0,0,10
250341,0,1,1984,12,12,12,12,12,12,12,12,12,12
250341,1,1,1984,8,13,8,0,17,0,0,0,14,0
250342,0,1,1984,0,0,0,0,0,0,0,0,0,0
250342,1,1,1984,8,0,8,14,0,0,0,0,0,0
250343,1,1,1984,0,0,0,0,0,0,0,0,0,13
250344,1,1,1984,0,0,0,0,0,0,0,0,0,0
250344,2,1,1984,0,0,0,0,0,13,0,0,22,0
250345,0,1,1984,0,0,0,0,0,0,0,0,0,0
250345,0,2,1984,0,0,0,0,0,11,0,0,0,0
250345,1,1,1984,0,0,14,0,0,0,0,0,0,0
250346,0,1,1984,0,0,0,0,0,0,0,0,0,0
250346,1,1,1984,0,0,0,0,0,0,0,0,0,0
250347,1,1,1984,0,2,0,0,0,0,46,0,19,0
250347,2,1,1984,0,0,0,0,0,0,0,0,0,0
250348,1,1,1984,17,17,17,17,17,17,17,17,17,17
250349,1,1,1984,5,10,12,9,11,22,6,6,15,18
250349,2,1,1984,14,0,0,0,15,0,0,0,0,0
250350,0,1,1984,0,0,0,0,0,0,0,0,11,0
250350,1,1,1984,0,0,0,0,0,0,0,0,0,0
250351,1,1,1984,24,0,13,0,16,0,0,0,16,0
250352,0,1,1984,21,21,21,21,21,21,21,21,21,21
250352,1,1,1984,0,0,15,0,15,0,0,0,26,0
250353,1,1,1984,11,11,11,11,11,11,11,11,11,11
250354,1,1,1984,0,0,0,0,0,0,0,0,0,0
250355,1,1,1984,13,12,8,6,0,8,8,13,3,14
250355,2,1,1984,0,0,0,0,0,0,0,0,0,0
250356,1,1,1984,13,0,10,28,8,9,0,12,0,14
250357,1,1,1984,0,0,0,0,0,0,0,0,0,0
250357,2,1,1984,0,0,9,9,0,0,0,0,0,18
250358,1,1,1984,5,12,20,9,16,24,11,21,0,8
250359,1,1,1984,0,0,0,0,0,0,0,0,0,0
250359,2,1,1984,0,0,0,0,0,0,0,0,0,0
250360,1,1,1984,31,31,31,31,31,31,31,31,31,31
250360,2,1,1984,0,0,0,0,0,0,0,0,0,0
250361,1,1,1984,26,26,26,26,26,26,26,26,26,26
250362,0,1,1984,0,0,0,0,0,0,0,0,0,0
250362,1,1,1984,0,0,0,0,0,0,0,0,0,0
250363,1,1,1984,0,0,0,16,0,10,18,6,12,0
250364,0,1,1984,0,5,0,9,0,0,0,25,0,0
250364,1,1,1984,0,12,15,0,0,13,0,0,0,28
250365,0,1,1984,0,0,0,0,0,0,0,0,0,0
250365,1,1,1984,0,5,0,0,0,0,17,0,0,0
250366,1,1,1984,19,19,19,19,19,19,19,19,19,19
250367,0,1,1984,0,0,0,0,0,0,0,0,0,0
250367,1,1,1984,16,0,0,0,33,0,0,0,12,0
250368,0,1,1984,0,0,0,0,0,0,0,0,0,0
250368,1,1,1984,27,18,9,21,0,25,14,18,18,10
250369,0,1,1984,0,0,0,0,0,0,0,32,0,0
250369,1,1,1984,0,0,0,0,0,0,0,0,0,0
250370,1,1,1984,0,0,0,0,0,0,0,0,0,0
250370,2,1,1984,0,0,0,0,0,0,0,0,0,0
250371,1,1,1984,0,0,0,0,0,10,0,0,0,0
250371,2,1,1984,0,0,0,0,0,0,0,0,0,0
250372,1,1,1984,14,0,0,0,0,0,0,0,0,0
250372,2,1,1984,0,0,0,0,0,0,0,0,0,0
250373,1,1,1984,0,0,0,0,0,0,0,0,0,0
250373,2,1,1984,14,14,14,14,14,14,14,14,14,14
250374,0,1,1984,14,9,3,16,0,17,10,13,14,9
250374,1,1,1984,7,0,0,16,0,0,23,5,0,15
250375,1,1,1984,15,5,16,17,13,12,4,15,16,14
250376,0,1,1984,0,0,0,0,24,10,0,0,0,0
250376,1,1,1984,0,0,14,0,0,0,0,16,0,0
250377,1,1,1984,18,18,18,18,18,18,18,18,18,18
250378,0,1,1984,0,0,24,17,0,0,0,0,0,8
250378,1,1,1984,9,0,0,0,19,17,0,6,0,19
250379,1,1,1984,18,18,18,18,18,18,18,18,18,18
250380,0,1,1984,0,0,0,0,0,0,0,0,0,0
250380,1,1,1984,0,0,0,0,0,24,14,0,0,21
250381,1,1,1984,12,0,18,6,13,24,15,11,22,5
250381,2,1,1984,0,0,0,0,0,0,0,0,0,0
250382,1,1,1984,18,18,18,18,18,18,18,18,18,18
250382,2,1,1984,9,9,9,9,9,9,9,9,9,9
250383,1,1,1984,13,17,35,9,9,22,10,0,18,5
250383,2,1,1984,0,0,0,0,0,0,0,0,0,0
250384,1,1,1984,20,20,20,20,20,20,20,20,20,20
250385,0,1,1984,19,19,19,19,19,19,19,19,19,19
250385,1,1,1984,17,0,0,26,15,19,5,0,0,0
250386,1,1,1984,13,13,13,13,13,13,13,13,13,13
250387,1,1,1984,15,15,15,15,15,15,15,15,15,15
250388,0,1,1984,0,16,15,0,3,37,0,0,0,10
250388,1,1,1984,0,0,0,0,0,24,0,0,11,0
250389,0,1,1984,18,18,18,18,18,18,18,18,18,18
250389,1,1,1984,16,16,10,0,16,8,0,8,0,24
250390,0,1,1984,0,0,0,0,0,0,0,0,0,0
250390,1,1,1984,0,0,10,12,0,0,0,0,0,0
250391,0,1,1984,18,18,18,18,18,18,18,18,18,18
250391,1,1,1984,17,13,11,14,0,0,0,0,19,0
250392,1,1,1984,0,0,0,0,0,0,0,0,0,0
250393,1,1,1984,0,21,30,10,0,0,0,0,0,12
250394,1,1,1984,9,0,24,28,25,0,0,0,0,0
250395,1,1,1984,9,8,18,11,0,0,36,18,11,16
250396,0,1,1984,0,0,0,0,0,0,0,0,0,0
250396,1,1,1984,0,17,0,0,0,0,0,0,0,0
250397,1,1,1984,0,0,0,0,0,0,0,0,0,0
250398,0,1,1984,12,12,12,12,12,12,12,12,12,12
250398,1,1,1984,9,6,18,12,9,16,0,7,12,15
250399,0,1,1984,0,0,0,0,0,0,0,0,0,0
250399,1,1,1984,0,0,0,0,0,0,0,17,0,0
250400,1,1,1984,26,26,26,26,26,26,26,26,26,26
250401,1,1,1984,0,0,0,0,0,0,0,0,0,0
250402,1,1,1984,21,15,13,10,25,14,14,19,21,0
250403,1,1,1984,6,0,0,0,22,0,0,0,0,9
250404,1,1,1984,11,11,11,11,11,11,11,11,11,11
250405,0,1,1984,4,4,4,4,4,4,4,4,4,4
250405,1,1,1984,0,0,0,0,0,9,7,0,0,0
250406,1,1,1984,16,14,29,10,5,0,20,5,0,6
250407,1,1,1984,0,0,0,0,0,0,0,0,0,0
250408,1,1,1984,13,13,13,13,13,13,13,13,13,13
250409,0,1,1984,0,0,0,0,0,0,0,0,0,0
250409,1,1,1984,9,0,0,0,10,0,17,0,32,0
250410,0,1,1984,31,31,31,31,31,31,31,31,31,31
250410,1,1,1984,0,0,0,0,0,0,0,20,0,0
250411,1,1,1984,0,0,0,0,0,13,18,0,0,0
250412,1,1,1984,0,0,0,0,0,0,0,0,0,0
250413,0,1,1984,20,20,20,20,20,20,20,20,20,20
250413,1,1,1984,0,0,0,0,0,0,17,0,0,18
250414,0,1,1984,0,0,0,0,0,0,0,0,0,0
250414,1,1,1984,14,0,0,0,0,0,0,0,0,0
250415,0,1,1984,0,0,0,15,19,0,0,0,0,23
250415,1,1,1984,0,20,18,0,0,0,0,0,0,0
250416,1,1,1984,20,14,17,8,5,1,13,12,5,12
250417,1,1,1984,11,11,11,11,11,11,11,11,11,11
250418,1,1,1984,0,0,0,0,0,0,0,0,0,0
250419,0,1,1984,0,0,0,0,32,31,27,0,30,0
250419,1,1,1984,0,0,0,0,12,0,0,0,0,0
250420,1,1,1984,0,0,0,0,0,0,0,0,0,0
250420,2,1,1984,8,8,8,8,8,8,8,8,8,8
250421,1,1,1984,0,0,0,0,0,0,0,0,0,0
250421,2,1,1984,0,0,0,0,0,0,0,0,0,0
250422,1,1,1984,9,9,9,9,9,9,9,9,9,9
250423,1,1,1984,21,23,5,21,0,0,26,0,12,13
250424,1,1,1984,12,18,11,19,10,26,13,20,16,9
250425,1,1,1984,11,11,11,11,11,11,11,11,11,11
250426,0,1,1984,2,2,2,2,2,2,2,2,2,2
250426,1,1,1984,10,10,10,8,0,0,0,0,0,0
250427,1,1,1984,0,0,0,0,0,0,0,0,0,0
250427,2,1,1984,0,0,14,4,0,0,0,0,0,0
250428,1,1,1984,29,14,14,17,11,21,28,23,8,8
250429,1,1,1984,0,2,0,0,0,0,0,0,0,5
250429,2,1,1984,0,0,0,0,0,0,0,0,0,0
250430,1,1,1984,18,14,0,5,8,5,16,23,9,9
250431,1,1,1984,2,2,2,2,2,2,2,2,2,2
250432,1,1,1984,0,0,0,0,0,0,8,9,0,0
250432,2,1,1984,0,0,5,4,0,0,0,0,0,0
250433,0,1,1984,29,29,29,29,29,29,29,29,29,29
250433,1,1,1984,33,27,12,16,23,13,29,3,17,16
250434,1,1,1984,18,18,18,18,18,18,18,18,18,18
250435,1,1,1984,8,23,0,0,26,0,7,28,0,5
250436,1,1,1984,0,0,0,0,0,0,0,0,0,0
250436,2,1,1984,0,0,0,0,0,0,0,0,0,0
250437,1,1,1984,2,2,2,2,2,2,2,2,2,2
250437,2,1,1984,8,35,11,8,0,4,9,19,0,0
250438,1,1,1984,0,0,0,0,0,0,0,0,0,0
250439,0,1,1984,0,0,0,0,0,0,0,0,0,0
250439,1,1,1984,0,0,0,0,0,0,0,0,0,0
250440,0,1,1984,0,0,0,0,0,0,0,0,0,0
250440,1,1,1984,0,0,0,0,0,0,0,0,0,0
250441,1,1,1984,12,9,14,2,16,25,6,17,19,8
250442,0,1,1984,0,0,38,0,0,0,0,0,0,0
250442,1,1,1984,0,18,0,0,0,0,4,12,9,21
250443,1,1,1984,11,11,11,11,11,11,11,11,11,11
250443,2,1,1984,27,0,0,0,3,13,20,0,6,0
250444,1,1,1984,14,14,14,14,14,14,14,14,14,14
250445,1,1,1984,11,11,11,11,11,11,11,11,11,11
250446,1,1,1984,12,0,0,8,16,4,0,0,0,0
250447,0,1,1984,0,0,0,0,0,0,0,20,0,0
250447,1,1,1984,0,0,0,0,0,0,0,0,0,0
250448,1,1,1984,16,16,16,16,16,16,16,16,16,16
250449,0,1,1984,0,0,0,0,0,0,0,0,0,0
250449,1,1,1984,0,14,0,0,0,0,0,0,0,0
250450,1,1,1984,16,16,16,16,16,16,16,16,16,16
250451,1,1,1984,7,0,0,35,16,31,29,2,20,0
250452,0,1,1984,2,2,2,2,2,2,2,2,2,2
250452,1,1,1984,0,0,0,0,0,0,0,19,0,0
250453,1,1,1984,20,20,20,20,20,20,20,20,20,20
250453,2,1,1984,0,0,0,0,0,0,0,0,0,0
250454,0,1,1984,23,23,23,23,23,23,23,23,23,23
250454,1,1,1984,14,14,14,14,14,14,14,14,14,14
250455,1,1,1984,0,0,0,18,0,7,0,0,0,0
250456,1,1,1984,0,0,0,0,0,0,0,0,0,0
250456,2,1,1984,0,0,0,0,0,0,0,0,0,0
250457,1,1,1984,16,16,16,16,16,16,16,16,16,16
250458,1,1,1984,13,13,13,13,13,13,13,13,13,13
250459,1,1,1984,18,32,20,27,23,42,17,26,26,11
250460,0,1,1984,0,0,0,14,0,0,0,12,0,0
250460,1,1,1984,0,0,0,0,0,0,0,0,0,0
250461,1,1,1984,8,0,27,10,13,8,15,5,16,15
250462,0,1,1984,0,0,0,0,0,0,0,0,0,0
250462,1,1,1984,15,0,0,0,12,0,0,0,0,0
250463,0,1,1984,0,9,0,0,0,10,0,0,0,0
250463,1,1,1984,22,16,7,17,19,0,7,6,17,14
250464,1,1,1984,20,17,0,0,0,19,0,0,17,0
250465,1,1,1984,3,21,14,15,19,18,0,12,7,8
250466,1,1,1984,0,0,15,0,15,0,0,0,0,26
250466,2,1,1984,0,0,0,0,0,0,3,0,0,0
250467,1,1,1984,0,19,21,18,18,0,13,18,0,18
250468,1,1,1984,0,0,0,0,0,0,0,0,0,0
250468,2,1,1984,0,0,11,18,0,0,0,0,0,0
250469,1,1,1984,8,8,8,8,8,8,8,8,8,8
250469,2,1,1984,0,0,0,0,0,0,8,21,0,0
250470,1,1,1984,22,15,10,22,9,0,15,11,20,14
250471,0,1,1984,0,0,0,0,0,0,0,0,0,0
250471,1,1,1984,0,0,0,4,13,6,0,2,0,0
250472,1,1,1984,4,4,4,4,4,4,4,4,4,4
250473,1,1,1984,33,7,27,18,20,16,11,42,32,10
250474,0,1,1984,0,0,0,0,0,0,0,0,0,0
250474,1,1,1984,0,0,0,0,0,0,0,0,0,0
250475,1,1,1984,0,0,26,18,0,21,0,0,0,0
250476,0,1,1984,9,9,9,9,9,9,9,9,9,9
250476,1,1,1984,9,15,0,0,0,6,0,0,0,25
250477,1,1,1984,18,18,18,18,18,18,18,18,18,18
250478,0,1,1984,0,0,0,0,0,0,0,0,0,0
250478,1,1,1984,0,0,0,0,0,0,0,0,0,21
250479,1,1,1984,5,10,0,9,0,0,14,0,0,0
250480,1,1,1984,37,37,37,37,37,37,37,37,37,37
250481,0,1,1984,0,0,0,0,0,0,0,0,0,0
250481,1,1,1984,0,0,3,0,0,18,0,0,31,0
250482,0,1,1984,7,7,7,7,7,7,7,7,7,7
250482,1,1,1984,3,26,0,0,9,0,0,0,4,0
250483,0,1,1984,0,0,0,0,0,0,0,0,0,0
250483,1,1,1984,0,0,0,6,0,0,22,21,0,15
250484,1,1,1984,32,32,32,32,32,32,32,32,32,32
250485,0,1,1984,0,17,30,23,8,24,0,0,0,29
250485,1,1,1984,0,0,0,0,0,0,32,0,0,0
250486,1,1,1984,17,17,17,17,17,17,17,17,17,17
250487,1,1,1984,0,0,0,0,0,33,0,16,0,0
250488,1,1,1984,0,0,20,0,0,0,0,17,0,0
250488,2,1,1984,0,0,0,0,0,0,0,0,0,0
250488,3,1,1984,0,0,0,18,0,0,0,0,11,0
250489,1,1,1984,0,10,0,0,0,0,0,0,0,0
250489,2,1,1984,0,0,0,0,0,0,0,0,0,7
250490,1,1,1984,27,22,17,8,41,5,33,23,15,10
250491,1,1,1984,0,0,0,28,24,0,0,0,0,0
250492,0,1,1984,0,0,15,0,0,0,0,23,0,0
250492,1,1,1984,0,0,23,15,0,0,21,0,0,21
250493,1,1,1984,11,16,12,27,8,17,7,8,16,6
250494,1,1,1984,22,11,19,17,23,16,23,9,4,22
250495,1,1,1984,0,0,0,0,0,0,0,0,0,0
250496,1,1,1984,17,17,17,17,17,17,17,17,17,17
250496,2,1,1984,7,0,26,29,23,26,17,18,24,26
250497,1,1,1984,0,0,0,0,0,0,0,0,16,13
250497,2,1,1984,0,0,0,19,0,0,0,18,24,0
250498,1,1,1984,0,17,0,0,0,0,11,0,0,31
250498,2,1,1984,5,0,0,0,0,0,0,0,20,23
250499,1,1,1984,4,0,0,5,0,0,0,0,26,0
250499,2,1,1984,0,0,0,0,0,0,0,0,0,0
250500,1,1,1984,0,0,0,0,8,0,0,0,0,0
250500,2,1,1984,0,22,0,0,15,0,0,0,0,0
250501,0,1,1984,20,20,20,20,20,20,20,20,20,20
250501,1,1,1984,0,0,0,0,0,0,0,0,0,3
250502,0,1,1984,0,0,0,0,0,0,0,0,0,0
250502,1,1,1984,0,0,0,0,0,0,0,0,0,0
250503,1,1,1984,0,0,0,0,0,0,0,0,0,0
250503,2,1,1984,0,0,0,0,0,0,0,0,0,0
250504,1,1,1984,18,0,0,0,0,0,0,0,0,0
250504,2,1,1984,0,0,0,0,0,0,0,0,0,0
250504,3,1,1984,0,0,0,0,0,0,0,0,0,0
250505,0,1,1984,0,0,0,0,0,0,0,0,0,0
250505,0,2,1984,0,0,0,11,20,0,0,0,0,0
250505,1,1,1984,11,0,0,0,0,0,0,0,0,0
250506,1,1,1984,0,0,0,0,0,0,0,0,0,0
250506,2,1,1984,0,0,0,7,0,0,0,0,0,0
250506,3,1,1984,16,20,0,0,4,0,15,21,0,0
250507,1,1,1984,0,0,0,0,11,15,7,0,0,15
250507,2,1,1984,0,0,0,0,0,0,0,0,0,0
250508,1,1,1984,20,24,9,14,9,26,18,10,7,9
250509,1,1,1984,0,0,0,0,0,0,0,0,0,0
250510,1,1,1984,0,0,0,0,0,0,0,0,0,0
250511,1,1,1984,0,0,0,0,0,0,0,0,0,0
250512,1,1,1984,0,0,0,0,0,11,0,0,9,0
250512,2,1,1984,0,0,0,0,0,0,0,0,0,0
250513,1,1,1984,8,0,12,0,0,0,0,0,0,11
250513,2,1,1984,0,0,8,28,7,16,3,0,0,0
250513,3,1,1984,0,0,0,0,0,0,0,0,0,0
250514,1,1,1984,0,0,0,0,0,0,0,0,0,0
250514,2,1,1984,0,0,0,0,0,0,0,0,0,0
250514,3,1,1984,0,0,0,0,0,18,0,0,0,0
250515,0,1,1984,0,0,0,0,0,0,0,0,0,0
250515,1,1,1984,0,0,0,0,19,0,7,0,19,0
250516,1,1,1984,0,0,0,0,0,0,0,0,0,0
250516,2,1,1984,0,14,0,0,0,0,6,0,26,18
250517,1,1,1984,0,0,0,0,0,0,0,0,0,0
250518,0,1,1984,0,0,0,0,0,0,0,0,0,0
250518,1,1,1984,0,0,0,0,0,0,0,0,0,0
250519,1,1,1984,12,12,12,12,12,12,12,12,12,12
250520,1,1,1984,0,0,0,9,0,13,0,0,0,0
250520,2,1,1984,10,0,7,0,0,16,7,0,0,0
250521,1,1,1984,0,0,0,6,0,0,11,11,0,0
250521,2,1,1984,0,0,0,0,0,0,0,0,0,0
250522,1,1,1984,11,22,9,27,11,6,20,12,29,13
250522,2,1,1984,13,21,11,0,0,0,0,10,15,0
250523,1,1,1984,25,25,25,25,25,25,25,25,25,25
250523,2,1,1984,13,11,20,18,15,0,26,37,27,13
250524,1,1,1984,0,23,0,0,12,0,6,0,6,0
250524,2,1,1984,0,0,17,0,15,0,0,16,20,2
250525,1,1,1984,0,0,0,0,13,12,0,0,0,9
250525,2,1,1984,0,7,17,0,16,0,0,0,0,0
250526,1,1,1984,13,13,13,13,13,13,13,13,13,13
250526,2,1,1984,0,3,0,0,0,18,0,7,0,0
250526,3,1,1984,0,0,0,0,0,0,0,0,0,13
250527,0,1,1984,0,0,0,12,14,16,15,27,0,0
250527,1,1,1984,0,0,0,0,0,0,0,0,0,0
250527,2,1,1984,0,0,24,0,0,0,0,0,0,0
250528,1,1,1984,0,0,0,0,31,0,0,0,0,0
250528,2,1,1984,0,24,0,0,16,0,0,0,0,14
250529,1,1,1984,0,0,21,0,0,14,0,0,0,0
250529,2,1,1984,0,0,0,0,0,0,0,0,0,0
250530,1,1,1984,0,0,0,0,0,0,0,0,0,0
250531,0,1,1984,0,0,0,0,0,0,0,0,0,0
250531,1,1,1984,0,0,0,0,0,0,0,0,0,0
250532,0,1,1984,0,0,0,0,0,0,0,0,0,0
250532,1,1,1984,0,0,0,0,0,0,0,0,0,0
250532,2,1,1984,0,17,0,15,0,17,0,0,0,15
250533,0,1,1984,2,2,2,2,2,2,2,2,2,2
250533,1,1,1984,0,0,0,0,0,0,0,0,0,0
250533,2,1,1984,0,0,17,0,0,0,0,0,18,0
250534,1,1,1984,0,0,0,0,0,0,0,0,0,0
250534,2,1,1984,21,0,17,7,9,16,0,9,10,0
250535,1,1,1984,0,0,0,0,0,0,0,0,0,0
250535,2,1,1984,0,0,0,13,21,0,0,3,0,0
250535,3,1,1984,14,0,0,0,0,0,0,0,0,0
250536,1,1,1984,0,0,0,0,17,0,0,11,0,16
250536,2,1,1984,0,0,6,0,0,0,0,0,0,0
250536,3,1,1984,0,0,0,0,0,0,0,0,0,0
250538,1,1,1984,8,0,11,0,16,0,0,12,0,0
250538,2,1,1984,0,14,0,16,13,14,18,0,17,0
250538,3,1,1984,0,0,0,0,0,0,0,0,0,0
250539,1,1,1984,14,14,14,14,14,14,14,14,14,14
250539,2,1,1984,8,0,0,0,0,0,0,0,0,0
250539,3,1,1984,4,10,4,10,0,0,20,6,17,12
250540,1,1,1984,0,0,0,0,0,0,0,0,0,0
250540,2,1,1984,0,0,0,0,0,12,0,0,0,0
250540,3,1,1984,0,0,0,0,0,0,0,0,0,0
250540,4,1,1984,0,0,0,0,5,0,0,0,0,0
250540,5,1,1984,0,0,0,0,0,0,0,0,0,0
250542,0,1,1984,29,29,29,29,29,29,29,29,29,29
250542,1,1,1984,0,0,0,0,0,0,0,41,4,0
250543,1,1,1984,0,0,0,0,0,0,0,0,0,0
250544,1,1,1984,18,9,0,0,0,0,0,17,0,17
250545,0,1,1984,0,0,0,0,0,0,0,0,0,0
250545,1,1,1984,0,0,0,0,0,0,0,0,0,0
250546,1,1,1984,6,0,16,0,0,15,0,0,0,6
250546,2,1,1984,23,28,6,3,15,0,39,0,19,19
250547,1,1,1984,26,26,26,26,26,26,26,26,26,26
250548,1,1,1984,28,10,0,0,0,18,0,0,0,0
250549,1,1,1984,0,0,0,0,0,0,0,0,11,0
250549,2,1,1984,0,0,0,0,0,0,0,0,0,0
250550,1,1,1984,0,5,0,0,0,0,0,0,0,0
250550,2,1,1984,0,4,20,15,17,0,3,4,3,15
250551,1,1,1984,0,0,0,0,0,6,0,11,0,0
250551,2,1,1984,22,0,0,0,0,0,0,0,17,0
250552,1,1,1984,5,14,10,5,11,18,27,28,10,23
250552,2,1,1984,0,0,0,0,0,0,0,0,0,0
250553,1,1,1984,0,0,0,0,0,0,0,0,0,0
250553,2,1,1984,0,0,0,0,0,0,17,17,16,0
250554,1,1,1984,22,22,22,22,22,22,22,22,22,22
250555,1,1,1984,0,0,0,0,0,0,0,18,0,8
250555,2,1,1984,0,0,0,0,0,0,0,0,14,0
250556,0,1,1984,22,29,0,0,0,0,29,0,0,18
250556,1,1,1984,17,0,0,0,26,0,29,0,17,21
250557,1,1,1984,17,17,17,17,17,17,17,17,17,17
250557,2,1,1984,0,0,0,0,0,0,0,0,0,0
250558,1,1,1984,19,19,19,19,19,19,19,19,19,19
250558,2,1,1984,0,0,0,19,0,0,0,0,0,0
250559,1,1,1984,0,0,0,0,0,0,0,0,0,0
250559,2,1,1984,0,0,0,0,0,0,0,0,0,0
250560,1,1,1984,0,0,0,0,0,0,0,0,0,0
250561,1,1,1984,0,0,0,0,0,0,0,0,0,0
250561,2,1,1984,0,0,0,0,0,0,0,0,0,0
250562,1,1,1984,15,15,15,15,15,15,15,15,15,15
250563,1,1,1984,15,0,13,15,26,14,22,25,27,15
250564,1,1,1984,0,12,21,3,10,0,14,7,22,14
250565,1,1,1984,19,19,19,19,19,19,19,19,19,19
250566,0,1,1984,27,27,27,27,27,27,27,27,27,27
250566,1,1,1984,0,0,20,0,0,0,0,0,0,14
250567,1,1,1984,0,0,0,0,0,0,0,0,0,0
250567,2,1,1984,0,0,0,0,0,0,0,0,0,19
250567,3,1,1984,0,0,0,0,0,0,0,0,0,0
250567,4,1,1984,0,0,0,0,0,3,9,0,0,0
250568,1,1,1984,0,0,0,0,0,0,0,0,0,0
250568,2,1,1984,0,0,0,0,0,0,0,0,0,0
250569,1,1,1984,0,0,0,0,0,0,0,0,11,0
250569,2,1,1984,0,0,0,0,0,0,0,0,0,0
250570,1,1,1984,15,15,15,15,15,15,15,15,15,15
250571,1,1,1984,0,6,0,0,0,0,0,5,12,0
250571,2,1,1984,0,14,0,5,0,6,0,0,0,0
250572,1,1,1984,0,0,0,9,15,7,0,0,0,0
250572,2,1,1984,9,9,9,9,9,9,9,9,9,9
250573,1,1,1984,0,20,32,23,13,0,14,6,15,9
250573,2,1,1984,0,27,0,0,0,0,16,5,0,0
250574,1,1,1984,0,0,0,0,0,0,0,0,0,0
250574,2,1,1984,0,0,0,0,20,11,0,0,0,0
250575,1,1,1984,0,0,16,0,5,0,0,0,0,13
250575,2,1,1984,20,20,20,20,20,20,20,20,20,20
250575,3,1,1984,10,0,0,10,0,11,27,17,0,0
250575,4,1,1984,19,0,0,14,4,28,0,21,0,15
250575,5,1,1984,8,8,10,0,0,0,8,0,0,0
250576,1,1,1984,3,12,10,5,26,4,14,25,13,10
250577,0,1,1984,28,28,28,28,28,28,28,28,28,28
250577,1,1,1984,17,17,17,17,17,17,17,17,17,17
250578,1,1,1984,18,16,3,11,10,11,1,14,19,21
250579,0,1,1984,0,20,22,4,28,29,6,22,51,16
250579,1,1,1984,8,0,15,11,8,22,24,0,0,12
250580,1,1,1984,9,3,0,14,23,17,19,24,7,13
250582,1,1,1984,19,19,19,19,19,19,19,19,19,19
250584,1,1,1984,16,16,16,16,16,16,16,16,16,16
250585,0,1,1984,0,0,0,0,0,0,0,0,0,0
250585,1,1,1984,0,0,0,0,0,0,0,0,0,0
250586,1,1,1984,0,22,20,16,21,24,20,27,21,27
250587,0,1,1984,0,0,0,0,0,0,0,0,0,0
250587,1,1,1984,0,0,0,0,0,0,0,0,0,16
250588,1,1,1984,0,0,0,23,0,0,0,0,0,29
250592,1,1,1984,0,0,0,0,0,0,0,0,0,0
250592,2,1,1984,0,15,0,0,6,19,0,15,8,19
250593,1,1,1984,23,23,23,23,23,23,23,23,23,23
250594,1,1,1984,0,15,0,0,0,0,0,0,0,0
250594,2,1,1984,0,0,0,0,0,0,0,0,0,0
250595,1,1,1984,19,19,19,19,19,19,19,19,19,19
250595,2,1,1984,0,0,6,9,24,0,0,0,0,7
250595,3,1,1984,0,0,13,0,0,0,0,0,0,0
250596,1,1,1984,25,25,25,25,25,25,25,25,25,25
250597,0,1,1984,0,0,0,0,0,0,0,0,0,0
250597,1,1,1984,10,0,18,0,4,0,0,0,0,15
250597,2,1,1984,0,12,20,25,0,0,0,8,0,0
250599,1,1,1984,9,11,13,31,19,7,39,4,21,11
250600,1,1,1984,16,16,16,16,16,16,16,16,16,16
250601,1,1,1984,21,21,21,21,21,21,21,21,21,21
250601,2,1,1984,30,0,13,10,6,25,1,14,17,25
250602,1,1,1984,16,0,0,6,0,0,0,0,0,0
250602,2,1,1984,0,0,0,0,0,0,6,0,0,0
250603,1,1,1984,15,14,15,10,15,12,16,0,21,18
250603,2,1,1984,0,0,0,0,0,0,0,0,0,0
250603,3,1,1984,0,0,0,0,0,0,0,0,0,0
250603,4,1,1984,0,0,0,0,0,0,15,0,0,0
250604,1,1,1984,0,0,0,0,0,0,0,0,0,0
250605,1,1,1984,14,14,14,14,14,14,14,14,14,14
250605,2,1,1984,0,0,21,20,0,0,10,0,0,0
250606,1,1,1984,0,0,0,0,0,0,0,0,0,0
250606,2,1,1984,0,0,0,0,0,0,0,0,0,0
250607,1,1,1984,28,28,28,28,28,28,28,28,28,28
250607,2,1,1984,0,0,0,0,7,0,10,0,9,0
250608,0,1,1984,0,24,26,38,15,6,0,0,16,0
250608,0,2,1984,0,0,0,0,0,0,0,0,0,0
250608,0,3,1984,26,17,0,0,26,18,15,32,22,21
250609,1,1,1984,16,16,16,16,16,16,16,16,16,16
250610,1,1,1984,8,8,8,8,8,8,8,8,8,8
250610,2,1,1984,0,21,0,21,0,10,0,0,21,0
250610,3,1,1984,0,19,0,0,9,26,20,0,7,0
250611,0,1,1984,0,28,25,20,26,0,0,21,13,17
250611,1,1,1984,20,3,0,9,15,11,0,0,0,25
250612,1,1,1984,21,9,20,7,13,15,24,12,5,23
250613,1,1,1984,0,0,0,0,0,0,3,0,12,0
250613,2,1,1984,0,0,0,0,0,0,12,0,8,0
250614,1,1,1984,0,0,0,0,0,0,0,0,35,0