ST_CASE,VEH_NO,PER_NO,YEAR,P1,P2,P3,P4,P5,P6,P7,P8,P9,P10
250614,2,1,1984,0,0,0,0,0,0,0,0,0,0
250615,1,1,1984,7,7,7,7,7,7,7,7,7,7
250616,1,1,1984,19,19,19,19,19,19,19,19,19,19
250616,2,1,1984,15,19,34,0,0,0,23,9,0,21
250617,1,1,1984,19,4,0,0,13,11,0,25,0,0
250617,2,1,1984,0,0,0,0,7,0,0,0,0,0
250618,1,1,1984,20,20,20,20,20,20,20,20,20,20
250618,2,1,1984,0,0,0,0,0,0,0,0,0,0
250619,0,1,1984,8,0,0,35,21,0,0,16,8,31
250619,0,2,1984,18,31,27,13,33,33,21,19,30,14
250619,1,1,1984,6,6,6,6,6,6,6,6,6,6
250620,1,1,1984,22,5,14,7,7,0,0,0,11,19
250620,2,1,1984,19,10,25,0,17,19,0,15,0,19
250620,3,1,1984,0,11,4,0,18,13,3,0,0,24
250621,1,1,1984,14,6,27,17,22,25,29,7,13,25
250622,0,1,1984,15,0,0,0,0,0,0,0,0,0
250622,0,2,1984,0,0,0,0,8,0,0,0,0,0
250622,1,1,1984,0,0,0,17,0,0,0,0,0,0
250623,1,1,1984,0,0,0,0,0,0,0,0,0,0
260001,0,1,1984,0,0,0,0,0,0,0,0,0,0
260001,1,1,1984,3,3,3,3,3,3,3,3,3,3
260002,1,1,1984,18,18,18,18,18,18,18,18,18,18
260003,1,1,1984,19,0,0,0,7,9,0,15,19,0
260003,2,1,1984,0,0,0,0,0,0,0,0,0,0
260004,1,1,1984,0,0,0,0,0,12,0,0,0,0
260004,2,1,1984,0,0,0,0,0,27,0,0,0,0
260005,1,1,1984,0,0,0,0,0,0,0,0,0,0
260005,2,1,1984,0,0,0,0,0,0,0,0,0,0
260006,1,1,1984,17,17,17,17,17,17,17,17,17,17
260007,0,1,1984,0,0,0,0,0,0,0,0,0,0
260007,1,1,1984,0,0,0,0,0,0,0,0,0,0
260008,1,1,1984,0,0,0,0,0,0,0,0,0,0
260008,2,1,1984,0,0,0,0,0,0,0,0,0,0
260009,0,1,1984,0,0,0,0,0,0,0,0,0,0
260009,1,1,1984,0,0,0,0,0,0,0,0,0,0
260010,0,1,1984,0,0,0,0,0,17,0,0,0,0
260010,1,1,1984,0,0,0,0,0,0,0,0,0,0
260011,1,1,1984,24,24,24,24,24,24,24,24,24,24
260012,1,1,1984,0,0,0,0,0,0,0,0,0,0
260013,1,1,1984,4,4,4,4,4,4,4,4,4,4
260013,2,1,1984,0,0,16,18,11,0,12,0,0,19
260014,1,1,1984,0,0,0,0,0,0,0,0,0,0
260014,2,1,1984,0,0,0,0,0,0,0,0,0,0
260015,1,1,1984,37,37,37,37,37,37,37,37,37,37
260016,1,1,1984,0,0,0,0,0,0,0,0,0,0
260016,2,1,1984,0,0,0,0,0,0,0,0,0,0
260017,1,1,1984,14,14,14,14,14,14,14,14,14,14
260017,2,1,1984,0,0,0,0,0,0,0,0,0,0
260018,1,1,1984,21,0,21,0,3,0,0,19,11,0
260019,1,1,1984,16,16,16,16,16,16,16,16,16,16
260020,1,1,1984,30,30,30,30,30,30,30,30,30,30
260021,1,1,1984,27,27,27,27,27,27,27,27,27,27
260021,2,1,1984,31,0,0,0,0,13,0,9,0,0
260022,0,1,1984,0,0,0,0,0,0,0,0,0,0
260022,1,1,1984,0,0,8,0,0,0,0,0,0,0
260023,0,1,1984,0,12,7,12,17,11,0,24,20,27
260023,1,1,1984,12,24,13,16,16,13,24,9,30,10
260024,0,1,1984,21,30,11,22,24,14,39,34,36,10
260024,1,1,1984,0,0,0,13,0,0,0,13,0,0
260025,1,1,1984,0,0,0,0,0,0,0,0,0,0
260025,2,1,1984,0,0,0,0,0,0,0,0,0,0
260026,1,1,1984,0,0,0,0,0,0,0,0,0,0
260026,2,1,1984,0,0,0,0,0,0,0,0,0,0
260026,3,1,1984,0,0,0,0,0,0,0,0,0,0
260027,0,1,1984,15,15,15,15,15,15,15,15,15,15
260027,1,1,1984,0,16,0,0,23,28,17,10,0,0
260028,1,1,1984,21,35,25,11,28,12,17,16,16,24
260029,1,1,1984,0,0,0,0,0,0,0,0,0,0
260029,2,1,1984,0,0,0,0,0,0,0,0,0,0
260030,1,1,1984,22,0,0,27,9,16,0,14,0,12
260031,0,1,1984,0,0,0,0,0,0,0,0,0,0
260031,1,1,1984,0,0,0,0,0,0,0,0,0,0
260032,1,1,1984,0,0,0,0,0,0,0,0,0,0
260032,2,1,1984,0,0,0,0,0,0,0,0,0,0
260033,1,1,1984,0,0,0,0,0,0,0,0,0,0
260034,1,1,1984,0,0,0,0,0,0,0,0,0,0
260034,2,1,1984,0,0,0,0,0,0,0,0,0,0
260035,1,1,1984,25,20,11,7,19,6,15,0,0,18
260036,0,1,1984,0,0,0,0,16,0,0,0,0,0
260036,1,1,1984,0,0,0,0,0,0,0,11,13,0
260037,1,1,1984,0,0,0,0,8,0,0,0,0,0
260037,2,1,1984,0,0,0,0,0,0,0,0,0,0
260038,1,1,1984,0,4,0,0,0,0,0,0,0,6
260038,2,1,1984,0,0,0,0,0,0,14,0,0,0
260038,3,1,1984,0,0,0,0,0,0,0,0,0,0
260038,4,1,1984,13,0,9,0,6,0,0,0,0,0
260039,1,1,1984,21,21,21,21,21,21,21,21,21,21
260039,2,1,1984,0,0,0,0,0,0,0,0,0,0
260040,1,1,1984,10,10,10,10,10,10,10,10,10,10
260041,0,1,1984,0,0,0,0,0,0,0,0,0,0
260041,1,1,1984,11,19,13,26,16,16,16,2,7,14
260041,3,1,1984,0,0,0,0,0,0,0,0,0,0
260041,4,1,1984,0,0,0,0,0,30,0,0,9,0
260041,5,1,1984,0,6,0,0,0,0,0,0,6,0
260041,6,1,1984,0,8,0,0,0,0,0,0,0,0
260042,1,1,1984,0,0,0,0,0,0,0,0,0,0
260042,2,1,1984,0,0,0,0,0,0,9,0,0,0
260043,1,1,1984,8,14,0,0,0,0,0,0,0,0
260044,1,1,1984,0,0,0,0,0,0,0,0,0,0
260044,2,1,1984,0,0,0,0,0,0,0,0,0,0
260045,0,1,1984,0,0,0,0,0,20,0,15,0,0
260045,1,1,1984,0,0,0,0,0,0,0,0,0,0
260046,0,1,1984,3,3,3,3,3,3,3,3,3,3
260046,1,1,1984,0,0,9,0,20,0,6,0,0,0
260047,1,1,1984,0,0,0,0,0,0,0,0,0,0
260047,2,1,1984,0,0,0,0,0,0,0,0,0,0
260048,1,1,1984,8,8,8,8,8,8,8,8,8,8
260048,2,1,1984,0,0,0,0,0,0,0,0,0,0
260049,0,1,1984,20,21,21,0,9,35,0,0,20,37
260049,1,1,1984,15,15,15,15,15,15,15,15,15,15
260050,1,1,1984,0,0,0,0,0,0,0,0,0,0
260050,2,1,1984,0,0,0,0,0,0,0,0,0,0
260051,0,1,1984,1,1,1,1,1,1,1,1,1,1
260051,1,1,1984,0,0,0,0,0,0,0,0,0,0
260051,3,1,1984,0,0,0,0,0,0,0,0,0,0
260052,0,1,1984,19,19,19,19,19,19,19,19,19,19
260052,1,1,1984,0,0,0,0,0,0,0,0,0,0
260053,0,1,1984,8,8,8,8,8,8,8,8,8,8
260053,1,1,1984,7,7,7,7,7,7,7,7,7,7
260054,1,1,1984,31,11,7,27,10,29,3,19,12,8
260055,1,1,1984,0,0,0,0,0,0,0,0,0,0
260055,2,1,1984,17,0,0,21,0,0,0,0,14,13
260055,3,1,1984,8,0,0,0,0,0,0,0,0,0
260056,1,1,1984,0,0,16,0,0,13,0,0,0,0
260056,2,1,1984,0,0,0,0,0,0,0,0,0,0
260057,1,1,1984,0,0,0,0,0,0,0,0,0,0
260057,2,1,1984,12,19,0,29,8,0,14,0,5,13
260057,3,1,1984,0,0,0,0,0,0,0,0,0,0
260058,0,1,1984,0,0,0,21,0,0,0,0,0,0
260058,1,1,1984,10,10,10,10,10,10,10,10,10,10
260059,0,1,1984,0,0,0,0,0,0,0,0,0,0
260059,1,1,1984,0,0,0,0,0,0,0,0,0,0
260060,1,1,1984,16,16,16,16,16,16,16,16,16,16
260060,2,1,1984,0,0,0,0,0,0,0,0,0,0
260061,0,1,1984,0,0,0,0,0,0,0,0,0,0
260061,1,1,1984,0,0,0,0,13,21,0,0,0,0
260062,1,1,1984,0,0,0,0,0,0,0,0,0,0
260062,2,1,1984,0,0,0,0,0,0,0,0,0,0
260063,1,1,1984,0,0,0,0,0,0,0,0,0,0
260063,2,1,1984,0,0,0,0,0,0,0,0,0,0
260064,1,1,1984,7,19,8,22,21,16,18,17,20,10
260065,1,1,1984,0,16,0,0,0,0,0,0,0,0
260065,2,1,1984,0,6,0,0,0,0,0,0,0,0
260066,1,1,1984,0,0,0,0,0,0,0,0,0,0
260066,2,1,1984,0,0,0,0,0,0,0,0,0,0
260067,1,1,1984,0,0,0,0,0,0,0,0,0,0
260067,2,1,1984,0,0,0,0,0,0,0,0,0,0
260067,3,1,1984,0,0,0,0,0,0,0,0,0,0
260068,1,1,1984,4,0,0,0,14,0,0,0,0,0
260068,2,1,1984,0,0,0,0,0,0,0,0,0,0
260069,1,1,1984,16,0,0,0,0,0,0,0,0,0
260069,2,1,1984,0,0,0,0,0,0,0,0,0,0
260070,1,1,1984,20,20,20,20,20,20,20,20,20,20
260070,2,1,1984,0,0,0,0,0,0,0,0,0,0
260071,0,1,1984,0,0,0,0,0,0,0,0,0,0
260071,1,1,1984,0,0,0,0,0,0,0,0,0,0
260072,1,1,1984,31,31,31,31,31,31,31,31,31,31
260073,1,1,1984,0,0,0,0,0,24,0,0,0,0
260074,0,1,1984,20,20,20,20,20,20,20,20,20,20
260074,1,1,1984,0,0,0,0,0,0,0,0,0,0
260075,1,1,1984,0,24,0,0,0,0,0,5,0,0
260075,2,1,1984,0,0,0,0,0,0,0,0,0,0
260076,1,1,1984,0,0,0,0,0,0,0,0,0,0
260076,2,1,1984,0,0,0,0,7,0,0,0,6,0
260076,3,1,1984,0,8,0,0,0,0,0,0,0,0
260077,1,1,1984,0,0,0,0,0,0,0,0,0,0
260078,0,1,1984,5,0,13,7,0,19,0,0,6,11
260078,0,2,1984,0,0,0,0,0,0,0,0,0,0
260078,1,1,1984,0,0,0,0,0,0,0,0,0,0
260079,1,1,1984,0,0,0,0,0,0,0,25,0,0
260079,2,1,1984,26,26,26,26,26,26,26,26,26,26
260080,1,1,1984,0,0,0,0,0,4,0,0,20,0
260080,2,1,1984,0,0,0,0,0,0,0,0,0,0
260081,1,1,1984,0,13,0,15,10,0,0,0,0,18
260081,2,1,1984,3,3,3,3,3,3,3,3,3,3
260082,1,1,1984,16,14,26,19,32,9,10,20,16,16
260083,1,1,1984,0,0,0,0,0,0,0,0,0,0
260083,2,1,1984,7,7,7,7,7,7,7,7,7,7
260083,3,1,1984,0,0,0,0,0,0,0,0,0,0
260084,1,1,1984,16,16,16,16,16,16,16,16,16,16
260085,0,1,1984,0,0,0,0,0,0,0,0,0,0
260085,1,1,1984,0,0,0,0,12,0,0,0,9,0
260086,1,1,1984,0,0,0,0,0,0,0,0,0,0
260086,2,1,1984,0,0,10,0,0,0,0,0,0,0
260087,1,1,1984,0,0,0,0,0,0,0,0,0,0
260087,2,1,1984,0,0,0,0,0,0,0,0,0,0
260088,0,1,1984,16,16,16,16,16,16,16,16,16,16
260088,1,1,1984,0,0,0,0,0,20,0,14,0,11
260088,2,1,1984,0,0,0,0,0,11,0,0,0,0
260088,3,1,1984,0,13,0,0,0,0,0,0,0,23
260089,1,1,1984,18,14,26,4,25,18,13,34,20,20
260090,1,1,1984,0,0,0,0,0,0,0,0,0,0
260090,2,1,1984,0,0,0,0,0,0,0,0,0,0
260091,0,1,1984,0,0,0,0,0,0,0,0,0,0
260091,1,1,1984,0,0,0,0,0,0,0,0,0,0
260092,1,1,1984,19,19,19,19,19,19,19,19,19,19
260093,1,1,1984,0,0,7,16,21,33,4,21,9,25
260093,2,1,1984,17,17,17,17,17,17,17,17,17,17
260094,1,1,1984,27,27,27,27,27,27,27,27,27,27
260095,1,1,1984,0,0,0,0,0,0,0,0,0,0
260095,2,1,1984,0,0,0,23,0,0,0,0,0,0
260096,1,1,1984,22,22,22,22,22,22,22,22,22,22
260097,1,1,1984,0,0,0,0,0,0,0,0,0,0
260097,2,1,1984,24,0,0,0,0,10,0,0,0,0
260098,1,1,1984,25,25,25,25,25,25,25,25,25,25
260098,2,1,1984,6,10,10,10,17,17,4,18,13,10
260099,0,1,1984,0,0,0,0,0,0,0,0,0,0
260099,1,1,1984,0,23,0,0,0,0,51,0,7,0
260100,1,1,1984,22,22,22,22,22,22,22,22,22,22
260100,2,1,1984,14,0,0,0,0,0,0,5,0,0
260101,1,1,1984,0,0,0,0,0,0,0,0,0,0
260101,2,1,1984,17,0,0,0,0,0,14,0,0,0
260101,3,1,1984,0,0,0,0,0,0,0,0,0,0
260102,1,1,1984,0,0,0,0,6,0,0,0,0,0
260102,2,1,1984,0,0,0,12,0,0,0,0,0,0
260103,1,1,1984,32,32,32,32,32,32,32,32,32,32
260103,2,1,1984,16,16,16,16,16,16,16,16,16,16
260104,1,1,1984,16,16,16,16,16,16,16,16,16,16
260104,2,1,1984,0,0,0,0,0,0,0,0,0,0
260105,0,1,1984,30,30,30,30,30,30,30,30,30,30
260105,1,1,1984,0,0,0,0,0,0,14,0,0,0
260106,1,1,1984,0,0,0,0,0,0,0,0,0,0
260106,2,1,1984,0,0,0,0,0,0,0,0,0,0
260107,1,1,1984,22,22,22,22,22,22,22,22,22,22
260107,2,1,1984,0,0,0,0,0,0,0,0,0,0
260107,3,1,1984,0,0,0,0,0,0,0,0,0,0
260108,0,1,1984,0,0,0,0,0,0,0,0,0,0
260108,1,1,1984,0,0,0,0,0,0,0,0,0,27
260109,1,1,1984,0,0,0,0,0,0,0,0,0,0
260109,2,1,1984,0,0,0,0,0,0,0,0,0,0
260110,1,1,1984,20,20,20,20,20,20,20,20,20,20
260111,0,1,1984,29,29,29,29,29,29,29,29,29,29
260111,1,1,1984,0,20,8,17,0,9,14,9,33,16
260112,1,1,1984,0,0,14,0,0,0,30,0,0,0
260113,1,1,1984,22,22,22,22,22,22,22,22,22,22
260113,2,1,1984,0,0,0,0,0,0,0,0,0,33
260114,1,1,1984,0,0,0,0,0,0,0,0,0,0
260115,1,1,1984,16,16,16,16,16,16,16,16,16,16
260116,1,1,1984,14,13,13,19,17,5,0,24,8,22
260117,1,1,1984,0,0,0,0,0,0,0,0,0,0
260117,2,1,1984,0,9,0,0,0,0,0,0,0,0
260117,3,1,1984,0,0,0,0,0,0,0,0,0,0
260118,1,1,1984,0,0,0,0,0,0,0,0,0,0
260118,2,1,1984,0,0,0,0,0,0,0,0,0,0
260118,3,1,1984,0,0,0,0,0,0,0,0,0,0
260119,1,1,1984,13,0,0,0,0,0,0,0,0,0
260119,2,1,1984,0,0,0,0,0,0,0,0,0,0
260120,1,1,1984,0,0,0,0,0,0,0,0,0,0
260120,2,1,1984,0,0,0,0,0,0,0,0,0,0
260121,1,1,1984,0,0,0,0,0,0,0,0,0,0
260121,2,1,1984,0,0,0,0,0,0,0,0,0,0
260122,1,1,1984,9,9,9,9,9,9,9,9,9,9
260122,2,1,1984,0,0,0,11,0,10,0,0,0,6
260122,3,1,1984,0,0,0,0,0,0,0,16,0,0
260123,1,1,1984,8,8,8,8,8,8,8,8,8,8
260124,1,1,1984,0,0,0,0,0,0,0,0,0,0
260124,2,1,1984,0,0,0,0,0,0,0,0,0,0
260126,1,1,1984,0,0,0,0,0,0,0,0,0,0
260126,2,1,1984,13,13,13,13,13,13,13,13,13,13
260127,1,1,1984,21,21,21,21,21,21,21,21,21,21
260128,1,1,1984,0,0,0,0,0,0,0,0,0,0
260128,2,1,1984,0,0,0,0,0,0,0,0,0,0
260129,0,1,1984,14,14,14,14,14,14,14,14,14,14
260129,1,1,1984,0,0,0,0,0,0,0,0,0,0
260130,1,1,1984,10,28,7,21,21,44,30,20,0,20
260131,0,1,1984,0,0,0,0,0,0,0,0,0,0
260131,1,1,1984,5,0,0,19,0,0,0,0,0,0
260132,1,1,1984,24,19,15,19,5,13,13,10,6,18
260133,1,1,1984,29,29,29,29,29,29,29,29,29,29
260133,2,1,1984,0,0,0,0,0,0,0,0,0,0
260134,1,1,1984,13,13,13,13,13,13,13,13,13,13
260135,1,1,1984,0,0,0,0,0,0,0,0,0,0
260135,2,1,1984,0,0,0,0,0,0,0,0,0,0
260136,1,1,1984,0,0,0,0,0,0,0,0,0,0
260136,2,1,1984,0,0,0,0,0,0,0,0,0,0
260137,1,1,1984,0,0,0,0,0,0,0,0,0,0
260137,2,1,1984,0,0,0,0,0,0,0,0,0,0
260138,1,1,1984,0,0,0,0,15,0,0,0,0,0
260138,2,1,1984,0,0,0,0,0,0,18,0,8,0
260139,0,1,1984,0,0,0,0,0,0,0,0,0,0
260139,1,1,1984,0,15,21,17,14,5,8,8,36,7
260140,1,1,1984,19,5,15,7,18,20,16,8,29,23
260140,2,1,1984,0,0,9,0,0,0,0,0,0,0
260141,1,1,1984,0,31,0,31,0,0,11,15,0,15
260142,1,1,1984,21,19,22,4,16,22,19,24,13,12
260143,1,1,1984,0,0,0,0,9,0,0,0,0,0
260143,2,1,1984,0,0,0,0,0,0,0,0,0,0
260144,1,1,1984,0,0,0,0,0,0,0,0,0,0
260145,1,1,1984,5,9,21,11,21,13,16,22,17,7
260146,1,1,1984,12,20,0,38,16,16,15,0,16,0
260147,1,1,1984,0,0,0,0,0,0,0,0,0,0
260147,2,1,1984,9,9,9,9,9,9,9,9,9,9
260148,1,1,1984,16,0,24,0,0,0,0,0,0,0
260149,1,1,1984,30,30,30,30,30,30,30,30,30,30
260149,2,1,1984,0,0,0,0,0,0,0,0,0,0
260150,1,1,1984,12,23,2,18,17,8,23,21,29,12
260151,1,1,1984,0,0,0,13,0,0,0,0,0,0
260151,2,1,1984,0,0,0,0,0,0,0,0,0,0
260152,1,1,1984,14,11,19,18,3,13,3,14,14,14
260153,1,1,1984,14,10,6,15,19,12,26,9,7,17
260154,1,1,1984,0,0,0,0,0,0,0,18,0,0
260154,2,1,1984,0,0,0,0,0,0,0,0,0,0
260155,1,1,1984,0,0,0,0,0,0,0,0,0,0
260155,2,1,1984,0,0,0,0,0,18,0,14,0,0
260156,1,1,1984,12,0,0,0,0,0,6,0,0,0
260157,1,1,1984,0,0,0,0,0,0,0,0,0,0
260158,0,1,1984,31,31,31,31,31,31,31,31,31,31
260158,1,1,1984,0,0,25,0,9,0,0,0,0,0
260159,1,1,1984,0,0,0,0,0,0,0,0,0,4
260159,2,1,1984,0,0,0,0,0,0,0,0,0,16
260160,1,1,1984,20,20,20,20,20,20,20,20,20,20
260161,1,1,1984,0,0,0,0,0,0,0,0,0,0
260162,1,1,1984,0,0,0,0,0,0,0,0,0,0
260162,2,1,1984,0,0,0,0,0,0,0,0,0,0
260163,1,1,1984,26,26,26,26,26,26,26,26,26,26
260164,1,1,1984,0,0,0,0,0,0,0,0,0,0
260165,1,1,1984,18,18,18,18,18,18,18,18,18,18
260166,1,1,1984,0,0,0,0,0,0,0,0,0,0
260166,2,1,1984,0,0,0,0,0,0,0,0,0,0
260167,1,1,1984,13,13,13,13,13,13,13,13,13,13
260168,1,1,1984,14,14,14,14,14,14,14,14,14,14
260168,2,1,1984,0,0,0,0,0,0,0,0,0,0
260169,1,1,1984,0,0,0,0,0,0,0,0,0,0
260170,1,1,1984,0,0,0,0,0,0,0,0,0,0
260170,2,1,1984,11,0,0,0,0,0,0,0,0,0
260171,1,1,1984,16,16,16,16,16,16,16,16,16,16
260171,2,1,1984,14,14,14,14,14,14,14,14,14,14
260172,1,1,1984,0,0,0,0,0,0,0,0,0,0
260172,2,1,1984,0,0,0,0,0,0,0,0,0,0
260173,1,1,1984,0,0,0,0,0,0,17,0,0,0
260173,2,1,1984,0,0,0,0,0,12,0,0,0,0
260174,1,1,1984,0,0,0,0,0,9,0,0,0,0
260174,2,1,1984,0,0,0,0,0,0,0,0,0,0
260175,1,1,1984,0,0,0,0,0,20,0,0,0,0
260176,1,1,1984,26,26,26,26,26,26,26,26,26,26
260176,2,1,1984,13,0,0,0,0,10,0,0,0,8
260177,1,1,1984,15,15,15,15,15,15,15,15,15,15
260178,1,1,1984,0,0,0,0,0,0,0,0,0,0
260178,2,1,1984,0,0,0,0,0,0,17,0,0,0
260178,3,1,1984,0,0,0,0,0,0,0,0,0,0
260178,4,1,1984,0,0,0,0,0,0,0,0,0,0
260179,1,1,1984,30,30,30,30,30,30,30,30,30,30
260180,1,1,1984,9,9,9,9,9,9,9,9,9,9
260180,2,1,1984,0,0,0,8,0,0,0,0,0,8
260181,0,1,1984,0,0,0,0,0,0,9,0,9,0
260181,1,1,1984,0,0,0,0,0,0,0,0,0,0
260182,1,1,1984,16,16,16,16,16,16,16,16,16,16
260182,2,1,1984,0,13,0,0,0,0,0,0,0,0
260182,3,1,1984,0,0,0,0,0,0,0,0,0,0
260182,4,1,1984,0,0,0,0,0,0,0,0,0,0
260183,1,1,1984,10,11,14,17,17,6,9,11,13,15
260183,2,1,1984,0,0,0,0,0,0,0,0,0,0
260184,1,1,1984,0,0,0,0,0,0,0,0,0,0
260184,2,1,1984,0,0,0,0,0,0,0,0,0,0
260185,0,1,1984,0,0,0,0,0,0,19,0,0,0
260185,0,2,1984,0,0,0,0,0,0,0,0,0,0
260185,1,1,1984,0,0,0,0,0,0,0,0,0,0
260185,2,1,1984,0,0,0,0,0,0,0,0,0,0
260186,1,1,1984,0,0,0,0,0,0,0,0,0,0
260187,1,1,1984,0,0,0,0,0,0,0,0,0,0
260187,2,1,1984,17,17,17,17,17,17,17,17,17,17
260188,1,1,1984,22,22,22,22,22,22,22,22,22,22
260188,2,1,1984,13,13,13,13,13,13,13,13,13,13
260189,1,1,1984,0,0,0,0,0,0,0,0,0,0
260189,2,1,1984,0,0,0,0,0,0,0,0,0,0
260190,1,1,1984,18,18,18,18,18,18,18,18,18,18
260190,2,1,1984,0,0,0,0,0,0,0,12,0,0
260191,0,1,1984,0,0,0,0,0,0,0,0,0,0
260191,1,1,1984,0,0,0,0,0,0,0,0,0,0
260192,0,1,1984,0,0,10,0,0,0,0,0,0,0
260192,1,1,1984,0,0,0,0,0,0,0,0,0,0
260193,1,1,1984,21,16,15,22,14,16,18,13,11,15
260193,2,1,1984,19,19,19,19,19,19,19,19,19,19
260194,0,1,1984,0,0,0,0,0,0,0,0,0,0
260194,1,1,1984,0,0,0,0,0,0,0,0,12,0
260195,1,1,1984,12,12,12,12,12,12,12,12,12,12
260196,1,1,1984,18,23,0,9,26,18,9,4,12,16
260196,2,1,1984,0,0,0,0,0,0,0,0,0,0
260197,1,1,1984,66,66,66,66,66,66,66,66,66,66
260198,0,1,1984,13,18,18,13,20,25,3,4,28,11
260198,1,1,1984,16,16,16,16,16,16,16,16,16,16
260199,1,1,1984,0,0,0,0,0,0,0,0,0,0
260200,1,1,1984,0,0,0,0,0,0,0,0,0,0
260200,2,1,1984,0,0,0,0,0,5,0,0,0,0
260201,1,1,1984,0,0,0,0,0,0,0,0,0,0
260201,2,1,1984,0,0,0,0,0,0,0,0,0,0
260202,1,1,1984,15,13,14,29,5,13,18,19,27,15
260203,1,1,1984,0,0,0,0,0,0,0,0,0,0
260203,2,1,1984,0,0,0,0,0,0,0,0,0,0
260203,3,1,1984,0,0,0,0,0,0,0,0,0,13
260203,4,1,1984,0,0,0,0,0,0,0,0,0,0
260203,5,1,1984,0,0,0,0,0,0,0,0,0,0
260203,6,1,1984,0,9,0,0,0,0,0,0,0,0
260203,7,1,1984,12,0,8,16,0,0,0,21,0,13
260204,1,1,1984,0,0,0,0,0,0,0,0,0,0
260205,1,1,1984,0,0,0,0,0,0,0,0,0,0
260205,2,1,1984,0,0,0,0,0,0,0,0,0,0
260206,1,1,1984,0,0,0,0,0,0,0,0,0,0
260206,2,1,1984,0,0,0,0,0,0,0,0,0,0
260207,1,1,1984,0,14,0,0,0,0,0,0,0,0
260207,2,1,1984,0,0,0,15,0,0,0,0,0,0
260208,1,1,1984,19,39,18,10,17,21,5,25,45,16
260209,1,1,1984,28,0,38,0,0,9,0,0,0,0
260209,2,1,1984,13,14,16,29,29,15,24,13,20,34
260210,1,1,1984,21,21,21,21,21,21,21,21,21,21
260210,2,1,1984,0,11,0,0,0,0,0,0,0,0
260211,1,1,1984,0,0,0,0,0,0,0,0,0,0
260212,1,1,1984,14,33,16,6,13,17,23,23,5,11
260212,2,1,1984,0,0,0,0,0,0,0,0,0,0
260212,3,1,1984,0,0,0,0,0,0,0,0,0,11
260213,1,1,1984,27,17,27,19,14,20,12,4,30,12
260214,1,1,1984,10,10,10,10,10,10,10,10,10,10
260215,0,1,1984,0,4,0,19,11,36,0,43,12,16
260216,0,1,1984,22,22,22,22,22,22,22,22,22,22
260216,1,1,1984,0,0,0,0,0,0,0,0,0,0
260217,1,1,1984,14,14,14,14,14,14,14,14,14,14
260217,2,1,1984,0,0,0,0,0,0,0,0,12,16
260218,1,1,1984,10,10,10,10,10,10,10,10,10,10
260219,0,1,1984,0,0,0,0,0,0,0,0,0,0
260219,1,1,1984,0,0,0,0,0,0,0,0,0,0
260220,1,1,1984,30,19,14,20,0,23,14,26,22,21
260221,1,1,1984,24,18,6,24,17,9,14,0,18,19
260222,1,1,1984,0,0,0,0,0,0,0,0,0,0
260222,2,1,1984,0,0,0,0,0,0,0,0,0,0
260222,3,1,1984,0,0,0,0,0,0,0,0,0,0
260223,0,1,1984,0,0,0,0,19,0,0,0,22,0
260223,1,1,1984,6,0,0,0,0,0,0,0,0,0
260224,0,1,1984,29,25,0,0,35,15,21,19,0,0
260224,1,1,1984,0,0,0,7,10,0,0,0,0,0
260225,1,1,1984,0,0,0,0,0,0,0,0,0,0
260225,2,1,1984,0,0,0,0,0,0,0,0,0,0
260226,1,1,1984,0,0,0,0,0,0,20,0,9,0
260227,1,1,1984,5,5,5,5,5,5,5,5,5,5
260228,1,1,1984,0,0,0,0,0,0,0,0,0,0
260228,2,1,1984,0,0,0,0,0,0,0,0,0,0
260229,1,1,1984,25,25,25,25,25,25,25,25,25,25
260230,1,1,1984,19,19,19,19,19,19,19,19,19,19
260231,1,1,1984,0,0,0,0,0,0,0,0,0,0
260232,0,1,1984,0,0,0,0,0,0,0,0,0,0
260232,1,1,1984,0,0,0,0,0,0,0,0,0,0
260233,1,1,1984,0,0,0,0,0,0,0,0,0,0
260234,1,1,1984,15,15,21,13,14,13,0,14,15,0
260235,1,1,1984,9,9,9,9,9,9,9,9,9,9
260236,0,1,1984,0,0,0,0,0,0,0,0,0,0
260236,1,1,1984,0,0,0,0,0,0,0,0,0,0
260237,1,1,1984,0,0,0,19,0,0,0,0,0,0
260237,2,1,1984,0,0,0,0,0,0,0,0,0,0
260238,0,1,1984,22,22,22,22,22,22,22,22,22,22
260238,0,2,1984,27,21,15,25,32,24,7,34,19,18
260238,1,1,1984,0,0,0,0,0,0,0,0,0,0
260239,0,1,1984,28,0,19,0,0,8,12,0,0,0
260239,1,1,1984,15,15,15,15,15,15,15,15,15,15
260240,1,1,1984,0,0,0,0,0,0,0,0,0,0
260240,2,1,1984,0,12,0,0,0,13,0,0,0,0
260241,0,1,1984,15,30,13,0,0,16,17,35,21,17
260241,1,1,1984,0,0,0,16,21,0,19,0,22,16
260242,1,1,1984,3,3,3,3,3,3,3,3,3,3
260242,2,1,1984,0,0,0,0,0,0,0,0,0,0
260243,1,1,1984,0,0,0,0,0,0,0,0,0,0
260243,2,1,1984,19,12,0,8,14,0,0,18,12,0
260243,3,1,1984,0,0,0,0,0,0,0,0,0,0
260244,0,1,1984,0,0,0,0,0,0,0,0,0,0
260244,1,1,1984,6,6,6,6,6,6,6,6,6,6