ST_CASE,VEH_NO,PER_NO,YEAR,P1,P2,P3,P4,P5,P6,P7,P8,P9,P10
260244,2,1,1984,0,0,0,0,0,0,0,0,0,0
260245,0,1,1984,13,0,11,0,0,28,0,45,18,0
260245,1,1,1984,12,12,7,0,0,20,10,13,12,21
260246,1,1,1984,0,0,0,0,0,12,0,0,6,0
260246,2,1,1984,10,11,17,17,5,17,17,10,10,9
260247,1,1,1984,0,0,0,0,0,0,0,0,0,0
260247,2,1,1984,0,0,0,0,0,0,0,0,0,0
260248,1,1,1984,0,0,0,0,0,0,0,0,0,0
260248,2,1,1984,14,0,0,0,0,0,0,0,0,0
260248,3,1,1984,0,0,0,0,0,15,0,0,0,0
260249,1,1,1984,23,18,10,21,26,33,22,35,23,25
260250,0,1,1984,0,13,36,18,15,21,14,19,28,25
260250,0,2,1984,46,23,0,31,28,18,18,23,14,7
260250,0,3,1984,0,0,0,0,0,0,0,0,0,0
260250,0,4,1984,0,0,0,0,0,0,0,0,0,0
260250,1,1,1984,0,0,0,0,0,0,0,0,0,0
260251,1,1,1984,1,1,1,1,1,1,1,1,1,1
260252,1,1,1984,19,9,10,4,10,0,9,11,0,6
260253,0,1,1984,0,0,0,0,0,14,19,0,0,0
260253,1,1,1984,0,0,0,0,0,0,0,0,0,0
260254,1,1,1984,23,23,23,23,23,23,23,23,23,23
260255,1,1,1984,0,0,0,0,0,0,0,0,0,0
260255,2,1,1984,9,9,9,9,9,9,9,9,9,9
260256,0,1,1984,0,20,25,32,13,19,15,31,16,17
260256,1,1,1984,22,22,22,22,22,22,22,22,22,22
260257,0,1,1984,0,0,0,0,0,0,0,0,0,0
260257,1,1,1984,0,0,0,0,0,0,0,0,0,0
260258,0,1,1984,0,0,0,0,0,0,15,0,0,0
260258,1,1,1984,0,0,0,0,0,0,0,0,0,0
260259,1,1,1984,22,22,22,22,22,22,22,22,22,22
260260,1,1,1984,0,0,0,0,0,0,0,0,0,0
260260,2,1,1984,0,0,0,0,0,0,0,0,0,0
260260,3,1,1984,0,0,0,0,0,0,0,0,22,0
260260,4,1,1984,0,0,0,0,0,0,0,0,0,0
260260,5,1,1984,0,0,0,0,0,0,0,0,0,0
260261,0,1,1984,0,0,0,11,0,0,0,0,0,0
260261,1,1,1984,0,0,0,0,16,0,0,23,0,19
260262,1,1,1984,10,0,8,12,6,0,14,14,7,16
260263,0,1,1984,33,13,31,12,0,10,33,15,18,6
260263,1,1,1984,0,0,12,0,20,0,0,0,22,0
260264,1,1,1984,22,6,0,15,0,21,27,0,10,15
260264,2,1,1984,0,0,0,8,0,0,0,0,0,0
260265,1,1,1984,9,9,9,9,9,9,9,9,9,9
260265,2,1,1984,10,10,10,10,10,10,10,10,10,10
260266,1,1,1984,26,14,8,36,0,10,4,13,15,19
260266,2,1,1984,0,0,18,0,0,0,0,0,0,0
260267,1,1,1984,15,15,15,15,15,15,15,15,15,15
260268,1,1,1984,0,0,0,0,0,0,0,0,0,0
260268,2,1,1984,3,3,3,3,3,3,3,3,3,3
260269,1,1,1984,33,33,33,33,33,33,33,33,33,33
260269,2,1,1984,0,0,0,0,0,0,0,0,0,0
260270,0,1,1984,22,22,22,22,22,22,22,22,22,22
260270,1,1,1984,0,0,0,0,0,0,0,0,0,0
260271,0,1,1984,0,0,0,0,0,0,0,0,0,0
260271,1,1,1984,0,0,0,0,0,0,0,0,0,0
260272,1,1,1984,25,25,25,25,25,25,25,25,25,25
260273,1,1,1984,10,10,10,10,10,10,10,10,10,10
260273,2,1,1984,10,10,10,10,10,10,10,10,10,10
260274,1,1,1984,6,6,6,6,6,6,6,6,6,6
260275,1,1,1984,0,21,17,14,19,35,15,14,9,17
260276,0,1,1984,0,0,38,24,42,34,0,20,23,17
260276,1,1,1984,17,17,17,17,17,17,17,17,17,17
260277,0,1,1984,0,0,0,0,0,0,0,0,0,0
260277,1,1,1984,0,0,0,0,0,0,0,0,0,0
260278,1,1,1984,0,13,0,0,0,0,0,0,0,0
260278,2,1,1984,0,0,0,4,13,24,0,13,0,0
260279,0,1,1984,0,0,0,0,19,4,0,0,2,0
260279,1,1,1984,0,0,0,0,0,0,0,0,0,0
260280,1,1,1984,14,14,14,14,14,14,14,14,14,14
260281,1,1,1984,20,20,20,20,20,20,20,20,20,20
260282,1,1,1984,15,15,15,15,15,15,15,15,15,15
260282,2,1,1984,28,15,0,0,0,0,0,0,0,0
260283,1,1,1984,0,0,0,19,0,0,0,0,0,0
260283,2,1,1984,0,0,0,0,0,0,0,0,0,0
260284,1,1,1984,0,0,0,0,0,0,0,0,0,0
260284,2,1,1984,0,0,0,0,0,0,0,0,0,0
260285,1,1,1984,21,14,29,15,3,0,5,0,0,2
260285,2,1,1984,17,0,0,0,0,0,0,0,0,0
260286,1,1,1984,19,19,19,19,19,19,19,19,19,19
260287,0,1,1984,2,2,2,2,2,2,2,2,2,2
260287,1,1,1984,0,0,0,0,0,0,0,0,0,0
260288,1,1,1984,18,18,18,18,18,18,18,18,18,18
260289,1,1,1984,0,0,0,0,0,0,0,0,0,0
260290,0,1,1984,15,18,14,22,0,21,8,18,24,17
260290,1,1,1984,0,0,0,0,0,0,0,0,0,0
260291,0,1,1984,0,0,0,0,0,0,0,0,0,0
260291,0,2,1984,0,8,0,0,0,21,16,0,0,7
260291,0,3,1984,0,0,10,0,16,15,14,0,13,15
260291,1,1,1984,0,0,0,0,0,0,0,0,0,0
260291,2,1,1984,0,0,0,0,0,0,0,0,0,0
260292,1,1,1984,0,0,0,0,0,0,0,0,0,0
260292,2,1,1984,0,0,0,11,0,0,24,9,0,19
260293,1,1,1984,18,0,0,0,13,0,0,0,0,17
260294,1,1,1984,19,19,19,19,19,19,19,19,19,19
260294,2,1,1984,0,0,0,0,0,0,0,0,0,0
260295,1,1,1984,0,0,0,0,0,0,0,0,0,0
260295,2,1,1984,0,0,0,0,0,0,0,0,0,0
260296,1,1,1984,0,0,0,0,0,0,0,0,0,0
260296,2,1,1984,0,0,0,0,0,0,0,0,0,0
260297,0,1,1984,22,22,22,22,22,22,22,22,22,22
260297,1,1,1984,2,2,2,2,2,2,2,2,2,2
260298,1,1,1984,8,8,8,8,8,8,8,8,8,8
260299,1,1,1984,15,15,15,15,15,15,15,15,15,15
260300,1,1,1984,6,6,6,6,6,6,6,6,6,6
260301,1,1,1984,12,12,12,12,12,12,12,12,12,12
260302,1,1,1984,26,26,26,26,26,26,26,26,26,26
260303,0,1,1984,0,0,0,0,0,0,0,0,0,0
260303,1,1,1984,0,0,0,0,0,0,0,0,0,0
260304,1,1,1984,16,0,21,15,23,0,26,30,7,0
260305,1,1,1984,30,30,30,30,30,30,30,30,30,30
260306,1,1,1984,0,0,0,0,0,0,0,0,0,0
260306,2,1,1984,19,19,19,19,19,19,19,19,19,19
260307,1,1,1984,13,13,13,13,13,13,13,13,13,13
260308,1,1,1984,12,12,12,12,12,12,12,12,12,12
260309,0,1,1984,16,16,16,16,16,16,16,16,16,16
260309,1,1,1984,29,0,0,0,0,19,28,0,0,0
260310,1,1,1984,0,0,0,0,0,0,0,0,0,0
260310,2,1,1984,0,0,0,0,0,0,0,0,0,0
260311,1,1,1984,6,6,6,6,6,6,6,6,6,6
260311,2,1,1984,0,0,0,0,0,0,0,0,0,0
260312,1,1,1984,0,0,0,0,0,0,0,18,0,0
260312,2,1,1984,0,0,0,0,0,0,0,0,0,0
260313,1,1,1984,0,0,0,0,15,0,0,0,0,0
260314,1,1,1984,14,14,14,14,14,14,14,14,14,14
260315,1,1,1984,0,0,0,0,0,0,0,0,0,0
260315,2,1,1984,0,0,0,0,0,0,0,0,0,0
260316,1,1,1984,8,30,9,14,22,20,14,12,4,14
260317,1,1,1984,0,0,0,28,0,0,0,0,25,0
260318,1,1,1984,19,19,19,19,19,19,19,19,19,19
260318,2,1,1984,0,0,0,0,0,0,0,0,0,0
260319,1,1,1984,31,31,31,31,31,31,31,31,31,31
260319,2,1,1984,11,0,0,0,0,0,0,21,0,0
260320,1,1,1984,24,24,24,24,24,24,24,24,24,24
260321,1,1,1984,0,0,0,0,0,0,0,0,0,0
260321,2,1,1984,0,0,0,0,0,0,0,0,0,0
260322,1,1,1984,0,0,0,0,0,0,7,0,0,0
260322,2,1,1984,0,0,0,0,0,0,0,0,10,0
260323,0,1,1984,2,2,2,2,2,2,2,2,2,2
260323,1,1,1984,15,15,15,15,15,15,15,15,15,15
260324,1,1,1984,0,0,0,0,0,0,0,0,0,0
260324,2,1,1984,0,0,0,0,0,0,0,0,0,0
260325,1,1,1984,0,0,0,7,0,0,0,0,0,0
260325,2,1,1984,0,12,0,0,0,0,0,0,0,0
260326,1,1,1984,0,0,0,0,0,0,0,0,0,0
260326,2,1,1984,0,0,0,0,0,0,0,0,0,0
260327,0,1,1984,0,0,0,11,35,0,0,0,0,0
260327,1,1,1984,0,0,0,0,0,0,0,0,0,0
260328,1,1,1984,0,10,16,0,11,18,4,8,0,0
260328,2,1,1984,0,0,0,0,0,0,0,0,0,0
260329,0,1,1984,0,0,0,0,0,0,0,0,0,0
260329,1,1,1984,0,0,0,0,0,0,0,0,0,0
260330,1,1,1984,19,19,19,19,19,19,19,19,19,19
260331,1,1,1984,6,0,0,13,0,0,0,14,12,29
260332,1,1,1984,0,0,0,0,0,0,0,0,0,0
260333,1,1,1984,0,0,0,0,0,0,0,0,0,0
260334,1,1,1984,0,9,25,14,16,17,32,18,26,23
260335,1,1,1984,0,0,0,0,0,0,0,0,0,0
260335,2,1,1984,0,0,0,0,0,0,0,0,0,0
260336,0,1,1984,0,0,0,0,0,0,0,0,0,0
260336,1,1,1984,0,0,0,0,0,0,0,0,0,0
260337,1,1,1984,0,0,11,0,0,0,0,0,0,0
260337,2,1,1984,13,0,9,0,18,0,0,0,0,0
260338,1,1,1984,4,4,4,4,4,4,4,4,4,4
260339,1,1,1984,34,34,34,34,34,34,34,34,34,34
260340,1,1,1984,19,19,19,19,19,19,19,19,19,19
260340,2,1,1984,0,0,0,0,0,0,0,0,0,0
260341,1,1,1984,0,2,21,0,0,0,0,0,0,0
260342,1,1,1984,14,14,14,14,14,14,14,14,14,14
260343,1,1,1984,24,24,24,24,24,24,24,24,24,24
260344,1,1,1984,0,0,0,0,0,0,0,0,0,0
260344,2,1,1984,0,0,0,0,0,0,0,0,0,0
260345,0,1,1984,0,0,0,0,0,0,0,0,0,0
260345,1,1,1984,0,0,0,0,0,0,0,0,0,0
260346,1,1,1984,0,0,0,0,0,0,0,0,0,0
260346,2,1,1984,0,0,0,0,0,0,0,0,0,0
260347,1,1,1984,9,15,18,6,17,15,28,16,19,11
260347,2,1,1984,0,0,0,0,0,0,0,0,0,0
260348,1,1,1984,9,9,9,9,9,9,9,9,9,9
260348,2,1,1984,16,0,0,0,0,0,0,0,0,0
260349,1,1,1984,0,0,0,0,0,0,0,0,0,0
260349,2,1,1984,0,0,0,0,0,0,0,0,0,0
260349,3,1,1984,0,0,0,0,0,0,0,0,0,0
260350,1,1,1984,12,19,19,19,37,20,25,27,25,12
260351,1,1,1984,0,0,0,21,0,0,0,0,0,11
260352,1,1,1984,17,17,17,17,17,17,17,17,17,17
260353,1,1,1984,0,0,0,0,0,0,0,0,0,0
260353,2,1,1984,0,0,0,0,0,0,0,0,0,0
260354,1,1,1984,9,9,9,9,9,9,9,9,9,9
260354,2,1,1984,8,8,8,8,8,8,8,8,8,8
260355,1,1,1984,25,25,25,25,25,25,25,25,25,25
260356,1,1,1984,12,9,23,15,23,18,27,20,5,31
260357,1,1,1984,18,18,18,18,18,18,18,18,18,18
260357,2,1,1984,0,0,0,0,0,0,0,0,0,0
260358,0,1,1984,0,17,0,0,0,0,0,0,0,0
260358,1,1,1984,16,0,8,17,6,12,0,0,18,0
260359,1,1,1984,13,27,5,13,0,7,30,15,16,0
260360,1,1,1984,19,19,19,19,19,19,19,19,19,19
260360,2,1,1984,11,0,0,0,0,0,4,0,0,0
260361,1,1,1984,16,16,16,16,16,16,16,16,16,16
260362,0,1,1984,18,0,0,18,10,24,29,0,14,16
260362,1,1,1984,0,11,10,19,11,11,12,22,8,8
260363,1,1,1984,0,0,0,0,0,0,0,0,0,0
260363,2,1,1984,0,27,0,0,0,0,0,0,0,0
260364,0,1,1984,10,10,10,10,10,10,10,10,10,10
260364,1,1,1984,9,0,0,16,16,15,0,14,19,24
260365,1,1,1984,12,11,33,10,20,18,10,29,23,0
260365,2,1,1984,0,7,0,0,0,0,0,26,0,0
260366,1,1,1984,25,25,25,25,25,25,25,25,25,25
260366,2,1,1984,0,0,0,0,0,0,0,0,0,0
260367,1,1,1984,0,0,0,0,0,0,0,0,0,0
260367,2,1,1984,0,0,0,0,0,0,0,0,0,0
260368,1,1,1984,31,31,31,31,31,31,31,31,31,31
260368,2,1,1984,0,0,0,0,0,12,0,0,0,0
260369,1,1,1984,0,0,0,0,0,0,0,0,0,0
260369,2,1,1984,0,0,0,0,0,0,0,0,0,0
260370,1,1,1984,18,18,18,18,18,18,18,18,18,18
260371,1,1,1984,0,0,0,0,0,0,0,0,0,0
260371,2,1,1984,0,0,0,0,0,0,0,0,0,0
260372,1,1,1984,16,16,16,16,16,16,16,16,16,16
260373,1,1,1984,11,24,11,7,20,0,23,13,37,8
260373,2,1,1984,3,0,0,0,0,0,0,0,0,0
260374,1,1,1984,0,0,0,0,0,0,0,0,0,0
260374,2,1,1984,0,0,0,0,0,0,0,0,0,0
260375,1,1,1984,17,17,17,17,17,17,17,17,17,17
260377,0,1,1984,0,0,0,0,0,0,0,0,0,0
260377,1,1,1984,0,0,0,0,0,0,0,0,0,0
260378,1,1,1984,20,20,20,20,20,20,20,20,20,20
260379,0,1,1984,29,29,29,29,29,29,29,29,29,29
260379,1,1,1984,0,3,22,0,0,0,0,8,0,0
260380,1,1,1984,1,16,22,19,19,14,20,4,25,6
260380,2,1,1984,6,6,6,6,6,6,6,6,6,6
260381,1,1,1984,11,0,0,0,0,7,0,0,0,0
260381,2,1,1984,2,4,3,9,15,11,0,13,0,10
260382,0,1,1984,40,40,40,40,40,40,40,40,40,40
260382,1,1,1984,18,18,18,18,18,18,18,18,18,18
260383,1,1,1984,20,20,20,20,20,20,20,20,20,20
260384,1,1,1984,0,27,0,0,0,0,28,0,23,0
260385,1,1,1984,13,13,13,13,13,13,13,13,13,13
260386,0,1,1984,0,0,0,0,0,0,6,0,0,0
260387,0,1,1984,27,3,21,21,11,9,15,27,32,17
260387,2,1,1984,0,0,4,0,17,0,0,0,0,0
260387,3,1,1984,0,10,18,0,0,13,0,0,0,0
260387,4,1,1984,11,0,0,9,0,0,22,21,0,0
260388,0,1,1984,18,18,18,18,18,18,18,18,18,18
260388,1,1,1984,0,0,0,10,7,0,0,0,27,0
260389,1,1,1984,15,15,15,15,15,15,15,15,15,15
260389,2,1,1984,0,8,0,0,0,0,0,0,0,0
260390,1,1,1984,17,17,17,17,17,17,17,17,17,17
260391,1,1,1984,0,0,0,0,0,0,0,22,0,0
260391,2,1,1984,0,0,0,0,0,0,0,0,0,0
260392,1,1,1984,0,0,0,0,0,0,0,0,0,0
260392,2,1,1984,0,0,0,0,0,0,0,0,0,0
260393,1,1,1984,0,0,0,0,0,0,0,0,0,0
260393,2,1,1984,0,0,0,0,0,0,0,0,0,0
260394,1,1,1984,0,0,0,0,0,0,0,0,0,0
260395,1,1,1984,0,0,0,0,0,0,0,0,0,0
260395,2,1,1984,0,0,0,0,0,0,0,0,0,0
260395,3,1,1984,0,0,0,0,0,0,0,0,0,0
260396,0,1,1984,0,0,0,0,0,0,0,0,0,0
260396,1,1,1984,0,0,0,0,0,0,0,0,0,0
260397,1,1,1984,15,15,15,15,15,15,15,15,15,15
260398,0,1,1984,0,0,0,0,0,0,0,0,0,0
260398,1,1,1984,9,0,0,16,0,0,0,0,0,0
260399,1,1,1984,9,0,0,0,0,0,0,0,0,0
260399,2,1,1984,0,0,0,0,0,0,0,0,0,0
260400,1,1,1984,0,0,18,0,15,0,21,0,12,15
260400,2,1,1984,0,16,0,0,0,0,0,0,0,0
260401,1,1,1984,0,0,0,0,0,0,0,0,0,0
260401,2,1,1984,0,0,0,0,0,0,0,0,0,0
260402,1,1,1984,0,0,0,0,0,0,0,0,6,11
260403,1,1,1984,0,0,0,4,0,0,0,11,0,0
260403,2,1,1984,0,0,0,0,0,0,0,0,0,0
260403,3,1,1984,25,0,0,0,9,0,0,0,8,0
260403,4,1,1984,0,0,0,0,0,0,0,0,0,0
260404,0,1,1984,3,3,3,3,3,3,3,3,3,3
260404,1,1,1984,0,0,0,0,0,0,0,0,0,0
260405,1,1,1984,18,18,18,18,18,18,18,18,18,18
260405,2,1,1984,9,9,9,9,9,9,9,9,9,9
260406,1,1,1984,17,17,17,17,17,17,17,17,17,17
260406,2,1,1984,0,0,13,0,0,0,0,15,0,0
260407,0,1,1984,26,26,26,26,26,26,26,26,26,26
260407,1,1,1984,0,0,0,0,0,0,0,0,0,0
260408,1,1,1984,27,27,27,27,27,27,27,27,27,27
260409,1,1,1984,16,16,16,16,16,16,16,16,16,16
260409,2,1,1984,0,0,0,0,0,0,0,0,0,0
260409,3,1,1984,0,0,0,0,0,0,0,0,0,0
260410,0,1,1984,13,13,13,13,13,13,13,13,13,13
260410,1,1,1984,12,12,12,12,12,12,12,12,12,12
260411,1,1,1984,0,0,13,0,0,0,0,0,0,0
260412,1,1,1984,0,22,0,0,0,0,21,0,0,0
260413,0,1,1984,0,0,0,0,0,0,0,0,0,0
260413,1,1,1984,0,0,0,3,0,0,0,0,0,26
260414,1,1,1984,2,2,2,2,2,2,2,2,2,2
260414,2,1,1984,0,0,0,0,0,20,19,0,0,0
260414,3,1,1984,0,0,0,0,0,0,0,0,0,0
260415,1,1,1984,24,24,24,24,24,24,24,24,24,24
260415,2,1,1984,0,0,0,0,0,0,0,0,0,0
260416,1,1,1984,0,0,0,7,0,0,12,0,0,0
260416,2,1,1984,0,0,0,17,0,0,30,0,0,30
260416,3,1,1984,0,0,0,0,0,0,0,0,0,0
260417,1,1,1984,0,19,0,0,0,0,0,16,0,0
260417,2,1,1984,0,0,0,0,0,0,0,0,0,0
260418,1,1,1984,0,0,0,16,0,0,0,0,0,0
260418,2,1,1984,12,12,12,12,12,12,12,12,12,12
260419,0,1,1984,0,0,0,0,0,0,0,0,0,0
260419,1,1,1984,0,0,0,0,0,0,0,0,0,0
260420,1,1,1984,20,20,20,20,20,20,20,20,20,20
260420,2,1,1984,0,0,20,0,0,0,0,0,0,18
260421,1,1,1984,15,15,15,15,15,15,15,15,15,15
260421,2,1,1984,0,20,21,0,0,16,25,0,22,0
260422,0,1,1984,0,10,0,0,0,0,0,0,26,0
260422,1,1,1984,2,2,2,2,2,2,2,2,2,2
260423,1,1,1984,0,0,0,0,0,0,0,0,0,0
260423,2,1,1984,0,0,0,0,0,0,0,0,0,0
260424,1,1,1984,0,0,0,0,0,0,0,0,0,0
260424,2,1,1984,0,0,0,0,0,0,0,0,0,0
260424,3,1,1984,0,0,0,0,0,0,0,0,12,0
260425,1,1,1984,0,0,0,0,0,0,0,0,0,0
260425,2,1,1984,0,0,0,0,0,0,0,0,0,0
260425,3,1,1984,0,0,0,0,0,0,0,0,0,0
260426,1,1,1984,0,0,0,0,0,0,0,0,0,0
260427,1,1,1984,0,0,0,0,0,0,0,0,0,0
260427,2,1,1984,0,0,0,0,0,0,0,0,0,0
260428,1,1,1984,8,8,8,8,8,8,8,8,8,8
260429,1,1,1984,0,0,0,0,0,0,0,0,0,0
260429,2,1,1984,0,0,0,0,0,0,0,0,0,0
260429,3,1,1984,0,0,0,0,0,0,0,0,0,0
260430,1,1,1984,12,13,0,0,10,0,18,0,0,0
260430,2,1,1984,0,0,11,28,0,0,0,0,0,11
260430,3,1,1984,0,0,0,0,0,0,0,0,0,14
260431,1,1,1984,20,20,20,20,20,20,20,20,20,20
260432,1,1,1984,14,18,0,15,15,8,11,13,12,14
260433,1,1,1984,0,0,0,0,0,0,0,0,0,0
260433,2,1,1984,0,0,0,0,0,0,0,0,0,0
260434,0,1,1984,23,35,9,18,3,22,30,29,27,16
260434,1,1,1984,1,1,1,1,1,1,1,1,1,1
260435,1,1,1984,10,20,22,20,19,28,16,16,13,24
260436,1,1,1984,7,7,7,7,7,7,7,7,7,7
260437,1,1,1984,0,0,0,0,0,0,0,0,0,0
260437,2,1,1984,0,0,0,0,0,0,0,0,0,0
260438,1,1,1984,0,0,0,0,0,0,0,0,0,0
260438,2,1,1984,8,8,8,8,8,8,8,8,8,8
260439,1,1,1984,11,11,11,11,11,11,11,11,11,11
260440,1,1,1984,9,0,0,0,0,0,0,0,0,0
260441,1,1,1984,18,18,18,18,18,18,18,18,18,18
260442,1,1,1984,0,0,0,0,0,0,0,0,0,0
260442,2,1,1984,0,0,0,0,0,0,0,0,0,0
260443,1,1,1984,17,6,16,6,11,10,3,18,10,10
260443,2,1,1984,0,0,0,13,0,0,0,0,0,0
260443,3,1,1984,0,0,0,8,0,0,0,0,0,0
260444,1,1,1984,6,6,6,6,6,6,6,6,6,6
260445,1,1,1984,5,5,5,5,5,5,5,5,5,5
260446,1,1,1984,17,17,17,17,17,17,17,17,17,17
260446,2,1,1984,0,0,0,0,0,0,0,0,0,0
260447,0,1,1984,0,0,0,0,0,0,22,0,0,0
260447,1,1,1984,0,0,0,0,0,0,0,0,0,0
260448,0,1,1984,0,0,0,0,0,0,0,0,0,0
260448,1,1,1984,0,0,0,0,0,0,0,0,0,0
260449,1,1,1984,0,0,0,0,0,0,0,0,0,0
260450,1,1,1984,0,0,0,0,0,13,0,0,0,14
260450,2,1,1984,0,0,0,0,0,0,0,0,0,0
260451,1,1,1984,0,0,0,0,0,0,0,0,0,0
260451,2,1,1984,0,0,0,0,0,0,0,0,0,0
260452,1,1,1984,0,0,0,0,0,0,0,0,0,0
260452,2,1,1984,0,0,0,0,11,0,0,0,0,0
260453,1,1,1984,18,18,18,18,18,18,18,18,18,18
260454,1,1,1984,16,16,16,16,16,16,16,16,16,16
260455,1,1,1984,0,0,0,0,0,0,0,0,0,0
260456,1,1,1984,0,0,0,0,0,0,0,0,0,0
260456,2,1,1984,0,0,19,0,0,0,15,0,0,0
260457,1,1,1984,15,4,12,20,6,21,18,5,16,12
260458,1,1,1984,0,0,0,0,0,0,0,0,0,0
260458,2,1,1984,0,0,0,0,0,0,0,0,0,0
260459,1,1,1984,15,15,15,15,15,15,15,15,15,15
260460,1,1,1984,0,0,0,0,0,0,0,20,0,0
260460,2,1,1984,13,13,13,13,13,13,13,13,13,13
260461,1,1,1984,0,20,18,19,0,0,42,0,16,0
260462,1,4,1984,15,0,13,16,0,24,14,15,18,20
260463,0,1,1984,0,0,0,0,0,0,0,0,0,0
260463,1,1,1984,0,0,0,0,0,0,0,0,0,0
260464,1,1,1984,14,14,14,14,14,14,14,14,14,14
260465,1,1,1984,14,9,4,14,9,19,6,25,13,11
260466,1,1,1984,11,36,28,10,16,19,7,10,29,14
260467,0,1,1984,0,0,0,0,0,0,0,0,0,0
260467,1,1,1984,0,12,7,0,0,0,0,0,0,0
260468,1,1,1984,16,8,14,16,20,3,30,23,5,19
260468,2,1,1984,0,0,0,6,0,0,0,19,9,0
260469,1,1,1984,17,0,15,0,6,7,0,0,9,45
260469,2,1,1984,0,0,6,0,0,0,0,18,0,0
260469,3,1,1984,10,8,12,0,0,0,0,0,0,0
260470,1,1,1984,0,0,0,0,0,0,0,0,0,0
260471,0,1,1984,11,11,11,11,11,11,11,11,11,11
260471,1,1,1984,0,0,0,13,21,0,0,0,10,0
260472,1,1,1984,23,23,23,23,23,23,23,23,23,23
260472,2,1,1984,0,0,0,0,0,0,0,0,0,0
260473,1,1,1984,12,12,12,12,12,12,12,12,12,12
260474,0,1,1984,0,0,0,0,0,0,0,0,0,0
260474,1,1,1984,0,0,0,0,0,0,0,0,0,0
260475,1,1,1984,15,32,13,23,9,27,14,31,9,11
260476,0,1,1984,0,0,0,0,0,0,0,0,0,0
260476,1,1,1984,0,0,0,0,0,16,0,0,13,0
260477,1,1,1984,23,23,23,23,23,23,23,23,23,23
260477,2,1,1984,0,0,24,0,0,0,0,0,0,0
260477,3,1,1984,0,0,0,0,0,0,0,0,0,0
260477,4,1,1984,0,0,0,0,11,0,0,14,19,0
260478,1,1,1984,11,11,11,11,11,11,11,11,11,11
260479,1,1,1984,0,0,0,0,0,0,0,0,19,10
260479,2,1,1984,0,0,0,0,0,0,0,0,0,0
260480,1,1,1984,0,0,0,0,0,12,0,0,0,0
260481,1,1,1984,19,23,30,10,0,27,38,35,39,18
260482,1,1,1984,20,20,20,20,20,20,20,20,20,20
260482,2,1,1984,8,18,0,0,0,0,10,0,0,15
260483,1,1,1984,0,18,0,0,0,0,16,0,0,0
260483,2,1,1984,0,0,0,0,0,0,0,0,0,0
260484,1,1,1984,2,2,2,2,2,2,2,2,2,2
260485,1,1,1984,3,3,3,3,3,3,3,3,3,3
260486,1,1,1984,0,0,19,0,0,22,19,0,9,0
260486,2,1,1984,0,0,0,0,0,0,0,0,0,0
260487,1,1,1984,12,14,11,21,25,28,5,15,21,16
260487,2,1,1984,0,18,0,16,0,24,0,0,0,0
260488,0,1,1984,18,18,18,18,18,18,18,18,18,18
260488,1,1,1984,0,0,0,0,0,0,0,0,0,0
260488,2,1,1984,0,18,0,0,0,0,0,0,0,0
260489,0,1,1984,23,23,23,23,23,23,23,23,23,23
260489,1,1,1984,0,0,30,29,0,0,6,0,0,0
260490,1,1,1984,1,1,1,1,1,1,1,1,1,1
260490,2,1,1984,0,0,0,0,0,0,0,0,0,0
260491,1,1,1984,5,5,5,5,5,5,5,5,5,5
260492,1,1,1984,5,5,5,5,5,5,5,5,5,5
260493,1,1,1984,0,0,0,0,0,16,0,0,0,0
260493,2,1,1984,17,19,0,0,0,19,0,21,9,0
260494,1,1,1984,21,21,21,21,21,21,21,21,21,21
260495,1,1,1984,0,0,0,0,0,0,0,0,0,0
260495,2,1,1984,0,0,0,0,0,0,0,0,0,0
260496,1,1,1984,0,0,0,0,0,0,0,0,0,0
260497,1,1,1984,0,0,0,0,0,0,0,0,0,0
260498,1,1,1984,0,0,0,0,20,0,0,0,13,0
260498,2,1,1984,0,0,0,0,0,0,0,0,0,0
260498,3,1,1984,0,0,0,0,0,0,0,0,28,0
260499,1,1,1984,0,0,0,0,0,0,0,0,0,0
260500,1,1,1984,27,27,27,27,27,27,27,27,27,27
260501,0,1,1984,0,0,0,0,0,0,0,0,0,0
260501,0,2,1984,0,0,0,0,0,0,0,0,0,0
260501,1,1,1984,18,18,18,18,18,18,18,18,18,18
260502,1,1,1984,0,0,0,0,0,0,0,0,0,9
260503,1,1,1984,0,0,0,0,24,0,0,0,0,10
260503,2,1,1984,22,22,22,22,22,22,22,22,22,22
260504,1,1,1984,0,0,0,0,0,0,0,0,0,0
260504,2,1,1984,0,0,0,15,0,0,0,0,0,0
260505,1,1,1984,23,23,23,23,23,23,23,23,23,23
260506,1,1,1984,7,7,7,7,7,7,7,7,7,7
260507,1,1,1984,12,31,0,9,0,17,17,0,17,0
260507,2,1,1984,0,0,0,0,11,20,8,0,13,0
260508,1,1,1984,0,0,0,0,0,0,0,0,0,0
260508,2,1,1984,0,0,0,11,0,0,19,0,0,0
260509,1,1,1984,0,0,0,0,0,0,0,0,0,0
260509,2,1,1984,36,0,46,20,0,37,0,0,0,0
260510,1,1,1984,0,0,0,0,0,0,0,0,0,0
260511,1,1,1984,12,17,0,0,0,11,0,0,0,0