ST_CASE,VEH_NO,PER_NO,YEAR,P1,P2,P3,P4,P5,P6,P7,P8,P9,P10
260512,0,1,1984,0,44,0,0,24,0,0,0,0,0
260512,1,1,1984,0,0,0,0,0,0,0,0,0,0
260513,1,1,1984,0,0,0,0,0,0,0,0,0,0
260514,1,1,1984,0,7,0,0,0,0,0,14,0,18
260514,2,1,1984,0,0,0,0,0,0,0,0,0,0
260515,1,1,1984,11,24,17,10,0,0,16,0,12,16
260516,1,1,1984,0,0,0,0,0,0,0,0,0,0
260516,2,1,1984,0,0,0,0,0,0,0,0,0,0
260516,3,1,1984,0,0,0,0,0,0,0,0,31,0
260517,1,1,1984,11,11,11,11,11,11,11,11,11,11
260518,1,1,1984,0,0,0,0,0,0,0,0,0,0
260519,0,1,1984,26,35,17,0,34,29,27,24,16,32
260519,1,1,1984,8,0,12,0,22,0,0,9,0,0
260520,1,1,1984,0,0,0,0,0,0,0,0,0,0
260520,2,1,1984,0,0,0,0,0,0,0,0,0,0
260521,0,1,1984,11,11,8,6,11,30,8,10,17,10
260521,1,1,1984,0,0,0,0,0,0,0,0,0,0
260522,1,1,1984,0,0,0,0,0,0,0,0,0,0
260522,2,1,1984,0,0,0,12,0,0,0,0,0,0
260523,1,1,1984,7,5,4,9,3,16,13,9,16,12
260524,1,1,1984,9,9,9,9,9,9,9,9,9,9
260524,2,1,1984,3,3,3,3,3,3,3,3,3,3
260526,1,1,1984,18,18,18,18,18,18,18,18,18,18
260527,1,1,1984,15,15,15,15,15,15,15,15,15,15
260528,1,1,1984,19,19,19,19,19,19,19,19,19,19
260528,2,1,1984,0,0,6,0,0,0,10,4,0,0
260529,1,1,1984,12,12,12,12,12,12,12,12,12,12
260530,1,1,1984,4,4,4,4,4,4,4,4,4,4
260530,2,1,1984,15,18,11,25,0,13,0,15,0,10
260531,1,1,1984,0,0,0,0,0,0,0,0,0,0
260531,2,1,1984,0,0,0,0,0,0,0,0,0,0
260532,1,1,1984,7,7,7,7,7,7,7,7,7,7
260533,0,1,1984,0,0,0,0,0,0,0,0,0,0
260533,1,1,1984,0,0,0,0,0,0,0,0,0,0
260534,1,1,1984,2,2,2,2,2,2,2,2,2,2
260535,1,1,1984,17,17,17,17,17,17,17,17,17,17
260536,1,1,1984,0,0,0,0,0,0,0,0,0,0
260536,2,1,1984,0,0,0,0,0,0,0,0,0,0
260536,3,1,1984,22,0,10,0,14,22,0,25,0,0
260536,4,1,1984,0,0,0,10,0,19,0,0,0,0
260536,5,1,1984,0,0,0,0,7,0,0,0,0,0
260536,6,1,1984,0,0,0,0,0,10,0,0,7,0
260536,7,1,1984,0,7,0,0,0,0,0,0,13,0
260536,8,1,1984,12,17,5,7,7,9,0,15,3,8
260537,1,1,1984,0,0,0,0,0,0,0,0,0,0
260538,1,1,1984,0,0,0,0,0,0,0,0,0,0
260538,2,1,1984,0,0,0,0,0,0,0,0,0,0
260539,1,1,1984,0,0,0,0,23,0,0,0,0,16
260539,2,1,1984,9,9,9,9,9,9,9,9,9,9
260541,1,1,1984,21,21,21,21,21,21,21,21,21,21
260541,2,1,1984,5,13,0,0,0,0,10,0,0,0
260542,0,1,1984,0,0,13,3,0,0,0,35,33,0
260542,1,1,1984,0,0,0,0,0,0,0,14,0,12
260543,1,1,1984,0,29,17,0,11,22,0,0,0,0
260544,1,1,1984,10,10,10,10,10,10,10,10,10,10
260544,2,1,1984,21,13,18,17,23,16,7,0,21,15
260545,1,1,1984,9,9,9,9,9,9,9,9,9,9
260546,1,1,1984,27,27,27,27,27,27,27,27,27,27
260547,1,1,1984,26,21,22,18,4,12,11,22,7,11
260548,0,1,1984,0,0,20,0,0,8,40,17,22,12
260548,1,1,1984,23,0,12,0,0,15,0,0,0,0
260549,1,1,1984,19,24,22,19,27,13,8,18,14,9
260550,1,1,1984,0,4,0,0,0,0,0,0,0,0
260551,1,1,1984,17,15,17,17,12,6,17,15,22,0
260552,0,1,1984,11,30,13,32,35,23,33,0,24,16
260552,1,1,1984,0,23,0,0,0,0,0,0,0,0
260553,1,1,1984,16,16,16,16,16,16,16,16,16,16
260553,2,1,1984,14,14,14,14,14,14,14,14,14,14
260554,0,1,1984,0,0,0,0,24,34,0,0,0,0
260554,0,2,1984,8,0,8,0,0,0,0,0,0,23
260554,1,1,1984,0,0,0,0,0,0,0,0,0,0
260555,1,1,1984,0,0,0,0,0,0,0,0,0,0
260555,2,1,1984,0,0,0,0,0,0,0,0,20,0
260556,1,1,1984,0,0,0,0,0,0,0,0,0,0
260556,2,1,1984,0,0,0,0,0,0,0,0,0,0
260557,1,1,1984,29,29,29,29,29,29,29,29,29,29
260558,0,1,1984,9,0,0,0,9,18,0,0,0,22
260558,0,2,1984,0,0,7,0,17,12,0,17,27,0
260558,1,1,1984,10,10,10,10,10,10,10,10,10,10
260558,2,1,1984,0,0,0,0,0,0,0,0,0,0
260559,1,1,1984,13,13,13,13,13,13,13,13,13,13
260560,1,1,1984,14,14,14,14,14,14,14,14,14,14
260560,2,1,1984,0,0,0,0,0,0,0,0,0,0
260561,1,1,1984,1,1,1,1,1,1,1,1,1,1
260561,2,1,1984,0,0,0,0,0,0,0,0,0,0
260562,1,1,1984,8,24,33,19,4,11,13,19,6,20
260563,1,1,1984,9,0,16,0,11,7,9,18,23,12
260564,1,1,1984,15,15,15,15,15,15,15,15,15,15
260564,2,1,1984,10,10,10,10,10,10,10,10,10,10
260565,1,1,1984,0,0,0,0,0,0,0,0,0,0
260565,2,1,1984,0,0,0,0,0,0,0,0,0,0
260566,1,1,1984,14,14,14,14,14,14,14,14,14,14
260566,2,1,1984,0,0,0,0,0,0,0,0,0,0
260567,1,1,1984,14,14,14,14,14,14,14,14,14,14
260567,2,1,1984,22,0,0,0,0,0,0,0,0,0
260568,1,1,1984,0,0,0,0,0,0,0,0,0,0
260568,2,1,1984,4,4,4,4,4,4,4,4,4,4
260569,0,1,1984,31,31,31,31,31,31,31,31,31,31
260569,1,1,1984,0,0,0,0,0,19,0,0,0,0
260570,1,1,1984,0,0,0,0,0,0,0,0,0,0
260570,2,1,1984,0,0,0,0,0,0,0,0,0,0
260571,1,1,1984,0,0,0,0,0,0,0,0,0,0
260571,2,1,1984,0,0,0,0,0,0,0,0,0,0
260571,3,1,1984,0,0,0,0,0,0,0,0,0,0
260572,1,1,1984,0,0,0,0,0,0,0,0,0,0
260573,1,1,1984,15,15,15,15,15,15,15,15,15,15
260573,2,1,1984,0,0,0,26,0,0,0,0,0,0
260574,1,1,1984,0,17,0,0,0,0,0,0,12,0
260575,1,1,1984,11,11,11,11,11,11,11,11,11,11
260576,0,1,1984,0,0,0,0,0,0,0,0,0,0
260576,1,1,1984,0,0,0,0,0,0,0,0,0,0
260577,1,1,1984,0,0,0,18,0,0,0,0,0,0
260577,2,1,1984,0,0,0,0,0,0,0,0,0,0
260578,1,1,1984,0,0,0,0,0,7,0,0,0,0
260579,1,1,1984,0,0,0,0,0,0,0,0,0,0
260579,2,1,1984,12,0,11,13,19,0,12,23,12,9
260580,1,1,1984,17,17,17,17,17,17,17,17,17,17
260580,2,1,1984,0,0,0,0,0,0,0,0,0,0
260581,1,1,1984,8,4,9,0,0,0,0,0,0,7
260581,2,1,1984,3,0,0,0,0,0,0,0,0,0
260581,3,1,1984,0,0,0,0,0,0,0,0,0,0
260582,1,1,1984,25,13,11,10,12,13,13,21,12,6
260583,1,1,1984,0,0,0,0,0,0,0,0,0,0
260583,2,1,1984,18,18,18,18,18,18,18,18,18,18
260584,1,1,1984,0,0,0,0,0,0,0,0,0,0
260584,2,1,1984,0,0,0,0,0,0,0,0,0,0
260585,0,1,1984,0,0,0,0,0,0,0,0,0,0
260585,1,1,1984,0,0,0,0,0,0,0,0,0,0
260586,1,1,1984,0,0,0,0,0,0,0,0,0,0
260586,2,1,1984,34,0,0,0,0,0,0,0,0,0
260587,1,1,1984,0,0,0,0,0,0,0,0,0,0
260587,2,1,1984,8,8,8,8,8,8,8,8,8,8
260588,1,1,1984,0,0,0,0,0,0,0,0,0,0
260589,1,1,1984,20,20,20,20,20,20,20,20,20,20
260589,2,1,1984,17,0,0,0,0,3,10,7,0,0
260590,1,1,1984,0,0,0,0,0,0,0,0,0,0
260590,2,1,1984,0,0,0,0,0,0,0,0,0,0
260591,1,1,1984,0,17,0,0,0,0,0,0,0,26
260591,2,1,1984,0,0,20,0,0,21,0,0,0,24
260592,1,1,1984,26,26,26,26,26,26,26,26,26,26
260592,2,1,1984,0,0,0,0,0,0,0,0,0,0
260593,1,1,1984,0,0,0,0,0,0,0,0,0,0
260593,2,1,1984,0,0,0,0,0,0,0,0,0,0
260594,1,1,1984,16,16,16,16,16,16,16,16,16,16
260594,2,1,1984,17,0,12,0,0,0,0,0,22,0
260594,3,1,1984,0,38,0,0,0,0,14,0,0,0
260595,0,1,1984,0,0,0,0,0,0,0,0,0,0
260595,1,1,1984,0,0,0,0,0,0,0,0,0,0
260596,1,1,1984,0,0,0,21,0,0,0,0,0,0
260596,2,1,1984,0,0,0,0,0,0,16,0,0,0
260596,3,1,1984,0,0,0,0,0,0,0,0,11,0
260597,0,1,1984,24,24,24,24,24,24,24,24,24,24
260597,1,1,1984,35,35,35,35,35,35,35,35,35,35
260598,1,1,1984,0,0,0,0,0,0,0,0,0,0
260598,2,1,1984,0,0,0,0,0,10,0,0,0,0
260599,1,1,1984,0,0,0,0,0,22,0,0,28,0
260600,1,1,1984,9,9,9,9,9,9,9,9,9,9
260601,1,1,1984,0,0,0,0,0,0,0,0,0,0
260601,2,1,1984,0,0,0,0,0,0,0,0,0,24
260601,3,1,1984,0,0,0,0,0,0,0,0,0,0
260602,1,1,1984,17,17,17,17,17,17,17,17,17,17
260603,0,1,1984,0,0,8,0,24,0,0,0,0,20
260603,1,1,1984,0,0,0,0,0,12,0,0,0,0
260604,1,1,1984,0,0,0,11,0,0,7,0,0,14
260604,2,1,1984,21,0,4,5,0,0,0,0,0,0
260605,1,1,1984,24,24,24,24,24,24,24,24,24,24
260606,1,1,1984,13,21,18,10,16,25,15,20,17,12
260607,1,1,1984,14,8,28,23,0,20,0,0,0,20
260608,1,1,1984,0,0,0,0,0,0,0,0,0,0
260608,2,1,1984,0,0,0,0,0,0,0,0,0,0
260609,1,1,1984,35,12,19,0,10,8,17,15,13,15
260610,1,1,1984,24,24,24,24,24,24,24,24,24,24
260611,1,1,1984,12,12,12,12,12,12,12,12,12,12
260612,1,1,1984,23,23,23,23,23,23,23,23,23,23
260612,2,1,1984,0,0,0,0,0,0,0,0,0,0
260613,1,1,1984,4,4,4,4,4,4,4,4,4,4
260613,2,1,1984,0,0,0,0,0,0,0,0,0,0
260614,0,1,1984,22,21,11,0,20,34,0,11,31,30
260614,1,1,1984,0,16,12,0,13,0,0,0,0,22
260615,1,1,1984,26,26,26,26,26,26,26,26,26,26
260616,1,1,1984,0,0,0,0,0,0,0,13,0,0
260616,2,1,1984,0,0,0,0,0,0,0,19,0,0
260617,1,1,1984,29,29,29,29,29,29,29,29,29,29
260617,2,1,1984,0,0,0,0,0,0,0,0,0,0
260618,0,1,1984,25,25,25,25,25,25,25,25,25,25
260618,1,1,1984,9,9,9,9,9,9,9,9,9,9
260619,1,1,1984,0,0,0,0,0,0,0,0,0,0
260619,2,1,1984,0,0,0,0,0,0,0,0,0,0
260620,1,1,1984,28,19,9,17,4,28,17,13,17,24
260621,0,1,1984,0,0,0,0,0,0,0,0,0,0
260621,1,1,1984,19,27,24,15,27,28,19,12,18,13
260622,1,1,1984,0,0,0,0,0,0,0,0,0,0
260622,2,1,1984,0,0,0,0,0,0,0,0,0,0
260622,3,1,1984,0,0,0,0,0,0,0,0,0,0
260623,1,1,1984,17,17,17,17,17,17,17,17,17,17
260624,0,1,1984,21,27,12,17,6,9,21,27,28,14
260624,1,1,1984,0,0,0,0,0,6,0,0,0,0
260625,1,1,1984,23,23,23,23,23,23,23,23,23,23
260626,0,1,1984,0,0,0,0,30,23,22,28,11,5
260626,0,2,1984,0,0,0,0,0,0,0,0,0,24
260626,1,1,1984,0,0,0,0,0,0,0,0,0,0
260627,0,1,1984,18,18,18,18,18,18,18,18,18,18
260627,1,1,1984,0,0,0,5,0,0,0,0,0,0
260628,1,1,1984,0,17,15,0,0,0,21,21,0,18
260629,1,1,1984,0,0,0,0,0,0,0,0,0,0
260630,1,1,1984,10,10,10,10,10,10,10,10,10,10
260630,2,1,1984,13,13,13,13,13,13,13,13,13,13
260631,1,1,1984,13,0,0,0,0,0,0,11,0,6
260632,1,1,1984,0,0,0,0,0,0,0,0,0,0
260632,2,1,1984,0,0,0,0,0,0,0,0,0,0
260633,1,1,1984,18,18,18,18,18,18,18,18,18,18
260633,2,1,1984,0,0,0,0,0,0,0,0,0,0
260634,1,1,1984,10,31,10,16,14,0,16,26,11,22
260635,1,1,1984,0,0,0,0,0,0,0,23,20,0
260636,1,1,1984,6,18,13,0,0,17,0,0,0,18
260637,1,1,1984,0,0,0,0,0,0,0,0,0,0
260638,1,1,1984,0,0,0,0,0,0,0,0,0,0
260638,2,1,1984,4,0,0,0,0,0,0,0,0,0
260639,1,1,1984,22,22,22,22,22,22,22,22,22,22
260640,1,1,1984,8,8,8,8,8,8,8,8,8,8
260641,1,1,1984,17,17,17,17,17,17,17,17,17,17
260642,1,1,1984,11,11,26,6,13,0,27,17,7,7
260643,1,1,1984,20,20,20,20,20,20,20,20,20,20
260644,1,1,1984,21,21,21,21,21,21,21,21,21,21
260645,1,1,1984,23,8,6,0,0,0,5,0,0,0
260647,1,1,1984,0,0,0,10,12,0,13,13,0,0
260647,2,1,1984,0,0,0,0,0,0,0,0,0,0
260648,1,1,1984,0,0,0,0,0,0,0,0,0,0
260649,0,1,1984,0,0,0,0,0,0,0,0,0,0
260649,1,1,1984,0,0,0,0,0,11,0,0,0,0
260650,1,1,1984,0,0,0,0,0,0,0,0,0,0
260650,2,1,1984,0,0,0,0,0,0,0,0,0,0
260650,3,1,1984,0,0,0,0,0,6,0,0,0,0
260651,1,1,1984,0,0,0,0,0,0,0,0,0,0
260652,1,1,1984,11,6,13,9,21,11,5,6,24,14
260652,2,1,1984,0,0,0,0,0,0,0,0,0,0
260653,1,1,1984,0,0,0,0,0,0,0,0,0,0
260653,2,1,1984,0,0,0,0,0,0,0,0,0,0
260654,1,1,1984,0,0,0,0,0,0,0,0,0,0
260654,2,1,1984,0,0,0,0,0,0,0,0,0,0
260655,1,1,1984,0,0,0,0,0,0,0,0,0,0
260655,2,1,1984,0,0,0,0,0,0,0,0,0,0
260656,1,1,1984,25,25,25,25,25,25,25,25,25,25
260657,0,1,1984,0,4,9,0,0,0,0,0,0,25
260657,1,1,1984,0,0,0,0,0,0,0,0,0,16
260658,0,1,1984,32,0,27,0,15,0,27,19,0,0
260658,1,1,1984,0,0,0,0,0,0,0,0,0,0
260659,0,1,1984,25,25,25,25,25,25,25,25,25,25
260659,1,1,1984,15,15,15,15,15,15,15,15,15,15
260660,0,1,1984,11,0,21,0,21,6,0,0,0,0
260660,1,1,1984,0,0,0,0,0,0,0,0,0,31
260661,1,1,1984,19,14,7,16,20,26,10,23,20,8
260662,1,1,1984,21,0,10,11,20,0,19,13,0,13
260662,2,1,1984,0,0,17,12,0,0,11,15,17,9
260663,1,1,1984,7,7,7,7,7,7,7,7,7,7
260664,1,1,1984,10,10,10,10,10,10,10,10,10,10
260664,2,1,1984,24,0,0,0,0,32,0,0,0,0
260665,0,1,1984,20,20,20,20,20,20,20,20,20,20
260665,1,1,1984,0,0,0,13,0,0,0,0,0,0
260666,0,1,1984,0,0,0,0,0,0,0,0,0,0
260666,1,1,1984,0,0,10,0,0,0,0,0,0,8
260667,1,1,1984,0,0,0,0,5,0,0,10,0,0
260667,2,1,1984,0,0,0,0,0,9,0,0,0,0
260668,1,1,1984,16,16,16,16,16,16,16,16,16,16
260668,2,1,1984,0,0,0,0,0,0,0,0,0,0
260669,1,1,1984,18,18,18,18,18,18,18,18,18,18
260670,1,1,1984,0,0,0,0,0,0,0,0,0,0
260671,1,1,1984,0,0,0,0,0,0,0,0,0,0
260671,2,1,1984,0,0,0,0,0,0,0,0,0,0
260671,3,1,1984,0,0,0,0,0,0,0,0,0,0
260672,1,1,1984,0,0,0,0,0,0,0,0,0,0
260672,2,1,1984,0,0,0,0,0,0,20,0,0,0
260673,1,1,1984,0,0,0,0,0,0,0,0,0,0
260673,2,1,1984,0,0,0,0,0,0,0,0,25,0
260674,0,1,1984,24,24,24,24,24,24,24,24,24,24
260674,1,1,1984,17,0,17,0,20,13,25,23,19,13
260675,1,1,1984,11,11,11,11,11,11,11,11,11,11
260675,2,1,1984,0,0,0,0,0,0,0,0,0,0
260676,1,1,1984,0,0,0,0,0,0,0,0,0,0
260676,2,1,1984,0,0,0,0,0,0,0,0,0,0
260677,1,1,1984,21,16,27,6,9,20,33,27,20,27
260677,2,1,1984,0,0,0,0,0,0,0,0,0,0
260678,1,1,1984,18,18,18,18,18,18,18,18,18,18
260679,1,1,1984,21,21,21,21,21,21,21,21,21,21
260680,1,1,1984,0,0,0,0,0,0,0,0,0,0
260680,2,1,1984,0,0,0,0,0,0,0,0,0,0
260680,3,1,1984,0,0,0,0,0,0,0,0,0,0
260681,1,1,1984,16,16,16,16,16,16,16,16,16,16
260681,2,1,1984,0,0,0,0,0,0,6,0,0,0
260682,0,1,1984,0,0,0,7,0,0,0,0,0,0
260682,1,1,1984,0,0,0,0,0,0,0,0,0,0
260682,2,1,1984,0,0,0,0,0,0,0,0,0,0
260683,1,1,1984,0,0,0,13,0,0,0,5,0,0
260683,2,1,1984,0,0,0,0,0,0,0,0,0,0
260684,1,1,1984,23,23,23,23,23,23,23,23,23,23
260685,1,1,1984,0,0,0,17,19,0,0,0,0,9
260686,0,1,1984,0,0,0,0,0,0,0,0,26,0
260686,1,1,1984,0,0,0,0,0,0,0,0,0,0
260687,0,1,1984,0,0,0,0,0,0,0,0,0,0
260688,1,1,1984,0,10,11,20,7,20,2,10,0,2
260689,0,1,1984,19,19,19,19,19,19,19,19,19,19
260689,1,1,1984,0,0,0,0,0,0,0,0,0,0
260690,1,1,1984,9,9,9,9,9,9,9,9,9,9
260691,1,1,1984,0,0,0,0,0,0,0,0,0,0
260691,2,1,1984,0,18,0,0,26,0,0,9,14,8
260692,1,1,1984,0,0,0,10,0,0,0,0,0,0
260693,1,1,1984,0,0,0,0,0,0,0,0,0,0
260693,2,1,1984,0,0,0,0,0,0,0,0,12,0
260694,1,1,1984,0,0,0,0,0,0,0,0,0,0
260694,2,1,1984,0,0,0,0,0,0,0,0,0,0
260694,3,1,1984,0,0,0,0,0,0,0,0,0,0
260695,1,1,1984,0,8,5,0,11,6,14,15,29,24
260695,2,1,1984,16,9,13,12,17,9,10,23,17,15
260696,1,1,1984,15,3,24,13,12,0,7,4,21,22
260697,1,1,1984,0,0,0,0,0,0,0,0,0,0
260697,2,1,1984,0,0,0,0,0,0,0,0,0,0
260698,1,1,1984,27,27,27,27,27,27,27,27,27,27
260699,1,1,1984,0,0,0,0,0,0,0,0,0,0
260700,1,1,1984,13,0,0,8,13,0,0,0,25,0
260701,0,1,1984,18,10,19,14,17,20,21,18,13,23
260701,1,1,1984,0,0,30,17,0,0,19,12,0,24
260702,1,1,1984,6,0,14,31,17,4,10,17,12,10
260702,2,1,1984,0,0,0,0,0,0,0,0,0,0
260703,1,1,1984,7,7,7,7,7,7,7,7,7,7
260703,2,1,1984,23,23,23,23,23,23,23,23,23,23
260704,1,1,1984,22,22,22,22,22,22,22,22,22,22
260704,2,1,1984,27,9,14,13,14,23,12,15,23,11
260704,3,1,1984,0,0,0,0,0,0,0,0,0,0
260705,0,1,1984,0,0,0,0,0,0,0,0,0,0
260705,1,1,1984,0,0,0,0,0,0,0,0,11,0
260706,1,1,1984,11,11,11,11,11,11,11,11,11,11
260706,2,1,1984,3,3,3,3,3,3,3,3,3,3
260707,1,1,1984,9,9,9,9,9,9,9,9,9,9
260708,1,1,1984,23,0,17,17,22,0,29,0,0,19
260708,2,1,1984,0,0,0,0,0,0,0,0,0,0
260709,1,1,1984,19,19,19,19,19,19,19,19,19,19
260710,1,1,1984,0,0,0,4,9,18,0,8,0,22
260710,2,1,1984,0,0,0,0,0,14,0,0,0,0
260711,1,1,1984,4,4,4,4,4,4,4,4,4,4
260711,2,1,1984,0,0,0,10,0,14,37,0,0,34
260712,1,1,1984,37,37,37,37,37,37,37,37,37,37
260712,2,1,1984,0,0,0,10,20,0,0,0,0,21
260713,1,1,1984,16,16,16,16,16,16,16,16,16,16
260713,2,1,1984,12,12,12,12,12,12,12,12,12,12
260714,1,1,1984,16,9,0,16,8,16,17,16,0,7
260715,1,1,1984,0,0,0,0,0,0,0,0,0,0
260716,1,1,1984,25,25,25,25,25,25,25,25,25,25
260716,2,1,1984,0,0,0,0,0,0,0,0,0,0
260717,1,1,1984,0,0,0,18,0,0,0,0,0,0
260717,2,1,1984,0,11,0,0,0,0,0,0,0,0
260718,1,1,1984,20,20,20,20,20,20,20,20,20,20
260719,0,1,1984,28,0,8,16,0,35,23,14,0,14
260719,1,1,1984,11,0,35,29,0,0,0,0,7,0
260720,1,1,1984,7,7,7,7,7,7,7,7,7,7
260721,1,1,1984,18,18,18,18,18,18,18,18,18,18
260722,1,1,1984,24,20,0,33,27,39,14,8,17,23
260722,2,1,1984,0,21,0,0,14,0,16,0,0,0
260723,1,1,1984,15,15,15,15,15,15,15,15,15,15
260723,2,1,1984,21,0,0,0,0,0,0,26,8,0
260724,1,1,1984,8,8,8,8,8,8,8,8,8,8
260724,2,1,1984,0,0,0,0,0,9,0,0,5,27
260725,1,1,1984,17,17,17,17,17,17,17,17,17,17
260726,1,1,1984,11,11,11,11,11,11,11,11,11,11
260727,1,1,1984,17,17,17,17,17,17,17,17,17,17
260728,0,1,1984,2,9,13,9,18,21,8,10,8,11
260728,1,1,1984,0,0,0,0,0,0,0,0,0,0
260729,0,1,1984,0,0,0,0,0,12,0,0,0,0
260729,1,1,1984,0,0,0,0,0,0,0,0,0,0
260730,1,1,1984,17,17,17,17,17,17,17,17,17,17
260730,2,1,1984,16,17,13,16,0,32,0,20,26,19
260731,1,1,1984,20,16,26,9,21,13,15,20,22,20
260732,1,1,1984,16,16,16,16,16,16,16,16,16,16
260733,1,1,1984,0,0,0,0,0,0,6,0,0,12
260734,1,1,1984,0,17,0,0,0,0,0,0,14,0
260735,1,1,1984,0,0,0,0,0,0,0,0,0,0
260735,2,1,1984,0,0,9,0,0,0,0,0,0,0
260736,1,1,1984,16,16,16,16,16,16,16,16,16,16
260736,2,1,1984,17,0,10,9,0,13,0,6,0,16
260737,0,1,1984,32,20,31,18,0,0,31,16,30,30
260737,1,1,1984,0,0,21,0,0,6,3,0,0,15
260738,1,1,1984,0,0,0,0,0,0,0,0,0,0
260739,1,1,1984,0,0,0,0,0,0,0,0,0,0
260739,2,1,1984,0,0,0,0,0,0,0,0,0,8
260740,1,1,1984,0,0,0,23,0,0,0,0,0,7
260741,1,1,1984,0,0,0,0,0,0,0,0,0,0
260741,2,1,1984,0,0,0,0,0,0,0,0,0,0
260742,1,1,1984,16,16,16,16,16,16,16,16,16,16
260742,2,1,1984,0,0,0,0,0,0,0,0,0,0
260743,1,1,1984,0,0,0,0,0,0,0,0,0,0
260743,2,1,1984,0,0,0,0,0,0,0,0,0,0
260744,1,1,1984,0,0,0,0,0,0,0,0,0,0
260745,1,1,1984,0,0,0,0,0,9,0,0,0,0
260745,2,1,1984,0,0,0,0,0,0,0,0,0,0
260745,3,1,1984,0,0,0,21,0,0,0,3,0,0
260746,1,1,1984,16,16,16,16,16,16,16,16,16,16
260746,2,1,1984,0,0,0,0,0,0,0,0,0,0
260747,0,1,1984,9,9,9,9,9,9,9,9,9,9
260747,1,1,1984,0,15,14,9,12,35,14,6,14,7
260748,1,1,1984,30,30,30,30,30,30,30,30,30,30
260748,2,1,1984,10,10,10,10,10,10,10,10,10,10
260749,1,1,1984,0,0,0,0,0,0,0,0,0,0
260750,1,1,1984,29,29,29,29,29,29,29,29,29,29
260751,1,1,1984,0,0,0,0,0,0,0,0,0,0
260751,2,1,1984,0,0,0,0,0,0,0,0,0,0
260752,0,1,1984,29,0,19,15,20,13,7,26,0,11
260752,1,1,1984,0,0,0,0,0,0,0,0,0,0
260753,1,1,1984,0,0,0,0,0,0,0,0,0,0
260753,2,1,1984,0,0,0,0,0,0,0,0,0,0
260754,1,1,1984,21,18,19,11,13,15,37,24,7,11
260754,2,1,1984,0,0,0,0,0,0,0,0,0,0
260755,1,1,1984,25,10,2,7,3,5,15,25,10,15
260755,2,1,1984,19,17,0,15,2,0,0,0,0,0
260756,1,1,1984,2,2,2,2,2,2,2,2,2,2
260756,2,1,1984,0,0,0,0,0,0,0,0,0,0
260757,0,1,1984,18,27,13,0,13,22,6,9,14,25
260757,1,1,1984,0,0,0,0,0,0,0,0,0,0
260758,1,1,1984,13,8,0,0,0,4,16,18,28,28
260759,1,1,1984,19,19,19,19,19,19,19,19,19,19
260760,1,1,1984,0,0,0,0,0,0,0,0,0,0
260761,1,1,1984,0,23,0,0,0,0,0,0,0,0
260761,2,1,1984,20,0,16,0,0,0,0,10,0,0
260762,0,1,1984,20,0,0,10,0,0,0,0,18,0
260762,1,1,1984,28,28,28,28,28,28,28,28,28,28
260763,0,1,1984,0,0,0,0,0,0,0,0,0,0
260763,1,1,1984,0,0,0,11,0,0,0,0,0,0
260764,1,1,1984,0,0,0,0,0,0,0,0,0,0
260765,0,1,1984,0,0,0,0,0,0,0,0,0,0
260765,1,1,1984,0,0,0,0,0,0,0,0,0,0
260766,1,1,1984,1,0,0,0,0,16,0,15,0,0
260767,1,1,1984,0,0,12,34,21,0,0,3,12,16
260768,1,1,1984,21,10,18,13,20,16,4,17,14,22
260769,1,1,1984,12,5,15,0,14,21,22,4,6,8
260770,1,1,1984,0,0,0,0,0,0,0,0,0,0
260771,1,1,1984,27,44,16,23,31,14,16,11,14,16
260772,0,1,1984,0,0,0,16,0,0,0,0,0,19
260773,1,1,1984,0,0,0,0,0,0,0,0,0,0
260773,2,1,1984,0,0,0,0,0,0,0,0,0,0
260774,0,1,1984,0,0,0,0,11,0,0,0,0,0
260775,1,1,1984,0,0,0,0,18,0,21,9,13,0
260776,0,1,1984,0,0,0,6,0,0,0,0,0,25
260776,0,2,1984,0,0,0,15,0,0,13,20,17,7
260776,0,3,1984,15,16,0,17,0,18,23,0,0,20
260776,1,1,1984,9,9,9,9,9,9,9,9,9,9
260777,1,1,1984,0,0,0,0,0,0,0,0,0,0
260777,2,1,1984,0,0,0,0,0,0,0,0,0,0
260778,1,1,1984,26,0,0,0,0,0,0,16,0,0
260778,2,1,1984,0,0,0,0,17,0,0,0,0,0
260779,1,1,1984,0,0,0,0,0,0,0,0,11,8
260779,2,1,1984,0,0,0,20,7,0,9,0,0,0
260780,0,1,1984,36,17,13,23,20,7,3,25,10,21
260780,1,1,1984,0,27,0,0,0,0,14,0,0,0
260781,1,1,1984,17,17,17,17,17,17,17,17,17,17
260782,1,1,1984,39,19,8,7,8,20,27,21,18,22
260783,0,1,1984,0,0,0,0,0,0,0,0,0,0
260783,1,1,1984,0,0,0,0,0,0,0,0,0,0
260784,1,1,1984,9,9,9,9,9,9,9,9,9,9
260785,1,1,1984,0,0,0,18,18,25,14,26,30,14