ST_CASE,VEH_NO,PER_NO,YEAR,P1,P2,P3,P4,P5,P6,P7,P8,P9,P10
260786,1,1,1984,16,15,32,19,11,8,13,0,17,0
260787,1,1,1984,20,20,20,20,20,20,20,20,20,20
260787,2,1,1984,15,22,0,10,0,0,11,0,0,14
260788,1,1,1984,26,23,28,19,36,22,6,18,35,17
260789,0,1,1984,30,30,30,30,30,30,30,30,30,30
260789,1,1,1984,0,0,0,0,0,0,0,0,0,0
260790,1,1,1984,21,31,21,25,27,22,17,22,10,22
260790,2,1,1984,0,4,0,0,0,0,0,0,0,0
260791,1,1,1984,10,10,10,10,10,10,10,10,10,10
260791,2,1,1984,11,30,17,0,15,14,0,0,0,0
260792,1,1,1984,0,0,0,0,0,0,0,0,0,0
260792,2,1,1984,16,11,10,18,21,29,18,15,6,10
260793,1,1,1984,8,12,28,5,15,19,13,21,14,30
260794,0,1,1984,0,0,0,0,0,0,0,0,0,0
260794,1,1,1984,9,9,9,9,9,9,9,9,9,9
260795,1,1,1984,0,0,0,19,20,0,0,22,0,20
260796,1,1,1984,0,0,0,0,0,0,0,0,0,0
260797,0,1,1984,21,21,21,21,21,21,21,21,21,21
260797,1,1,1984,0,0,0,0,0,0,0,0,0,0
260798,1,1,1984,0,0,0,0,0,0,0,0,0,0
260798,2,1,1984,0,0,0,0,0,0,0,0,15,0
260799,1,1,1984,15,15,15,15,15,15,15,15,15,15
260800,1,1,1984,0,0,0,0,0,0,0,0,0,0
260800,2,1,1984,15,15,15,15,15,15,15,15,15,15
260801,1,1,1984,16,16,12,11,21,21,11,25,39,42
260801,2,1,1984,10,27,20,11,0,17,35,22,19,7
260802,1,1,1984,0,0,0,0,0,0,0,0,0,0
260802,2,1,1984,0,0,0,0,0,0,0,0,0,0
260803,1,1,1984,18,18,18,18,18,18,18,18,18,18
260804,1,1,1984,9,9,9,9,9,9,9,9,9,9
260804,2,1,1984,0,0,0,0,0,0,0,9,0,0
260805,1,1,1984,16,17,26,15,10,14,7,10,28,15
260806,1,1,1984,0,0,0,0,0,0,0,0,0,0
260806,2,1,1984,0,0,0,0,0,0,0,0,0,0
260807,1,1,1984,0,0,0,0,0,0,0,0,0,0
260807,2,1,1984,0,0,0,0,0,0,0,0,0,0
260808,0,1,1984,0,0,0,21,0,29,9,0,0,15
260808,1,1,1984,0,0,19,0,0,0,0,0,0,0
260809,1,1,1984,0,0,17,0,0,0,0,0,0,0
260809,2,1,1984,4,17,0,10,14,10,0,0,11,24
260810,1,1,1984,0,0,0,0,0,0,0,0,0,0
260810,2,1,1984,0,5,0,0,0,0,0,0,0,0
260811,1,1,1984,19,19,19,19,19,19,19,19,19,19
260811,2,1,1984,0,0,0,0,0,0,0,0,0,8
260812,1,1,1984,0,0,0,0,0,0,0,0,0,0
260812,2,1,1984,7,7,7,7,7,7,7,7,7,7
260813,1,1,1984,18,18,18,18,18,18,18,18,18,18
260813,2,1,1984,0,0,0,0,0,0,0,0,0,0
260814,1,1,1984,20,20,20,20,20,20,20,20,20,20
260815,1,1,1984,6,6,6,6,6,6,6,6,6,6
260815,2,1,1984,0,0,13,0,0,0,0,21,0,0
260816,1,1,1984,20,20,20,20,20,20,20,20,20,20
260816,2,1,1984,1,1,1,1,1,1,1,1,1,1
260817,1,1,1984,16,19,21,22,0,22,16,7,12,18
260818,1,1,1984,27,27,27,27,27,27,27,27,27,27
260819,0,1,1984,0,0,0,0,0,0,0,0,0,0
260819,1,1,1984,0,0,0,0,0,0,0,0,0,0
260820,1,1,1984,27,27,27,27,27,27,27,27,27,27
260820,2,1,1984,0,0,0,0,0,0,0,24,0,0
260821,1,1,1984,0,0,0,0,0,0,0,0,0,0
260821,2,1,1984,0,0,0,0,0,0,32,14,0,0
260822,1,1,1984,13,19,24,0,15,22,20,6,13,18
260822,2,1,1984,0,0,18,0,0,21,6,0,0,0
260823,1,1,1984,24,18,27,8,26,37,24,21,9,11
260824,1,1,1984,0,0,0,0,0,7,0,0,0,0
260824,2,1,1984,9,0,0,0,0,0,0,24,0,0
260825,1,1,1984,7,7,7,7,7,7,7,7,7,7
260825,2,1,1984,0,0,14,0,15,0,0,0,24,0
260826,1,1,1984,32,32,32,32,32,32,32,32,32,32
260827,1,1,1984,0,0,0,0,0,0,0,0,0,0
260827,2,1,1984,4,4,4,4,4,4,4,4,4,4
260828,1,1,1984,16,16,16,16,16,16,16,16,16,16
260829,0,1,1984,0,0,14,0,0,0,0,0,0,19
260829,1,1,1984,0,0,0,0,0,0,0,0,0,0
260830,1,1,1984,24,0,0,0,0,14,0,0,0,0
260831,0,1,1984,0,0,0,0,0,0,7,0,0,0
260831,1,1,1984,0,0,0,0,0,0,0,0,0,0
260832,1,1,1984,0,0,0,0,0,0,0,0,0,0
260832,2,1,1984,1,1,1,1,1,1,1,1,1,1
260833,1,1,1984,17,35,10,10,27,0,16,17,23,13
260833,2,1,1984,0,0,0,0,0,0,0,0,0,0
260834,0,1,1984,0,0,16,0,18,17,0,0,0,15
260834,0,2,1984,0,8,8,44,11,34,30,11,0,17
260834,1,1,1984,28,9,0,32,11,0,13,0,27,2
260835,0,1,1984,23,0,0,0,0,0,0,29,0,0
260835,1,1,1984,0,0,0,0,0,0,0,0,0,0
260836,0,1,1984,0,0,0,30,0,0,0,28,0,0
260836,1,1,1984,24,0,0,17,26,0,14,0,33,13
260837,1,1,1984,0,0,0,0,0,0,0,0,0,0
260837,2,1,1984,0,0,0,0,0,0,0,0,0,0
260838,0,1,1984,20,27,15,0,19,25,0,15,28,32
260838,1,1,1984,0,0,0,13,0,8,0,0,19,19
260839,0,1,1984,0,0,0,0,0,0,0,0,0,0
260839,1,1,1984,4,4,4,4,4,4,4,4,4,4
260840,0,1,1984,2,2,2,2,2,2,2,2,2,2
260840,1,1,1984,0,0,0,0,0,0,0,0,0,0
260841,1,1,1984,0,0,0,0,0,0,0,0,0,0
260841,2,1,1984,0,0,0,0,0,0,0,0,0,0
260842,1,1,1984,0,0,0,0,0,0,0,0,0,0
260842,2,1,1984,0,0,0,0,0,0,0,0,0,0
260843,0,1,1984,0,0,0,0,0,0,0,0,0,0
260843,1,1,1984,0,0,0,0,0,0,0,0,0,0
260844,1,1,1984,0,0,0,0,0,0,0,0,0,0
260844,2,1,1984,0,0,0,0,0,0,0,0,0,0
260845,1,1,1984,27,27,27,27,27,27,27,27,27,27
260846,1,1,1984,9,9,9,9,9,9,9,9,9,9
260846,2,1,1984,0,0,0,0,0,0,0,0,0,0
260846,3,1,1984,0,0,0,0,0,0,0,0,0,0
260847,0,1,1984,51,0,16,0,0,0,13,15,0,0
260847,1,1,1984,18,0,0,12,17,8,13,21,12,15
260848,0,1,1984,0,20,0,21,0,0,15,0,0,0
260848,1,1,1984,17,0,0,0,0,0,0,0,0,0
260849,1,1,1984,14,0,0,0,0,0,27,14,24,5
260850,0,1,1984,23,19,10,23,29,12,18,23,17,30
260850,1,1,1984,0,0,5,0,30,22,0,0,0,0
260851,0,1,1984,0,0,0,0,0,0,0,0,0,0
260851,1,1,1984,0,0,15,0,0,0,0,0,0,0
260852,0,1,1984,0,0,0,0,25,17,31,19,0,0
260852,1,1,1984,0,0,0,0,0,0,0,0,0,0
260853,1,1,1984,0,15,11,22,0,0,14,21,0,0
260853,2,1,1984,0,0,0,0,0,0,0,0,0,0
260853,3,1,1984,0,0,0,0,0,0,0,0,28,0
260854,1,1,1984,0,0,0,0,0,0,8,0,0,0
260854,2,1,1984,0,0,0,0,0,0,0,0,0,0
260855,0,1,1984,31,0,0,0,21,0,0,0,0,0
260855,1,1,1984,14,14,14,14,14,14,14,14,14,14
260856,1,1,1984,0,10,10,0,23,0,0,0,0,0
260857,1,1,1984,0,0,0,0,0,0,14,0,0,0
260857,2,1,1984,0,0,0,0,0,10,0,0,0,0
260858,0,1,1984,17,17,17,17,17,17,17,17,17,17
260858,1,1,1984,0,0,0,0,0,24,0,0,24,14
260859,1,1,1984,1,8,14,2,18,0,17,13,19,0
260860,1,1,1984,0,0,0,0,0,0,0,0,0,0
260860,2,1,1984,11,0,0,0,0,0,17,0,0,0
260861,0,1,1984,0,0,0,0,19,0,0,0,0,18
260861,1,1,1984,0,0,0,0,0,0,0,0,0,0
260862,0,1,1984,1,1,1,1,1,1,1,1,1,1
260862,0,2,1984,5,5,5,5,5,5,5,5,5,5
260862,1,1,1984,0,0,0,0,0,0,0,0,0,0
260863,0,1,1984,0,0,0,0,0,0,0,0,0,0
260863,1,1,1984,0,0,0,0,0,0,0,0,0,0
260864,1,1,1984,0,0,0,0,0,0,0,0,0,0
260864,2,1,1984,0,0,0,0,0,0,0,0,0,0
260864,3,1,1984,0,0,0,0,0,0,0,0,0,0
260865,0,1,1984,14,22,35,16,25,12,15,14,22,16
260865,1,1,1984,15,14,20,26,17,17,46,13,12,21
260866,1,1,1984,17,17,17,17,17,17,17,17,17,17
260867,1,1,1984,6,6,6,6,6,6,6,6,6,6
260867,2,1,1984,0,0,0,0,6,0,0,0,0,0
260868,0,1,1984,22,22,22,22,22,22,22,22,22,22
260868,1,1,1984,4,4,4,4,4,4,4,4,4,4
260869,1,1,1984,30,30,30,30,30,30,30,30,30,30
260870,1,1,1984,4,4,4,4,4,4,4,4,4,4
260870,2,1,1984,0,0,0,0,0,0,0,0,0,0
260871,1,1,1984,0,0,0,0,0,0,0,0,0,0
260871,2,1,1984,0,0,0,0,0,0,0,0,0,0
260871,3,1,1984,0,0,0,0,0,0,0,0,0,0
260872,1,1,1984,0,0,0,0,0,0,0,0,0,0
260873,1,1,1984,14,14,14,14,14,14,14,14,14,14
260874,1,1,1984,12,12,12,12,12,12,12,12,12,12
260875,1,1,1984,0,0,0,0,0,0,0,0,0,0
260875,2,1,1984,0,0,0,0,0,0,0,0,0,0
260876,1,1,1984,0,0,0,0,0,0,0,0,0,0
260876,2,1,1984,0,0,0,0,0,0,0,0,0,0
260878,1,1,1984,19,19,19,19,19,19,19,19,19,19
260879,0,1,1984,0,0,0,0,0,0,0,0,0,0
260879,1,1,1984,0,0,0,0,0,0,0,0,0,0
260880,0,1,1984,0,0,0,0,0,0,0,0,0,0
260880,1,1,1984,0,0,0,0,13,0,0,0,0,0
260881,1,1,1984,0,0,0,0,0,0,0,0,0,0
260882,1,1,1984,0,0,14,0,0,0,4,0,0,0
260882,2,1,1984,0,0,0,0,0,9,12,0,0,0
260882,3,1,1984,0,0,0,0,0,0,16,0,0,14
260883,1,1,1984,24,24,24,24,24,24,24,24,24,24
260883,2,1,1984,22,22,22,22,22,22,22,22,22,22
260884,1,1,1984,0,22,10,0,14,14,0,0,13,15
260885,1,1,1984,0,0,0,0,0,0,0,0,0,0
260885,2,1,1984,0,0,0,0,0,0,0,0,0,0
260886,1,1,1984,0,0,0,0,0,0,0,0,0,0
260886,2,1,1984,0,0,0,0,0,0,0,0,0,0
260887,0,1,1984,16,0,0,0,0,22,0,10,0,0
260887,1,1,1984,10,10,10,10,10,10,10,10,10,10
260888,1,1,1984,0,0,0,0,5,0,13,0,9,0
260889,1,1,1984,15,15,15,15,15,15,15,15,15,15
260890,1,1,1984,11,11,11,11,11,11,11,11,11,11
260890,2,1,1984,0,18,0,0,0,0,0,0,7,0
260891,1,1,1984,13,13,13,13,13,13,13,13,13,13
260892,0,1,1984,0,0,17,0,0,18,14,23,0,0
260892,1,1,1984,10,10,10,10,10,10,10,10,10,10
260893,1,1,1984,4,4,4,4,4,4,4,4,4,4
260893,2,1,1984,18,8,13,21,11,23,0,0,13,8
260894,1,1,1984,24,24,24,24,24,24,24,24,24,24
260895,1,1,1984,0,0,0,0,0,0,0,0,0,0
260895,2,1,1984,0,0,0,0,0,0,0,0,0,0
260896,0,1,1984,0,0,0,0,0,0,0,0,0,0
260896,1,1,1984,0,0,0,0,0,0,0,0,0,0
260897,1,1,1984,9,9,9,9,9,9,9,9,9,9
260898,1,1,1984,0,0,0,26,0,0,0,0,0,0
260899,1,1,1984,0,0,0,0,0,0,0,0,0,0
260899,2,1,1984,0,0,0,0,0,0,0,0,0,0
260900,1,1,1984,0,0,0,0,0,0,0,4,0,0
260900,2,1,1984,0,0,0,0,0,0,0,0,0,0
260901,1,1,1984,0,0,0,0,0,0,0,0,14,0
260901,2,1,1984,29,29,29,29,29,29,29,29,29,29
260902,1,1,1984,11,11,11,11,11,11,11,11,11,11
260902,2,1,1984,0,0,0,0,0,0,0,19,0,19
260903,1,1,1984,14,14,14,14,14,14,14,14,14,14
260904,1,1,1984,0,0,0,0,0,0,0,0,7,0
260904,2,1,1984,0,0,0,0,0,0,0,0,0,0
260905,1,1,1984,0,0,0,0,0,0,0,0,0,0
260905,2,1,1984,0,0,0,0,0,0,0,0,0,0
260906,1,1,1984,24,21,18,13,13,17,16,11,11,9
260907,0,1,1984,0,9,27,0,0,6,5,0,27,0
260907,1,1,1984,0,0,0,0,0,0,0,7,0,0
260908,1,1,1984,26,18,5,22,13,27,0,20,17,23
260909,1,1,1984,0,0,0,0,0,0,0,0,0,0
260909,2,1,1984,0,0,0,0,0,0,0,0,0,0
260910,0,1,1984,0,0,0,7,0,8,0,0,0,0
260910,0,2,1984,0,0,0,0,0,0,0,0,0,0
260910,0,3,1984,0,0,0,0,0,0,0,0,0,0
260910,0,4,1984,0,12,0,0,21,0,28,0,29,19
260910,0,5,1984,0,0,0,0,0,0,0,0,0,0
260910,1,1,1984,0,0,0,0,0,0,0,0,0,0
260910,2,1,1984,0,0,0,0,0,0,0,0,14,0
260910,3,1,1984,0,0,0,0,0,0,0,0,0,0
260910,4,1,1984,0,0,0,0,0,0,0,0,0,0
260911,1,1,1984,0,0,0,0,0,0,0,0,0,0
260911,2,1,1984,0,0,0,14,0,0,0,0,0,12
260912,1,1,1984,0,0,0,0,0,0,0,0,0,0
260912,2,1,1984,0,0,0,0,0,0,0,0,0,7
260913,1,1,1984,20,20,20,20,20,20,20,20,20,20
260914,0,1,1984,0,0,0,0,0,0,0,0,0,0
260914,1,1,1984,0,0,0,0,0,0,0,0,0,0
260915,0,1,1984,0,0,0,0,0,0,0,0,0,37
260915,1,1,1984,0,21,10,0,0,0,0,0,0,0
260917,1,1,1984,29,29,29,29,29,29,29,29,29,29
260917,2,1,1984,0,0,0,0,0,0,0,0,0,0
260917,3,1,1984,12,0,0,0,0,14,0,0,0,0
260917,4,1,1984,8,0,0,0,0,0,0,0,0,15
260918,1,1,1984,14,14,14,14,14,14,14,14,14,14
260919,1,1,1984,0,0,0,16,0,0,0,0,17,17
260920,1,1,1984,2,2,2,2,2,2,2,2,2,2
260920,2,1,1984,0,0,0,0,0,0,0,0,0,0
260921,1,1,1984,0,0,0,0,0,0,0,0,0,0
260922,1,1,1984,0,0,0,0,0,0,0,11,20,0
260922,2,1,1984,0,0,0,0,0,0,0,0,0,0
260923,1,1,1984,0,0,0,0,0,0,0,0,0,0
260924,1,1,1984,17,17,17,17,17,17,17,17,17,17
260925,0,1,1984,2,2,2,2,2,2,2,2,2,2
260925,1,1,1984,17,0,0,0,0,0,0,0,0,0
260926,1,1,1984,17,9,3,11,10,17,12,6,6,2
260927,0,1,1984,0,8,18,24,0,19,17,0,21,0
260927,0,2,1984,38,22,11,46,11,7,31,23,20,21
260927,1,1,1984,15,14,10,10,19,10,5,23,20,15
260928,1,1,1984,16,16,16,16,16,16,16,16,16,16
260928,2,1,1984,0,0,0,0,14,0,0,0,0,0
260929,1,1,1984,10,10,10,10,10,10,10,10,10,10
260929,2,1,1984,0,0,0,0,0,0,0,0,0,0
260929,3,1,1984,0,0,0,0,10,0,0,0,12,9
260930,1,1,1984,0,0,0,0,0,0,0,0,0,0
260930,2,1,1984,0,0,0,0,0,0,0,0,0,20
260931,0,1,1984,0,0,0,0,0,0,0,0,0,0
260931,1,1,1984,0,0,0,0,0,0,0,0,0,0
260932,1,1,1984,0,0,0,0,0,0,0,0,0,0
260932,2,1,1984,0,0,0,0,0,0,0,0,0,0
260933,0,1,1984,0,0,0,0,0,0,0,0,0,0
260933,1,1,1984,0,0,0,0,0,0,0,0,0,0
260934,1,1,1984,0,0,0,0,0,0,0,0,0,0
260935,1,1,1984,26,26,26,26,26,26,26,26,26,26
260935,2,1,1984,0,0,0,0,0,0,0,0,0,0
260936,1,1,1984,0,18,0,12,0,0,0,0,0,15
260936,2,1,1984,10,4,0,8,17,9,16,0,23,0
260936,3,1,1984,0,0,0,0,0,0,17,0,0,0
260937,1,1,1984,0,0,0,0,0,0,0,0,0,0
260937,2,1,1984,0,0,0,0,0,0,0,0,0,0
260938,1,1,1984,0,0,27,29,0,12,0,0,0,13
260938,2,1,1984,12,0,0,0,0,0,18,0,0,0
260939,1,1,1984,26,26,26,26,26,26,26,26,26,26
260940,0,1,1984,0,0,0,0,0,0,0,0,0,0
260940,1,1,1984,0,0,0,0,0,11,0,0,0,0
260941,1,1,1984,16,15,0,8,0,15,0,20,0,0
260942,0,1,1984,10,10,10,10,10,10,10,10,10,10
260942,1,1,1984,0,0,0,0,0,0,0,0,0,0
260943,0,1,1984,16,16,16,16,16,16,16,16,16,16
260943,0,2,1984,27,27,27,27,27,27,27,27,27,27
260943,0,3,1984,9,9,9,9,9,9,9,9,9,9
260943,0,4,1984,0,0,0,0,0,0,0,0,0,0
260943,1,1,1984,15,15,15,15,15,15,15,15,15,15
260944,0,1,1984,0,0,0,0,0,0,0,0,0,0
260944,1,1,1984,0,0,0,0,0,0,0,0,0,0
260945,1,1,1984,3,3,3,3,3,3,3,3,3,3
260945,2,1,1984,0,0,0,0,0,0,0,0,0,0
260946,1,1,1984,17,17,17,17,17,17,17,17,17,17
260947,1,1,1984,19,19,19,19,19,19,19,19,19,19
260948,1,1,1984,18,18,18,18,18,18,18,18,18,18
260949,1,1,1984,0,0,0,0,0,0,0,0,0,0
260950,1,1,1984,0,0,0,0,0,0,0,0,0,0
260950,2,1,1984,0,0,0,0,0,0,0,0,0,0
260951,0,1,1984,0,0,0,0,0,0,0,0,0,0
260951,1,1,1984,0,0,0,18,22,0,0,0,0,0
260952,1,1,1984,9,15,10,9,25,0,7,8,12,15
260953,1,1,1984,19,17,24,22,23,20,19,10,7,17
260954,0,1,1984,0,0,0,19,0,31,0,25,0,0
260954,0,2,1984,0,28,14,4,20,0,21,0,0,0
260954,1,1,1984,0,0,0,0,0,0,0,20,0,0
260955,0,1,1984,0,0,0,0,0,0,0,0,0,0
260955,1,1,1984,0,14,18,0,0,0,0,6,0,0
260956,1,1,1984,26,26,26,26,26,26,26,26,26,26
260957,1,1,1984,12,17,19,0,0,0,0,0,0,0
260958,1,1,1984,0,6,0,0,0,0,0,0,0,0
260958,2,1,1984,0,0,0,0,0,0,0,0,0,0
260959,1,1,1984,0,0,0,0,0,0,0,0,0,0
260960,1,1,1984,0,0,0,0,0,0,0,0,0,0
260961,1,1,1984,0,0,0,0,0,0,0,0,0,0
260961,2,1,1984,0,0,0,0,0,0,0,0,0,0
260962,0,1,1984,0,22,24,0,25,22,0,0,0,23
260962,1,1,1984,0,0,0,24,0,0,0,0,15,0
260963,1,1,1984,0,0,0,0,0,0,0,0,0,0
260964,1,1,1984,0,0,0,0,0,0,0,0,0,0
260965,0,1,1984,0,0,0,0,0,0,0,0,0,0
260965,1,1,1984,0,0,0,0,0,19,0,0,0,9
260966,0,1,1984,10,10,10,10,10,10,10,10,10,10
260966,1,1,1984,0,0,0,0,0,0,9,29,0,0
260966,2,1,1984,0,0,0,0,0,0,0,0,16,0
260967,1,1,1984,36,36,36,36,36,36,36,36,36,36
260967,2,1,1984,0,0,0,0,0,0,0,0,0,0
260968,1,1,1984,0,0,0,0,0,0,0,0,0,0
260969,1,1,1984,0,0,0,0,0,0,0,0,0,0
260969,2,1,1984,19,0,0,21,0,0,0,0,0,0
260970,1,1,1984,11,0,7,17,5,14,21,4,20,12
260970,2,1,1984,0,0,0,0,0,0,0,0,0,0
260971,1,1,1984,2,2,2,2,2,2,2,2,2,2
260972,1,1,1984,13,13,13,13,13,13,13,13,13,13
260973,1,1,1984,14,14,14,14,14,14,14,14,14,14
260974,1,1,1984,17,15,9,0,9,12,0,34,6,0
260975,1,1,1984,0,0,0,0,0,0,0,0,0,0
260975,2,1,1984,13,13,13,13,13,13,13,13,13,13
260976,1,1,1984,28,28,28,28,28,28,28,28,28,28
260977,1,1,1984,0,0,0,0,10,0,0,0,0,20
260977,2,1,1984,0,0,0,0,0,0,0,0,0,0
260978,1,1,1984,19,25,25,32,11,20,30,15,14,25
260979,1,1,1984,0,0,0,0,0,0,0,0,0,0
260979,2,1,1984,19,0,0,0,0,0,0,0,0,0
260980,0,1,1984,18,18,18,18,18,18,18,18,18,18
260980,1,1,1984,0,0,0,0,0,19,0,0,7,0
260981,0,1,1984,16,16,16,16,16,16,16,16,16,16
260981,1,1,1984,9,0,0,9,0,16,0,0,0,0
260982,1,1,1984,16,0,16,0,18,14,0,0,0,23
260983,1,1,1984,0,0,0,0,0,0,0,0,26,0
260983,2,1,1984,0,0,0,0,0,0,0,0,0,0
260984,1,2,1984,0,13,14,24,0,12,8,15,7,27
260985,1,1,1984,40,40,40,40,40,40,40,40,40,40
260986,1,1,1984,12,24,27,17,14,17,10,17,20,14
260987,1,1,1984,8,8,8,8,8,8,8,8,8,8
260987,2,1,1984,0,0,0,0,0,12,0,0,0,0
260988,1,1,1984,19,26,23,29,18,30,22,26,16,19
260989,1,1,1984,20,20,20,20,20,20,20,20,20,20
260990,1,1,1984,2,2,2,2,2,2,2,2,2,2
260990,2,1,1984,0,0,0,0,0,0,0,0,0,0
260991,1,1,1984,0,0,0,10,21,0,0,16,0,0
260992,1,1,1984,23,6,9,6,20,23,13,9,9,10
260992,2,1,1984,0,0,0,30,13,0,0,0,0,0
260993,1,1,1984,13,17,12,20,20,17,9,21,0,30
260994,0,1,1984,0,0,0,0,0,0,0,0,0,0
260994,1,1,1984,0,0,0,0,0,0,0,0,0,0
260995,1,1,1984,24,24,24,24,24,24,24,24,24,24
260995,2,1,1984,0,0,5,0,0,16,9,0,0,0
260996,1,1,1984,35,18,6,20,15,19,8,9,29,8
260996,2,1,1984,14,0,21,5,10,18,15,7,13,0
260997,1,1,1984,15,18,17,9,15,13,24,17,14,22
260997,2,1,1984,0,0,0,0,19,0,0,0,0,0
260997,3,1,1984,0,0,0,0,0,0,0,0,0,0
260998,1,1,1984,0,0,0,0,0,0,0,0,0,0
260998,2,1,1984,0,0,0,0,0,0,0,0,0,0
260999,0,1,1984,0,0,0,0,0,0,0,0,0,0
260999,1,1,1984,0,0,0,0,0,0,0,0,0,0
261000,1,1,1984,0,0,0,0,0,0,0,0,0,0
261000,2,1,1984,0,0,0,0,0,0,0,0,0,0
261001,0,1,1984,15,9,0,0,22,15,32,0,0,0
261001,1,1,1984,0,0,0,0,0,0,0,0,0,15
261002,1,1,1984,9,9,9,9,9,9,9,9,9,9
261003,1,1,1984,0,0,0,0,0,0,0,0,0,0
261003,2,1,1984,0,0,0,0,0,0,0,0,0,0
261004,1,1,1984,0,0,0,0,0,0,0,0,0,0
261004,2,1,1984,0,0,0,0,0,0,0,0,0,0
261005,1,1,1984,9,9,9,9,9,9,9,9,9,9
261005,2,1,1984,13,13,13,13,13,13,13,13,13,13
261006,1,1,1984,37,18,31,7,17,14,3,25,12,15
261007,1,1,1984,0,0,0,0,0,0,0,0,0,0
261007,2,1,1984,0,11,13,7,0,19,26,0,9,0
261008,1,1,1984,0,0,0,0,0,0,0,0,0,0
261008,2,1,1984,1,1,1,1,1,1,1,1,1,1
261009,1,1,1984,22,22,22,22,22,22,22,22,22,22
261010,1,1,1984,22,22,22,22,22,22,22,22,22,22
261010,2,1,1984,0,0,0,0,0,0,0,0,0,0
261011,1,1,1984,0,0,0,0,7,17,0,0,3,0
261012,1,1,1984,0,0,0,0,0,0,0,25,0,0
261013,0,1,1984,0,0,0,0,0,0,0,0,0,0
261013,1,1,1984,0,0,0,0,0,0,0,0,0,0
261014,1,1,1984,3,3,3,3,3,3,3,3,3,3
261015,1,1,1984,20,20,20,20,20,20,20,20,20,20
261015,2,1,1984,9,9,9,9,9,9,9,9,9,9
261016,1,1,1984,0,0,0,0,0,0,0,0,0,0
261017,1,1,1984,27,27,27,27,27,27,27,27,27,27
261018,1,1,1984,28,28,28,28,28,28,28,28,28,28
261019,1,1,1984,0,5,16,0,0,0,0,18,0,0
261019,2,1,1984,0,0,0,0,24,19,0,0,18,0
261020,1,1,1984,8,8,8,8,8,8,8,8,8,8
261021,1,1,1984,12,22,31,21,21,10,6,0,10,15
261022,1,1,1984,5,5,5,5,5,5,5,5,5,5
261023,1,1,1984,17,17,17,17,17,17,17,17,17,17
261024,0,1,1984,0,0,0,0,0,0,0,27,0,0
261024,1,1,1984,21,0,0,0,0,0,0,0,0,0
261025,1,1,1984,13,13,13,13,13,13,13,13,13,13
261026,1,1,1984,12,12,12,12,12,12,12,12,12,12
261027,0,1,1984,26,17,24,27,33,44,18,22,10,17
261027,1,1,1984,0,0,0,0,0,0,14,0,0,8
261028,1,1,1984,17,17,17,17,17,17,17,17,17,17
261029,1,1,1984,0,0,0,0,0,0,0,0,0,0
261029,2,1,1984,0,9,0,14,12,0,26,0,4,8
261030,0,1,1984,0,0,0,0,0,0,0,0,0,0
261030,1,1,1984,0,0,0,16,0,0,0,0,0,0
261031,1,1,1984,0,25,0,0,0,22,0,0,12,16
261031,2,1,1984,0,0,0,0,0,0,0,0,0,0
261032,1,1,1984,0,0,13,0,0,9,24,0,0,0
261033,1,1,1984,0,0,0,0,0,0,0,0,0,0
261033,2,1,1984,0,0,0,0,0,0,0,0,0,0
261034,0,1,1984,0,0,0,0,0,0,0,0,0,0
261034,1,1,1984,0,0,0,0,13,0,0,0,0,0
261035,1,1,1984,0,0,0,0,16,0,0,0,0,0
261036,1,1,1984,20,20,20,20,20,20,20,20,20,20
261036,2,1,1984,0,0,0,0,0,0,0,0,0,0
261037,1,1,1984,4,19,9,23,18,23,11,8,11,29
261038,0,1,1984,0,26,7,0,12,34,24,0,25,34
261038,1,1,1984,10,10,10,10,10,10,10,10,10,10
261039,0,1,1984,0,0,0,0,0,0,0,0,0,0
261039,1,1,1984,22,22,22,22,22,22,22,22,22,22
261040,1,1,1984,0,0,0,0,0,0,0,7,0,16
261040,2,1,1984,0,0,0,0,0,0,0,0,0,0
261041,1,1,1984,3,3,3,3,3,3,3,3,3,3
261041,2,1,1984,0,0,0,0,0,0,0,0,0,0
261042,1,1,1984,27,19,10,12,12,8,17,26,25,8
261043,0,1,1984,20,20,20,20,20,20,20,20,20,20
261043,1,1,1984,0,0,0,0,0,0,0,0,0,0
261044,1,1,1984,18,15,19,12,16,5,20,13,13,12
261045,1,1,1984,5,5,5,5,5,5,5,5,5,5
261046,1,1,1984,0,0,0,0,0,0,0,0,0,0
261047,0,1,1984,0,0,0,0,0,0,0,0,0,0
261047,1,1,1984,0,0,0,0,0,0,0,0,0,0
261048,0,1,1984,0,20,0,0,0,18,0,0,0,0
261048,1,1,1984,0,8,0,10,0,0,0,0,0,0
261049,0,1,1984,0,0,0,0,0,0,0,0,0,0
261049,1,1,1984,20,0,0,0,0,0,0,0,0,0
261049,2,1,1984,0,0,0,0,0,0,0,0,0,0
261049,3,1,1984,0,4,0,0,0,0,0,0,0,0
261050,0,1,1984,0,0,0,0,0,0,0,0,0,0
261050,1,1,1984,0,0,0,0,0,0,0,0,0,0
261051,1,1,1984,0,0,0,0,0,0,0,0,0,0
261051,2,1,1984,0,0,0,0,0,0,0,0,0,0
261052,1,1,1984,0,0,0,0,0,0,0,0,0,0