ST_CASE,VEH_NO,PER_NO,YEAR,P1,P2,P3,P4,P5,P6,P7,P8,P9,P10
261052,2,1,1984,0,3,17,12,8,10,7,13,19,15
261053,1,1,1984,22,19,18,11,17,21,10,15,24,33
261054,1,1,1984,0,0,0,0,0,0,0,0,0,0
261055,1,1,1984,0,0,0,0,0,0,0,0,0,0
261055,2,1,1984,0,0,0,0,0,0,0,0,0,0
261056,1,1,1984,20,20,20,20,20,20,20,20,20,20
261056,2,1,1984,0,0,0,0,0,0,0,0,0,30
261057,1,1,1984,23,20,18,11,6,25,0,0,24,32
261058,1,1,1984,19,19,19,19,19,19,19,19,19,19
261058,2,1,1984,0,0,13,11,0,0,0,0,0,12
261059,1,1,1984,26,26,26,26,26,26,26,26,26,26
261060,1,1,1984,22,22,22,22,22,22,22,22,22,22
261062,1,1,1984,11,11,11,11,11,11,11,11,11,11
261063,1,1,1984,0,0,0,0,0,0,0,0,0,0
261064,1,1,1984,20,0,0,0,15,27,31,0,16,18
261065,1,1,1984,0,0,0,0,0,0,0,0,0,0
261065,2,1,1984,0,6,0,0,0,16,0,0,0,0
261066,1,1,1984,13,13,13,13,13,13,13,13,13,13
261067,1,1,1984,0,0,0,0,0,0,0,0,0,0
261068,1,1,1984,0,0,0,0,0,0,0,0,0,0
261068,2,1,1984,7,0,9,4,11,20,13,10,7,26
261069,1,1,1984,0,0,0,0,0,0,0,0,0,9
261069,2,1,1984,0,0,7,0,0,0,0,0,0,0
261070,1,1,1984,14,33,23,12,19,20,20,0,19,9
261071,1,1,1984,22,0,0,0,0,0,28,5,17,0
261072,1,1,1984,23,23,23,23,23,23,23,23,23,23
261073,0,1,1984,0,0,0,0,0,0,0,0,0,0
261073,1,1,1984,0,0,0,2,22,0,0,0,0,0
261074,1,1,1984,17,11,5,20,8,23,18,23,17,7
261075,1,1,1984,21,21,21,21,21,21,21,21,21,21
261076,0,1,1984,0,0,0,12,0,4,6,0,0,0
261076,0,2,1984,0,0,0,0,0,0,0,0,0,0
261076,1,1,1984,11,17,20,17,18,21,14,0,13,14
261077,0,1,1984,24,37,0,21,6,14,9,0,19,14
261077,1,1,1984,0,23,0,31,17,0,23,0,10,0
261078,1,1,1984,22,0,22,0,16,0,0,0,27,0
261079,1,1,1984,9,25,0,0,19,21,0,12,10,9
261079,2,1,1984,0,0,0,0,0,0,0,0,0,0
261080,1,1,1984,12,12,12,12,12,12,12,12,12,12
261081,1,1,1984,0,0,0,0,0,0,0,0,0,0
261081,2,1,1984,0,10,0,0,0,0,0,0,15,0
261082,1,1,1984,21,0,0,0,0,0,0,0,0,0
261082,2,1,1984,0,0,0,0,0,0,0,0,0,0
261083,1,1,1984,0,0,0,0,0,0,0,0,0,0
261084,1,1,1984,21,21,21,21,21,21,21,21,21,21
261085,1,1,1984,21,21,21,21,21,21,21,21,21,21
261086,1,1,1984,0,0,0,0,10,0,0,0,0,0
261086,2,1,1984,15,0,0,0,0,0,0,0,0,0
261087,1,1,1984,0,26,0,0,0,0,0,0,0,0
261087,2,1,1984,24,0,0,0,0,0,0,0,0,0
261088,1,1,1984,0,0,0,0,0,0,0,0,0,0
261088,2,1,1984,0,0,0,0,0,0,0,0,0,0
261089,0,1,1984,17,17,17,17,17,17,17,17,17,17
261089,1,1,1984,0,0,15,0,0,0,0,0,0,0
261090,1,1,1984,0,0,0,0,0,0,0,0,0,0
261090,2,1,1984,0,0,0,0,0,0,0,0,0,0
261091,1,1,1984,0,0,0,0,0,0,0,0,0,0
261091,2,1,1984,0,0,0,0,0,0,0,0,0,0
261092,1,1,1984,0,0,25,0,0,19,0,0,12,0
261093,1,1,1984,0,0,0,0,0,0,0,0,0,0
261093,2,1,1984,34,0,0,0,0,0,0,0,7,0
261094,0,1,1984,16,16,16,16,16,16,16,16,16,16
261094,1,1,1984,0,0,0,0,0,0,0,0,0,0
261095,1,1,1984,18,18,18,18,18,18,18,18,18,18
261096,0,1,1984,0,0,0,0,0,0,0,0,0,0
261096,1,1,1984,0,0,0,0,0,0,0,0,0,0
261097,1,1,1984,22,22,22,22,22,22,22,22,22,22
261098,1,1,1984,39,7,21,12,34,29,14,25,17,31
261098,2,1,1984,0,0,0,0,0,0,0,17,0,0
261099,1,1,1984,22,22,22,22,22,22,22,22,22,22
261100,1,1,1984,22,22,22,22,22,22,22,22,22,22
261101,0,1,1984,0,26,0,0,0,22,0,0,0,0
261101,1,1,1984,0,0,0,0,0,0,0,0,0,0
261102,0,1,1984,30,19,15,0,0,13,0,22,19,0
261102,1,1,1984,14,14,14,14,14,14,14,14,14,14
261103,1,1,1984,22,0,0,11,0,22,19,0,13,23
261103,2,1,1984,0,0,0,0,0,0,0,0,8,0
261103,3,1,1984,0,0,0,0,21,0,0,0,0,0
261104,1,1,1984,9,0,16,0,0,0,0,0,0,0
261105,0,1,1984,0,0,0,0,0,0,0,0,0,0
261105,1,1,1984,3,3,3,3,3,3,3,3,3,3
261106,1,1,1984,0,0,0,0,0,0,0,0,0,0
261106,2,1,1984,4,4,4,4,4,4,4,4,4,4
261107,0,1,1984,12,12,12,12,12,12,12,12,12,12
261107,1,1,1984,0,0,0,0,13,20,0,0,0,0
261108,1,1,1984,0,0,0,0,0,0,0,0,0,0
261108,2,1,1984,12,12,12,12,12,12,12,12,12,12
261109,1,1,1984,0,0,0,0,0,0,0,0,0,0
261109,2,1,1984,0,0,0,12,0,4,0,0,0,0
261110,1,1,1984,18,18,18,18,18,18,18,18,18,18
261111,1,1,1984,28,28,28,28,28,28,28,28,28,28
261111,2,1,1984,24,22,6,0,6,7,22,20,12,0
261112,0,1,1984,0,0,0,0,5,0,33,0,0,0
261112,0,2,1984,20,33,23,14,0,19,0,0,20,46
261112,1,1,1984,21,21,21,21,21,21,21,21,21,21
261113,1,1,1984,0,0,0,0,0,17,0,0,0,0
261113,2,1,1984,0,0,0,0,0,0,0,0,0,0
261114,1,1,1984,0,0,0,0,0,0,0,10,0,27
261115,1,1,1984,15,15,15,15,15,15,15,15,15,15
261116,0,1,1984,0,0,0,0,0,5,0,0,0,0
261116,1,1,1984,0,0,0,0,0,0,0,0,0,0
261117,1,1,1984,24,24,24,24,24,24,24,24,24,24
261118,1,1,1984,0,0,0,0,0,0,0,0,0,0
261119,0,1,1984,0,0,0,10,0,0,17,20,0,12
261119,0,2,1984,0,0,0,0,0,0,0,0,0,0
261119,1,1,1984,0,0,0,0,18,0,0,0,0,0
261120,0,1,1984,31,31,31,31,31,31,31,31,31,31
261120,1,1,1984,0,0,0,0,0,0,0,22,0,0
261121,1,1,1984,0,0,0,0,0,0,0,0,0,0
261121,2,1,1984,0,0,0,0,0,0,0,0,0,0
261122,1,1,1984,24,24,24,24,24,24,24,24,24,24
261122,2,1,1984,0,18,0,12,0,14,0,0,0,18
261123,1,1,1984,0,18,0,0,10,28,0,0,0,0
261123,2,1,1984,0,0,12,6,0,0,0,0,0,0
261124,1,1,1984,0,0,0,0,0,0,0,0,0,0
261124,2,1,1984,24,24,24,24,24,24,24,24,24,24
261125,1,1,1984,24,24,24,24,24,24,24,24,24,24
261126,1,1,1984,21,21,21,21,21,21,21,21,21,21
261126,2,1,1984,0,0,0,0,0,0,0,0,0,0
261127,1,1,1984,0,0,0,0,23,0,0,0,0,0
261128,1,1,1984,6,12,25,0,26,21,0,7,24,15
261129,1,1,1984,20,20,20,20,20,20,20,20,20,20
261130,1,1,1984,0,0,0,0,0,0,0,0,0,0
261131,1,1,1984,13,22,8,17,12,13,14,5,14,28
261132,1,1,1984,0,0,0,0,0,0,0,0,0,0
261133,1,1,1984,0,0,0,0,0,0,0,0,0,0
261133,2,1,1984,0,0,0,0,0,0,0,0,0,0
261134,0,1,1984,11,10,14,11,0,21,0,16,0,0
261134,1,1,1984,0,0,0,0,0,0,0,0,0,0
261135,0,1,1984,0,0,0,0,0,0,0,0,0,0
261135,1,1,1984,0,0,0,0,0,0,0,0,0,0
261137,1,1,1984,25,25,25,25,25,25,25,25,25,25
261137,2,1,1984,0,0,0,0,0,0,19,0,14,0
261138,1,1,1984,0,0,0,0,0,15,0,0,0,0
261138,2,1,1984,8,19,0,0,13,18,0,0,0,0
261138,3,1,1984,0,0,25,2,0,0,0,0,0,0
261139,1,1,1984,0,3,15,7,11,15,10,0,6,0
261140,1,1,1984,0,0,0,0,0,0,0,0,0,0
261140,2,1,1984,0,0,30,0,0,0,0,0,0,0
261141,1,1,1984,0,0,0,0,0,17,0,0,0,0
261142,1,1,1984,8,8,8,8,8,8,8,8,8,8
261142,2,1,1984,0,0,0,0,0,0,0,0,0,0
261143,0,1,1984,28,28,28,28,28,28,28,28,28,28
261143,1,1,1984,0,13,0,0,0,19,0,0,15,0
261144,1,2,1984,13,16,2,12,21,8,33,30,16,20
261145,1,1,1984,22,0,0,0,0,0,0,0,0,0
261146,1,1,1984,0,0,8,0,0,0,0,0,0,25
261146,2,1,1984,0,0,0,0,0,0,0,0,0,0
261147,1,1,1984,0,0,0,0,0,0,0,0,0,0
261149,0,1,1984,35,17,4,16,15,17,15,14,25,21
261149,1,1,1984,13,13,13,13,13,13,13,13,13,13
261151,1,1,1984,0,0,0,0,0,0,0,0,0,0
261151,2,1,1984,0,0,0,0,0,0,0,18,0,0
261152,1,1,1984,0,0,0,0,19,0,0,0,0,0
261152,2,1,1984,14,0,8,19,28,16,24,22,11,14
261153,0,1,1984,0,0,0,0,0,0,0,0,0,0
261153,1,1,1984,0,0,0,0,0,0,0,0,0,0
261154,1,1,1984,13,0,0,0,0,0,0,0,0,0
261154,2,1,1984,0,0,0,0,0,0,0,0,0,0
261155,1,1,1984,12,16,15,13,14,42,11,0,0,5
261156,1,1,1984,0,0,0,0,0,0,0,0,0,0
261156,2,1,1984,0,0,0,0,0,0,0,0,0,0
261156,3,1,1984,0,0,0,0,0,0,0,0,0,0
261157,1,1,1984,0,0,0,16,0,0,0,0,0,0
261157,2,1,1984,0,0,0,0,0,0,0,0,0,0
261158,1,1,1984,0,0,0,0,0,0,0,0,0,10
261158,2,1,1984,0,0,0,0,0,0,0,0,0,0
261158,3,1,1984,0,0,0,0,0,14,0,0,0,0
261159,1,1,1984,12,12,12,12,12,12,12,12,12,12
261159,2,1,1984,0,0,0,0,0,0,0,0,0,0
261162,1,1,1984,11,11,11,11,11,11,11,11,11,11
261163,1,1,1984,0,18,3,0,0,0,0,0,0,0
261164,1,1,1984,0,0,0,23,0,0,0,23,0,0
261164,2,1,1984,0,0,0,0,0,0,0,0,0,0
261165,1,1,1984,0,0,0,0,0,0,0,0,0,0
261165,2,1,1984,0,0,0,0,0,0,0,0,0,0
261165,3,1,1984,0,0,0,0,0,0,0,0,0,0
261166,1,1,1984,22,22,22,22,22,22,22,22,22,22
261167,1,1,1984,0,0,0,0,0,0,0,0,0,0
261167,2,1,1984,0,0,0,0,0,0,0,0,0,0
261168,1,1,1984,0,0,0,0,0,0,0,0,0,0
261168,2,1,1984,0,0,0,0,0,0,0,0,0,0
261169,1,1,1984,0,0,0,0,0,0,0,0,0,0
261169,2,1,1984,0,0,0,0,0,0,0,0,0,0
261169,3,1,1984,12,0,0,0,3,0,0,10,16,17
261169,4,1,1984,0,0,0,0,0,0,0,0,0,0
261170,1,1,1984,14,14,14,14,14,14,14,14,14,14
261171,0,1,1984,19,19,19,19,19,19,19,19,19,19
261171,1,1,1984,9,9,9,9,9,9,9,9,9,9
261172,1,1,1984,15,0,0,0,0,0,0,0,0,0
261173,1,1,1984,23,23,23,23,23,23,23,23,23,23
261173,2,1,1984,0,0,0,0,0,0,0,0,0,25
261173,3,1,1984,0,0,0,0,0,0,0,0,0,0
261174,1,1,1984,1,1,1,1,1,1,1,1,1,1
261175,1,1,1984,0,0,0,0,0,0,0,0,0,0
261175,2,1,1984,0,0,0,0,0,0,0,0,0,0
261176,1,1,1984,13,18,2,0,10,0,13,20,6,2
261176,2,1,1984,0,0,0,0,13,0,0,0,21,0
261176,3,1,1984,20,13,6,17,17,10,8,23,6,12
261177,1,1,1984,0,0,0,0,0,0,0,0,3,0
261177,2,1,1984,9,9,9,9,9,9,9,9,9,9
261178,1,1,1984,15,15,15,15,15,15,15,15,15,15
261178,2,1,1984,12,13,17,15,9,13,14,20,26,16
261179,0,1,1984,0,0,0,0,0,0,0,0,0,0
261179,1,1,1984,0,0,0,0,0,0,0,0,0,0
261180,0,1,1984,10,10,10,10,10,10,10,10,10,10
261180,1,1,1984,9,11,0,0,0,0,0,0,0,0
261181,1,1,1984,15,15,15,15,15,15,15,15,15,15
261181,2,1,1984,6,6,6,6,6,6,6,6,6,6
261182,1,1,1984,31,31,31,31,31,31,31,31,31,31
261183,1,1,1984,3,3,3,3,3,3,3,3,3,3
261184,0,1,1984,0,0,0,0,0,0,0,0,0,0
261184,1,1,1984,0,0,0,0,0,22,0,0,0,0
261185,1,1,1984,14,14,14,14,14,14,14,14,14,14
261186,1,1,1984,0,0,0,0,0,0,0,0,0,0
261187,0,1,1984,13,0,0,0,0,0,0,0,0,0
261187,1,1,1984,0,0,0,0,0,0,0,0,0,0
261188,0,1,1984,0,0,0,0,0,0,0,0,0,0
261188,0,2,1984,0,0,0,0,0,0,0,0,0,0
261188,0,3,1984,0,0,0,0,0,0,0,0,0,0
261188,1,1,1984,0,0,0,0,0,0,0,0,0,0
261189,1,1,1984,17,17,17,17,17,17,17,17,17,17
261189,2,1,1984,0,0,0,0,0,0,0,0,0,0
261190,1,1,1984,0,0,0,0,0,0,0,0,0,0
261190,2,1,1984,0,0,0,0,0,0,0,0,0,0
261191,1,1,1984,0,0,0,0,0,0,0,0,10,0
261192,1,1,1984,14,14,14,14,14,14,14,14,14,14
261193,1,1,1984,0,0,0,0,0,0,0,0,0,0
261193,2,1,1984,6,6,6,6,6,6,6,6,6,6
261194,1,1,1984,29,29,29,29,29,29,29,29,29,29
261195,0,1,1984,19,19,19,19,19,19,19,19,19,19
261195,1,1,1984,0,0,0,0,0,14,0,0,0,0
261196,0,1,1984,20,0,0,12,0,18,0,7,0,0
261196,1,1,1984,0,8,26,0,0,0,37,0,0,0
261197,1,1,1984,0,0,0,0,0,6,0,0,16,0
261197,2,1,1984,0,0,0,0,0,0,0,0,0,0
261197,3,1,1984,0,0,0,0,0,0,0,0,0,0
261198,1,1,1984,0,0,16,0,0,0,0,0,0,0
261198,2,1,1984,0,18,0,0,0,0,0,0,0,0
261199,1,1,1984,0,28,0,0,0,18,23,20,26,0
261200,0,1,1984,0,0,0,0,0,0,0,0,0,0
261200,1,1,1984,0,0,0,0,0,0,0,0,0,0
261201,1,1,1984,0,10,0,0,0,12,0,17,0,0
261201,2,1,1984,26,26,26,26,26,26,26,26,26,26
261202,1,1,1984,24,24,24,24,24,24,24,24,24,24
261202,2,1,1984,0,0,0,0,0,0,0,0,0,0
261203,1,1,1984,24,24,24,24,24,24,24,24,24,24
261203,2,1,1984,0,0,0,0,0,0,0,0,0,0
261204,1,1,1984,15,30,19,0,11,19,12,22,24,44
261205,2,1,1984,10,12,13,0,16,13,18,17,6,19
261206,1,1,1984,26,5,26,25,14,11,25,15,21,8
261207,0,1,1984,0,0,0,0,0,0,0,0,0,0
261207,1,1,1984,0,0,0,0,0,0,0,0,0,0
261208,1,1,1984,0,0,0,0,0,0,0,0,0,0
261208,2,1,1984,0,0,0,0,0,0,0,0,0,19
261209,1,1,1984,0,22,0,23,17,17,0,0,31,19
261210,0,1,1984,17,18,29,11,31,25,28,26,33,11
261210,1,1,1984,17,22,8,13,8,7,5,13,22,14
261211,1,1,1984,16,32,27,12,15,5,9,42,23,9
261212,0,1,1984,0,0,0,0,0,0,0,0,0,0
261212,1,1,1984,0,0,0,0,0,0,0,0,0,0
261213,1,1,1984,17,17,17,17,17,17,17,17,17,17
261214,1,1,1984,31,31,31,31,31,31,31,31,31,31
261215,1,1,1984,0,0,0,0,0,0,0,0,0,0
261215,2,1,1984,12,12,12,12,12,12,12,12,12,12
261216,1,1,1984,13,13,13,13,13,13,13,13,13,13
261217,1,1,1984,15,15,15,15,15,15,15,15,15,15
261217,2,1,1984,0,0,0,0,0,0,19,0,0,0
261218,1,1,1984,25,25,25,25,25,25,25,25,25,25
261218,2,1,1984,0,0,0,0,0,0,0,0,0,0
261218,3,1,1984,0,0,0,0,0,0,0,0,0,0
261219,1,1,1984,14,19,5,19,26,10,13,13,21,15
261219,2,1,1984,0,0,0,0,18,9,0,0,0,0
261220,1,1,1984,0,0,0,0,0,0,0,0,0,0
261220,2,1,1984,0,0,0,0,0,0,0,0,0,0
261221,1,1,1984,0,0,0,0,0,0,0,0,0,0
261221,2,1,1984,0,0,0,0,0,0,0,0,0,0
261222,1,1,1984,0,0,0,0,0,0,0,0,0,0
261223,1,1,1984,22,22,22,22,22,22,22,22,22,22
261224,1,1,1984,0,0,0,0,0,0,0,0,0,0
261224,2,1,1984,0,0,0,0,0,0,0,0,0,27
261225,1,1,1984,0,0,0,0,0,0,0,0,0,0
261225,2,1,1984,14,0,0,0,0,0,0,0,0,0
261226,1,1,1984,0,0,0,0,0,0,0,0,0,0
261226,2,1,1984,0,0,0,0,0,0,0,0,0,0
261227,1,1,1984,22,0,0,0,0,12,0,0,14,0
261227,2,1,1984,10,6,25,10,0,0,17,17,18,10
261228,1,1,1984,0,0,0,0,0,0,0,0,0,0
261229,1,1,1984,0,0,0,0,0,0,0,0,0,0
261229,2,1,1984,0,0,0,0,0,19,0,12,0,0
261230,1,1,1984,9,9,9,9,9,9,9,9,9,9
261231,0,1,1984,22,13,11,15,25,23,0,25,23,21
261231,1,1,1984,0,0,0,0,0,0,0,0,0,0
261232,1,1,1984,0,0,0,0,0,0,0,0,0,0
261232,2,1,1984,0,0,0,0,0,0,0,0,19,0
261233,1,1,1984,25,25,25,25,25,25,25,25,25,25
261234,1,1,1984,16,16,16,16,16,16,16,16,16,16
261235,1,1,1984,28,28,28,28,28,28,28,28,28,28
261236,1,1,1984,24,24,24,24,24,24,24,24,24,24
261237,1,1,1984,0,0,0,0,0,0,0,0,0,0
261237,2,1,1984,0,0,0,0,0,0,0,0,0,0
261238,0,1,1984,0,0,0,7,0,9,0,0,0,38
261238,1,1,1984,0,0,0,0,0,0,0,0,0,0
261239,1,1,1984,17,17,17,17,17,17,17,17,17,17
261240,1,1,1984,0,14,0,0,0,0,0,0,30,0
261241,0,1,1984,0,15,0,39,15,0,0,0,26,30
261241,1,1,1984,0,8,26,34,7,0,0,18,0,0
261241,2,1,1984,0,31,0,0,0,0,0,0,0,0
261242,1,1,1984,24,19,17,9,13,0,8,19,14,14
261242,2,1,1984,7,0,0,0,0,0,31,0,0,0
261243,1,1,1984,28,28,28,28,28,28,28,28,28,28
261244,0,1,1984,0,0,0,0,10,0,0,0,0,0
261244,1,1,1984,0,0,0,0,0,0,0,0,0,0
261245,0,1,1984,0,0,0,0,0,0,0,0,0,0
261245,1,1,1984,0,0,0,0,0,0,0,0,0,0
261246,1,1,1984,15,15,15,15,15,15,15,15,15,15
261247,1,1,1984,0,0,19,0,23,0,0,0,0,25
261248,0,1,1984,0,0,0,0,0,0,0,0,0,0
261248,1,1,1984,0,0,0,0,0,0,0,0,0,0
261249,1,1,1984,18,18,18,18,18,18,18,18,18,18
261250,1,1,1984,9,9,9,9,9,9,9,9,9,9
261251,1,1,1984,0,0,0,0,0,0,0,0,0,0
261252,1,1,1984,17,17,17,17,17,17,17,17,17,17
261253,1,1,1984,0,0,0,0,0,0,0,0,0,0
261254,1,1,1984,14,0,0,0,0,0,0,0,0,0
261254,2,1,1984,0,0,0,0,0,14,0,0,0,0
261255,1,1,1984,11,0,0,0,0,0,11,0,0,0
261255,2,1,1984,0,0,0,0,0,0,0,0,0,0
261256,1,1,1984,0,0,0,0,0,15,0,0,0,0
261257,1,1,1984,0,0,0,0,0,0,0,0,0,0
261257,2,1,1984,0,0,0,0,0,0,0,0,0,0
261258,0,1,1984,0,0,0,0,0,0,0,0,0,0
261258,1,1,1984,0,0,0,0,0,11,0,0,0,0
261259,1,1,1984,24,24,24,24,24,24,24,24,24,24
261259,2,1,1984,0,14,0,0,0,0,0,0,0,0
261260,1,1,1984,0,0,0,0,0,0,0,0,0,0
261261,1,1,1984,0,0,0,0,0,0,9,0,0,0
261261,2,1,1984,0,0,0,0,0,0,0,0,0,0
261262,1,1,1984,0,0,0,0,6,0,0,6,0,0
261263,1,1,1984,0,0,0,0,0,0,0,0,0,0
261263,2,1,1984,0,0,0,0,0,0,0,0,0,0
261264,1,1,1984,0,0,0,0,0,0,0,0,0,0
261264,2,1,1984,0,0,0,0,0,0,0,0,0,0
261265,1,1,1984,0,16,0,0,0,0,0,25,0,0
261266,1,1,1984,21,21,21,21,21,21,21,21,21,21
261266,2,1,1984,24,24,24,24,24,24,24,24,24,24
261267,1,1,1984,0,0,0,0,0,0,0,0,0,0
261267,2,1,1984,0,0,0,0,0,0,0,12,0,0
261268,1,1,1984,0,0,8,0,0,0,0,0,0,0
261268,2,1,1984,0,0,0,0,0,0,0,0,0,0
261269,1,1,1984,27,27,27,27,27,27,27,27,27,27
261270,0,1,1984,27,14,23,11,25,14,17,23,49,26
261270,1,1,1984,8,8,8,8,8,8,8,8,8,8
261271,1,1,1984,0,0,0,0,0,0,0,0,11,0
261272,1,1,1984,15,13,4,38,23,9,0,28,8,13
261273,1,1,1984,14,14,14,14,14,14,14,14,14,14
261273,2,1,1984,0,0,0,0,0,0,0,0,0,0
261274,1,1,1984,31,31,31,31,31,31,31,31,31,31
261274,2,1,1984,0,0,0,0,0,0,0,0,0,0
261274,3,1,1984,21,0,0,0,0,17,0,0,0,0
261275,1,1,1984,0,0,0,0,0,0,0,0,0,0
261275,2,1,1984,0,0,0,0,0,0,0,0,0,0
261276,1,1,1984,0,0,0,0,0,0,0,0,0,0
261276,2,1,1984,0,0,0,0,0,0,0,0,0,0
261277,1,1,1984,20,20,20,20,20,20,20,20,20,20
261278,1,1,1984,6,6,6,6,6,6,6,6,6,6
261278,2,1,1984,6,6,6,6,6,6,6,6,6,6
261279,1,1,1984,0,0,0,0,11,0,26,14,28,0
261281,0,1,1984,0,0,0,0,0,0,0,0,0,0
261281,1,1,1984,14,0,23,0,13,0,9,0,0,0
261282,0,1,1984,28,28,28,28,28,28,28,28,28,28
261282,1,1,1984,21,21,21,21,21,21,21,21,21,21
261283,0,1,1984,31,31,31,31,31,31,31,31,31,31
261283,1,1,1984,0,0,0,37,0,0,0,0,0,0
261284,0,1,1984,32,0,41,17,0,0,0,0,0,0
261284,1,1,1984,0,0,0,28,0,0,0,0,0,13
261285,0,1,1984,0,0,0,0,32,0,0,0,26,0
261285,1,1,1984,0,0,0,0,0,9,0,0,0,0
261285,2,1,1984,0,13,0,0,0,0,18,20,0,0
261286,1,1,1984,8,26,21,33,19,20,30,9,19,16
261287,1,1,1984,0,0,0,0,0,0,0,0,0,0
261287,2,1,1984,0,0,0,0,0,0,0,0,0,0
261288,1,1,1984,0,0,0,0,0,0,0,0,0,0
261288,2,1,1984,7,0,0,0,0,0,0,11,0,0
261289,1,1,1984,0,11,17,14,0,0,0,0,8,0
261289,2,1,1984,0,0,0,0,0,0,0,0,0,0
261290,1,1,1984,0,0,0,0,0,0,0,0,0,0
261290,2,1,1984,0,0,0,0,0,0,0,0,0,0
261291,1,1,1984,0,37,4,0,0,0,0,0,0,38
261292,1,1,1984,6,6,6,6,6,6,6,6,6,6
261293,1,1,1984,32,32,32,32,32,32,32,32,32,32
261294,1,1,1984,6,24,0,0,0,0,0,10,0,0
261294,2,1,1984,0,0,0,0,0,0,0,0,0,0
261295,0,1,1984,15,15,15,15,15,15,15,15,15,15
261295,1,1,1984,25,9,14,26,16,27,15,12,8,12
261296,1,1,1984,12,19,12,21,11,16,9,9,12,11
261296,2,1,1984,0,0,0,0,0,0,0,15,0,5
261297,0,1,1984,0,10,0,0,0,0,0,0,0,0
261297,0,2,1984,24,0,0,0,12,0,0,0,0,0
261297,1,1,1984,0,0,0,0,0,12,0,22,0,0
261298,1,1,1984,0,0,0,0,0,0,0,0,0,0
261298,2,1,1984,0,0,0,0,0,0,0,0,0,0
261299,1,1,1984,0,4,0,0,0,0,0,0,0,0
261299,2,1,1984,0,0,0,24,22,15,0,0,0,0
261300,0,1,1984,10,10,10,10,10,10,10,10,10,10
261300,1,1,1984,0,0,0,0,0,0,0,0,0,0
261301,1,1,1984,13,8,12,0,19,16,23,0,12,11
261302,1,1,1984,10,10,10,10,10,10,10,10,10,10
261303,1,1,1984,22,14,12,11,18,15,14,14,24,18
261304,1,1,1984,0,0,0,0,0,0,0,0,0,0
261305,0,1,1984,0,0,0,0,0,0,0,0,0,0
261305,1,1,1984,0,0,0,0,0,0,0,0,0,0
261306,1,1,1984,4,14,8,16,15,0,22,8,2,7
261306,2,1,1984,0,0,0,0,0,0,0,10,0,0
261307,1,1,1984,13,0,0,0,0,0,0,0,0,0
261307,2,1,1984,0,0,0,0,0,0,0,0,0,0
261308,0,1,1984,0,0,0,0,0,0,0,0,0,0
261308,1,1,1984,0,0,0,0,0,0,0,0,22,0
261309,1,1,1984,0,0,0,25,0,0,0,0,0,0
261309,2,1,1984,12,21,12,8,8,8,29,18,19,16
261310,1,1,1984,27,19,18,15,32,14,22,18,35,19
261310,2,1,1984,11,11,11,11,11,11,11,11,11,11
261311,1,1,1984,0,0,0,0,0,0,0,0,0,0
261311,2,1,1984,0,0,0,0,0,0,0,0,0,0
261312,0,1,1984,25,19,11,0,0,17,38,29,16,13
261312,1,1,1984,0,0,0,0,0,0,0,0,0,0
261313,1,1,1984,0,0,0,0,0,0,0,0,0,0
261313,2,1,1984,11,14,28,4,3,15,26,27,20,13
261314,0,1,1984,0,0,0,0,0,0,0,0,0,0
261314,1,1,1984,0,0,14,0,0,0,0,0,0,0
261315,1,1,1984,0,0,0,0,0,0,0,0,0,0
261315,2,1,1984,0,0,0,0,0,0,0,0,0,0
261316,0,1,1984,39,39,39,39,39,39,39,39,39,39
261316,1,1,1984,0,0,0,0,0,0,0,0,0,0
261317,1,1,1984,0,0,0,0,0,0,0,0,0,0
261317,2,1,1984,0,0,0,0,0,0,0,0,0,33
261318,0,1,1984,15,15,15,15,15,15,15,15,15,15
261318,1,1,1984,11,0,26,10,13,10,27,9,3,8
261319,1,1,1984,0,0,0,0,0,0,0,0,0,0
261319,2,1,1984,0,0,0,0,24,0,0,0,0,0
261320,1,1,1984,0,0,0,0,0,0,0,0,0,0
261320,2,1,1984,0,0,0,0,0,0,0,0,0,0
261320,3,1,1984,0,0,0,0,0,0,0,0,0,0
261321,1,1,1984,4,4,4,4,4,4,4,4,4,4
261322,1,1,1984,0,0,0,0,0,0,0,0,0,0
261322,2,1,1984,0,0,0,0,0,0,0,0,0,0
261323,0,1,1984,0,0,0,0,0,0,0,0,0,0
261323,1,1,1984,0,0,0,0,0,0,0,0,0,0
261324,1,1,1984,15,15,15,15,15,15,15,15,15,15
261325,1,1,1984,0,0,0,0,0,0,0,0,0,0
261325,2,1,1984,0,0,0,19,0,0,0,0,0,0
261326,0,1,1984,0,0,0,0,0,0,0,0,0,0
261326,1,1,1984,0,0,0,0,0,0,0,0,0,0
261327,1,1,1984,0,0,0,0,0,0,0,0,0,0
261327,2,1,1984,0,0,0,0,0,0,0,0,0,3
261328,1,1,1984,0,0,17,0,0,0,0,0,0,0
261328,2,1,1984,0,0,0,0,13,0,0,0,0,0
261329,1,1,1984,8,10,5,7,7,6,7,4,13,17
261329,2,1,1984,0,0,0,0,0,0,0,0,0,0