ST_CASE,VEH_NO,PER_NO,YEAR,P1,P2,P3,P4,P5,P6,P7,P8,P9,P10
261330,1,1,1984,22,22,22,22,22,22,22,22,22,22
261330,2,1,1984,0,0,0,0,0,0,0,0,0,0
261331,1,1,1984,0,0,0,0,0,0,0,0,0,0
261331,2,1,1984,0,0,0,0,0,0,0,0,0,0
261332,1,1,1984,0,0,0,0,0,0,0,0,20,0
261333,0,1,1984,24,24,24,24,24,24,24,24,24,24
261333,1,1,1984,0,0,0,0,13,0,0,0,0,0
261334,1,1,1984,20,20,20,20,20,20,20,20,20,20
261334,2,1,1984,0,0,0,0,0,0,0,0,0,0
261335,1,1,1984,18,18,18,18,18,18,18,18,18,18
261335,2,1,1984,0,0,0,0,0,0,0,0,0,0
261336,1,1,1984,15,15,15,15,15,15,15,15,15,15
261336,2,1,1984,0,0,0,0,0,0,0,0,0,0
261337,1,1,1984,5,5,5,5,5,5,5,5,5,5
261337,2,1,1984,0,0,15,0,0,21,0,0,26,26
261338,0,1,1984,23,23,23,23,23,23,23,23,23,23
261338,1,1,1984,31,0,0,8,17,0,36,0,12,0
261339,0,1,1984,0,0,0,0,0,0,0,0,0,0
261339,1,1,1984,0,0,0,0,0,18,0,0,0,0
261340,1,1,1984,0,0,0,0,0,0,0,0,0,0
261340,2,1,1984,0,0,0,0,0,0,0,0,0,0
261341,0,1,1984,0,0,0,0,0,0,0,16,0,0
261341,1,1,1984,0,0,0,0,0,0,0,0,0,0
261342,0,1,1984,0,0,0,0,0,0,0,0,0,0
261342,1,1,1984,0,0,0,0,0,0,0,0,0,0
261343,1,1,1984,20,20,20,20,20,20,20,20,20,20
261344,1,1,1984,4,4,4,4,4,4,4,4,4,4
261344,2,1,1984,0,2,16,0,0,8,31,0,0,0
261345,1,1,1984,0,0,0,0,0,0,0,0,0,0
261346,1,1,1984,27,0,22,0,24,0,0,0,5,0
261346,2,1,1984,0,0,0,0,0,0,0,0,0,0
261347,0,1,1984,0,0,0,0,0,0,0,0,0,0
261347,1,1,1984,0,0,15,0,17,0,0,11,0,10
261347,2,1,1984,0,13,0,0,0,0,0,0,0,0
261348,0,1,1984,0,0,0,0,0,0,0,0,0,0
261348,1,1,1984,23,23,23,23,23,23,23,23,23,23
261349,1,1,1984,26,17,0,14,23,17,38,32,17,15
261350,1,1,1984,0,0,0,0,0,0,0,0,0,0
261350,2,1,1984,0,14,0,0,0,0,0,0,0,0
261351,1,1,1984,18,18,18,18,18,18,18,18,18,18
261352,1,1,1984,0,0,0,0,0,0,0,0,0,0
261352,2,1,1984,0,0,0,0,0,0,7,0,0,0
261352,3,1,1984,0,0,0,0,0,0,0,0,0,0
261353,1,1,1984,0,0,0,0,4,0,0,0,0,0
261353,2,1,1984,0,0,0,0,0,0,0,0,0,0
261354,1,1,1984,23,23,23,23,23,23,23,23,23,23
261355,0,1,1984,25,25,25,25,25,25,25,25,25,25
261355,1,1,1984,0,0,0,0,0,0,0,0,0,0
261356,0,1,1984,0,0,0,0,0,0,0,0,0,0
261356,1,1,1984,0,0,0,0,0,0,0,0,0,0
261357,1,1,1984,0,0,0,0,0,0,0,0,0,18
261358,1,1,1984,12,12,12,12,12,12,12,12,12,12
261358,2,1,1984,0,0,0,0,0,0,13,0,0,0
261359,1,1,1984,0,0,0,0,0,0,0,0,0,0
261359,2,1,1984,0,0,0,0,0,0,0,0,0,0
261360,1,1,1984,0,0,0,0,0,0,0,0,0,0
261360,2,1,1984,0,16,11,0,0,0,0,0,0,0
261360,3,1,1984,0,0,0,0,0,0,0,0,0,0
261361,1,1,1984,0,0,0,0,0,0,0,0,0,0
261361,2,1,1984,0,0,0,0,0,0,0,0,0,0
261361,3,1,1984,0,0,0,0,0,0,0,0,0,0
261362,1,1,1984,11,11,11,11,11,11,11,11,11,11
261362,2,1,1984,0,0,0,0,0,0,0,0,0,0
261363,1,1,1984,0,0,0,0,0,0,0,0,0,0
261363,2,1,1984,0,0,0,0,0,0,0,0,0,0
261364,0,1,1984,0,0,0,0,0,0,0,0,0,0
261364,1,1,1984,0,0,0,0,0,0,0,0,0,0
261365,1,1,1984,0,9,22,12,17,0,0,29,11,0
261366,0,1,1984,0,0,0,0,0,0,0,0,0,0
261366,1,1,1984,0,0,0,0,0,0,0,0,0,0
261367,1,1,1984,0,0,0,0,0,0,0,13,0,3
261367,2,1,1984,0,0,0,0,0,0,0,0,0,0
261368,1,1,1984,0,0,0,0,0,0,0,0,0,0
261368,2,1,1984,0,0,0,0,0,0,0,0,0,0
261369,0,1,1984,14,14,14,14,14,14,14,14,14,14
261369,1,1,1984,17,17,17,17,17,17,17,17,17,17
261370,1,1,1984,0,5,0,0,0,0,12,0,0,0
261371,1,1,1984,0,0,0,0,0,0,0,0,0,0
261371,2,1,1984,0,0,0,0,0,0,15,0,0,0
261372,1,1,1984,19,19,19,19,19,19,19,19,19,19
261372,2,1,1984,2,0,0,0,0,0,0,0,0,0
261373,1,1,1984,22,10,18,25,6,23,23,23,15,20
261373,2,1,1984,0,0,0,0,0,0,0,0,0,0
261374,1,1,1984,12,0,0,0,17,0,0,7,13,0
261375,1,1,1984,25,25,25,25,25,25,25,25,25,25
261376,1,1,1984,10,7,0,23,15,41,20,15,7,23
261376,2,1,1984,15,15,15,15,15,15,15,15,15,15
261377,1,1,1984,0,0,0,0,0,0,0,0,0,0
261377,2,1,1984,7,0,0,0,0,0,15,0,0,0
261378,1,1,1984,62,62,62,62,62,62,62,62,62,62
261378,2,1,1984,0,0,0,0,0,0,0,0,0,0
261378,3,1,1984,0,0,0,0,0,0,0,0,0,0
261378,4,1,1984,0,0,16,0,0,0,0,0,0,0
261378,5,1,1984,0,0,0,0,0,0,0,0,0,0
261378,6,1,1984,0,0,0,0,0,0,0,6,0,0
261378,7,1,1984,0,0,0,0,0,0,0,0,0,0
261378,8,1,1984,0,0,0,0,0,0,0,0,0,13
261379,1,1,1984,0,0,0,0,0,0,0,0,0,0
261379,2,1,1984,0,0,0,0,0,0,0,0,0,0
261380,1,1,1984,0,13,0,0,0,0,0,0,0,0
261381,1,1,1984,0,0,0,0,0,0,0,0,0,0
261382,0,1,1984,34,34,34,34,34,34,34,34,34,34
261382,1,1,1984,0,12,31,17,7,0,0,0,15,0
270001,1,1,1984,0,0,0,0,0,0,0,0,0,0
270001,2,1,1984,0,0,0,0,0,0,0,0,0,0
270002,1,1,1984,0,0,0,0,0,0,24,0,0,0
270003,0,1,1984,10,10,10,10,10,10,10,10,10,10
270003,1,1,1984,0,0,0,0,0,0,0,0,0,0
270004,1,1,1984,0,0,0,0,0,0,0,0,0,0
270004,2,1,1984,0,0,0,4,0,0,0,0,0,0
270005,1,1,1984,0,0,0,0,0,0,0,0,0,0
270006,0,1,1984,0,0,0,0,0,0,0,0,0,0
270006,1,1,1984,0,0,0,0,0,0,0,0,0,0
270007,1,1,1984,15,15,15,15,15,15,15,15,15,15
270007,2,1,1984,2,2,2,2,2,2,2,2,2,2
270007,3,1,1984,0,0,0,0,0,20,0,4,0,0
270009,1,1,1984,13,19,30,18,28,5,23,10,10,0
270010,1,1,1984,0,0,0,0,0,0,0,0,0,0
270011,1,1,1984,0,0,0,0,0,0,0,0,0,0
270011,2,1,1984,0,0,0,0,0,0,0,0,0,0
270012,1,1,1984,0,0,0,0,0,0,0,0,0,0
270012,2,1,1984,0,0,0,0,0,0,0,0,0,0
270013,1,1,1984,13,13,13,13,13,13,13,13,13,13
270013,2,1,1984,2,2,2,2,2,2,2,2,2,2
270014,0,1,1984,21,21,21,21,21,21,21,21,21,21
270014,1,1,1984,13,13,13,13,13,13,13,13,13,13
270015,1,1,1984,0,0,0,0,0,0,0,0,0,0
270015,2,1,1984,20,20,20,20,20,20,20,20,20,20
270016,1,1,1984,18,18,18,18,18,18,18,18,18,18
270017,1,1,1984,8,8,8,8,8,8,8,8,8,8
270018,1,1,1984,0,0,0,0,0,0,0,0,0,0
270018,2,1,1984,0,0,0,0,0,0,0,0,0,0
270019,1,1,1984,8,14,16,0,15,0,9,18,15,6
270019,2,1,1984,0,0,0,0,0,0,0,0,0,0
270019,3,1,1984,0,0,0,0,0,0,0,0,0,0
270020,1,1,1984,32,37,0,0,0,0,12,0,0,0
270021,1,1,1984,26,26,26,26,26,26,26,26,26,26
270022,1,1,1984,0,0,0,0,0,0,0,0,0,0
270022,2,1,1984,0,0,0,0,0,0,0,0,18,11
270023,1,1,1984,0,0,0,0,0,0,0,0,0,0
270023,2,1,1984,0,0,0,0,0,0,0,0,0,0
270024,0,1,1984,0,0,0,0,0,0,0,0,0,0
270024,1,1,1984,0,0,0,0,0,0,0,0,0,0
270025,1,1,1984,15,25,15,17,9,12,34,0,4,21
270025,2,1,1984,0,0,0,0,0,0,0,0,0,0
270026,1,1,1984,0,0,0,0,0,0,0,0,0,0
270027,0,1,1984,0,0,0,0,0,0,0,0,0,0
270027,1,1,1984,0,0,0,0,0,0,26,13,0,0
270028,1,1,1984,27,27,27,27,27,27,27,27,27,27
270028,2,1,1984,20,21,8,0,24,0,36,0,9,0
270029,1,1,1984,0,0,0,0,0,0,0,0,0,0
270029,2,1,1984,0,0,0,0,0,0,0,0,0,0
270030,1,1,1984,0,0,0,0,0,0,0,0,0,0
270030,2,1,1984,0,0,0,0,0,0,0,0,0,0
270031,1,1,1984,0,0,0,0,0,0,0,0,0,0
270031,2,1,1984,0,0,0,0,0,0,0,0,0,0
270032,0,1,1984,0,0,0,12,0,0,0,0,0,0
270032,1,1,1984,8,18,13,24,16,13,23,26,16,8
270033,1,1,1984,31,31,31,31,31,31,31,31,31,31
270034,1,1,1984,16,7,13,21,27,19,12,8,5,15
270034,2,1,1984,0,0,0,0,0,0,0,0,0,0
270035,1,1,1984,0,0,0,0,0,0,0,0,0,0
270036,1,1,1984,0,0,0,0,0,0,0,0,0,0
270036,2,1,1984,0,0,0,0,0,0,0,0,0,0
270037,1,1,1984,7,7,7,7,7,7,7,7,7,7
270037,2,1,1984,0,0,0,0,0,0,0,0,0,0
270038,1,1,1984,19,19,19,19,19,19,19,19,19,19
270039,1,1,1984,0,0,0,0,0,0,0,0,0,0
270040,1,1,1984,0,0,0,0,0,0,0,0,0,0
270040,2,1,1984,0,0,0,24,0,0,0,0,0,0
270041,1,1,1984,0,0,0,0,0,0,0,0,0,0
270041,2,1,1984,0,0,14,0,0,0,0,0,0,0
270042,1,1,1984,9,0,0,8,11,6,10,17,6,9
270042,2,1,1984,13,13,13,13,13,13,13,13,13,13
270043,1,1,1984,0,0,0,0,0,0,0,0,0,0
270044,0,1,1984,0,0,0,0,0,0,0,0,0,0
270044,1,1,1984,0,0,0,20,0,20,0,10,0,18
270045,1,1,1984,4,0,0,0,24,12,13,13,0,7
270045,2,1,1984,0,0,0,0,0,0,0,0,0,0
270046,1,1,1984,0,0,0,0,0,0,0,0,0,0
270046,2,1,1984,1,1,1,1,1,1,1,1,1,1
270047,1,1,1984,0,0,0,0,0,0,0,0,0,0
270047,2,1,1984,0,0,0,0,0,0,0,0,0,0
270048,1,1,1984,37,37,37,37,37,37,37,37,37,37
270049,1,1,1984,9,11,0,0,12,7,17,10,17,10
270049,2,1,1984,27,27,27,27,27,27,27,27,27,27
270050,0,1,1984,22,22,22,22,22,22,22,22,22,22
270050,1,1,1984,0,0,0,0,0,0,0,0,0,0
270051,1,1,1984,0,0,0,0,0,0,0,0,0,0
270051,2,1,1984,0,0,0,0,0,0,7,0,0,0
270051,3,1,1984,0,0,0,0,0,0,0,0,0,0
270052,1,1,1984,6,6,6,6,6,6,6,6,6,6
270053,1,1,1984,0,0,0,0,0,0,0,0,0,0
270053,2,1,1984,0,0,0,0,0,0,0,0,0,0
270054,1,1,1984,0,0,0,0,0,0,0,0,0,0
270055,1,1,1984,11,12,0,20,0,14,25,15,12,22
270055,2,1,1984,0,0,0,0,0,0,0,0,0,0
270056,1,1,1984,9,9,9,9,9,9,9,9,9,9
270057,1,1,1984,0,0,17,0,0,0,9,0,0,0
270057,2,1,1984,0,0,0,0,0,0,0,0,0,0
270058,0,1,1984,0,0,0,0,0,0,0,0,5,0
270058,1,1,1984,0,0,0,0,0,0,0,0,0,0
270059,0,1,1984,34,34,34,34,34,34,34,34,34,34
270059,1,1,1984,0,0,0,0,0,17,0,0,20,0
270060,1,1,1984,0,0,0,0,0,0,0,0,0,0
270060,2,1,1984,0,0,0,0,0,0,0,0,0,0
270061,1,1,1984,0,0,0,0,0,0,0,0,0,0
270062,1,1,1984,0,0,0,0,0,0,0,0,0,0
270062,2,1,1984,0,0,0,0,0,0,0,0,0,0
270063,1,1,1984,11,11,11,11,11,11,11,11,11,11
270064,0,1,1984,17,17,17,17,17,17,17,17,17,17
270064,1,1,1984,12,18,13,0,0,7,21,17,15,0
270065,1,1,1984,0,0,0,0,0,0,0,0,0,0
270065,2,1,1984,0,0,0,0,0,0,0,0,0,0
270066,1,1,1984,19,19,19,19,19,19,19,19,19,19
270066,2,1,1984,0,0,0,0,0,0,0,0,0,0
270066,3,1,1984,0,0,0,13,0,0,0,0,0,0
270067,1,1,1984,20,21,23,20,6,3,29,11,5,27
270067,2,1,1984,0,0,0,0,0,0,0,0,0,0
270068,1,1,1984,17,17,17,17,17,17,17,17,17,17
270068,2,1,1984,7,7,7,7,7,7,7,7,7,7
270069,1,1,1984,0,0,0,0,0,13,0,0,0,0
270069,2,1,1984,0,0,0,0,0,0,0,0,0,0
270070,1,1,1984,0,0,0,0,0,0,0,0,0,0
270070,2,1,1984,0,0,0,0,0,0,0,0,0,0
270070,3,1,1984,0,0,0,0,0,0,0,0,0,0
270071,1,1,1984,7,7,7,7,7,7,7,7,7,7
270071,2,1,1984,0,0,0,0,0,0,0,0,0,0
270072,1,1,1984,0,0,0,0,0,0,0,0,0,0
270072,2,1,1984,0,0,0,0,0,0,0,0,0,0
270073,1,1,1984,0,0,0,0,0,0,0,0,0,0
270073,2,1,1984,0,0,0,0,0,0,0,0,0,0
270074,0,1,1984,0,0,0,0,0,0,0,0,0,0
270074,1,1,1984,0,0,0,0,0,0,0,0,0,0
270075,1,1,1984,13,12,23,5,19,11,8,8,14,0
270075,2,1,1984,0,0,0,0,0,0,0,0,0,0
270076,1,1,1984,12,12,12,12,12,12,12,12,12,12
270077,1,1,1984,0,0,0,0,0,0,0,0,0,0
270077,2,1,1984,0,0,0,0,25,0,17,0,24,0
270078,1,1,1984,27,27,27,27,27,27,27,27,27,27
270079,1,1,1984,20,20,20,20,20,20,20,20,20,20
270080,0,1,1984,0,0,0,0,0,0,0,0,0,0
270080,1,1,1984,0,0,0,0,0,0,0,0,0,0
270081,1,1,1984,0,0,0,0,0,0,0,0,0,0
270081,2,1,1984,0,0,0,0,0,0,0,0,0,0
270082,0,1,1984,0,0,0,0,0,0,0,0,0,0
270082,1,1,1984,0,0,0,13,0,0,0,0,0,0
270083,1,1,1984,0,0,0,0,0,0,0,0,0,0
270083,2,1,1984,0,0,0,0,0,0,0,0,0,0
270084,1,1,1984,0,0,0,0,0,0,0,0,0,0
270084,2,1,1984,27,27,27,27,27,27,27,27,27,27
270085,1,1,1984,16,16,16,16,16,16,16,16,16,16
270086,1,1,1984,24,21,6,14,11,10,11,20,17,10
270086,2,1,1984,0,0,0,16,0,0,0,0,0,5
270087,1,1,1984,24,24,24,24,24,24,24,24,24,24
270088,1,1,1984,0,0,0,0,0,0,0,0,0,0
270088,2,1,1984,0,0,0,0,0,0,0,0,0,0
270089,1,1,1984,0,0,0,0,0,0,0,0,0,0
270089,2,1,1984,0,0,0,0,0,0,0,0,0,0
270090,1,1,1984,0,0,0,0,0,0,0,0,0,0
270090,2,1,1984,8,11,45,7,0,14,22,0,0,20
270091,1,1,1984,9,9,9,9,9,9,9,9,9,9
270092,1,1,1984,0,0,0,0,0,0,0,0,0,0
270092,2,1,1984,0,0,0,0,0,0,0,0,0,0
270093,0,1,1984,38,38,38,38,38,38,38,38,38,38
270093,1,1,1984,22,24,17,0,0,0,0,0,20,0
270094,1,1,1984,13,13,13,13,13,13,13,13,13,13
270095,1,1,1984,0,0,0,0,0,0,0,0,0,0
270095,2,1,1984,0,0,0,0,0,0,10,0,0,0
270096,1,1,1984,27,27,27,27,27,27,27,27,27,27
270097,0,1,1984,0,0,0,0,0,0,0,0,0,0
270097,1,1,1984,0,0,0,0,0,0,0,0,0,0
270098,1,1,1984,0,0,0,0,0,0,0,0,0,0
270098,2,1,1984,0,0,0,0,0,0,0,0,0,0
270098,3,1,1984,0,0,0,0,0,0,0,0,0,0
270099,1,1,1984,15,18,14,24,10,14,11,17,21,25
270100,1,1,1984,0,0,0,0,0,0,0,0,0,0
270100,2,1,1984,0,0,0,0,0,0,0,0,0,0
270101,0,1,1984,0,0,0,0,0,0,0,0,0,0
270101,1,1,1984,0,0,0,0,0,0,0,0,0,0
270102,1,1,1984,20,14,13,8,11,10,9,6,19,0
270102,2,1,1984,0,0,0,0,0,0,0,0,0,0
270102,3,1,1984,0,0,0,0,0,0,0,0,0,0
270103,1,1,1984,6,6,6,6,6,6,6,6,6,6
270104,1,1,1984,25,25,25,25,25,25,25,25,25,25
270105,1,1,1984,21,10,15,13,0,23,19,9,6,29
270105,2,1,1984,0,0,0,0,0,0,0,0,20,0
270106,1,1,1984,0,0,0,0,0,0,0,0,0,0
270106,2,1,1984,0,0,0,0,0,0,0,0,0,22
270107,1,1,1984,0,0,0,0,0,0,0,0,0,0
270107,2,1,1984,11,11,11,11,11,11,11,11,11,11
270108,1,1,1984,23,23,23,23,23,23,23,23,23,23
270109,1,1,1984,20,20,20,20,20,20,20,20,20,20
270109,2,1,1984,8,8,8,8,8,8,8,8,8,8
270110,1,1,1984,12,12,12,12,12,12,12,12,12,12
270111,1,1,1984,20,10,22,14,34,13,8,14,16,13
270111,2,1,1984,17,10,11,37,18,14,17,33,19,21
270112,1,1,1984,17,17,17,17,17,17,17,17,17,17
270113,1,1,1984,25,25,25,25,25,25,25,25,25,25
270113,2,1,1984,0,0,0,0,0,0,0,0,0,0
270114,1,1,1984,0,0,0,0,0,0,19,0,0,0
270115,1,1,1984,16,16,16,16,16,16,16,16,16,16
270116,1,1,1984,0,0,0,0,0,0,0,0,0,0
270117,1,1,1984,0,0,0,0,0,0,0,0,0,0
270118,1,1,1984,18,18,18,18,18,18,18,18,18,18
270119,0,1,1984,26,26,26,26,26,26,26,26,26,26
270119,1,1,1984,0,0,0,0,0,0,0,0,0,0
270120,1,1,1984,16,16,16,16,16,16,16,16,16,16
270121,1,1,1984,16,16,16,16,16,16,16,16,16,16
270122,0,1,1984,5,5,5,5,5,5,5,5,5,5
270122,1,1,1984,0,25,20,25,15,12,0,0,17,5
270123,1,1,1984,20,18,19,28,20,17,5,29,40,14
270124,1,1,1984,0,0,0,0,0,0,0,0,0,0
270124,2,1,1984,0,0,0,18,11,0,6,0,0,0
270125,1,1,1984,0,0,0,0,0,0,0,0,0,0
270125,2,1,1984,17,17,17,17,17,17,17,17,17,17
270126,1,1,1984,0,0,0,0,0,0,0,0,0,0
270127,1,1,1984,16,9,16,19,14,16,6,11,23,12
270128,0,1,1984,0,0,0,0,0,0,0,0,0,0
270128,1,1,1984,0,0,0,0,0,0,0,0,0,0
270129,0,1,1984,0,0,0,0,0,0,0,0,0,0
270129,1,1,1984,0,0,0,0,0,0,0,0,0,17
270130,1,1,1984,0,0,0,0,0,0,0,0,0,0
270130,2,1,1984,0,0,0,0,0,0,0,0,0,0
270131,1,1,1984,18,18,18,18,18,18,18,18,18,18
270131,2,1,1984,19,10,7,10,5,0,0,0,8,0
270132,1,1,1984,19,19,19,19,19,19,19,19,19,19
270133,1,1,1984,0,0,0,0,0,0,9,0,0,0
270134,1,1,1984,8,8,8,8,8,8,8,8,8,8
270135,1,1,1984,0,0,0,0,0,0,0,0,0,0
270136,1,1,1984,0,0,0,0,0,0,0,0,0,0
270136,2,1,1984,4,9,6,4,8,24,11,0,14,13
270137,1,1,1984,20,20,20,20,20,20,20,20,20,20
270138,1,1,1984,15,15,15,15,15,15,15,15,15,15
270138,2,1,1984,19,17,22,4,8,14,6,15,8,18
270139,1,1,1984,25,8,6,11,13,17,29,16,15,2
270140,1,1,1984,19,19,19,19,19,19,19,19,19,19
270141,1,1,1984,5,5,5,5,5,5,5,5,5,5
270141,2,1,1984,0,0,0,0,0,0,0,0,0,0
270142,0,1,1984,20,20,20,20,20,20,20,20,20,20
270142,1,1,1984,7,16,10,14,11,5,24,16,18,9
270143,1,1,1984,0,0,0,0,0,0,0,0,0,0
270143,2,1,1984,0,0,0,0,0,0,0,0,0,0
270144,1,1,1984,28,28,28,28,28,28,28,28,28,28
270145,1,1,1984,14,14,14,14,14,14,14,14,14,14
270146,0,1,1984,23,23,23,23,23,23,23,23,23,23
270146,1,1,1984,20,8,4,9,16,7,8,2,7,3
270147,1,1,1984,24,24,24,24,24,24,24,24,24,24
270147,2,1,1984,0,0,0,0,0,0,0,0,0,0
270148,0,1,1984,0,0,0,0,0,0,0,0,0,0
270148,1,1,1984,0,0,0,0,0,0,0,0,0,0
270149,1,1,1984,0,0,0,0,0,0,0,0,0,0
270149,2,1,1984,0,0,0,15,0,0,0,0,0,0
270150,0,1,1984,0,0,0,0,0,0,0,0,0,0
270150,1,1,1984,0,0,0,0,0,0,0,0,0,0
270151,1,1,1984,22,22,22,22,22,22,22,22,22,22
270152,1,1,1984,0,0,0,0,0,0,0,0,0,0
270152,2,1,1984,0,8,10,21,20,8,19,23,14,17
270153,1,1,1984,0,0,0,0,0,0,0,0,0,0
270153,2,1,1984,0,0,0,0,0,0,0,0,0,0
270154,1,1,1984,23,23,23,23,23,23,23,23,23,23
270155,0,1,1984,0,0,0,0,0,0,0,0,0,0
270155,1,1,1984,0,0,0,0,0,0,0,0,0,0
270156,1,1,1984,0,0,0,0,0,0,0,0,0,0
270156,2,1,1984,0,0,0,12,0,0,0,0,0,9
270157,1,1,1984,17,17,17,17,17,17,17,17,17,17
270158,1,1,1984,0,0,0,0,0,0,0,0,0,0
270158,2,1,1984,0,0,0,0,0,0,0,0,0,0
270159,1,1,1984,0,0,0,0,0,0,0,0,0,0
270159,2,1,1984,13,11,0,15,24,11,16,20,14,16
270160,0,1,1984,0,0,0,0,0,0,0,0,0,0
270160,1,1,1984,0,0,0,0,0,0,0,0,0,0
270161,1,1,1984,38,10,15,14,8,25,22,18,9,0
270161,2,1,1984,16,10,8,14,27,25,16,13,16,19
270162,1,1,1984,4,4,4,4,4,4,4,4,4,4
270162,2,1,1984,0,0,0,0,0,0,0,0,0,0
270163,1,1,1984,0,0,0,0,0,0,0,0,0,0
270163,2,1,1984,0,0,0,0,0,0,0,0,0,10
270164,1,1,1984,0,0,0,0,0,0,0,0,0,0
270164,2,1,1984,0,0,0,0,0,0,0,0,0,0
270165,1,1,1984,20,20,20,20,20,20,20,20,20,20
270166,1,1,1984,0,0,0,0,0,0,0,12,0,0
270167,1,1,1984,13,13,13,13,13,13,13,13,13,13
270167,2,1,1984,0,0,0,0,0,0,0,0,0,0
270168,1,1,1984,7,10,23,0,0,0,31,0,0,0
270170,1,1,1984,9,9,9,9,9,9,9,9,9,9
270170,2,1,1984,13,15,21,24,10,5,8,17,9,0
270171,1,1,1984,0,0,0,0,0,0,0,0,0,0
270171,2,1,1984,0,0,0,0,0,0,0,0,0,0
270172,1,1,1984,22,22,22,22,22,22,22,22,22,22
270172,2,1,1984,0,0,0,0,0,0,0,0,0,0
270173,1,1,1984,0,0,0,0,0,0,0,0,0,0
270173,2,1,1984,0,0,0,0,0,0,0,0,0,0
270174,1,1,1984,0,0,0,0,0,0,0,0,0,0
270174,2,1,1984,0,0,0,0,0,0,0,0,0,0
270175,0,1,1984,0,0,0,0,0,0,0,0,0,0
270175,1,1,1984,0,0,0,0,0,0,0,0,0,0
270176,1,1,1984,8,8,8,8,8,8,8,8,8,8
270176,2,1,1984,19,19,19,19,19,19,19,19,19,19
270176,3,1,1984,11,13,10,33,0,29,10,7,10,22
270177,1,1,1984,0,0,0,0,0,0,0,0,0,0
270178,1,1,1984,25,25,25,25,25,25,25,25,25,25
270178,2,1,1984,0,17,0,5,19,4,4,0,9,18
270179,1,1,1984,0,0,0,0,0,0,0,0,0,0
270180,1,1,1984,2,6,5,0,0,0,17,0,22,0
270181,1,1,1984,20,20,20,20,20,20,20,20,20,20
270181,2,1,1984,4,4,4,4,4,4,4,4,4,4
270182,1,1,1984,18,18,18,18,18,18,18,18,18,18
270183,1,1,1984,0,0,0,0,0,0,0,0,0,0
270183,2,1,1984,0,15,0,0,0,0,0,0,0,0
270184,1,1,1984,2,2,2,2,2,2,2,2,2,2
270185,0,1,1984,13,13,13,13,13,13,13,13,13,13
270185,2,1,1984,0,0,0,15,0,0,0,0,0,9
270186,1,1,1984,0,0,0,0,0,0,0,0,0,0
270186,2,1,1984,0,0,0,0,0,0,0,0,0,26
270187,1,1,1984,37,37,37,37,37,37,37,37,37,37
270188,1,1,1984,11,11,11,11,11,11,11,11,11,11
270188,2,1,1984,0,0,0,0,0,0,0,0,10,0
270189,1,1,1984,2,15,9,10,6,14,16,10,18,3
270189,2,1,1984,0,41,8,7,0,17,12,7,11,0
270190,1,2,1984,15,15,15,15,15,15,15,15,15,15
270191,1,1,1984,3,3,3,3,3,3,3,3,3,3
270191,2,1,1984,0,0,0,0,0,0,0,0,0,0
270192,1,1,1984,0,0,0,0,0,0,0,0,0,0
270192,2,1,1984,8,15,16,13,8,15,10,23,17,11
270193,1,1,1984,17,17,17,17,17,17,17,17,17,17
270194,0,1,1984,29,29,29,29,29,29,29,29,29,29
270194,1,1,1984,20,31,16,22,11,15,16,13,30,24
270195,1,1,1984,0,0,0,0,0,0,0,0,0,0
270195,2,1,1984,0,0,0,0,0,0,0,0,0,0
270196,1,1,1984,23,23,23,23,23,23,23,23,23,23
270197,1,1,1984,0,0,0,0,0,0,0,0,0,0
270197,2,1,1984,0,0,0,0,0,0,0,0,0,0
270198,1,1,1984,0,0,0,0,0,0,0,0,0,0
270199,0,1,1984,30,30,30,30,30,30,30,30,30,30
270199,1,1,1984,0,0,0,5,0,0,0,0,0,12
270200,1,1,1984,0,0,0,0,0,0,0,0,0,0
270201,1,1,1984,0,0,0,0,0,0,0,0,0,0
270202,1,1,1984,11,20,3,7,0,0,0,0,0,10
270202,2,1,1984,0,0,0,0,0,13,0,0,0,0
270203,1,1,1984,15,15,15,15,15,15,15,15,15,15
270204,1,1,1984,22,22,22,22,22,22,22,22,22,22
270204,2,1,1984,0,0,0,0,0,0,0,0,0,0
270204,3,1,1984,0,0,0,0,19,0,0,0,0,0
270205,1,1,1984,18,18,18,18,18,18,18,18,18,18
270206,1,1,1984,0,0,0,0,0,0,0,0,0,0
270206,2,1,1984,0,0,0,0,0,0,0,0,0,0
270207,0,1,1984,11,11,11,11,11,11,11,11,11,11
270207,1,1,1984,7,10,7,2,0,5,4,6,16,14
270208,1,1,1984,24,24,24,24,24,24,24,24,24,24
270209,1,1,1984,0,19,0,10,0,18,0,0,0,0
270209,2,1,1984,10,10,10,10,10,10,10,10,10,10
270210,1,1,1984,0,0,0,0,0,0,0,0,0,0
270210,2,1,1984,0,0,0,0,0,0,0,0,0,0
270211,1,1,1984,0,0,0,0,0,0,0,0,0,0
270212,1,1,1984,0,0,0,0,0,0,0,8,0,6
270212,2,1,1984,0,0,0,0,0,0,0,0,0,0
270213,1,1,1984,0,0,0,0,0,0,0,0,0,0
270213,2,1,1984,22,0,10,10,13,21,14,27,10,6
270214,1,1,1984,0,0,0,0,10,0,0,0,0,0