ST_CASE,VEH_NO,PER_NO,YEAR,P1,P2,P3,P4,P5,P6,P7,P8,P9,P10
270498,2,1,1984,0,0,0,0,0,8,0,0,0,0
270499,1,1,1984,1,1,1,1,1,1,1,1,1,1
270499,2,1,1984,26,26,26,26,26,26,26,26,26,26
270500,1,1,1984,23,23,23,23,23,23,23,23,23,23
270501,1,1,1984,0,0,0,0,0,0,0,0,0,0
270501,2,1,1984,0,0,0,0,0,0,0,0,0,0
270502,1,1,1984,0,0,0,0,0,0,0,0,0,0
270503,1,1,1984,9,15,11,16,25,21,17,0,4,22
270503,2,1,1984,0,0,0,0,0,0,0,0,0,0
270504,1,1,1984,0,0,18,0,0,0,0,0,0,0
270504,2,1,1984,11,11,11,11,11,11,11,11,11,11
270505,1,1,1984,13,13,13,13,13,13,13,13,13,13
270505,2,1,1984,0,0,0,0,0,0,0,0,0,0
270506,1,1,1984,0,0,0,0,0,0,0,0,0,0
270506,2,1,1984,0,0,0,0,15,0,12,0,0,0
270507,1,1,1984,23,23,23,23,23,23,23,23,23,23
270508,1,1,1984,0,0,0,0,0,0,0,0,0,0
270508,2,1,1984,0,28,0,0,0,0,0,0,0,0
270508,3,1,1984,0,0,0,0,0,0,0,0,0,0
270509,0,1,1984,0,0,0,0,0,0,0,0,0,0
270509,1,1,1984,0,0,0,0,0,0,0,0,0,0
270510,1,1,1984,0,0,0,16,0,0,0,0,0,0
270511,1,1,1984,15,15,15,15,15,15,15,15,15,15
270512,1,1,1984,18,18,18,18,18,18,18,18,18,18
270513,1,1,1984,20,20,20,20,20,20,20,20,20,20
270514,1,1,1984,0,10,0,0,0,0,0,0,0,0
270514,2,1,1984,0,0,0,0,0,0,0,0,0,0
270515,1,1,1984,0,0,0,0,0,0,0,0,0,0
270515,2,1,1984,0,0,0,0,0,0,0,0,0,0
270516,1,1,1984,18,0,0,0,0,2,13,10,0,0
270517,1,1,1984,0,0,0,0,0,0,0,0,0,0
270518,1,1,1984,22,22,22,22,22,22,22,22,22,22
270519,1,1,1984,0,0,0,0,0,0,0,0,0,0
270519,2,1,1984,7,0,0,0,0,0,0,0,0,0
270519,3,1,1984,0,0,0,0,0,0,0,0,20,0
270520,1,1,1984,0,0,0,0,0,0,0,0,0,0
270520,2,1,1984,0,0,0,0,0,0,0,0,0,0
270520,3,1,1984,0,0,0,0,0,0,0,0,0,0
270521,1,1,1984,0,0,0,0,0,0,0,0,0,0
270521,2,1,1984,0,0,0,0,0,0,0,0,0,0
280001,0,1,1984,0,0,0,21,0,0,0,0,15,18
280001,1,1,1984,0,0,0,0,0,0,0,0,0,0
280002,1,1,1984,0,18,0,16,14,27,18,31,0,0
280002,2,1,1984,0,0,0,14,0,11,0,0,0,0
280003,1,1,1984,0,0,0,0,0,0,0,0,0,0
280003,2,1,1984,0,0,0,0,0,0,0,0,0,0
280004,1,1,1984,0,0,0,0,0,14,0,0,0,0
280004,2,1,1984,0,0,0,0,0,16,0,0,0,0
280005,1,1,1984,0,0,0,0,0,0,0,0,0,0
280006,1,1,1984,0,0,0,0,0,0,0,3,0,0
280006,2,1,1984,0,0,0,8,0,0,0,0,0,0
280007,1,1,1984,0,0,0,0,0,0,0,0,0,5
280008,0,1,1984,0,0,0,0,0,13,30,15,18,0
280008,1,1,1984,18,0,0,0,0,0,0,0,0,0
280009,1,1,1984,22,0,0,0,0,9,0,0,0,0
280010,1,1,1984,30,0,0,0,0,0,0,0,0,0
280011,0,1,1984,0,0,0,19,0,11,13,0,0,0
280011,1,1,1984,0,5,0,0,0,0,0,0,0,0
280012,1,1,1984,0,0,0,0,0,0,0,0,0,0
280012,2,1,1984,0,16,0,0,0,0,0,0,0,0
280013,1,1,1984,0,0,0,0,0,0,0,0,0,0
280014,1,1,1984,0,0,0,0,0,0,0,19,0,0
280015,1,1,1984,0,0,0,0,0,0,0,0,0,0
280015,2,1,1984,0,14,0,0,0,0,0,0,0,0
280016,1,1,1984,20,0,0,0,14,23,7,10,27,0
280017,0,1,1984,0,0,0,0,0,0,0,0,0,0
280017,1,1,1984,15,15,15,15,15,15,15,15,15,15
280018,1,1,1984,0,0,0,15,0,0,0,35,0,6
280018,2,1,1984,14,0,0,18,17,0,0,0,0,0
280019,1,1,1984,0,0,0,9,0,0,0,0,0,0
280019,2,1,1984,27,27,27,27,27,27,27,27,27,27
280020,1,1,1984,12,0,0,0,0,19,0,10,0,25
280021,1,1,1984,17,17,17,17,17,17,17,17,17,17
280022,1,1,1984,0,0,0,0,0,0,0,0,0,0
280022,2,1,1984,0,0,0,0,0,0,0,0,0,0
280023,0,1,1984,0,0,0,0,0,0,0,0,0,0
280023,1,1,1984,0,0,0,18,0,0,0,0,13,0
280024,1,1,1984,0,0,0,0,0,0,0,0,0,0
280025,1,1,1984,0,0,0,0,0,0,0,0,0,0
280025,2,1,1984,0,0,0,0,0,0,0,0,0,0
280026,1,1,1984,0,0,0,0,0,0,0,0,0,0
280027,1,1,1984,18,0,11,0,0,0,20,3,0,0
280028,1,1,1984,0,0,0,0,0,0,0,0,6,0
280029,1,1,1984,0,0,0,0,0,0,0,0,0,0
280029,2,1,1984,4,0,0,0,0,0,0,0,0,0
280030,1,1,1984,0,0,0,0,0,0,0,0,0,10
280031,1,1,1984,0,0,0,0,0,0,0,0,0,0
280032,0,1,1984,0,0,0,0,0,0,0,0,0,0
280032,1,1,1984,0,9,0,0,0,0,0,0,0,0
280033,1,1,1984,0,17,18,17,0,0,24,0,17,0
280034,1,1,1984,0,0,0,0,0,0,18,0,0,0
280034,2,1,1984,14,0,0,0,0,23,0,0,0,0
280035,0,1,1984,0,0,0,0,0,0,0,0,0,0
280035,1,1,1984,0,0,0,0,21,15,0,7,0,26
280036,1,1,1984,6,0,10,0,42,27,9,21,9,37
280037,1,1,1984,27,12,0,19,12,15,9,13,20,12
280038,1,1,1984,0,0,0,0,0,0,0,0,0,0
280038,2,1,1984,0,0,0,0,0,0,0,0,0,18
280039,1,1,1984,0,0,0,0,0,0,0,0,0,0
280039,2,1,1984,0,0,0,0,0,0,0,0,0,0
280040,1,1,1984,0,12,11,0,0,0,0,22,0,0
280041,1,1,1984,13,0,34,21,2,6,10,16,0,28
280042,1,1,1984,0,18,0,0,0,0,0,0,0,0
280042,2,1,1984,0,0,0,0,0,0,0,0,0,0
280043,1,1,1984,0,0,0,0,0,15,0,0,0,0
280044,1,1,1984,5,15,23,11,8,6,24,0,39,19
280045,1,1,1984,0,0,0,0,0,0,0,0,0,0
280045,2,1,1984,0,0,0,0,0,0,0,0,0,0
280046,1,1,1984,0,0,0,0,0,0,0,0,10,0
280046,2,1,1984,0,0,0,0,0,0,0,0,0,0
280047,1,1,1984,15,15,15,15,15,15,15,15,15,15
280048,1,1,1984,13,13,13,13,13,13,13,13,13,13
280049,1,1,1984,17,17,17,17,17,17,17,17,17,17
280050,1,1,1984,0,0,0,0,0,0,0,0,0,0
280051,1,1,1984,22,27,11,0,27,24,15,27,0,0
280052,1,1,1984,26,30,0,6,14,0,13,0,39,28
280053,1,1,1984,0,0,0,0,0,0,0,0,0,0
280053,2,1,1984,22,0,0,0,0,8,0,0,0,14
280054,0,1,1984,0,20,0,0,0,26,0,0,17,0
280054,1,1,1984,14,14,14,14,14,14,14,14,14,14
280055,1,1,1984,16,0,20,0,40,0,0,0,0,0
280056,1,1,1984,7,0,22,0,6,12,0,17,23,8
280057,1,1,1984,0,0,0,0,0,15,0,0,0,0
280057,2,1,1984,17,17,17,17,17,17,17,17,17,17
280058,1,1,1984,0,0,0,0,0,24,15,0,0,0
280059,1,1,1984,0,0,0,0,0,0,0,0,0,0
280059,2,1,1984,0,0,0,0,0,0,0,0,0,0
280060,1,1,1984,0,0,0,0,0,0,0,0,0,22
280060,2,1,1984,0,0,0,0,0,31,0,0,0,0
280061,1,1,1984,10,10,10,10,10,10,10,10,10,10
280062,1,1,1984,25,0,0,0,0,0,0,0,8,0
280062,2,1,1984,32,0,0,20,0,0,0,9,0,0
280063,1,1,1984,5,0,0,0,0,0,0,0,0,0
280064,1,1,1984,0,17,0,0,0,0,12,0,0,0
280064,2,1,1984,11,0,0,0,0,0,0,0,8,0
280065,1,1,1984,28,0,0,0,7,20,0,22,7,32
280066,1,1,1984,32,0,22,20,10,0,22,0,0,0
280067,1,1,1984,12,0,16,0,0,0,10,0,0,0
280067,2,1,1984,0,0,0,8,43,0,0,16,12,0
280068,1,1,1984,21,0,11,24,7,32,0,0,0,0
280069,1,1,1984,0,0,0,0,0,0,0,0,0,0
280069,2,1,1984,0,26,0,0,0,0,0,0,0,0
280070,1,1,1984,0,0,0,14,0,12,12,0,23,26
280071,1,1,1984,0,0,0,0,0,0,0,0,0,0
280072,1,1,1984,4,0,0,0,0,0,0,11,0,6
280073,1,1,1984,0,0,0,0,0,0,0,0,0,0
280074,0,1,1984,0,0,0,0,0,0,0,0,0,0
280074,1,1,1984,0,10,16,0,0,0,0,0,0,0
280074,2,1,1984,0,0,0,0,0,0,0,0,0,0
280075,1,1,1984,17,0,0,0,0,0,25,17,0,0
280076,1,1,1984,0,0,0,0,0,0,0,0,0,0
280076,2,1,1984,22,17,0,0,0,0,20,0,0,24
280077,1,1,1984,0,0,0,0,0,0,0,0,0,0
280077,2,1,1984,3,0,0,0,0,0,0,0,0,0
280078,0,1,1984,0,0,0,0,0,0,0,0,0,0
280078,1,1,1984,0,0,0,0,0,0,0,0,0,0
280079,1,1,1984,23,0,0,0,0,0,0,0,0,0
280080,1,1,1984,0,0,0,0,9,0,0,0,0,0
280081,1,1,1984,36,0,0,0,0,0,0,0,0,0
280081,2,1,1984,34,31,0,8,0,0,0,0,27,0
280082,1,1,1984,13,13,13,13,13,13,13,13,13,13
280082,2,1,1984,0,13,0,0,0,0,0,0,0,0
280083,1,1,1984,0,17,0,0,0,0,0,24,0,0
280084,1,1,1984,0,0,23,0,0,0,0,0,0,18
280084,2,1,1984,0,0,0,0,0,0,0,0,0,0
280085,1,1,1984,0,0,0,18,26,0,16,0,0,0
280085,2,1,1984,0,0,0,0,0,0,0,0,0,0
280086,1,1,1984,0,0,0,5,0,0,0,0,0,0
280086,2,1,1984,0,0,0,0,0,0,0,0,0,0
280086,3,1,1984,0,0,0,0,0,0,0,17,0,0
280087,1,1,1984,0,0,0,0,30,0,0,0,0,0
280087,2,1,1984,0,0,0,23,0,0,0,0,0,0
280088,1,1,1984,0,11,0,0,0,0,0,0,0,0
280089,1,1,1984,0,0,0,0,0,0,0,0,0,0
280089,2,1,1984,0,0,0,0,0,0,0,0,0,0
280090,1,1,1984,0,0,0,0,0,0,0,0,0,0
280090,2,1,1984,0,30,0,0,0,0,0,0,0,0
280091,1,1,1984,23,0,0,0,0,30,0,0,35,0
280092,1,1,1984,17,0,0,17,0,0,0,0,0,0
280093,1,1,1984,0,15,0,0,0,0,20,0,0,0
280094,1,1,1984,20,20,20,20,20,20,20,20,20,20
280095,1,1,1984,0,0,0,0,0,0,0,0,0,0
280095,2,1,1984,0,0,0,0,4,0,0,0,0,0
280096,1,1,1984,0,0,0,0,0,0,0,0,0,0
280096,2,1,1984,0,0,0,0,12,0,0,0,12,0
280097,1,1,1984,0,0,0,0,0,0,0,0,0,0
280098,1,1,1984,0,0,0,0,0,0,0,0,0,0
280098,2,1,1984,0,0,0,0,0,0,0,7,0,0
280099,1,1,1984,6,6,6,6,6,6,6,6,6,6
280099,2,1,1984,0,0,0,0,0,0,0,0,0,9
280100,1,1,1984,12,0,35,19,6,0,35,18,0,0
280101,1,1,1984,0,0,0,0,0,0,0,0,0,0
280102,1,1,1984,25,19,15,15,27,14,20,20,12,29
280103,1,1,1984,13,13,13,13,13,13,13,13,13,13
280104,1,1,1984,0,0,0,9,0,0,0,0,0,0
280105,0,1,1984,0,0,0,0,0,0,0,0,20,12
280105,0,2,1984,0,0,23,0,0,0,15,0,0,0
280105,0,3,1984,0,0,0,0,0,0,0,0,0,0
280105,1,1,1984,0,0,0,0,0,0,0,0,0,0
280106,0,1,1984,0,0,0,0,0,0,0,0,0,0
280106,1,1,1984,0,0,0,0,0,0,0,0,0,0
280107,0,1,1984,0,0,0,0,0,0,0,0,0,0
280107,1,1,1984,0,0,13,0,0,0,0,0,0,0
280108,1,1,1984,0,0,24,0,18,0,0,11,0,0
280108,2,1,1984,0,0,0,0,0,0,0,0,23,0
280109,1,1,1984,18,0,0,0,30,17,8,0,34,11
280110,1,1,1984,0,19,0,0,0,0,0,0,0,0
280111,1,1,1984,0,0,0,0,0,0,0,13,0,0
280111,2,1,1984,0,0,0,0,0,0,0,0,0,0
280112,1,1,1984,20,17,16,19,0,0,0,0,0,0
280112,2,1,1984,0,15,0,3,13,0,0,0,0,0
280113,1,1,1984,16,16,16,16,16,16,16,16,16,16
280113,2,1,1984,21,21,21,21,21,21,21,21,21,21
280114,1,1,1984,0,23,27,14,0,0,20,22,0,2
280114,2,1,1984,21,0,0,0,37,0,0,0,0,0
280115,1,1,1984,0,0,0,0,0,0,0,0,0,0
280115,2,1,1984,0,0,0,0,0,0,0,0,0,0
280115,3,1,1984,0,0,0,0,0,0,0,0,0,0
280115,4,1,1984,0,0,0,0,0,0,0,0,0,0
280116,0,1,1984,0,0,0,0,0,0,0,0,0,0
280116,1,1,1984,0,0,0,0,0,0,0,0,0,0
280117,1,1,1984,20,20,20,20,20,20,20,20,20,20
280118,1,1,1984,0,0,0,0,0,0,0,24,0,39
280118,2,1,1984,20,21,16,0,0,0,0,0,0,0
280119,1,1,1984,0,4,0,22,0,12,0,0,24,15
280119,2,1,1984,0,0,0,0,0,0,0,0,0,0
280120,1,1,1984,0,0,0,22,0,18,15,0,14,0
280121,1,1,1984,0,0,0,17,0,38,0,0,0,0
280121,2,1,1984,0,0,0,0,0,0,0,0,0,0
280122,0,1,1984,0,0,0,0,0,0,0,0,0,0
280122,1,1,1984,0,0,0,0,0,0,0,0,0,0
280123,1,1,1984,0,0,0,0,0,0,0,0,0,0
280123,2,1,1984,0,0,0,0,0,0,0,0,0,0
280124,0,1,1984,0,0,0,0,18,24,15,0,12,0
280124,1,1,1984,0,0,0,0,0,0,0,0,0,0
280125,1,1,1984,0,0,0,0,0,0,0,0,0,5
280126,1,1,1984,15,0,0,0,0,16,20,12,0,26
280126,2,1,1984,0,0,13,0,0,0,0,0,0,0
280127,1,1,1984,0,0,0,0,0,0,0,0,0,0
280127,2,1,1984,0,7,0,0,12,11,0,0,0,0
280128,1,1,1984,0,0,0,0,0,0,0,0,0,0
280128,2,1,1984,0,0,0,0,0,0,0,0,0,0
280129,1,1,1984,0,0,0,0,0,0,0,0,0,0
280130,1,1,1984,0,0,0,0,0,0,0,0,0,0
280131,1,1,1984,0,0,0,41,0,0,0,0,0,0
280132,1,1,1984,0,0,0,18,16,0,0,0,0,0
280133,1,1,1984,9,0,20,17,36,20,0,33,8,0
280134,0,1,1984,0,0,0,0,0,0,0,0,0,0
280134,1,1,1984,0,0,0,0,22,0,0,0,0,0
280135,1,1,1984,17,17,17,17,17,17,17,17,17,17
280135,2,1,1984,0,0,16,0,0,0,0,0,0,0
280136,1,1,1984,0,0,9,0,0,0,0,0,0,0
280136,2,1,1984,0,0,0,0,0,0,0,0,0,0
280137,1,1,1984,0,19,0,0,0,0,0,12,0,0
280137,2,1,1984,31,31,31,31,31,31,31,31,31,31
280138,0,1,1984,0,0,0,0,0,0,9,0,0,0
280138,0,2,1984,0,0,0,0,16,0,11,17,28,0
280138,1,1,1984,7,7,7,7,7,7,7,7,7,7
280139,0,1,1984,0,16,0,0,0,0,0,0,0,0
280139,1,1,1984,0,0,0,0,0,0,5,0,22,8
280140,1,1,1984,21,19,0,25,25,9,0,22,0,0
280141,1,1,1984,23,26,4,22,16,0,0,11,9,31
280142,1,1,1984,0,0,0,0,0,0,0,0,0,0
280142,2,1,1984,0,0,0,0,17,0,4,0,0,0
280143,1,1,1984,0,0,0,0,0,0,0,0,0,0
280143,2,1,1984,0,0,0,0,0,0,0,0,0,0
280143,3,1,1984,0,0,0,0,0,0,0,0,13,0
280144,1,1,1984,0,0,0,0,0,12,17,0,0,0
280144,2,1,1984,0,0,0,0,0,0,0,0,0,16
280145,0,1,1984,0,23,23,21,3,15,6,19,0,16
280145,1,1,1984,0,0,0,0,6,0,0,0,0,9
280146,1,1,1984,0,20,0,0,0,31,23,0,0,11
280147,1,1,1984,0,0,0,0,0,0,0,0,0,0
280148,1,1,1984,0,0,0,0,0,0,0,0,0,0
280148,2,1,1984,0,0,0,0,0,18,0,7,18,0
280149,1,1,1984,0,0,0,18,0,0,0,18,15,26
280150,1,1,1984,22,17,4,0,17,28,23,24,0,0
280151,1,1,1984,21,0,4,0,28,0,0,0,0,0
280152,1,1,1984,30,30,30,30,30,30,30,30,30,30
280153,1,1,1984,16,16,16,16,16,16,16,16,16,16
280153,2,1,1984,0,0,0,0,0,0,0,0,23,0
280154,1,1,1984,0,0,0,0,9,0,0,0,0,0
280155,1,1,1984,0,0,0,0,4,0,0,0,0,12
280156,1,1,1984,21,21,21,21,21,21,21,21,21,21
280157,1,1,1984,0,0,0,3,0,0,0,0,0,0
280157,2,1,1984,0,0,0,0,0,0,0,0,0,0
280158,1,1,1984,0,0,0,0,0,0,0,0,0,0
280158,2,1,1984,0,0,0,0,0,0,0,0,0,0
280158,3,1,1984,0,0,0,0,0,0,0,0,0,0
280159,1,1,1984,14,14,0,0,0,0,0,14,13,14
280160,1,1,1984,0,12,0,0,13,0,15,30,0,0
280161,1,1,1984,0,13,9,0,15,10,0,5,0,0
280162,1,1,1984,0,0,21,0,0,0,0,0,0,0
280162,2,1,1984,0,0,0,0,0,0,0,0,2,0
280162,3,1,1984,0,0,0,0,0,0,0,0,0,0
280163,1,1,1984,0,0,0,0,0,0,0,0,0,0
280163,2,1,1984,0,0,0,0,0,0,0,0,0,9
280164,1,1,1984,0,0,0,0,0,0,0,0,13,12
280164,2,1,1984,0,0,0,0,0,0,0,0,0,0
280165,1,1,1984,16,19,0,26,14,0,0,0,0,0
280166,1,1,1984,16,16,16,16,16,16,16,16,16,16
280166,2,1,1984,16,16,16,16,16,16,16,16,16,16
280167,1,1,1984,24,43,0,19,12,25,29,30,0,11
280168,0,1,1984,0,0,0,0,0,0,0,0,0,0
280168,1,1,1984,0,0,0,0,0,0,0,0,0,0
280169,1,1,1984,7,33,32,13,0,11,25,23,0,0
280170,1,1,1984,14,0,28,13,24,0,0,24,39,13
280171,1,1,1984,0,0,0,0,0,18,0,0,0,27
280172,1,1,1984,0,0,0,0,0,0,0,0,0,0
280172,2,1,1984,0,0,0,0,0,12,0,0,0,0
280173,1,1,1984,0,0,20,0,0,0,0,0,30,19
280174,1,1,1984,9,21,0,0,6,13,22,33,0,0
280175,1,1,1984,0,0,0,21,0,0,23,12,13,38
280175,2,1,1984,0,0,0,0,0,0,0,0,0,0
280176,1,1,1984,0,0,0,0,0,0,0,0,0,0
280176,2,1,1984,0,0,0,6,24,14,0,0,0,13
280177,1,1,1984,0,0,0,0,0,0,20,0,0,0
280177,2,1,1984,0,0,0,0,0,0,0,0,0,0
280178,1,1,1984,0,0,0,0,0,0,0,0,0,0
280179,1,1,1984,0,0,0,0,0,14,0,0,14,0
280179,2,1,1984,0,0,0,0,0,0,0,0,0,0
280180,1,1,1984,0,0,0,0,0,0,0,0,0,22
280180,2,1,1984,16,16,16,16,16,16,16,16,16,16
280181,1,1,1984,41,0,23,5,0,0,0,39,0,0
280182,0,1,1984,0,0,0,0,0,0,0,0,0,0
280182,1,1,1984,0,0,0,0,0,0,0,0,0,0
280183,1,1,1984,0,0,19,0,0,13,0,0,6,19
280184,1,1,1984,0,0,0,0,0,0,0,0,6,0
280184,2,1,1984,18,23,0,0,26,6,0,0,23,0
280185,0,1,1984,0,0,0,0,0,0,0,0,0,0
280185,1,1,1984,0,0,0,0,0,0,0,0,10,0
280186,1,1,1984,0,0,0,22,18,0,0,0,0,0
280187,1,1,1984,18,18,18,18,18,18,18,18,18,18
280187,2,1,1984,0,0,0,0,0,0,0,0,0,0
280188,1,1,1984,0,0,0,0,0,0,0,0,0,4
280189,1,1,1984,24,13,11,36,3,15,19,0,12,0
280190,1,1,1984,0,0,0,0,0,0,0,0,22,27
280191,1,1,1984,2,15,0,18,0,0,20,0,0,8
280192,1,1,1984,0,0,0,0,0,0,0,0,0,0
280192,2,1,1984,0,0,0,0,0,0,0,0,0,0
280193,1,1,1984,0,0,27,0,25,0,0,0,0,18
280194,0,1,1984,0,0,0,0,0,18,0,0,0,0
280194,1,1,1984,0,0,0,0,0,0,0,0,0,0
280195,1,1,1984,0,0,0,0,0,0,0,0,0,0
280195,2,1,1984,0,0,0,0,0,0,0,0,0,0
280195,3,1,1984,0,0,0,0,0,0,0,0,0,0
280196,1,1,1984,0,0,0,0,0,0,0,0,0,0
280196,2,1,1984,0,0,11,0,4,0,0,0,0,0
280197,1,1,1984,0,26,0,0,0,0,0,0,0,10
280198,1,1,1984,15,15,15,15,15,15,15,15,15,15
280199,1,1,1984,0,11,10,0,12,0,0,38,19,11
280200,0,1,1984,0,0,0,0,0,0,0,0,0,0
280200,1,1,1984,0,0,0,0,0,0,0,0,0,0
280201,0,1,1984,14,14,14,14,14,14,14,14,14,14
280201,1,1,1984,0,0,0,0,0,0,0,0,0,20
280202,1,1,1984,0,10,12,11,0,5,15,0,0,0
280203,1,1,1984,0,0,0,0,0,0,0,0,0,0
280204,1,1,1984,8,22,25,0,0,0,0,0,0,0
280205,1,1,1984,0,0,0,8,0,0,0,0,0,0
280206,1,1,1984,22,6,8,0,22,0,0,20,0,0
280207,1,1,1984,20,20,20,20,20,20,20,20,20,20
280208,1,1,1984,0,0,0,0,0,0,0,0,0,0
280208,2,1,1984,0,0,0,0,0,0,0,0,0,0
280209,1,1,1984,14,0,0,19,0,12,0,0,0,0
280209,2,1,1984,0,0,0,0,4,0,0,20,7,0
280210,1,1,1984,0,0,18,20,0,0,23,5,0,21
280211,1,1,1984,19,15,0,6,11,0,0,0,0,0
280212,1,1,1984,0,19,0,15,0,0,0,0,0,22
280212,2,1,1984,15,15,15,15,15,15,15,15,15,15
280213,1,1,1984,0,0,0,0,18,0,0,0,0,0
280214,1,1,1984,8,0,17,0,0,0,0,10,0,0
280214,2,1,1984,0,0,0,0,0,0,0,0,0,0
280215,1,1,1984,0,0,0,0,0,0,0,0,0,0
280215,2,1,1984,0,0,0,0,0,0,0,0,0,0
280216,1,1,1984,0,19,13,0,0,0,0,14,0,0
280217,1,1,1984,0,0,0,0,0,0,0,0,0,0
280217,2,1,1984,0,0,0,0,0,13,0,0,0,0
280218,1,1,1984,0,0,0,0,0,0,0,0,0,0
280218,2,1,1984,0,0,0,0,0,5,0,0,0,0
280219,1,1,1984,0,0,0,0,0,0,0,0,0,0
280220,1,1,1984,0,0,0,0,0,0,0,0,0,0
280220,2,1,1984,0,0,0,0,0,0,0,0,0,0
280221,1,1,1984,0,0,0,0,0,0,0,0,0,0
280221,2,1,1984,0,0,13,0,0,0,0,0,0,0
280222,1,1,1984,0,0,0,0,0,0,0,0,0,0
280222,2,1,1984,0,7,0,0,0,0,0,0,0,0
280223,1,1,1984,0,0,0,0,0,0,0,0,0,0
280223,2,1,1984,0,0,0,0,0,0,0,0,0,0
280224,1,1,1984,0,25,0,0,0,0,27,33,0,6
280225,1,1,1984,15,0,11,3,0,10,0,0,0,26
280225,2,1,1984,19,19,19,19,19,19,19,19,19,19
280226,1,1,1984,24,24,24,24,24,24,24,24,24,24
280227,1,1,1984,0,15,25,18,33,3,29,21,32,0
280228,0,1,1984,0,0,0,29,0,0,0,0,0,0
280228,1,1,1984,0,0,0,0,0,0,0,0,0,0
280229,1,1,1984,0,0,0,0,7,0,0,0,17,0
280230,0,1,1984,0,0,0,0,0,0,0,0,0,0
280230,1,1,1984,0,0,0,0,0,0,0,0,0,0
280231,1,1,1984,0,0,0,0,0,0,19,0,12,12
280231,2,1,1984,0,0,0,0,0,0,0,0,0,0
280232,1,1,1984,0,33,0,0,0,0,0,25,17,0
280233,1,1,1984,0,0,9,0,0,18,22,0,0,24
280234,0,1,1984,0,0,0,0,0,0,0,24,0,20
280235,1,1,1984,0,0,0,20,0,0,9,0,0,0
280236,0,1,1984,22,0,20,0,27,10,0,0,20,0
280237,1,1,1984,0,0,0,0,0,0,0,0,0,0
280237,2,1,1984,0,0,0,0,0,0,0,0,0,0
280238,1,1,1984,0,0,24,17,0,23,9,39,0,24
280239,0,1,1984,13,0,0,2,0,18,0,9,0,0
280240,1,1,1984,0,0,0,0,0,0,0,0,0,0
280240,2,1,1984,0,0,0,0,17,0,0,0,0,0
280241,1,1,1984,7,0,17,0,22,0,0,0,0,0
280242,1,1,1984,0,5,10,0,0,0,0,0,0,0
280243,1,1,1984,0,0,0,0,0,0,0,13,0,11
280244,0,1,1984,14,0,0,0,0,0,14,17,0,0
280244,1,1,1984,3,11,0,0,19,28,18,10,0,0
280245,1,1,1984,0,0,0,0,0,0,0,0,13,0
280245,2,1,1984,0,0,0,0,0,0,0,0,0,0
280246,1,1,1984,0,0,0,30,0,0,0,11,0,9
280246,2,1,1984,0,0,0,0,0,0,7,10,6,0
280247,1,1,1984,0,0,0,0,0,0,0,0,0,0
280247,2,1,1984,0,0,0,0,0,0,0,28,12,0
280247,3,1,1984,0,0,0,0,6,0,0,0,0,0
280247,4,1,1984,0,0,0,0,0,0,0,0,0,0
280248,1,1,1984,20,0,18,0,12,26,18,10,22,8
280249,1,1,1984,0,0,0,0,0,0,0,0,0,0
280250,1,1,1984,0,0,0,0,0,0,0,0,0,0
280250,2,1,1984,0,0,0,0,0,0,0,0,0,0
280251,1,1,1984,0,31,0,10,0,0,0,16,18,0
280252,1,1,1984,16,0,19,0,0,21,11,23,0,10
280253,1,1,1984,0,0,0,10,19,0,27,0,0,0
280254,1,1,1984,0,0,0,0,0,0,33,0,0,0
280254,2,1,1984,0,0,0,0,0,0,0,0,0,0
280255,1,1,1984,30,30,30,30,30,30,30,30,30,30
280256,1,1,1984,0,0,0,0,0,0,0,0,0,0
280256,2,1,1984,0,0,0,0,0,0,5,0,0,0
280257,1,1,1984,0,0,0,0,0,0,0,0,0,0
280258,1,1,1984,0,0,0,0,28,33,34,16,0,0
280259,1,1,1984,0,0,0,0,0,0,0,24,0,0
280259,2,1,1984,22,22,22,22,22,22,22,22,22,22
280260,1,1,1984,0,0,15,14,0,0,0,0,0,15
280260,2,1,1984,0,0,0,0,0,0,0,0,0,0
280261,1,1,1984,0,0,0,0,0,0,0,0,0,0
280261,2,1,1984,0,0,0,0,0,0,23,0,0,0
280262,1,1,1984,0,19,24,0,0,0,14,0,0,18
280263,1,1,1984,0,0,0,0,0,0,0,0,0,0
280264,1,1,1984,0,0,0,0,0,0,15,22,0,0
280264,2,1,1984,22,22,22,22,22,22,22,22,22,22
280265,1,1,1984,0,18,0,0,0,0,13,0,0,0
280265,2,1,1984,14,17,0,0,22,0,0,0,0,15
280266,1,1,1984,0,0,0,0,0,0,0,0,0,0
280266,2,1,1984,0,0,0,0,0,0,0,0,0,0
280267,1,1,1984,0,0,0,0,0,0,0,0,0,0
280267,2,1,1984,0,0,0,0,0,0,0,0,0,0
280268,1,1,1984,0,0,0,0,0,0,0,0,0,0
280268,2,1,1984,0,0,0,0,0,0,24,15,0,0
280269,1,1,1984,0,0,0,0,0,0,0,0,0,0
280269,2,1,1984,0,0,0,0,0,0,0,0,9,0
280270,1,1,1984,14,7,0,10,0,25,0,0,0,31
280271,1,1,1984,0,0,0,0,0,9,0,14,0,0
280271,2,1,1984,0,0,0,0,0,0,0,0,0,0
280272,0,1,1984,16,0,39,12,0,17,15,0,0,22
280272,1,1,1984,0,0,0,0,0,0,0,0,0,31
280273,1,1,1984,0,0,0,0,13,12,0,0,20,0
280274,0,1,1984,0,0,0,0,0,0,0,0,0,0
280274,1,1,1984,0,0,0,12,20,0,0,0,0,9
280275,1,1,1984,0,12,0,0,0,24,0,0,0,0
280276,1,1,1984,0,0,0,0,0,0,0,13,0,0
280277,0,1,1984,0,0,0,0,0,0,0,0,0,0
280277,1,1,1984,0,0,0,0,0,0,0,0,0,0
280278,1,1,1984,0,0,27,0,0,0,0,24,21,0