ST_CASE,VEH_NO,PER_NO,YEAR,P1,P2,P3,P4,P5,P6,P7,P8,P9,P10
280279,1,1,1984,19,19,19,19,19,19,19,19,19,19
280279,2,1,1984,14,0,0,23,0,0,0,0,0,28
280280,1,1,1984,0,18,0,0,15,31,0,0,25,0
280280,2,1,1984,0,8,17,0,0,0,10,0,0,0
280281,1,1,1984,0,0,0,0,0,0,14,0,24,14
280282,1,1,1984,0,0,17,0,0,7,0,13,0,6
280282,2,1,1984,0,0,0,0,0,0,0,0,0,0
280283,1,1,1984,0,0,0,0,0,0,0,0,16,0
280284,1,1,1984,20,0,0,0,0,0,9,13,0,0
280285,0,1,1984,0,0,0,0,0,0,0,0,0,0
280285,1,1,1984,0,0,0,0,0,0,0,0,22,0
280286,1,1,1984,4,0,0,0,0,0,0,0,0,0
280286,2,1,1984,0,0,0,0,0,0,6,0,0,0
280287,1,1,1984,25,0,13,0,0,0,0,22,0,0
280288,1,1,1984,0,13,24,10,0,0,0,0,0,12
280288,2,1,1984,0,0,0,0,0,0,0,0,0,0
280289,0,1,1984,11,0,0,21,14,17,0,13,0,30
280290,1,1,1984,0,0,7,10,0,0,23,27,7,20
280291,0,1,1984,0,0,0,0,0,0,0,0,0,0
280292,1,1,1984,30,12,24,17,35,0,22,42,28,0
280293,1,1,1984,0,0,0,0,18,0,26,0,0,12
280294,1,1,1984,0,0,0,0,0,0,0,0,0,0
280294,2,1,1984,0,0,0,0,0,0,0,0,0,0
280295,1,1,1984,0,0,0,0,0,0,0,0,0,0
280296,1,1,1984,0,0,0,0,0,0,0,0,0,0
280296,2,1,1984,0,0,0,0,0,0,0,0,0,0
280297,1,1,1984,0,0,0,0,0,0,0,0,0,0
280298,1,1,1984,0,0,0,0,0,0,0,0,0,0
280298,2,1,1984,0,0,0,0,0,0,0,0,0,0
280299,1,1,1984,0,0,8,14,0,0,0,0,0,0
280300,1,1,1984,0,0,0,30,14,0,0,16,30,0
280301,1,1,1984,0,14,24,0,13,0,0,0,21,0
280301,2,1,1984,14,14,14,14,14,14,14,14,14,14
280302,0,1,1984,24,39,13,0,13,0,0,12,30,29
280303,1,1,1984,0,0,0,0,0,0,0,0,0,0
280304,1,1,1984,0,0,8,0,0,0,23,21,0,0
280304,2,1,1984,0,0,0,0,0,0,0,0,0,0
280305,1,1,1984,0,0,0,31,0,0,32,22,19,0
280306,1,1,1984,0,0,0,0,0,17,0,0,0,0
280306,2,1,1984,0,0,0,0,0,0,0,0,0,0
280307,1,1,1984,0,0,11,0,0,0,0,0,0,8
280308,1,1,1984,0,0,0,0,0,25,0,0,0,27
280308,2,1,1984,9,22,0,0,0,0,0,0,0,0
280309,1,1,1984,0,0,0,0,11,0,0,0,12,0
280309,2,1,1984,0,0,0,0,0,0,0,0,0,17
280310,1,1,1984,0,0,0,0,0,0,0,0,0,0
280310,2,1,1984,0,0,0,0,0,0,0,0,0,0
280311,1,1,1984,6,0,0,0,0,18,0,0,0,10
280312,1,1,1984,0,0,0,0,0,0,0,0,0,0
280312,2,1,1984,0,0,0,0,0,0,0,0,0,0
280313,1,1,1984,0,0,0,0,0,0,0,0,0,0
280313,2,1,1984,0,0,0,3,0,0,0,0,0,0
280314,1,1,1984,0,0,0,0,0,0,0,0,0,0
280314,2,1,1984,0,0,0,0,0,0,0,7,0,0
280314,3,1,1984,0,0,0,0,0,0,0,0,0,0
280315,1,1,1984,0,0,0,0,0,0,0,0,0,0
280315,2,1,1984,0,0,0,0,0,0,0,0,0,0
280316,0,1,1984,0,0,0,0,0,0,0,0,21,0
280316,1,1,1984,0,0,0,0,0,0,0,0,0,0
280318,1,1,1984,0,0,0,0,0,0,0,0,0,0
280319,1,1,1984,29,0,21,25,0,36,19,16,25,14
280320,1,1,1984,0,0,0,0,0,6,0,0,0,0
280320,2,1,1984,19,19,19,19,19,19,19,19,19,19
280321,1,1,1984,7,7,7,7,7,7,7,7,7,7
280321,2,1,1984,14,14,14,14,14,14,14,14,14,14
280322,1,1,1984,0,0,0,0,12,0,0,0,0,29
280322,2,1,1984,0,0,0,0,0,0,11,0,0,0
280323,1,1,1984,0,12,26,0,24,32,20,0,19,23
280324,1,1,1984,0,6,0,0,0,0,0,0,0,0
280324,2,1,1984,28,28,28,28,28,28,28,28,28,28
280325,1,1,1984,0,17,0,0,0,0,0,0,0,0
280326,0,1,1984,0,18,0,0,0,9,0,3,0,0
280326,1,1,1984,0,0,0,0,0,0,0,0,0,0
280327,1,1,1984,0,0,7,0,0,0,0,0,0,0
280327,2,1,1984,15,13,6,0,0,0,10,0,0,0
280328,1,1,1984,26,19,9,0,20,28,26,0,0,0
280329,0,1,1984,0,16,0,0,0,0,0,0,0,0
280329,1,1,1984,0,0,0,0,0,0,0,25,0,0
280330,0,1,1984,0,0,0,19,0,0,0,0,20,0
280330,1,1,1984,0,0,0,10,0,0,0,0,0,0
280331,1,1,1984,24,19,0,30,24,33,19,20,16,33
280332,0,1,1984,0,0,0,0,0,0,15,0,0,0
280332,1,1,1984,0,0,0,0,0,0,0,0,0,0
280333,1,1,1984,0,0,0,19,0,0,0,0,8,0
280333,2,1,1984,0,0,0,0,0,0,0,0,0,0
280334,1,1,1984,0,0,0,0,0,0,0,0,0,0
280334,2,1,1984,0,0,0,0,0,0,0,19,0,0
280335,0,1,1984,0,0,0,0,0,0,0,0,0,0
280335,1,1,1984,0,0,9,0,0,0,38,0,0,0
280336,1,1,1984,34,0,14,21,12,4,0,19,10,12
280337,0,1,1984,10,27,21,13,0,0,0,26,0,0
280337,1,1,1984,0,0,0,0,28,0,0,0,9,0
280338,1,1,1984,18,18,18,18,18,18,18,18,18,18
280339,1,1,1984,0,0,0,0,0,0,12,0,0,0
280339,2,1,1984,21,21,21,21,21,21,21,21,21,21
280340,1,1,1984,18,22,0,0,26,0,0,28,0,12
280341,1,1,1984,0,0,0,0,0,0,0,0,0,0
280341,2,1,1984,0,0,0,0,0,0,3,0,0,0
280342,0,1,1984,0,0,0,0,0,0,0,0,0,0
280342,1,1,1984,0,0,0,0,0,0,0,0,0,0
280343,0,1,1984,0,8,0,15,0,0,0,0,0,0
280343,1,1,1984,0,0,0,0,0,0,0,0,0,0
280344,1,1,1984,0,0,27,0,0,0,0,8,0,0
280345,1,1,1984,0,0,22,25,31,0,17,15,0,13
280346,1,1,1984,0,0,0,0,0,0,0,0,0,0
280347,1,1,1984,0,0,0,19,0,0,0,0,0,0
280347,2,1,1984,0,0,0,0,0,0,0,0,0,0
280348,0,1,1984,0,0,0,0,0,30,0,27,0,0
280348,1,1,1984,29,29,29,29,29,29,29,29,29,29
280349,1,1,1984,0,0,0,0,0,0,0,0,0,0
280349,2,1,1984,0,0,0,21,0,0,0,0,14,0
280350,1,1,1984,14,14,14,14,14,14,14,14,14,14
280351,1,1,1984,0,0,15,0,0,0,0,11,0,0
280352,1,1,1984,0,0,14,0,0,0,0,18,22,19
280353,0,1,1984,0,0,0,0,29,13,11,25,0,0
280353,1,1,1984,17,17,17,17,17,17,17,17,17,17
280354,0,1,1984,0,0,0,0,0,0,0,0,0,0
280354,1,1,1984,0,0,0,0,0,0,0,0,0,0
280355,1,1,1984,0,0,0,0,0,0,0,0,0,0
280355,2,1,1984,0,0,0,0,0,0,0,0,0,0
280356,1,1,1984,17,24,22,0,21,0,31,0,29,0
280357,1,1,1984,0,0,12,0,0,0,0,0,0,0
280358,1,1,1984,13,21,19,12,0,4,0,0,0,16
280360,1,1,1984,0,0,0,0,0,0,0,0,0,0
280361,1,1,1984,0,0,0,0,0,0,0,0,0,0
280362,1,1,1984,0,0,0,0,0,0,0,0,0,0
280362,2,1,1984,0,0,0,8,0,0,0,0,0,0
280363,1,1,1984,13,13,13,13,13,13,13,13,13,13
280363,2,1,1984,0,0,0,19,0,0,21,0,0,0
280364,1,1,1984,21,21,21,21,21,21,21,21,21,21
280364,2,1,1984,0,0,0,0,0,0,0,0,0,0
280365,1,1,1984,0,0,0,0,0,0,0,0,0,0
280365,2,1,1984,0,0,11,0,0,0,13,0,11,0
280366,1,1,1984,0,0,0,0,0,14,0,0,0,0
280366,2,1,1984,0,0,0,0,0,0,0,0,0,0
280367,1,1,1984,0,0,0,0,0,0,0,0,0,22
280368,1,1,1984,0,0,0,0,0,0,0,0,0,0
280368,2,1,1984,0,0,0,0,0,0,0,0,0,0
280368,3,1,1984,0,0,0,0,12,0,0,0,0,0
280369,1,1,1984,15,0,5,0,0,23,0,0,0,0
280369,2,1,1984,0,0,0,0,0,0,0,0,0,0
280370,1,1,1984,0,29,0,0,18,0,0,25,20,0
280371,1,1,1984,27,27,27,27,27,27,27,27,27,27
280372,1,1,1984,0,0,0,24,0,0,0,0,0,0
280372,2,1,1984,0,0,0,0,0,0,0,0,0,0
280373,1,1,1984,0,0,10,18,0,25,0,0,0,0
280374,1,1,1984,0,0,0,0,0,0,0,0,0,0
280375,1,1,1984,0,0,0,0,0,22,0,0,0,0
280376,1,1,1984,0,32,0,0,0,0,0,17,0,0
280377,1,1,1984,18,19,17,0,11,0,0,0,0,0
280377,2,1,1984,0,0,0,0,0,0,0,0,0,0
280378,1,1,1984,0,15,18,0,0,0,37,20,0,0
280379,1,1,1984,0,23,19,25,19,0,29,0,24,0
280380,1,1,1984,0,26,24,20,0,13,18,0,7,14
280381,1,1,1984,0,0,0,24,0,39,24,0,22,0
280382,1,1,1984,0,0,12,0,0,24,15,9,13,0
280383,1,1,1984,0,0,0,0,0,0,0,0,0,0
280383,2,1,1984,22,22,22,22,22,22,22,22,22,22
280384,1,1,1984,0,0,21,0,0,0,0,0,0,21
280385,1,1,1984,0,0,0,0,0,0,0,0,0,0
280385,2,1,1984,13,20,0,0,0,11,15,0,0,0
280386,1,1,1984,0,0,0,0,0,0,0,0,0,0
280386,2,1,1984,0,0,0,0,0,0,0,0,0,0
280387,1,1,1984,0,0,0,0,0,0,0,0,0,0
280387,2,1,1984,11,0,17,0,19,0,0,0,0,18
280388,1,1,1984,0,0,20,11,0,0,0,8,0,0
280388,2,1,1984,20,20,20,20,20,20,20,20,20,20
280389,1,1,1984,0,0,0,0,0,0,0,0,0,0
280389,2,1,1984,0,0,0,0,0,0,0,0,0,0
280390,1,1,1984,0,30,0,16,33,0,15,16,0,25
280391,1,1,1984,24,16,0,15,14,23,10,0,24,13
280391,2,1,1984,18,0,0,0,9,0,0,0,0,0
280392,1,1,1984,0,0,0,0,26,0,0,0,25,0
280393,1,1,1984,0,0,0,0,0,0,0,0,0,0
280393,2,1,1984,0,0,0,25,6,0,0,23,0,0
280394,1,1,1984,13,0,0,19,40,17,15,21,0,21
280395,0,1,1984,0,0,0,0,0,0,0,0,0,0
280395,1,1,1984,10,10,10,10,10,10,10,10,10,10
280396,1,1,1984,0,0,0,0,23,9,9,0,0,0
280396,2,1,1984,0,0,0,0,12,0,0,0,0,0
280397,1,1,1984,0,0,15,0,9,0,0,0,0,0
280398,1,1,1984,0,0,0,0,0,0,0,0,0,0
280398,2,1,1984,0,0,0,0,0,0,0,0,0,0
280399,1,1,1984,0,0,0,0,0,0,0,0,0,0
280399,2,1,1984,0,0,0,0,0,0,0,0,12,0
280399,3,1,1984,0,0,0,0,0,0,0,0,0,13
280400,1,1,1984,0,0,0,0,0,0,24,0,0,0
280400,2,1,1984,27,27,27,27,27,27,27,27,27,27
280401,1,1,1984,0,0,0,0,15,0,0,0,0,0
280401,2,1,1984,0,0,0,0,0,10,0,0,19,0
280402,1,1,1984,0,0,0,4,0,20,0,0,0,22
280402,2,1,1984,0,0,0,0,0,0,0,16,0,0
280403,1,1,1984,0,0,0,0,0,0,0,17,0,0
280403,2,1,1984,0,0,0,0,0,0,0,0,0,0
280404,1,1,1984,0,0,0,0,0,0,0,0,0,0
280404,2,1,1984,0,11,25,0,0,10,0,0,0,32
280404,3,1,1984,15,15,15,15,15,15,15,15,15,15
280405,1,1,1984,17,0,0,0,0,8,7,0,0,0
280405,2,1,1984,22,0,0,22,0,12,13,6,0,0
280406,1,1,1984,0,0,0,0,0,0,0,0,0,0
280406,2,1,1984,0,0,0,0,0,0,0,0,0,0
280407,1,1,1984,0,34,0,0,16,0,0,0,0,0
280408,1,1,1984,0,0,5,0,0,0,0,0,0,0
280408,2,1,1984,0,0,0,0,0,0,0,0,0,0
280409,1,1,1984,0,0,21,0,0,0,0,0,0,15
280409,2,1,1984,0,0,0,0,0,0,0,0,0,0
280410,1,1,1984,0,0,0,0,0,0,0,0,0,0
280411,1,1,1984,0,0,0,0,0,0,0,8,0,5
280412,1,1,1984,0,22,0,0,0,0,13,14,0,0
280413,1,1,1984,0,0,0,25,13,0,0,0,0,28
280414,1,1,1984,34,34,34,34,34,34,34,34,34,34
280415,1,1,1984,22,22,22,22,22,22,22,22,22,22
280416,1,1,1984,33,33,33,33,33,33,33,33,33,33
280417,1,1,1984,0,0,0,0,0,0,0,0,0,0
280417,2,1,1984,0,0,0,0,0,0,0,0,0,0
280418,0,1,1984,0,0,0,17,17,0,12,0,10,0
280418,0,2,1984,0,0,12,5,8,13,22,0,16,21
280418,1,1,1984,0,13,0,0,0,0,0,0,0,0
280419,1,1,1984,0,0,0,0,0,0,0,0,13,0
280420,0,1,1984,0,0,12,29,0,0,0,26,22,0
280420,1,1,1984,0,0,0,0,0,0,0,0,0,0
280421,1,1,1984,0,0,0,0,0,0,0,0,0,0
280422,1,1,1984,0,15,0,30,0,0,18,0,0,0
280422,2,1,1984,0,0,0,0,15,0,0,0,0,0
280423,1,1,1984,16,16,16,16,16,16,16,16,16,16
280424,1,1,1984,0,0,0,0,4,0,11,0,0,0
280424,2,1,1984,0,0,0,0,0,0,0,0,0,0
280425,1,1,1984,0,10,0,0,0,0,0,0,0,20
280425,2,1,1984,0,0,0,0,0,0,0,0,0,0
280426,1,1,1984,0,0,0,0,0,0,0,0,0,0
280426,2,1,1984,26,0,17,25,0,0,0,18,24,0
280427,1,1,1984,0,0,4,17,0,0,0,0,0,0
280428,1,1,1984,0,21,0,20,0,0,0,0,0,0
280429,1,1,1984,0,0,15,0,0,0,11,0,0,0
280429,2,1,1984,0,0,0,0,0,0,0,0,0,0
280430,1,1,1984,0,16,23,20,9,15,0,11,31,31
280431,1,1,1984,0,0,0,0,0,0,0,0,0,0
280431,2,1,1984,0,0,0,0,0,0,0,0,0,0
280432,1,1,1984,0,0,0,0,0,0,0,19,16,0
280432,2,1,1984,20,20,20,20,20,20,20,20,20,20
280433,0,1,1984,19,0,0,0,12,0,15,11,23,0
280433,1,1,1984,0,0,0,3,0,0,0,0,0,0
280434,1,1,1984,0,0,0,4,24,0,0,0,0,0
280435,1,1,1984,0,0,0,0,0,12,0,0,0,0
280436,1,1,1984,0,0,0,0,0,0,0,0,0,0
280437,0,1,1984,0,0,17,0,0,0,0,11,0,0
280437,0,2,1984,9,0,0,0,0,0,0,20,0,0
280437,0,3,1984,13,0,0,0,27,25,0,0,15,0
280437,0,4,1984,0,0,0,0,0,0,12,0,12,0
280437,1,1,1984,0,0,0,0,0,0,0,0,0,0
280438,1,1,1984,0,17,0,17,26,0,30,27,0,0
280439,1,1,1984,0,0,13,19,0,0,0,0,0,0
280440,1,1,1984,29,29,29,29,29,29,29,29,29,29
280440,2,1,1984,0,0,0,0,0,0,0,0,0,0
280441,1,1,1984,20,0,0,9,0,14,0,22,27,8
280442,1,1,1984,19,0,20,11,10,27,23,18,0,0
280443,1,1,1984,0,16,0,0,12,0,0,0,5,0
280444,1,1,1984,0,0,0,0,0,0,0,0,0,0
280445,1,1,1984,0,0,0,0,0,0,0,20,7,25
280446,1,1,1984,0,0,22,0,0,0,25,0,15,24
280447,1,1,1984,0,0,14,14,22,7,8,0,0,21
280448,1,1,1984,0,0,0,0,0,0,0,0,14,0
280448,2,1,1984,0,0,25,18,22,15,0,0,26,17
280449,0,1,1984,0,0,0,0,0,0,23,0,0,0
280449,1,1,1984,0,0,0,0,0,0,0,0,0,0
280450,1,1,1984,0,0,0,0,0,24,22,0,0,0
280451,1,1,1984,0,0,0,0,0,0,0,0,0,0
280451,2,1,1984,0,0,0,0,0,0,0,0,0,0
280452,1,1,1984,0,0,0,0,0,0,0,0,0,0
280452,2,1,1984,0,13,0,0,0,27,22,0,0,0
280453,0,1,1984,0,0,0,0,0,0,0,0,0,0
280453,1,1,1984,0,0,0,0,0,0,0,0,0,0
280454,1,1,1984,0,0,0,0,0,0,0,0,0,0
280454,2,1,1984,0,0,0,0,0,0,0,0,0,0
280454,3,1,1984,0,0,0,0,0,0,0,0,0,0
280455,1,1,1984,25,0,0,0,17,0,28,18,0,0
280456,1,1,1984,0,0,0,0,0,0,0,0,0,0
280456,2,1,1984,0,0,0,0,0,0,0,0,0,0
280457,1,1,1984,16,0,0,25,14,0,0,26,27,0
280458,1,1,1984,0,26,18,3,0,0,0,26,0,22
280459,1,1,1984,0,13,0,0,0,0,0,0,0,0
280459,2,1,1984,0,0,0,13,23,0,0,0,0,0
280460,1,1,1984,0,0,0,0,0,0,0,0,0,0
280460,2,1,1984,15,15,15,15,15,15,15,15,15,15
280461,1,1,1984,0,0,21,14,0,0,0,0,0,0
280462,1,1,1984,0,0,0,0,0,0,0,0,0,0
280462,2,1,1984,0,0,0,0,0,0,0,0,0,0
280463,1,1,1984,0,0,0,0,0,0,0,0,0,0
280463,2,1,1984,0,0,0,0,0,0,0,0,0,0
280464,1,1,1984,0,0,0,0,0,17,0,0,0,0
280464,2,1,1984,0,0,0,0,0,0,0,0,0,0
280465,1,1,1984,0,0,0,0,0,0,0,0,0,0
280465,2,1,1984,0,0,0,9,0,0,0,0,0,0
280466,0,1,1984,0,25,0,0,0,0,0,0,0,0
280466,1,1,1984,0,0,0,0,0,0,0,0,0,0
280467,1,1,1984,22,22,22,22,22,22,22,22,22,22
280468,1,1,1984,0,0,0,0,0,0,0,0,0,21
280469,1,1,1984,0,0,0,0,0,0,0,0,0,0
280469,2,1,1984,6,0,0,0,0,0,0,0,0,0
280470,1,1,1984,0,0,0,11,0,0,0,0,0,0
280471,1,2,1984,29,4,17,25,14,0,0,18,22,0
280472,1,1,1984,26,23,20,0,27,19,0,0,0,0
280473,1,1,1984,27,19,14,0,32,0,0,0,34,15
280474,1,1,1984,0,0,17,0,0,24,9,0,0,0
280474,2,1,1984,0,5,0,0,0,19,0,0,0,9
280475,1,1,1984,0,0,0,0,0,0,0,0,0,0
280475,2,1,1984,0,0,0,0,0,7,0,0,0,0
280476,1,1,1984,0,0,0,0,0,0,0,0,0,0
280476,2,1,1984,0,0,0,5,0,0,0,0,0,0
280477,1,1,1984,0,19,24,23,16,0,27,21,13,16
280478,1,1,1984,0,0,4,0,0,0,11,0,0,0
280479,1,1,1984,0,18,0,20,0,0,26,0,15,0
280480,1,1,1984,0,0,25,0,15,3,0,0,16,0
280480,2,1,1984,0,0,0,0,0,0,0,29,0,0
280480,3,1,1984,0,13,0,0,0,0,0,0,0,0
280481,1,1,1984,0,0,0,0,0,0,0,0,0,0
280481,2,1,1984,0,0,0,0,0,14,22,0,17,0
280482,1,1,1984,0,0,0,0,0,0,0,0,0,0
280482,2,1,1984,0,0,0,0,0,0,0,0,0,0
280483,1,1,1984,21,21,21,21,21,21,21,21,21,21
280483,2,1,1984,0,0,0,0,0,0,0,0,0,0
280484,1,1,1984,0,0,0,0,0,0,0,0,0,0
280485,0,1,1984,0,0,0,0,0,0,0,0,0,0
280485,1,1,1984,0,0,0,0,0,0,0,0,0,0
280486,1,1,1984,16,0,0,0,0,0,0,22,0,0
280487,0,1,1984,0,0,0,0,0,0,0,15,14,22
280487,1,1,1984,0,0,0,0,0,0,0,0,0,0
280488,1,1,1984,0,0,0,0,0,0,0,0,0,0
280488,2,1,1984,0,0,0,0,0,0,0,0,0,0
280489,1,1,1984,0,0,0,0,0,0,0,0,0,0
280489,2,1,1984,0,0,0,0,0,0,0,0,0,0
280490,1,1,1984,10,0,0,21,0,18,12,18,19,0
280491,1,1,1984,0,0,0,0,0,18,0,0,23,20
280491,2,1,1984,0,0,0,0,0,0,0,0,0,0
280492,1,1,1984,0,0,0,0,0,0,0,0,0,0
280493,1,1,1984,0,0,0,0,24,0,0,0,0,0
280494,1,1,1984,0,0,7,0,0,0,0,0,0,0
280494,2,1,1984,0,0,0,30,0,0,0,23,0,0
280495,1,1,1984,0,0,0,0,0,0,0,0,18,0
280495,2,1,1984,0,0,0,0,0,0,0,0,0,0
280496,1,1,1984,23,0,0,0,0,0,0,13,0,29
280496,2,1,1984,0,0,0,0,0,0,0,14,0,0
280497,1,1,1984,0,0,0,0,0,0,0,0,0,0
280497,2,1,1984,0,0,0,0,0,0,0,0,0,0
280498,1,1,1984,17,17,32,34,0,14,22,9,14,15
280499,1,1,1984,0,0,0,0,0,0,0,0,0,0
280499,2,1,1984,0,9,0,0,0,0,0,0,0,0
280500,1,1,1984,0,0,0,0,0,0,0,0,0,0
280500,2,1,1984,0,0,0,0,0,0,0,0,0,0
280501,1,1,1984,0,0,17,0,0,0,0,0,0,0
280501,2,1,1984,0,0,0,0,0,0,0,0,0,0
280502,1,1,1984,4,23,0,0,35,0,0,0,0,20
280503,1,1,1984,0,0,0,0,11,8,0,0,21,0
280504,1,1,1984,16,0,0,0,0,12,30,0,0,0
280504,2,1,1984,12,0,0,0,0,0,0,0,0,11
280505,1,1,1984,0,0,0,0,0,23,0,17,0,22
280505,2,1,1984,9,0,0,23,0,0,0,16,7,14
280506,1,1,1984,0,0,0,0,0,0,0,0,0,0
280506,2,1,1984,0,0,0,0,0,0,0,0,0,0
280507,1,1,1984,15,26,0,0,16,19,0,39,0,30
280508,1,1,1984,0,0,0,0,0,0,0,0,0,0
280508,2,1,1984,0,0,0,0,0,0,0,0,0,0
280509,1,1,1984,6,12,30,0,15,13,28,16,37,24
280510,1,1,1984,0,0,0,0,11,0,0,18,23,0
280510,2,1,1984,0,0,0,0,0,0,0,0,0,0
280511,1,1,1984,12,0,0,0,0,0,0,0,7,0
280512,1,1,1984,0,0,0,0,0,0,0,0,0,0
280512,2,1,1984,0,0,0,0,0,0,0,0,0,0
280513,1,1,1984,14,25,22,0,28,17,0,21,21,25
280514,1,1,1984,0,0,0,0,15,0,0,0,0,0
280515,1,1,1984,0,0,0,0,0,0,0,0,0,0
280515,2,1,1984,0,0,0,0,0,0,0,0,0,0
280516,1,1,1984,16,0,0,0,0,0,0,0,0,0
280516,2,1,1984,0,0,0,0,7,0,0,0,0,0
280517,0,1,1984,0,0,0,22,19,0,0,36,0,0
280517,1,1,1984,0,0,0,0,0,0,0,0,0,0
280518,1,1,1984,30,26,0,26,20,0,0,7,0,0
280519,1,1,1984,0,0,0,0,18,0,0,0,15,0
280520,1,1,1984,0,0,0,0,0,0,0,0,0,0
280520,2,1,1984,0,0,0,0,0,0,0,0,0,0
280521,1,1,1984,0,0,0,0,0,0,0,0,0,0
280521,2,1,1984,0,0,0,0,0,0,0,0,31,0
280521,3,1,1984,0,0,0,0,0,0,0,0,0,0
280522,1,1,1984,0,0,0,0,0,0,0,0,0,0
280522,2,1,1984,0,0,0,0,0,0,0,0,0,0
280523,1,1,1984,0,0,0,13,0,0,19,0,0,0
280523,2,1,1984,0,0,0,0,0,0,0,0,0,0
280524,1,1,1984,0,0,0,0,0,0,0,0,0,0
280524,2,1,1984,0,7,0,30,0,0,0,23,0,0
280525,1,1,1984,0,0,0,10,9,0,0,23,16,0
280526,1,1,1984,0,0,0,14,0,0,0,0,0,0
280526,2,1,1984,0,0,0,0,0,0,0,0,0,0
280527,0,1,1984,0,0,0,0,0,0,0,0,0,0
280527,1,1,1984,0,0,0,0,0,0,0,0,0,0
280528,1,1,1984,0,16,0,0,13,0,0,0,0,22
280528,2,1,1984,0,0,0,0,0,0,0,0,0,0
280529,0,1,1984,0,0,0,0,0,0,0,0,0,0
280529,1,1,1984,0,0,0,0,0,22,0,0,0,0
280530,1,1,1984,0,0,0,0,0,16,0,0,0,0
280530,2,1,1984,0,0,0,0,0,0,0,0,0,0
280531,1,1,1984,0,0,0,0,0,0,0,0,0,0
280531,2,1,1984,0,0,0,0,0,0,0,0,0,0
280532,0,1,1984,0,0,0,0,0,0,0,0,0,0
280532,1,1,1984,0,0,0,0,0,0,0,0,0,0
280533,1,1,1984,22,22,11,31,0,18,21,18,0,22
280534,0,1,1984,0,0,0,0,0,0,0,0,0,0
280534,1,1,1984,0,0,0,0,0,0,0,0,0,0
280535,1,1,1984,13,0,0,0,0,25,19,24,0,28
280536,0,1,1984,0,0,0,0,0,28,0,0,0,0
280536,1,1,1984,0,0,0,0,0,0,0,0,0,0
280537,1,1,1984,0,0,0,3,0,0,14,0,0,0
280538,1,1,1984,0,0,0,0,0,0,0,0,0,0
280538,2,1,1984,20,0,0,0,9,0,0,3,16,0
280539,0,1,1984,12,0,0,0,0,0,0,0,21,0
280539,1,1,1984,4,13,13,17,21,23,28,25,25,20
280540,1,1,1984,20,7,21,28,8,22,17,7,10,39
280541,0,1,1984,15,5,16,14,29,19,26,31,0,16
280541,1,1,1984,0,0,0,0,6,0,26,0,0,0
280542,1,1,1984,0,0,0,0,27,0,0,0,0,0
280542,2,1,1984,0,0,0,0,0,0,0,0,0,0
280543,0,1,1984,0,0,0,0,0,13,0,0,0,0
280543,1,1,1984,0,0,0,0,0,20,0,0,0,0
280544,1,1,1984,0,11,0,0,0,0,0,0,22,0
280544,2,1,1984,0,0,0,0,0,0,0,12,0,0
280545,1,1,1984,0,0,0,0,0,0,0,0,0,0
280545,2,1,1984,0,0,0,0,0,0,0,0,0,0
280546,0,1,1984,0,32,5,25,8,23,22,0,25,12
280547,1,1,1984,0,0,0,0,0,0,0,0,0,0
280548,1,1,1984,0,17,0,0,0,0,0,0,0,0
280548,2,1,1984,0,0,19,0,0,15,0,0,16,16
280549,1,1,1984,0,27,0,16,0,40,0,0,25,0
280550,1,1,1984,22,0,0,0,8,31,0,29,23,19
280551,0,1,1984,0,24,0,0,0,0,34,0,0,0
280551,1,1,1984,0,0,0,0,0,0,0,0,0,0
280552,1,1,1984,18,7,12,26,14,20,31,18,25,10
280553,1,1,1984,0,0,0,0,0,0,0,0,0,0
280553,2,1,1984,0,0,28,0,0,0,0,0,0,0
280554,1,1,1984,12,17,10,15,19,9,0,14,15,21
280555,0,1,1984,0,25,24,0,22,0,0,0,16,0
280555,1,1,1984,0,25,0,0,0,15,13,41,0,11
280555,2,1,1984,0,0,0,0,0,0,0,0,15,0
280555,3,1,1984,7,0,21,20,13,0,13,21,0,22
280555,4,1,1984,0,0,0,0,0,0,0,0,0,0
280556,1,1,1984,0,0,24,0,0,0,0,0,0,12
280556,2,1,1984,26,0,24,0,20,0,0,0,0,19
280556,3,1,1984,0,0,0,0,19,13,0,0,0,0
280557,1,1,1984,0,0,0,0,0,13,0,0,0,0
280557,2,1,1984,0,0,0,0,0,0,20,0,0,0
280558,1,1,1984,0,25,0,0,24,0,0,0,9,0
280559,1,1,1984,13,0,3,0,0,0,0,0,0,15
280560,1,1,1984,0,0,0,0,0,0,0,0,0,0
280560,2,1,1984,0,0,0,0,0,0,0,0,0,0
280561,0,1,1984,0,0,0,0,0,0,0,0,0,0
280561,1,1,1984,0,0,0,0,0,0,0,0,0,0
280562,1,1,1984,0,0,7,0,0,0,0,0,0,0
280563,1,1,1984,0,0,0,0,0,15,0,19,0,0
280563,2,1,1984,0,0,0,0,0,0,0,0,0,0
280564,1,1,1984,0,0,0,0,0,7,0,0,23,0
280565,1,1,1984,16,19,19,16,0,0,28,0,21,0
280566,1,1,1984,0,0,15,20,0,17,22,0,0,0
280567,0,1,1984,16,16,16,16,16,16,16,16,16,16
280567,1,1,1984,0,0,0,0,0,0,0,0,0,0
280568,1,1,1984,0,0,0,0,0,0,0,0,0,16
280568,2,1,1984,0,0,0,0,0,0,0,0,0,0
280569,1,1,1984,26,26,26,26,26,26,26,26,26,26
280570,1,1,1984,0,0,13,5,5,13,0,13,12,0
280571,1,1,1984,4,0,0,0,0,8,0,24,4,16
280572,1,1,1984,0,0,11,0,0,0,0,0,0,0
280572,2,1,1984,7,7,7,7,7,7,7,7,7,7
280573,1,1,1984,22,22,22,22,22,22,22,22,22,22