ST_CASE,VEH_NO,PER_NO,YEAR,P1,P2,P3,P4,P5,P6,P7,P8,P9,P10
280573,2,1,1984,0,0,0,0,0,25,0,0,0,4
280574,1,1,1984,7,7,7,7,7,7,7,7,7,7
280575,1,1,1984,21,21,21,21,21,21,21,21,21,21
280576,1,1,1984,29,0,0,19,0,7,10,27,26,33
280576,2,1,1984,5,5,5,5,5,5,5,5,5,5
280577,1,1,1984,15,26,12,6,30,9,12,13,11,8
280578,1,1,1984,21,21,14,0,0,0,18,0,8,0
280579,0,1,1984,17,0,0,0,0,0,0,0,0,0
280579,1,1,1984,0,0,0,0,0,0,0,0,0,0
280580,1,1,1984,0,5,2,0,0,0,0,18,0,0
280581,1,1,1984,15,31,21,25,16,24,12,24,10,17
280582,1,1,1984,22,0,0,0,0,0,0,0,0,0
280582,2,1,1984,0,0,0,0,0,0,0,3,0,0
280583,1,1,1984,0,0,0,0,0,23,23,0,0,0
280584,0,1,1984,15,16,0,0,0,23,0,0,22,29
280584,1,1,1984,0,5,12,14,16,0,6,13,4,15
280585,1,1,1984,0,0,0,0,0,0,0,0,11,0
280585,2,1,1984,10,10,10,10,10,10,10,10,10,10
280585,3,1,1984,0,0,0,0,0,0,0,0,0,0
280586,0,1,1984,10,10,10,10,10,10,10,10,10,10
280587,0,1,1984,0,0,0,14,0,26,0,0,0,0
280587,1,1,1984,0,0,0,0,0,0,0,0,0,0
280588,1,1,1984,0,22,24,22,34,14,0,36,0,9
280589,1,1,1984,0,0,0,0,0,0,0,0,0,0
280589,2,1,1984,0,0,12,0,0,16,0,0,0,0
280590,1,1,1984,0,0,14,0,0,0,0,0,0,0
280590,2,1,1984,0,0,0,0,0,0,12,0,18,0
280591,1,1,1984,0,0,0,0,0,0,0,0,0,0
280591,2,1,1984,0,0,0,0,0,0,0,0,0,0
280591,3,1,1984,0,0,0,0,0,0,0,0,0,0
280592,1,1,1984,13,19,0,0,0,0,13,18,0,14
280593,1,1,1984,0,0,0,0,0,0,0,0,0,0
280593,2,1,1984,0,0,0,0,0,0,0,0,0,0
280594,1,1,1984,11,31,0,0,0,7,0,20,0,0
280595,1,1,1984,0,0,25,0,13,0,0,0,0,0
280596,1,1,1984,0,0,9,0,0,0,0,0,0,0
280596,2,1,1984,0,0,0,0,0,0,0,0,0,0
290001,0,1,1984,27,0,0,0,19,10,0,2,22,0
290001,1,1,1984,0,0,0,0,0,0,0,0,0,0
290002,1,1,1984,35,35,35,35,35,35,35,35,35,35
290003,1,1,1984,0,0,0,0,0,0,0,0,0,0
290003,2,1,1984,0,0,0,0,0,0,0,0,0,0
290003,3,1,1984,0,0,0,0,0,0,0,0,0,0
290004,1,1,1984,0,0,0,0,0,0,0,0,0,0
290004,2,1,1984,0,0,0,0,0,0,0,0,0,0
290005,1,1,1984,0,0,0,0,0,0,17,0,0,0
290005,2,1,1984,0,0,0,0,0,0,0,0,0,0
290006,0,1,1984,8,0,24,6,0,10,0,36,30,30
290006,1,1,1984,0,0,0,0,0,0,0,0,0,0
290007,1,1,1984,6,6,6,6,6,6,6,6,6,6
290007,2,1,1984,14,14,14,14,14,14,14,14,14,14
290008,1,1,1984,0,0,0,0,0,0,0,0,0,0
290008,2,1,1984,17,17,17,17,17,17,17,17,17,17
290009,0,1,1984,0,0,0,0,0,0,0,0,0,0
290009,1,1,1984,0,0,0,0,0,0,0,0,0,0
290010,1,1,1984,0,0,18,24,17,17,6,15,15,22
290011,1,1,1984,0,0,0,0,0,0,0,0,0,0
290012,1,1,1984,0,0,0,0,0,0,0,0,0,0
290012,2,1,1984,0,0,0,0,0,0,0,0,0,0
290013,1,1,1984,15,15,15,15,15,15,15,15,15,15
290014,1,1,1984,0,0,0,0,0,0,0,0,0,0
290014,2,1,1984,0,0,0,0,0,0,5,0,0,0
290015,1,1,1984,24,24,24,24,24,24,24,24,24,24
290016,1,1,1984,0,0,0,0,0,0,0,0,0,0
290016,2,1,1984,0,0,0,0,0,0,0,0,0,0
290017,1,1,1984,0,0,0,0,0,0,7,0,4,0
290018,0,1,1984,0,0,0,0,0,0,0,0,0,32
290018,1,1,1984,0,0,0,0,0,0,12,0,0,0
290019,1,1,1984,0,0,0,0,17,0,4,26,20,0
290020,1,1,1984,0,0,0,0,0,15,0,0,0,0
290020,2,1,1984,0,0,4,0,0,0,0,0,0,0
290021,1,1,1984,18,18,18,18,18,18,18,18,18,18
290022,1,1,1984,13,0,16,17,7,8,0,0,9,19
290022,2,1,1984,0,0,11,8,0,10,0,19,17,0
290023,1,1,1984,24,24,24,24,24,24,24,24,24,24
290024,1,1,1984,0,0,0,0,0,0,0,0,0,0
290024,2,1,1984,0,0,0,0,0,0,0,0,0,0
290025,1,1,1984,1,1,1,1,1,1,1,1,1,1
290025,2,1,1984,0,0,0,0,0,0,0,0,0,0
290026,1,1,1984,0,0,0,0,0,0,0,0,0,0
290027,1,1,1984,0,0,0,0,25,0,0,0,0,0
290027,2,1,1984,0,0,0,0,0,0,0,0,0,0
290027,3,1,1984,0,0,0,0,0,0,0,0,0,0
290027,4,1,1984,0,0,0,0,0,0,0,0,0,0
290028,1,1,1984,0,18,13,0,0,0,0,5,0,0
290029,1,1,1984,16,0,0,0,0,0,0,0,0,0
290029,2,1,1984,0,0,0,0,0,0,0,0,0,0
290030,1,1,1984,31,31,31,31,31,31,31,31,31,31
290030,2,1,1984,0,0,0,0,0,0,0,0,0,0
290031,1,1,1984,0,0,0,0,0,0,0,0,0,0
290031,2,1,1984,14,14,14,14,14,14,14,14,14,14
290032,1,1,1984,18,18,18,18,18,18,18,18,18,18
290033,1,1,1984,0,0,0,0,19,0,0,0,0,12
290034,1,1,1984,25,20,21,13,14,16,31,12,6,2
290035,1,1,1984,23,23,23,23,23,23,23,23,23,23
290036,1,1,1984,0,6,16,8,15,19,20,5,16,15
290036,2,1,1984,0,0,0,16,0,24,0,13,0,0
290037,1,1,1984,0,0,0,0,14,0,0,0,0,0
290038,1,1,1984,0,0,0,37,0,0,0,0,16,0
290039,1,1,1984,0,0,8,0,0,0,0,0,0,0
290040,1,1,1984,13,11,12,6,11,19,12,11,9,18
290040,2,1,1984,0,13,0,18,0,0,13,0,0,0
290041,1,1,1984,17,17,17,17,17,17,17,17,17,17
290042,1,1,1984,20,0,8,28,0,0,0,0,11,0
290042,2,1,1984,10,0,0,0,0,0,0,18,0,20
290043,1,1,1984,15,39,15,23,28,19,21,26,26,13
290044,0,1,1984,15,15,15,15,15,15,15,15,15,15
290044,1,1,1984,16,16,8,13,12,30,1,7,10,4
290045,1,1,1984,0,0,0,0,0,0,0,0,0,0
290046,1,1,1984,0,0,0,0,0,0,0,0,0,0
290046,2,1,1984,0,0,0,0,0,0,0,0,0,0
290047,1,1,1984,0,0,0,0,0,0,0,0,0,0
290047,2,1,1984,0,0,0,0,0,0,0,0,0,0
290048,1,1,1984,0,0,0,0,0,0,0,0,0,0
290048,2,1,1984,0,18,0,0,0,0,0,0,0,0
290049,1,1,1984,16,16,16,16,16,16,16,16,16,16
290050,1,1,1984,0,0,0,0,0,0,0,0,0,0
290051,0,1,1984,0,0,0,0,0,0,0,0,0,0
290051,1,1,1984,1,1,1,1,1,1,1,1,1,1
290052,0,1,1984,12,12,12,12,12,12,12,12,12,12
290052,1,1,1984,18,0,0,0,21,0,24,12,0,0
290053,1,1,1984,24,16,0,14,3,16,20,4,11,9
290054,1,1,1984,21,21,21,21,21,21,21,21,21,21
290055,1,1,1984,0,0,0,0,0,0,0,0,0,0
290055,2,1,1984,0,0,19,7,7,0,0,11,0,0
290056,1,1,1984,13,6,11,10,16,16,10,8,20,10
290056,2,1,1984,0,0,9,0,0,0,0,0,0,0
290057,1,1,1984,0,0,0,0,0,0,0,0,0,0
290058,1,1,1984,0,11,0,21,20,7,14,20,19,11
290059,1,1,1984,6,35,21,0,16,21,14,22,0,17
290060,1,1,1984,20,20,20,20,20,20,20,20,20,20
290060,2,1,1984,9,0,0,0,0,0,0,0,0,0
290061,1,1,1984,20,20,20,20,20,20,20,20,20,20
290062,1,1,1984,0,0,0,0,0,0,0,0,0,0
290063,1,1,1984,0,2,0,0,0,0,0,0,0,0
290063,2,1,1984,0,0,0,0,0,0,0,0,0,0
290064,1,1,1984,0,0,0,0,0,0,0,0,0,0
290064,2,1,1984,0,0,0,0,0,0,0,0,0,0
290065,1,1,1984,25,25,25,25,25,25,25,25,25,25
290066,1,1,1984,0,0,0,0,0,0,0,0,0,0
290066,2,1,1984,0,0,0,0,0,0,0,0,0,0
290068,0,1,1984,24,24,24,24,24,24,24,24,24,24
290068,1,1,1984,0,0,11,0,0,0,32,12,17,40
290069,1,1,1984,9,9,9,9,9,9,9,9,9,9
290070,1,1,1984,0,15,0,0,0,0,0,0,10,0
290070,2,1,1984,0,0,0,0,0,0,0,0,0,0
290071,1,1,1984,23,23,23,23,23,23,23,23,23,23
290072,1,1,1984,0,11,0,0,0,0,25,0,0,0
290072,2,1,1984,1,1,1,1,1,1,1,1,1,1
290073,1,1,1984,0,0,0,0,0,0,0,0,0,0
290074,0,1,1984,0,0,0,0,0,0,0,0,0,0
290074,1,1,1984,0,8,13,21,14,0,0,0,0,0
290075,1,1,1984,0,22,0,0,0,0,0,0,0,0
290075,2,1,1984,0,0,0,0,0,0,0,0,0,0
290076,1,1,1984,0,0,10,16,0,0,0,11,0,17
290077,0,1,1984,34,23,23,32,12,18,21,12,31,22
290077,1,1,1984,6,0,0,0,28,0,23,0,0,0
290078,1,1,1984,8,15,10,19,6,16,5,21,12,19
290079,1,1,1984,8,8,8,8,8,8,8,8,8,8
290080,1,1,1984,3,0,0,0,0,0,0,17,9,0
290080,2,1,1984,0,0,0,0,0,0,0,0,0,0
290081,1,1,1984,3,13,17,7,15,15,19,21,24,11
290082,1,1,1984,0,0,0,0,0,0,0,0,0,0
290083,1,1,1984,20,20,20,20,20,20,20,20,20,20
290084,1,1,1984,23,27,0,6,0,0,0,10,14,0
290084,2,1,1984,0,0,0,0,22,22,12,0,0,0
290085,1,1,1984,31,31,31,31,31,31,31,31,31,31
290086,1,1,1984,19,19,19,19,19,19,19,19,19,19
290087,0,1,1984,0,0,0,0,0,0,0,0,0,0
290087,1,1,1984,0,0,0,0,0,0,0,0,0,0
290088,1,1,1984,0,0,0,0,10,0,16,0,0,0
290088,2,1,1984,0,0,0,0,0,0,0,0,0,0
290089,1,1,1984,0,0,0,0,0,0,0,0,0,0
290089,2,1,1984,13,0,13,21,0,0,0,0,0,0
290090,1,1,1984,8,0,13,15,0,0,5,22,13,23
290090,2,1,1984,0,0,0,0,0,0,0,0,0,0
290091,1,1,1984,27,27,27,27,27,27,27,27,27,27
290092,1,1,1984,0,0,0,0,0,0,0,0,0,0
290092,2,1,1984,15,24,0,13,3,0,12,10,8,0
290093,1,1,1984,0,0,0,0,0,14,12,0,26,0
290094,1,1,1984,0,0,0,0,0,0,0,0,0,0
290094,2,1,1984,0,0,0,0,0,0,0,0,0,0
290095,0,1,1984,0,0,0,0,0,0,0,0,0,0
290095,1,1,1984,0,0,0,0,0,6,0,0,0,0
290096,1,1,1984,0,0,0,0,0,0,0,0,0,0
290096,2,1,1984,0,0,0,0,0,0,0,0,0,0
290097,1,1,1984,0,13,0,0,0,0,0,0,0,0
290098,0,1,1984,0,0,0,0,0,0,0,0,0,0
290098,1,1,1984,0,0,0,0,0,0,0,0,0,0
290099,1,1,1984,0,23,22,17,12,17,20,19,22,27
290100,0,1,1984,8,8,8,8,8,8,8,8,8,8
290100,1,1,1984,3,3,3,3,3,3,3,3,3,3
290101,1,1,1984,0,0,0,0,0,0,0,17,0,0
290101,2,1,1984,0,9,2,0,3,0,11,0,5,10
290102,1,1,1984,10,10,10,10,10,10,10,10,10,10
290103,1,1,1984,23,23,23,23,23,23,23,23,23,23
290103,2,1,1984,0,0,8,0,0,0,0,8,0,2
290103,3,1,1984,0,0,14,0,0,0,0,5,0,0
290104,1,1,1984,10,10,10,10,10,10,10,10,10,10
290105,1,1,1984,3,0,11,10,13,15,21,0,4,0
290105,2,1,1984,30,30,30,30,30,30,30,30,30,30
290106,1,1,1984,0,0,0,0,0,26,14,0,0,0
290106,2,1,1984,0,0,0,0,0,4,0,0,3,0
290107,0,1,1984,0,0,0,0,0,0,0,0,0,0
290107,1,1,1984,0,0,0,0,0,0,0,0,0,0
290108,1,1,1984,12,12,12,12,12,12,12,12,12,12
290109,1,1,1984,24,24,24,24,24,24,24,24,24,24
290109,2,1,1984,0,18,0,0,0,0,0,12,0,0
290110,1,1,1984,0,19,0,0,0,0,0,29,0,0
290111,1,1,1984,0,0,0,0,0,0,0,0,0,0
290111,2,1,1984,0,0,0,0,0,0,0,0,0,0
290112,1,1,1984,3,0,0,10,0,12,0,0,0,0
290112,2,1,1984,13,13,13,13,13,13,13,13,13,13
290113,1,1,1984,14,14,14,14,14,14,14,14,14,14
290114,1,1,1984,27,27,27,27,27,27,27,27,27,27
290114,2,1,1984,19,10,28,17,19,20,15,19,31,15
290115,0,1,1984,0,0,0,0,0,0,0,0,0,0
290115,1,1,1984,0,0,0,0,0,0,0,0,0,0
290116,1,1,1984,24,18,17,0,0,0,18,17,0,0
290117,1,1,1984,0,0,0,0,0,0,0,0,0,0
290117,2,1,1984,0,0,0,0,0,3,0,0,0,0
290117,3,1,1984,0,0,0,0,0,0,0,0,0,0
290118,1,1,1984,24,24,24,24,24,24,24,24,24,24
290118,2,1,1984,0,0,0,0,0,11,0,18,0,12
290119,1,1,1984,15,23,41,14,42,17,16,22,28,18
290120,1,1,1984,14,14,14,14,14,14,14,14,14,14
290121,1,1,1984,16,12,15,17,20,24,4,26,24,12
290122,0,1,1984,0,0,31,0,0,0,0,0,0,0
290122,1,1,1984,0,0,0,0,0,0,0,0,0,0
290123,1,1,1984,7,11,10,0,16,17,6,0,6,15
290124,1,1,1984,0,0,0,0,0,0,0,0,0,0
290124,2,1,1984,0,0,0,0,0,0,0,0,0,0
290125,1,1,1984,0,0,0,0,0,0,0,0,0,0
290125,2,1,1984,0,0,0,0,0,0,0,0,0,0
290126,1,1,1984,0,0,0,0,0,0,0,0,0,0
290126,2,1,1984,0,0,0,0,0,0,0,0,0,10
290127,1,1,1984,8,20,18,11,43,19,24,15,30,28
290128,1,1,1984,0,0,0,0,0,0,0,0,0,0
290129,1,1,1984,21,17,8,15,0,0,24,11,18,10
290130,1,1,1984,0,0,0,0,0,0,0,0,0,0
290130,2,1,1984,0,0,0,0,0,20,0,0,5,0
290131,1,1,1984,24,24,24,24,24,24,24,24,24,24
290132,0,1,1984,0,0,0,0,0,0,0,0,0,0
290132,1,1,1984,0,0,0,0,0,0,0,0,0,0
290133,1,1,1984,0,0,0,0,0,0,0,0,0,0
290134,1,1,1984,26,24,8,7,21,0,28,5,8,14
290134,2,1,1984,0,0,0,0,9,0,0,6,0,18
290135,1,1,1984,12,26,12,14,17,16,11,2,7,13
290136,1,1,1984,0,0,0,0,3,0,0,0,0,21
290136,2,1,1984,0,0,0,0,0,0,0,0,0,0
290137,1,1,1984,0,0,0,0,0,0,0,0,0,0
290137,2,1,1984,0,0,0,0,0,0,0,0,0,0
290138,1,1,1984,0,0,0,0,0,0,0,0,0,0
290138,2,1,1984,0,0,0,0,0,0,0,0,0,0
290139,0,1,1984,0,0,0,0,0,0,0,0,0,0
290139,1,1,1984,0,0,15,0,0,0,0,0,0,0
290140,0,1,1984,0,0,0,0,0,0,0,0,0,0
290140,1,1,1984,0,0,0,0,0,0,0,0,0,0
290141,1,1,1984,0,0,0,0,11,0,0,9,8,0
290141,2,1,1984,17,27,11,0,0,13,19,0,0,6
290142,1,1,1984,21,11,18,10,31,29,11,0,15,26
290143,1,1,1984,8,21,24,18,0,15,28,17,9,23
290144,0,1,1984,0,0,0,0,0,0,0,0,0,0
290144,1,1,1984,0,0,0,0,0,0,0,0,0,0
290145,1,1,1984,0,0,0,0,0,11,0,0,0,0
290145,2,1,1984,4,4,4,4,4,4,4,4,4,4
290146,1,1,1984,21,21,21,21,21,21,21,21,21,21
290147,1,1,1984,0,0,0,0,0,0,0,0,0,0
290147,2,1,1984,0,23,0,17,0,0,0,0,3,17
290148,1,1,1984,14,12,10,37,30,23,16,8,21,20
290149,1,1,1984,0,24,0,8,8,0,0,8,0,9
290150,1,1,1984,20,20,20,20,20,20,20,20,20,20
290151,1,1,1984,18,0,0,0,0,0,19,0,0,0
290152,1,1,1984,29,29,29,29,29,29,29,29,29,29
290153,1,1,1984,24,13,24,14,10,14,23,29,32,19
290154,1,1,1984,0,0,20,0,0,0,0,11,0,11
290154,2,1,1984,0,0,0,0,0,0,0,0,0,0
290154,3,1,1984,0,15,0,0,0,0,0,0,0,0
290155,1,1,1984,17,17,17,17,17,17,17,17,17,17
290155,2,1,1984,0,0,0,0,4,0,0,0,0,0
290155,3,1,1984,0,0,0,0,0,0,0,0,0,0
290156,1,1,1984,0,0,0,0,0,0,0,0,31,0
290156,2,1,1984,0,0,0,0,0,0,0,0,0,0
290157,0,1,1984,0,0,0,0,0,0,0,0,0,0
290157,1,1,1984,0,9,0,0,0,0,0,0,0,0
290158,1,1,1984,0,0,0,0,0,0,0,0,0,0
290159,1,1,1984,23,23,23,23,23,23,23,23,23,23
290160,0,1,1984,22,30,0,22,0,0,28,25,0,0
290160,1,1,1984,0,10,0,0,0,0,0,0,0,0
290161,0,1,1984,17,17,17,17,17,17,17,17,17,17
290161,1,1,1984,16,0,27,0,13,13,0,22,27,15
290162,1,1,1984,0,0,0,10,0,0,0,0,0,0
290163,1,1,1984,16,15,6,14,10,28,11,23,0,8
290164,1,1,1984,12,0,0,0,0,0,0,0,0,16
290164,2,1,1984,0,0,0,8,17,11,0,0,0,0
290165,1,1,1984,0,0,0,0,0,0,0,0,0,0
290166,1,1,1984,0,0,0,22,0,0,0,0,0,14
290166,2,1,1984,0,0,0,0,0,0,0,0,0,0
290166,3,1,1984,0,0,0,0,0,0,20,15,0,10
290167,1,1,1984,21,0,0,0,8,0,10,0,0,0
290167,2,1,1984,0,0,22,0,0,0,0,0,0,0
290168,1,1,1984,8,4,22,12,10,5,15,12,9,16
290168,2,1,1984,0,0,0,0,0,0,10,0,0,10
290169,1,1,1984,0,0,0,0,0,0,13,0,11,0
290170,1,1,1984,0,0,0,0,0,5,0,0,0,0
290170,2,1,1984,0,0,0,0,0,0,0,0,0,0
290171,1,1,1984,13,13,13,13,13,13,13,13,13,13
290171,2,1,1984,0,0,0,0,0,0,0,0,0,0
290172,1,1,1984,16,15,14,20,30,19,29,21,0,0
290173,1,1,1984,0,0,0,0,0,0,0,0,0,0
290173,2,1,1984,0,0,0,0,0,0,0,0,0,0
290174,1,1,1984,0,0,0,0,0,0,0,0,0,0
290174,2,1,1984,0,0,0,0,0,0,0,0,0,0
290175,1,1,1984,0,0,0,0,0,0,0,0,0,0
290175,2,1,1984,0,0,0,0,0,0,0,0,0,0
290175,3,1,1984,0,0,0,0,0,0,0,0,0,0
290176,1,1,1984,0,0,0,0,0,0,0,0,0,0
290176,2,1,1984,0,0,0,0,0,0,0,0,0,0
290177,1,1,1984,0,23,19,14,23,0,21,34,15,36
290178,1,1,1984,0,0,0,0,0,0,0,0,0,0
290178,2,1,1984,0,0,0,0,0,0,0,0,0,0
290179,1,1,1984,17,17,17,17,17,17,17,17,17,17
290180,0,1,1984,0,0,0,0,17,0,0,8,0,39
290180,1,1,1984,0,0,0,11,0,0,16,0,0,0
290181,0,1,1984,0,0,0,0,0,0,0,0,0,0
290181,1,1,1984,16,16,16,16,16,16,16,16,16,16
290182,1,1,1984,0,0,0,0,0,0,0,0,0,0
290182,2,1,1984,0,0,0,0,16,0,0,0,0,0
290182,3,1,1984,0,0,0,0,0,0,0,0,0,0
290183,0,1,1984,28,0,7,24,18,0,0,17,0,0
290183,0,2,1984,0,0,0,0,0,0,0,0,0,0
290183,0,3,1984,0,0,0,0,0,0,0,0,0,0
290183,1,1,1984,15,15,19,19,7,14,18,11,27,0
290184,1,1,1984,0,0,0,0,0,0,0,0,0,0
290184,2,1,1984,0,0,0,0,0,0,0,0,0,0
290185,1,1,1984,0,0,11,0,0,0,0,0,14,0
290186,1,1,1984,0,0,19,0,0,0,0,0,0,0
290186,2,1,1984,0,0,0,0,0,0,0,0,0,0
290187,1,1,1984,19,19,0,0,0,19,12,7,31,8
290187,2,1,1984,0,0,0,0,0,0,0,0,0,0
290188,1,1,1984,0,0,0,0,0,0,0,0,0,0
290188,2,1,1984,1,1,1,1,1,1,1,1,1,1
290189,1,1,1984,0,0,0,0,0,0,0,0,0,9
290189,2,1,1984,9,9,9,9,9,9,9,9,9,9
290190,1,1,1984,8,0,11,21,17,3,11,16,25,10
290190,2,1,1984,0,0,0,0,0,0,0,0,0,0
290191,1,1,1984,0,7,0,0,29,0,0,23,0,0
290191,2,1,1984,0,0,0,0,0,0,0,0,0,0
290192,1,1,1984,0,0,4,0,0,0,0,0,0,0
290192,2,1,1984,0,0,12,0,0,0,0,0,0,12
290193,1,1,1984,0,0,0,0,0,0,0,0,0,0
290193,2,1,1984,41,41,41,41,41,41,41,41,41,41
290194,1,1,1984,23,34,16,17,17,13,13,27,19,12
290195,0,1,1984,0,0,0,0,0,0,0,0,0,0
290195,1,1,1984,0,15,0,0,0,0,0,0,0,15
290196,1,1,1984,25,0,0,27,0,8,14,0,0,7
290197,1,1,1984,15,0,0,0,0,0,0,0,0,0
290198,1,1,1984,9,9,9,9,9,9,9,9,9,9
290199,0,1,1984,19,19,19,19,19,19,19,19,19,19
290199,1,1,1984,0,0,0,0,0,0,0,0,0,8
290199,2,1,1984,0,0,0,13,0,0,0,0,0,0
290199,3,1,1984,0,0,0,0,0,0,0,0,0,0
290200,1,1,1984,0,0,0,0,0,0,0,0,0,13
290201,0,1,1984,20,9,29,13,30,18,32,25,13,10
290201,1,1,1984,0,0,0,12,0,0,0,0,12,0
290202,1,1,1984,12,12,12,12,12,12,12,12,12,12
290202,2,1,1984,0,0,0,0,0,8,0,0,0,0
290203,1,1,1984,23,5,4,8,21,0,12,24,0,0
290204,1,1,1984,0,3,0,0,0,0,4,0,0,0
290205,1,1,1984,20,0,0,17,0,9,0,12,9,16
290205,2,1,1984,0,0,0,8,18,14,3,0,14,0
290206,1,1,1984,0,0,0,0,0,0,0,0,0,0
290207,1,1,1984,16,16,16,16,16,16,16,16,16,16
290208,1,1,1984,0,16,3,0,0,9,8,24,15,15
290209,1,1,1984,0,0,0,0,0,0,0,17,0,0
290209,2,1,1984,5,8,0,0,0,0,0,0,0,10
290209,3,1,1984,0,0,0,0,15,0,0,0,0,0
290210,1,1,1984,0,33,18,6,24,23,29,38,25,16
290211,1,1,1984,6,27,0,7,0,0,0,0,0,0
290211,2,1,1984,7,0,9,0,0,0,0,0,0,0
290212,1,1,1984,0,0,0,0,0,15,18,0,0,0
290212,2,1,1984,0,0,0,0,0,0,0,0,0,0
290213,1,1,1984,0,0,0,0,0,0,0,0,0,0
290213,2,1,1984,0,0,0,0,0,18,11,0,0,12
290214,1,1,1984,15,12,10,18,20,0,34,11,17,20
290214,2,1,1984,0,0,0,0,0,0,0,0,0,0
290215,1,1,1984,17,17,17,17,17,17,17,17,17,17
290216,1,1,1984,0,0,0,0,0,0,0,0,0,0
290216,2,1,1984,0,0,0,0,0,0,0,0,0,0
290217,1,1,1984,0,10,0,0,0,0,0,15,0,11
290218,1,1,1984,0,0,0,0,0,0,0,0,0,0
290218,2,1,1984,0,0,0,0,0,0,0,0,0,0
290218,3,1,1984,0,0,0,0,0,20,0,0,27,23
290218,4,1,1984,0,0,0,0,0,0,0,0,0,0
290219,1,1,1984,0,0,0,0,0,0,0,0,0,0
290219,2,1,1984,0,0,0,0,0,0,0,0,0,15
290220,1,1,1984,0,0,0,0,0,0,0,0,0,13
290221,1,1,1984,0,0,0,0,0,0,0,0,0,0
290221,2,1,1984,0,0,0,0,0,0,0,0,0,0
290222,1,1,1984,0,0,0,16,12,0,12,22,9,8
290222,2,1,1984,7,0,0,0,0,0,0,0,0,0
290223,1,1,1984,0,0,0,13,0,7,0,0,28,24
290223,2,1,1984,5,0,0,0,0,0,0,0,0,0
290224,1,1,1984,15,15,15,15,15,15,15,15,15,15
290225,1,1,1984,26,26,26,26,26,26,26,26,26,26
290225,2,1,1984,0,0,0,0,0,0,0,0,0,0
290226,1,1,1984,16,8,15,24,14,19,13,7,22,12
290226,2,1,1984,0,0,0,0,0,0,0,0,0,0
290227,0,1,1984,0,0,0,0,0,0,0,0,0,0
290227,1,1,1984,0,0,0,0,0,0,0,0,0,0
290228,1,1,1984,0,0,0,0,0,0,0,0,0,0
290228,2,1,1984,0,0,0,0,0,0,0,0,0,0
290229,1,1,1984,0,0,9,0,0,0,0,0,0,0
290229,2,1,1984,0,20,0,0,0,0,0,0,0,0
290230,1,1,1984,17,15,17,0,7,23,9,10,12,33
290231,0,1,1984,0,0,0,0,0,0,0,0,0,0
290232,1,1,1984,18,26,11,11,0,13,25,5,0,31
290233,1,1,1984,7,10,19,13,31,10,5,8,16,21
290234,0,1,1984,0,0,0,0,0,0,0,0,0,22
290234,1,1,1984,0,0,0,0,0,0,0,0,0,0
290235,1,1,1984,0,0,0,0,0,0,0,0,0,0
290235,2,1,1984,0,0,0,0,0,0,0,0,0,0
290236,1,1,1984,30,26,23,24,18,18,17,9,12,16
290236,2,1,1984,0,0,0,0,0,32,0,0,0,0
290237,1,1,1984,10,10,10,10,10,10,10,10,10,10
290238,1,1,1984,18,36,13,0,0,41,22,0,0,9
290239,1,1,1984,15,15,15,15,15,15,15,15,15,15
290240,1,1,1984,21,27,6,12,22,10,10,18,23,20
290240,2,1,1984,0,0,0,0,0,0,0,0,0,0
290241,1,1,1984,0,0,0,0,0,0,0,0,0,0
290241,2,1,1984,0,0,0,0,0,0,0,0,0,0
290241,3,1,1984,0,0,0,0,0,0,0,0,0,0
290242,1,1,1984,0,0,0,0,0,0,0,0,0,0
290242,2,1,1984,25,25,25,25,25,25,25,25,25,25
290243,1,1,1984,0,0,0,0,0,0,0,0,0,0
290243,2,1,1984,0,0,0,0,0,0,0,0,0,0
290244,1,1,1984,0,0,0,0,0,0,0,0,0,0
290245,1,1,1984,13,0,30,0,10,13,15,15,32,12
290246,1,1,1984,0,0,0,0,0,0,0,0,0,0
290246,2,1,1984,3,3,3,3,3,3,3,3,3,3
290246,3,1,1984,0,0,0,0,0,0,0,0,0,0
290247,0,1,1984,0,0,0,0,0,0,18,0,0,0
290247,1,1,1984,0,0,0,0,0,0,0,0,0,0
290247,2,1,1984,28,0,8,0,0,14,0,0,0,14
290248,1,1,1984,13,13,13,13,13,13,13,13,13,13
290248,2,1,1984,13,13,13,13,13,13,13,13,13,13
290249,0,1,1984,0,0,0,0,0,11,7,0,0,0
290249,0,2,1984,0,0,0,0,0,0,0,0,0,0
290249,1,1,1984,0,0,0,0,0,0,0,0,17,0
290250,1,1,1984,0,0,0,0,0,0,0,0,0,0
290251,1,1,1984,15,17,9,11,19,0,3,23,24,10
290252,1,1,1984,0,0,0,0,0,7,0,0,0,0
290253,1,1,1984,0,0,0,0,0,0,0,0,0,0
290253,2,1,1984,0,0,0,0,0,0,0,0,0,0
290253,3,1,1984,0,0,0,0,0,0,0,0,0,0
290254,1,1,1984,0,0,20,21,8,0,19,6,8,0
290254,2,1,1984,0,0,0,0,26,19,17,25,27,0
290255,1,1,1984,0,0,0,0,0,0,0,0,0,0
290255,2,1,1984,22,22,22,22,22,22,22,22,22,22
290256,1,1,1984,0,8,0,14,13,0,0,0,0,0
290257,1,1,1984,11,11,11,11,11,11,11,11,11,11
290258,0,1,1984,0,0,0,0,0,0,0,0,0,0