ST_CASE,VEH_NO,PER_NO,YEAR,P1,P2,P3,P4,P5,P6,P7,P8,P9,P10
290258,1,1,1984,0,0,0,0,0,0,0,0,0,0
290259,1,1,1984,3,3,3,3,3,3,3,3,3,3
290260,1,1,1984,0,0,0,0,0,0,0,0,0,0
290260,2,1,1984,0,0,0,0,0,0,0,0,0,0
290261,1,1,1984,0,0,0,0,0,0,0,0,0,0
290262,1,1,1984,0,0,0,0,0,0,0,0,0,0
290262,2,1,1984,0,0,0,0,0,0,7,0,27,0
290263,1,1,1984,27,25,6,24,28,35,18,19,0,10
290264,1,1,1984,11,11,11,11,11,11,11,11,11,11
290265,0,1,1984,0,0,0,0,0,0,0,0,0,0
290265,1,1,1984,0,0,0,0,0,0,0,0,0,0
290266,1,1,1984,34,34,34,34,34,34,34,34,34,34
290267,1,1,1984,0,0,0,0,0,0,0,0,0,0
290268,1,1,1984,8,8,18,0,15,0,19,29,18,0
290269,0,1,1984,28,28,28,28,28,28,28,28,28,28
290269,1,1,1984,9,8,2,28,0,10,0,8,0,0
290270,1,1,1984,17,19,8,2,20,34,20,11,11,6
290270,2,1,1984,0,0,0,0,0,0,0,0,0,0
290270,3,1,1984,0,0,0,0,0,0,0,0,0,0
290271,0,1,1984,0,0,0,0,0,0,0,0,0,0
290271,1,1,1984,0,0,0,0,0,0,11,0,0,0
290271,2,1,1984,0,0,0,24,0,0,0,0,0,0
290272,1,1,1984,15,15,15,15,15,15,15,15,15,15
290272,2,1,1984,0,0,0,0,0,0,0,0,0,11
290272,3,1,1984,0,0,0,0,0,26,0,0,0,0
290273,1,1,1984,0,0,0,0,0,0,0,24,0,0
290273,2,1,1984,0,0,0,0,0,0,0,0,0,0
290273,3,1,1984,0,0,0,0,0,0,0,0,0,0
290274,0,1,1984,0,0,0,0,0,0,0,0,0,0
290274,1,1,1984,0,0,12,6,0,0,0,0,14,0
290275,1,1,1984,15,15,15,15,15,15,15,15,15,15
290276,1,1,1984,18,16,35,0,9,24,0,26,18,5
290277,1,1,1984,0,11,24,14,6,11,15,13,8,6
290277,2,1,1984,0,0,0,0,0,0,0,0,0,0
290278,0,1,1984,0,7,6,23,0,0,9,0,11,0
290278,1,1,1984,0,0,0,0,0,8,12,0,0,0
290279,1,1,1984,13,16,0,11,19,19,0,13,14,0
290279,2,1,1984,31,31,31,31,31,31,31,31,31,31
290280,1,1,1984,0,0,0,0,0,0,0,0,0,0
290280,2,1,1984,0,11,0,0,4,0,0,0,0,0
290281,1,1,1984,0,15,0,0,0,0,0,0,0,24
290282,1,1,1984,37,37,37,37,37,37,37,37,37,37
290282,2,1,1984,0,0,0,0,0,0,0,0,0,0
290282,3,1,1984,0,0,0,0,0,0,0,0,0,0
290283,1,1,1984,0,0,0,0,0,0,0,0,0,0
290284,1,1,1984,16,16,16,16,16,16,16,16,16,16
290285,1,1,1984,0,0,0,0,0,0,18,0,22,11
290285,2,1,1984,0,0,0,13,0,32,15,18,0,0
290286,1,1,1984,0,0,0,0,0,0,0,0,0,0
290286,2,1,1984,0,0,0,0,0,0,0,0,0,0
290287,1,1,1984,10,14,0,11,18,14,21,10,0,0
290287,2,1,1984,0,0,0,0,0,0,0,0,0,0
290288,1,1,1984,12,9,6,3,9,0,0,0,7,0
290288,2,1,1984,0,0,0,0,0,0,0,0,10,0
290289,1,1,1984,0,0,0,0,0,0,0,0,0,0
290289,2,1,1984,0,0,0,0,0,0,0,0,0,0
290290,1,1,1984,0,0,0,0,0,16,0,0,0,0
290290,2,1,1984,0,6,0,36,14,0,0,0,0,0
290291,1,1,1984,0,0,0,13,0,0,0,0,0,0
290291,2,1,1984,0,0,0,0,0,0,0,0,0,0
290291,3,1,1984,0,0,0,0,0,0,0,0,0,0
290292,1,1,1984,0,0,0,0,0,0,0,0,0,0
290293,1,1,1984,13,13,13,13,13,13,13,13,13,13
290294,1,1,1984,0,0,0,0,0,0,0,0,14,0
290295,1,1,1984,0,16,9,0,0,0,0,0,0,17
290295,2,1,1984,15,14,0,9,30,22,0,17,4,0
290296,1,1,1984,7,0,0,0,0,0,0,0,8,0
290296,2,1,1984,0,0,0,0,0,0,0,0,0,0
290297,1,1,1984,0,0,0,0,0,0,0,0,0,0
290297,2,1,1984,0,0,0,0,0,0,0,0,0,0
290298,1,1,1984,20,0,0,21,16,11,14,13,2,21
290299,1,1,1984,0,0,0,0,22,0,0,0,0,0
290299,2,1,1984,0,0,0,0,0,0,0,0,0,0
290300,1,1,1984,0,0,0,0,0,0,0,0,0,0
290300,2,1,1984,0,0,0,0,0,0,0,0,15,0
290301,1,1,1984,0,0,0,0,0,0,0,0,0,0
290301,2,1,1984,0,0,0,0,0,0,0,0,0,0
290302,1,1,1984,31,14,0,0,27,4,10,0,4,14
290303,1,1,1984,0,0,0,0,0,0,0,0,0,0
290303,2,1,1984,0,0,0,0,0,0,0,15,0,0
290304,1,1,1984,0,0,12,19,25,0,10,10,0,0
290304,2,1,1984,0,0,0,0,0,0,0,0,0,0
290305,1,1,1984,0,0,0,0,0,16,0,0,0,0
290305,2,1,1984,0,0,0,0,0,0,0,0,0,0
290306,1,1,1984,37,12,29,0,28,15,28,33,23,19
290307,1,1,1984,0,0,0,0,0,0,0,0,0,0
290307,2,1,1984,0,0,0,0,0,17,0,0,0,0
290308,0,1,1984,14,25,0,24,8,0,0,0,0,0
290308,0,2,1984,0,22,0,0,0,14,0,0,0,30
290308,1,1,1984,0,18,17,16,0,13,25,0,0,0
290309,1,1,1984,12,21,20,17,0,0,37,28,16,0
290310,1,1,1984,0,0,0,0,0,0,0,0,0,0
290311,1,1,1984,28,15,25,16,17,22,10,17,18,25
290312,0,1,1984,0,0,0,0,0,0,0,0,0,0
290312,1,1,1984,0,0,0,0,0,0,0,0,0,0
290313,1,1,1984,10,23,0,0,16,8,8,8,23,18
290313,2,1,1984,0,0,0,0,0,0,0,0,0,0
290313,3,1,1984,0,0,0,0,0,0,0,0,0,0
290314,1,1,1984,0,0,0,0,0,0,0,0,0,0
290315,1,1,1984,1,1,1,1,1,1,1,1,1,1
290315,2,1,1984,0,0,0,0,0,0,0,0,0,0
290315,3,1,1984,0,0,0,0,0,0,0,0,0,0
290316,1,1,1984,0,0,0,0,22,0,0,0,0,0
290316,2,1,1984,0,0,0,0,0,0,0,0,0,0
290316,3,1,1984,0,0,0,0,9,0,0,0,0,0
290317,1,1,1984,6,6,6,6,6,6,6,6,6,6
290317,2,1,1984,0,0,0,0,0,0,0,0,0,0
290318,1,1,1984,0,0,0,0,0,0,0,0,0,0
290318,2,1,1984,23,23,23,23,23,23,23,23,23,23
290319,1,1,1984,4,24,20,13,19,16,18,7,14,12
290320,1,1,1984,0,0,0,0,0,0,0,0,0,0
290320,2,1,1984,0,0,0,0,0,0,0,0,0,0
290321,0,1,1984,0,0,0,0,0,0,0,0,0,0
290321,1,1,1984,7,0,0,0,0,0,0,0,0,0
290322,1,1,1984,8,0,10,6,14,3,0,0,0,0
290323,1,1,1984,0,0,0,0,0,0,0,0,0,0
290324,0,1,1984,30,30,30,30,30,30,30,30,30,30
290324,1,1,1984,0,0,0,0,0,0,0,0,0,0
290325,1,1,1984,0,0,0,0,22,0,0,0,0,0
290325,2,1,1984,15,16,12,13,11,21,0,0,0,5
290326,1,1,1984,16,9,13,14,24,16,32,11,21,8
290327,1,1,1984,17,17,17,17,17,17,17,17,17,17
290328,1,1,1984,0,0,0,0,0,9,0,0,0,0
290329,1,1,1984,0,0,0,0,0,0,0,0,0,0
290329,2,1,1984,0,0,0,17,0,0,0,0,0,0
290330,1,1,1984,0,0,0,0,0,0,0,0,0,0
290330,2,1,1984,0,0,0,0,0,0,0,0,0,0
290331,1,1,1984,0,0,0,0,0,0,31,0,0,0
290332,1,1,1984,14,14,14,14,14,14,14,14,14,14
290332,2,1,1984,14,14,14,14,14,14,14,14,14,14
290332,3,1,1984,0,0,6,0,0,0,0,0,0,13
290333,1,1,1984,0,0,0,0,0,0,0,0,0,0
290333,2,1,1984,0,0,0,0,0,0,0,0,0,0
290334,1,1,1984,0,0,0,0,0,0,0,0,0,0
290334,2,1,1984,10,12,35,9,13,1,0,15,16,23
290335,1,1,1984,0,0,0,0,0,0,0,0,5,0
290335,2,1,1984,0,0,0,0,0,0,0,0,0,0
290336,1,1,1984,0,0,0,0,0,0,0,0,0,0
290336,2,1,1984,0,0,0,0,0,0,0,0,0,0
290337,1,1,1984,0,25,0,11,6,21,18,0,20,16
290338,1,1,1984,22,22,22,22,22,22,22,22,22,22
290339,1,1,1984,14,21,30,16,16,23,12,18,18,23
290340,1,1,1984,0,7,10,13,7,10,11,13,11,11
290341,1,1,1984,0,0,0,0,0,0,0,0,0,0
290342,1,1,1984,0,0,0,0,7,0,0,0,0,0
290342,2,1,1984,0,33,22,0,0,20,0,0,21,0
290343,1,1,1984,19,19,19,19,19,19,19,19,19,19
290344,1,1,1984,0,17,0,0,0,10,18,0,0,0
290345,1,1,1984,35,35,35,35,35,35,35,35,35,35
290346,1,1,1984,18,0,0,6,0,26,17,22,9,0
290347,1,1,1984,13,0,15,0,0,0,0,0,0,0
290348,0,1,1984,0,0,0,0,0,0,0,0,0,0
290348,1,1,1984,16,5,6,15,20,13,6,31,17,8
290349,1,1,1984,0,0,0,0,0,0,0,0,0,0
290349,2,1,1984,0,0,0,0,0,0,0,0,0,0
290350,0,1,1984,0,0,0,0,0,0,0,0,0,0
290350,1,1,1984,0,0,0,0,0,0,0,0,0,0
290351,1,1,1984,9,21,14,0,19,9,19,5,0,2
290351,2,1,1984,0,0,0,0,0,0,0,0,0,0
290352,1,1,1984,0,0,0,0,0,0,0,0,0,0
290352,2,1,1984,6,6,6,6,6,6,6,6,6,6
290353,1,1,1984,0,0,0,9,0,0,0,0,0,0
290353,2,1,1984,23,0,19,0,0,0,0,0,0,0
290354,1,1,1984,31,31,31,31,31,31,31,31,31,31
290355,1,1,1984,0,0,0,0,0,0,0,0,0,0
290355,2,1,1984,0,0,0,0,0,0,0,0,0,0
290356,1,1,1984,0,0,0,0,13,0,0,0,0,0
290357,1,1,1984,0,0,0,0,0,0,0,0,0,0
290358,1,1,1984,0,0,0,0,0,35,0,0,0,0
290359,1,1,1984,20,21,10,16,25,7,18,2,17,12
290360,1,1,1984,0,0,12,0,14,0,18,36,0,17
290361,1,1,1984,0,0,0,0,10,0,0,0,17,0
290361,2,1,1984,0,0,0,0,0,0,0,0,0,0
290362,1,1,1984,0,0,0,0,0,0,0,0,0,0
290362,2,1,1984,0,0,0,0,0,0,0,0,0,0
290363,1,1,1984,21,13,32,6,14,32,11,9,11,25
290364,1,1,1984,0,0,0,0,0,0,0,0,0,0
290364,2,1,1984,0,0,0,0,0,0,0,0,0,0
290364,3,1,1984,0,0,0,0,0,0,0,0,0,0
290364,4,1,1984,0,0,0,0,0,0,0,0,0,0
290365,1,1,1984,0,0,0,7,0,14,27,5,20,0
290365,2,1,1984,0,0,6,0,0,0,18,0,19,12
290366,1,1,1984,0,0,0,0,0,0,0,0,12,0
290367,1,1,1984,0,0,0,0,0,0,0,0,11,0
290368,1,1,1984,25,25,25,25,25,25,25,25,25,25
290369,1,1,1984,12,12,11,10,11,9,11,6,13,18
290370,1,1,1984,9,0,17,3,11,13,28,22,13,15
290371,1,1,1984,0,0,0,0,0,0,0,0,0,0
290371,2,1,1984,0,0,0,0,0,0,0,0,0,0
290372,1,1,1984,0,0,0,0,0,0,0,0,0,0
290372,2,1,1984,0,0,6,0,0,0,7,0,0,0
290373,0,1,1984,0,0,20,28,0,21,0,17,0,0
290373,1,1,1984,0,0,0,0,12,0,36,0,0,23
290374,1,1,1984,0,0,0,0,0,32,0,0,8,0
290374,2,1,1984,0,0,0,0,13,0,0,0,0,0
290375,0,1,1984,12,7,47,0,0,0,21,24,16,25
290375,1,1,1984,0,0,0,0,0,0,0,0,23,0
290376,1,1,1984,17,10,25,17,0,13,0,8,20,20
290377,1,1,1984,0,0,0,0,0,0,0,0,0,0
290377,2,1,1984,0,0,0,0,0,0,0,0,0,0
290378,1,1,1984,19,19,19,19,19,19,19,19,19,19
290379,1,1,1984,0,0,0,0,0,0,0,0,0,0
290380,1,1,1984,0,15,0,0,14,29,0,0,0,0
290381,1,1,1984,21,0,12,0,0,0,0,0,21,0
290382,1,1,1984,0,0,0,0,0,0,0,0,22,0
290382,2,1,1984,0,0,0,0,0,0,0,0,0,0
290383,0,1,1984,0,0,0,0,0,0,0,15,0,0
290383,1,1,1984,0,0,0,0,0,16,0,0,0,0
290384,1,1,1984,1,1,1,1,1,1,1,1,1,1
290385,1,1,1984,28,28,28,28,28,28,28,28,28,28
290386,1,1,1984,0,0,0,0,0,0,0,0,0,0
290386,2,1,1984,0,0,0,0,0,0,0,0,0,0
290387,1,1,1984,4,4,4,4,4,4,4,4,4,4
290387,2,1,1984,20,24,23,22,16,21,4,7,10,13
290388,1,1,1984,27,13,18,19,22,9,22,29,0,3
290389,1,1,1984,16,15,0,17,16,0,0,0,16,40
290390,1,1,1984,0,0,0,9,17,0,22,0,3,0
290390,2,1,1984,0,0,0,21,0,13,0,0,0,0
290391,1,1,1984,0,0,0,0,0,0,0,0,0,0
290391,2,1,1984,0,0,0,0,0,0,0,0,0,0
290392,1,1,1984,0,0,0,0,0,0,0,0,0,0
290392,2,1,1984,0,0,0,0,0,0,0,0,9,12
290393,1,1,1984,0,0,0,0,0,0,0,0,0,13
290393,2,1,1984,0,0,0,0,38,0,0,0,0,21
290394,0,1,1984,0,0,0,0,0,0,0,0,0,0
290394,1,1,1984,0,0,0,0,0,0,0,0,20,0
290395,1,1,1984,0,0,0,0,0,0,0,0,0,0
290396,1,1,1984,0,0,0,32,0,0,0,0,12,0
290396,2,1,1984,20,20,20,20,20,20,20,20,20,20
290397,0,1,1984,0,0,0,0,0,0,0,0,0,0
290397,1,1,1984,0,0,0,0,0,10,0,0,0,0
290398,1,1,1984,0,12,0,0,0,0,0,0,0,0
290398,2,1,1984,0,0,0,0,0,0,0,0,0,22
290399,1,1,1984,0,0,0,0,0,0,0,0,0,0
290399,2,1,1984,0,0,0,0,0,0,0,0,0,0
290399,3,1,1984,0,0,0,0,0,0,0,0,0,0
290400,1,1,1984,22,22,22,22,22,22,22,22,22,22
290401,1,1,1984,0,0,0,0,0,0,0,0,0,0
290402,1,1,1984,22,28,26,26,18,36,0,5,23,7
290403,0,1,1984,0,0,4,0,0,0,0,0,0,0
290403,1,1,1984,0,0,15,0,0,0,0,0,0,0
290404,1,1,1984,32,32,32,32,32,32,32,32,32,32
290404,2,1,1984,0,0,24,0,3,0,0,19,0,0
290405,0,1,1984,0,0,24,0,0,10,0,0,0,0
290405,1,1,1984,0,0,0,0,0,0,0,0,0,0
290406,1,1,1984,20,20,20,20,20,20,20,20,20,20
290407,1,1,1984,13,12,20,0,17,0,6,0,0,0
290408,1,1,1984,0,0,0,0,0,0,0,0,0,0
290408,2,1,1984,0,0,0,0,0,0,0,0,0,0
290409,1,1,1984,22,4,14,16,26,10,30,23,12,30
290410,1,1,1984,0,0,0,0,0,0,0,0,0,0
290410,2,1,1984,12,0,10,0,0,0,0,0,0,19
290411,1,1,1984,25,0,0,0,0,0,0,0,31,0
290411,2,1,1984,0,0,0,0,0,0,0,0,0,0
290412,1,1,1984,0,0,0,0,0,0,16,0,0,0
290413,1,1,1984,20,10,14,9,15,22,28,0,0,16
290414,1,1,1984,0,0,0,0,0,0,0,0,0,0
290415,1,1,1984,19,16,25,15,11,18,15,8,10,20
290415,2,1,1984,0,0,0,0,0,0,0,0,0,0
290416,1,1,1984,0,0,0,0,0,0,30,0,0,0
290417,1,1,1984,0,0,0,0,0,0,0,0,0,0
290417,2,1,1984,0,0,0,0,0,0,0,0,0,0
290418,0,1,1984,36,22,47,0,0,0,0,21,26,26
290418,1,1,1984,15,17,32,16,0,0,0,21,0,0
290419,1,1,1984,0,0,0,0,4,0,0,0,0,0
290420,1,1,1984,24,24,24,24,24,24,24,24,24,24
290421,1,1,1984,0,32,0,13,0,0,0,0,18,0
290422,1,1,1984,0,0,0,0,0,0,0,0,0,0
290422,2,1,1984,18,18,18,18,18,18,18,18,18,18
290423,1,1,1984,16,16,32,32,28,47,8,23,10,22
290424,1,1,1984,0,0,0,0,0,0,0,0,0,0
290425,1,1,1984,0,0,0,0,11,0,0,0,0,0
290426,1,1,1984,0,0,0,0,0,0,0,0,0,0
290427,1,1,1984,0,0,0,0,0,0,0,0,0,0
290427,2,1,1984,0,0,0,0,0,0,0,0,0,0
290428,1,1,1984,14,0,0,0,0,0,0,0,0,0
290429,1,1,1984,0,0,0,0,7,18,0,0,0,0
290430,1,1,1984,0,12,0,0,0,0,0,0,0,0
290430,2,1,1984,0,0,0,0,0,0,0,0,0,0
290431,1,1,1984,20,20,11,17,9,0,13,9,15,15
290432,1,1,1984,0,0,0,0,0,0,0,0,0,0
290433,1,1,1984,5,8,11,4,10,8,6,16,7,13
290433,2,1,1984,8,8,8,8,8,8,8,8,8,8
290434,1,1,1984,9,15,19,12,10,19,15,0,8,26
290435,1,1,1984,14,14,14,14,14,14,14,14,14,14
290435,2,1,1984,0,0,0,0,0,0,0,0,0,0
290436,1,1,1984,18,18,18,18,18,18,18,18,18,18
290437,1,1,1984,21,21,21,21,21,21,21,21,21,21
290438,1,1,1984,0,0,0,0,0,0,8,10,0,0
290438,2,1,1984,0,0,12,0,0,0,0,0,0,0
290439,1,1,1984,4,4,4,4,4,4,4,4,4,4
290440,0,1,1984,0,0,0,0,0,0,0,0,0,0
290440,1,1,1984,0,0,0,0,0,0,0,0,0,0
290441,1,1,1984,0,0,0,15,13,0,0,0,12,0
290442,1,1,1984,16,16,16,16,16,16,16,16,16,16
290443,1,1,1984,0,15,4,21,22,12,9,15,0,12
290443,2,1,1984,0,1,0,0,0,0,0,0,0,0
290444,1,1,1984,36,4,9,14,23,13,0,40,0,21
290445,1,1,1984,0,0,0,0,0,0,0,0,0,0
290445,2,1,1984,0,0,0,0,0,13,0,0,0,0
290446,1,1,1984,20,0,0,9,30,25,0,38,21,19
290447,1,1,1984,0,0,0,0,0,0,0,22,0,0
290447,2,1,1984,0,0,0,9,0,0,0,0,0,0
290448,1,1,1984,15,0,15,0,19,7,6,23,0,23
290448,2,1,1984,0,0,0,0,8,0,0,5,0,0
290449,1,1,1984,0,0,0,0,0,0,0,0,0,0
290449,2,1,1984,0,0,0,0,0,0,0,0,0,20
290450,1,1,1984,0,0,0,0,0,0,0,0,0,0
290450,2,1,1984,18,10,15,0,0,0,7,0,0,0
290450,3,1,1984,0,0,0,0,0,0,0,0,0,0
290451,1,1,1984,6,0,0,0,0,0,0,0,0,0
290452,1,1,1984,14,14,14,14,14,14,14,14,14,14
290453,1,1,1984,10,0,0,0,19,16,0,16,28,15
290454,1,1,1984,9,0,15,0,0,0,0,0,0,0
290454,2,1,1984,0,0,0,0,0,0,0,0,0,0
290455,1,1,1984,0,0,0,0,0,0,0,0,0,0
290455,2,1,1984,0,0,0,0,0,0,0,13,0,9
290456,1,1,1984,0,0,19,0,0,12,0,0,17,0
290457,1,1,1984,0,0,0,0,0,0,0,0,0,0
290457,2,1,1984,0,0,0,0,0,0,21,11,0,0
290458,1,1,1984,0,0,15,0,0,19,0,9,21,0
290459,1,1,1984,0,0,0,0,0,0,13,0,0,0
290460,0,1,1984,14,14,14,14,14,14,14,14,14,14
290460,1,1,1984,0,27,0,0,9,25,0,0,0,0
290460,2,1,1984,0,0,0,0,21,0,12,0,0,0
290460,3,1,1984,0,0,0,0,0,0,0,0,0,4
290460,4,1,1984,0,0,0,0,0,0,0,0,0,0
290460,5,1,1984,0,0,0,0,0,0,0,0,0,0
290461,1,1,1984,0,15,16,10,29,9,22,25,0,28
290461,2,1,1984,0,0,0,0,0,0,0,0,0,0
290462,1,1,1984,0,0,14,0,0,5,0,0,0,0
290462,2,1,1984,0,14,0,0,0,0,0,0,0,0
290463,1,1,1984,0,0,13,0,17,0,0,0,0,0
290464,1,1,1984,0,0,0,0,0,0,0,0,0,0
290465,0,1,1984,25,25,25,25,25,25,25,25,25,25
290465,1,1,1984,0,0,0,0,0,0,0,0,0,0
290466,1,1,1984,0,0,0,0,0,0,0,0,0,0
290466,2,1,1984,0,0,12,0,5,0,0,0,0,0
290467,1,1,1984,0,0,0,0,0,0,0,0,0,0
290467,2,1,1984,9,0,0,0,0,0,0,0,20,0
290468,1,1,1984,0,0,8,0,0,0,0,0,15,0
290468,2,1,1984,0,0,0,0,0,11,0,0,0,0
290469,1,1,1984,33,33,33,33,33,33,33,33,33,33
290470,1,1,1984,14,11,0,24,0,13,0,0,8,0
290471,1,1,1984,0,0,0,0,0,0,0,0,0,0
290471,2,1,1984,0,0,0,0,0,0,0,0,0,0
290471,3,1,1984,0,0,0,0,0,0,0,0,0,0
290472,1,1,1984,6,6,6,6,6,6,6,6,6,6
290473,1,1,1984,6,6,6,6,6,6,6,6,6,6
290473,2,1,1984,0,0,0,0,0,0,0,0,0,0
290474,1,1,1984,10,12,22,21,0,14,7,29,22,14
290474,2,1,1984,9,0,0,0,0,0,0,0,12,0
290475,1,1,1984,0,0,0,0,0,0,0,0,0,0
290476,1,1,1984,18,18,18,18,18,18,18,18,18,18
290477,1,1,1984,0,0,0,0,0,0,0,0,0,0
290477,2,1,1984,0,0,0,0,0,0,0,0,15,0
290478,1,1,1984,0,0,38,0,0,0,0,25,0,0
290479,1,1,1984,11,11,11,11,11,11,11,11,11,11
290479,2,1,1984,0,0,0,0,0,0,0,0,0,0
290480,1,1,1984,0,0,0,0,0,0,0,0,0,0
290481,1,1,1984,0,0,0,0,0,0,0,0,0,0
290481,2,1,1984,0,0,31,0,0,0,0,0,0,0
290482,1,1,1984,0,0,0,19,0,0,0,0,0,0
290483,1,1,1984,0,0,0,0,0,0,5,0,0,0
290483,2,1,1984,11,11,11,11,11,11,11,11,11,11
290484,1,1,1984,0,0,0,0,0,0,0,0,0,0
290485,1,1,1984,0,0,0,0,0,0,0,0,0,19
290486,1,1,1984,14,14,14,14,14,14,14,14,14,14
290487,0,1,1984,0,0,0,0,0,0,0,24,0,0
290487,1,1,1984,0,0,0,0,0,0,0,0,7,0
290488,0,1,1984,34,15,0,26,16,0,31,0,0,0
290488,1,1,1984,8,0,0,0,0,13,0,0,0,0
290489,1,1,1984,0,0,0,0,0,0,0,0,29,0
290490,1,1,1984,14,14,14,14,14,14,14,14,14,14
290491,1,1,1984,15,0,0,0,0,13,0,0,0,0
290492,1,1,1984,13,23,0,21,19,0,18,20,0,0
290493,1,1,1984,12,12,12,12,12,12,12,12,12,12
290494,1,1,1984,5,0,0,0,0,0,0,0,0,0
290495,1,1,1984,0,0,0,0,0,19,0,0,0,0
290496,1,1,1984,0,30,12,25,18,26,15,6,17,17
290496,2,1,1984,8,13,19,0,6,0,0,0,6,22
290497,1,1,1984,8,0,18,0,0,0,0,0,0,0
290497,2,1,1984,0,0,0,0,0,0,0,0,0,0
290498,1,1,1984,22,22,22,22,22,22,22,22,22,22
290499,1,1,1984,15,22,12,15,11,0,13,0,0,19
290500,1,1,1984,19,19,19,19,19,19,19,19,19,19
290501,1,1,1984,15,0,0,20,0,0,0,0,0,20
290501,2,1,1984,15,0,0,0,0,0,0,0,0,0
290502,1,1,1984,0,0,0,0,0,0,0,0,0,0
290502,2,1,1984,0,0,0,0,0,0,0,0,0,0
290503,1,1,1984,0,0,0,0,0,0,0,0,0,0
290503,2,1,1984,21,8,0,8,0,4,0,16,13,12
290504,1,1,1984,16,16,16,16,16,16,16,16,16,16
290504,2,1,1984,0,0,0,0,0,0,0,0,7,0
290505,1,1,1984,23,23,23,23,23,23,23,23,23,23
290506,1,1,1984,0,0,0,0,0,0,0,0,0,0
290507,1,1,1984,0,0,0,0,0,0,0,0,0,0
290508,1,1,1984,0,0,0,0,0,0,0,0,0,0
290508,2,1,1984,0,0,0,0,0,0,0,0,0,0
290509,1,1,1984,0,0,0,0,0,0,0,0,9,0
290510,1,1,1984,0,0,0,0,0,0,26,0,0,20
290511,1,1,1984,0,0,0,0,0,0,0,0,18,0
290511,2,1,1984,21,0,26,0,0,19,0,0,0,14
290512,1,1,1984,0,0,0,20,0,0,16,0,0,0
290512,2,1,1984,0,0,0,0,8,0,0,25,0,0
290513,1,1,1984,0,0,0,0,0,0,0,0,0,0
290513,2,1,1984,0,0,13,0,0,0,0,0,0,0
290514,1,1,1984,20,20,20,20,20,20,20,20,20,20
290515,1,1,1984,12,16,32,0,23,4,13,10,4,14
290516,1,1,1984,12,16,15,32,15,13,23,0,17,28
290517,1,1,1984,0,0,0,0,0,0,0,0,19,0
290517,2,1,1984,0,0,0,0,0,0,0,0,0,0
290518,1,1,1984,24,13,22,13,8,15,12,21,21,10
290519,1,1,1984,5,5,5,5,5,5,5,5,5,5
290520,1,1,1984,0,0,0,0,0,0,0,0,0,0
290521,1,1,1984,0,0,0,0,0,0,0,0,0,0
290521,2,1,1984,0,0,0,0,0,0,0,0,0,0
290522,1,1,1984,0,0,17,15,22,6,10,9,20,12
290522,2,1,1984,0,0,0,0,0,0,0,0,0,0
290523,1,1,1984,0,18,0,0,0,2,0,0,0,18
290524,1,1,1984,19,19,19,19,19,19,19,19,19,19
290525,1,1,1984,0,0,0,0,0,0,0,0,0,0
290525,2,1,1984,0,0,0,0,0,0,0,0,25,0
290525,3,1,1984,0,0,0,0,0,0,0,0,0,0
290526,0,1,1984,0,0,0,0,0,0,0,0,0,0
290526,1,1,1984,13,0,17,0,0,0,0,0,0,0
290527,1,1,1984,18,18,18,18,18,18,18,18,18,18
290528,1,1,1984,18,18,18,18,18,18,18,18,18,18
290528,2,1,1984,0,0,0,0,0,0,0,0,0,0
290529,1,1,1984,5,5,5,5,5,5,5,5,5,5
290530,1,1,1984,13,13,13,13,13,13,13,13,13,13
290531,0,1,1984,0,0,0,0,9,0,21,17,16,6
290531,1,1,1984,0,0,0,0,0,8,0,0,6,0
290531,2,1,1984,0,0,0,0,0,0,0,9,0,13
290532,1,1,1984,20,0,0,0,23,0,0,23,0,0
290533,0,1,1984,0,0,22,9,24,0,0,0,9,0
290533,1,1,1984,0,0,0,0,0,0,0,0,0,0
290534,1,1,1984,0,0,0,0,0,0,16,0,0,0
290535,1,1,1984,0,13,17,22,13,0,0,0,16,36
290536,1,1,1984,0,0,0,0,0,0,0,0,0,0
290536,2,1,1984,0,0,0,0,0,0,0,0,0,0
290537,0,1,1984,22,0,0,10,0,0,0,17,0,0
290537,1,1,1984,0,21,0,0,0,9,11,0,0,0
290538,1,1,1984,0,0,0,0,0,0,0,0,0,0
290538,2,1,1984,0,0,0,0,0,0,0,0,0,0
290539,0,1,1984,0,0,0,39,0,0,0,0,0,0
290539,1,1,1984,0,0,0,0,0,0,0,0,0,0
290540,0,1,1984,0,0,0,0,10,0,4,0,0,0
290540,1,1,1984,16,24,18,20,27,9,19,15,26,28
290541,1,1,1984,6,6,6,6,6,6,6,6,6,6
290541,2,1,1984,0,0,0,0,0,0,0,0,10,0
290542,1,1,1984,0,0,0,0,0,0,0,0,0,0
290542,2,1,1984,0,0,0,0,0,0,9,0,0,0
290543,1,1,1984,22,22,22,22,22,22,22,22,22,22
290544,1,1,1984,0,0,0,0,11,0,0,18,0,0
290544,2,1,1984,0,0,0,0,0,0,0,0,0,0
290545,1,1,1984,25,25,25,25,25,25,25,25,25,25
290546,1,1,1984,3,3,3,3,3,3,3,3,3,3
290547,1,1,1984,14,0,16,0,0,12,0,0,0,0
290548,1,1,1984,22,23,0,16,0,7,0,25,0,0
290549,1,1,1984,21,21,21,21,21,21,21,21,21,21
290550,1,1,1984,0,0,0,0,0,0,0,0,0,14
290550,2,1,1984,0,15,0,32,0,0,0,3,0,18
290551,1,1,1984,0,0,0,0,0,0,0,0,0,0
290551,2,1,1984,0,0,0,0,0,0,0,12,0,0