ST_CASE,VEH_NO,PER_NO,YEAR,P1,P2,P3,P4,P5,P6,P7,P8,P9,P10
290551,3,1,1984,0,0,0,0,0,0,0,0,0,0
290552,1,1,1984,15,17,5,0,31,22,11,0,12,0
290552,2,1,1984,0,0,0,0,0,0,0,0,0,0
290553,1,1,1984,0,0,0,0,0,10,0,12,0,9
290553,2,1,1984,0,0,0,0,0,0,0,0,0,0
290554,1,1,1984,0,0,0,0,0,0,0,0,0,0
290554,2,1,1984,0,0,0,0,0,0,0,0,0,0
290555,1,1,1984,5,0,0,0,0,0,0,0,0,4
290555,2,1,1984,13,0,12,0,0,11,0,0,0,0
290555,3,1,1984,0,0,15,22,0,0,0,0,0,0
290555,4,1,1984,0,0,0,0,0,0,0,0,0,0
290556,1,1,1984,0,0,0,0,0,0,0,0,0,0
290556,2,1,1984,0,0,0,0,0,0,0,0,0,0
290557,1,1,1984,11,11,11,11,11,11,11,11,11,11
290558,1,1,1984,9,3,18,9,0,24,16,11,15,9
290558,2,1,1984,19,3,8,9,7,18,6,14,17,5
290559,1,1,1984,10,0,20,0,0,0,0,0,0,0
290560,1,1,1984,0,0,0,0,0,0,0,0,7,0
290560,2,1,1984,0,0,0,0,0,0,0,0,0,8
290561,1,1,1984,10,10,10,10,10,10,10,10,10,10
290562,1,1,1984,7,0,30,16,18,12,17,18,21,25
290563,1,1,1984,15,15,15,15,15,15,15,15,15,15
290564,1,1,1984,0,0,0,0,0,0,0,0,0,0
290564,2,1,1984,0,0,0,0,0,0,0,0,0,0
290565,1,1,1984,0,0,0,0,0,0,0,0,0,0
290565,2,1,1984,0,0,0,0,0,0,0,0,0,0
290566,1,1,1984,0,0,0,0,0,0,0,0,0,0
290566,2,1,1984,0,0,0,0,0,0,0,0,0,0
290567,1,1,1984,0,0,26,0,0,0,0,0,0,0
290568,1,1,1984,0,25,0,0,0,14,0,0,0,0
290569,1,1,1984,0,0,0,14,0,0,0,25,0,0
290570,1,1,1984,0,34,0,0,0,0,10,0,0,0
290570,2,1,1984,0,0,0,0,0,0,26,0,0,0
290571,1,1,1984,0,0,0,0,0,0,0,0,0,0
290571,2,1,1984,0,0,0,0,0,0,0,0,0,0
290572,1,1,1984,0,0,0,0,0,0,0,0,0,0
290573,1,1,1984,0,0,0,0,0,0,0,0,0,0
290573,2,1,1984,0,0,0,0,0,0,0,0,0,0
290574,0,1,1984,11,0,9,4,27,0,19,12,0,0
290574,1,1,1984,8,13,13,21,5,16,21,20,8,17
290575,1,1,1984,0,0,0,0,0,0,0,0,0,0
290576,1,1,1984,15,10,18,17,19,17,15,16,10,22
290576,2,1,1984,0,0,0,0,0,0,0,0,0,0
290576,3,1,1984,0,0,0,0,0,0,0,0,0,0
290577,1,1,1984,0,0,0,0,0,0,0,0,0,0
290577,2,1,1984,0,0,0,11,0,0,10,0,0,0
290578,1,1,1984,0,0,0,0,0,0,0,0,5,9
290578,2,1,1984,0,0,0,0,0,0,0,0,0,0
290579,1,1,1984,18,0,18,30,0,12,0,0,0,0
290580,1,1,1984,0,0,0,0,0,0,0,0,0,0
290580,2,1,1984,0,0,0,0,0,0,0,0,0,0
290581,1,1,1984,0,0,0,0,0,0,0,0,0,0
290581,2,1,1984,0,0,0,0,0,0,0,0,0,4
290582,1,1,1984,0,0,0,0,0,0,0,0,0,0
290582,2,1,1984,15,15,15,15,15,15,15,15,15,15
290583,1,1,1984,19,19,19,19,19,19,19,19,19,19
290584,1,1,1984,16,23,15,26,0,9,14,14,17,16
290585,1,1,1984,0,8,32,0,0,11,14,0,0,0
290586,1,1,1984,14,14,14,14,14,14,14,14,14,14
290586,2,1,1984,0,0,0,0,0,0,0,0,22,0
290587,1,1,1984,21,21,21,21,21,21,21,21,21,21
290588,1,1,1984,0,0,0,0,0,0,0,0,0,0
290588,2,1,1984,0,0,0,0,0,0,0,18,0,0
290589,0,1,1984,0,0,0,0,0,0,0,0,0,0
290589,1,1,1984,21,0,0,0,12,16,0,0,0,0
290590,1,1,1984,0,24,0,0,0,4,0,0,0,0
290591,1,1,1984,16,20,16,15,12,0,0,18,17,23
290592,1,1,1984,5,0,27,0,19,7,0,0,25,0
290592,2,1,1984,0,0,0,0,0,0,0,0,0,0
290593,1,1,1984,0,0,0,0,0,0,0,0,0,0
290593,2,1,1984,0,0,0,0,0,0,0,0,0,0
290594,0,1,1984,0,0,0,0,0,0,0,0,0,0
290594,1,1,1984,19,19,23,0,0,0,0,0,9,13
290595,1,1,1984,12,12,12,12,12,12,12,12,12,12
290595,2,1,1984,8,8,8,8,8,8,8,8,8,8
290596,1,1,1984,22,5,6,0,33,16,20,8,0,12
290596,2,1,1984,0,0,0,0,0,0,0,0,0,0
290597,1,1,1984,0,0,0,0,0,0,0,0,0,0
290597,2,1,1984,0,0,0,0,0,0,0,0,0,0
290598,1,1,1984,0,0,0,0,0,30,0,0,0,0
290599,1,1,1984,24,0,22,0,0,0,32,0,0,0
290600,1,1,1984,0,0,0,0,0,0,0,0,0,0
290601,1,1,1984,0,0,0,0,0,0,0,0,0,0
290601,2,1,1984,20,11,0,14,0,0,0,0,27,14
290601,3,1,1984,0,0,0,0,0,0,0,0,0,0
290602,1,1,1984,0,0,12,0,0,5,0,0,0,0
290602,2,1,1984,0,0,0,0,0,0,0,0,0,0
290603,1,1,1984,22,22,22,22,22,22,22,22,22,22
290604,0,1,1984,36,36,36,36,36,36,36,36,36,36
290604,1,1,1984,0,0,0,0,0,0,0,0,0,0
290605,1,1,1984,0,0,0,0,0,0,0,0,28,0
290605,2,1,1984,0,0,0,0,0,0,0,0,0,0
290606,1,1,1984,12,0,0,0,0,12,0,0,0,0
290606,2,1,1984,0,0,0,0,0,0,0,0,0,0
290607,1,1,1984,18,0,0,16,0,0,0,21,0,0
290608,1,1,1984,0,0,10,0,0,0,0,0,13,0
290608,2,1,1984,0,0,0,0,0,0,0,0,0,0
290609,0,1,1984,15,0,0,0,0,0,0,0,0,0
290609,1,1,1984,0,0,0,0,8,0,0,19,0,0
290610,1,1,1984,41,41,41,41,41,41,41,41,41,41
290611,1,1,1984,0,0,0,0,0,0,0,0,0,0
290612,0,1,1984,0,0,0,0,0,0,0,0,0,0
290612,1,1,1984,0,0,0,0,0,0,0,0,0,0
290613,1,1,1984,0,0,11,0,0,0,0,0,0,32
290614,1,1,1984,15,15,15,15,15,15,15,15,15,15
290615,1,1,1984,0,0,0,0,0,0,0,13,0,0
290616,1,1,1984,16,26,0,13,15,0,16,31,18,15
290616,2,1,1984,0,0,0,0,0,0,0,0,0,0
290617,1,1,1984,0,0,0,0,0,0,0,0,0,0
290618,1,1,1984,0,11,7,11,8,4,15,13,18,7
290618,2,1,1984,0,12,15,16,8,16,8,14,23,13
290619,1,1,1984,9,9,9,9,9,9,9,9,9,9
290620,1,1,1984,0,0,0,0,16,0,0,0,0,0
290620,2,1,1984,0,0,0,0,0,0,0,0,0,0
290621,1,1,1984,0,0,0,0,0,0,0,0,16,0
290622,0,1,1984,0,0,0,0,0,0,38,0,0,16
290622,1,1,1984,0,0,0,0,0,0,0,0,0,0
290623,0,1,1984,0,0,0,0,0,0,0,0,0,0
290623,1,1,1984,0,0,0,0,0,0,0,0,0,0
290624,0,1,1984,34,34,34,34,34,34,34,34,34,34
290624,1,1,1984,21,11,0,12,0,0,12,0,0,4
290625,1,1,1984,0,15,0,0,0,0,0,0,0,0
290625,2,1,1984,22,22,22,22,22,22,22,22,22,22
290626,0,1,1984,0,0,0,0,0,0,0,0,0,0
290626,0,2,1984,11,23,12,21,27,14,11,22,10,5
290626,0,3,1984,0,0,0,18,0,0,0,0,0,0
290626,0,4,1984,7,5,8,0,15,12,11,28,27,0
290626,1,1,1984,16,22,10,13,7,18,17,11,11,8
290627,1,1,1984,16,16,16,16,16,16,16,16,16,16
290628,1,1,1984,0,0,0,0,0,0,0,0,0,0
290628,2,1,1984,0,0,0,0,0,0,0,0,0,0
290629,1,1,1984,0,0,0,0,0,0,0,0,0,0
290629,2,1,1984,0,0,0,0,13,0,0,0,0,0
290630,1,1,1984,0,0,0,0,0,0,0,0,21,12
290631,1,1,1984,0,0,0,0,0,0,0,0,0,0
290632,1,1,1984,11,0,22,12,16,0,26,0,19,11
290633,1,1,1984,0,25,0,14,10,32,0,0,0,15
290634,0,1,1984,0,0,0,4,0,0,0,0,0,0
290634,1,1,1984,8,0,0,0,0,17,0,0,0,0
290635,1,1,1984,26,0,21,29,33,28,0,0,17,0
290636,0,1,1984,0,0,0,0,0,0,0,0,0,0
290636,1,1,1984,0,0,0,0,0,0,0,0,0,0
290637,1,1,1984,37,37,37,37,37,37,37,37,37,37
290638,1,1,1984,0,0,0,0,0,0,0,0,0,0
290638,2,1,1984,0,0,0,0,0,0,0,0,0,0
290639,1,1,1984,0,26,0,32,0,11,0,26,13,15
290640,1,1,1984,37,4,18,10,7,11,6,17,6,4
290640,2,1,1984,0,7,0,0,0,0,0,0,0,0
290641,1,1,1984,0,0,0,0,0,0,0,0,0,0
290641,2,1,1984,0,0,0,0,0,0,0,0,0,0
290642,1,1,1984,0,0,0,0,0,0,0,0,0,0
290642,2,1,1984,37,0,0,0,0,0,0,0,7,0
290643,1,1,1984,21,35,5,15,9,8,11,13,7,18
290644,1,1,1984,8,8,8,8,8,8,8,8,8,8
290644,2,1,1984,2,2,2,2,2,2,2,2,2,2
290645,1,1,1984,0,0,0,0,0,0,0,0,0,0
290645,2,1,1984,0,21,0,0,24,0,0,0,0,0
290646,1,1,1984,16,0,28,20,0,16,13,18,0,0
290647,1,1,1984,0,21,0,27,0,19,24,35,9,0
290647,2,1,1984,0,0,0,0,0,0,42,0,0,0
290648,0,1,1984,0,0,0,0,0,0,0,0,0,0
290648,1,1,1984,0,19,0,0,28,0,0,0,0,0
290649,1,1,1984,8,8,8,8,8,8,8,8,8,8
290650,1,1,1984,10,0,12,0,0,0,0,0,0,11
290651,1,1,1984,0,0,0,0,0,0,0,0,0,0
290651,2,1,1984,0,0,0,0,0,0,0,0,0,0
290652,1,1,1984,11,23,6,14,16,10,21,0,5,14
290652,2,1,1984,0,0,0,0,0,0,0,0,0,0
290653,0,1,1984,29,29,29,29,29,29,29,29,29,29
290653,1,1,1984,0,22,0,0,0,0,0,0,0,0
290654,1,1,1984,25,25,25,25,25,25,25,25,25,25
290655,1,1,1984,0,0,0,0,0,5,0,0,0,0
290655,2,1,1984,0,0,0,0,0,0,0,0,0,0
290656,1,1,1984,0,0,0,0,0,0,0,0,0,11
290656,2,1,1984,0,0,0,0,0,0,0,0,0,0
290657,1,1,1984,0,0,0,0,0,0,0,0,0,0
290657,2,1,1984,0,0,0,19,0,0,0,0,0,0
290658,1,1,1984,16,16,16,16,16,16,16,16,16,16
290659,0,1,1984,0,0,0,0,0,0,0,0,0,0
290659,1,1,1984,0,0,0,0,0,0,0,14,0,0
290660,1,1,1984,0,0,0,0,0,0,0,0,0,0
290660,2,1,1984,0,0,0,0,0,0,0,0,0,0
290661,1,1,1984,0,0,0,7,0,0,0,0,0,0
290661,2,1,1984,0,0,0,0,0,0,0,0,0,0
290662,0,1,1984,0,0,0,0,0,0,0,26,0,0
290662,1,1,1984,0,0,0,0,0,0,0,0,6,0
290663,1,1,1984,22,22,22,22,22,22,22,22,22,22
290664,1,1,1984,20,6,15,14,10,39,14,8,9,0
290665,1,1,1984,0,0,0,0,0,0,0,0,0,0
290665,2,1,1984,0,0,6,0,0,0,0,0,0,14
290666,1,1,1984,0,9,0,0,0,0,0,0,0,0
290667,0,1,1984,0,0,0,0,0,9,0,0,0,0
290667,0,2,1984,10,0,0,0,12,0,0,0,11,0
290667,1,1,1984,14,19,2,0,22,23,9,0,0,6
290668,1,1,1984,7,0,0,0,0,0,0,0,0,9
290668,2,1,1984,0,0,0,0,0,0,0,0,0,0
290669,1,1,1984,15,15,15,15,15,15,15,15,15,15
290670,1,1,1984,30,0,0,0,0,0,0,0,0,0
290670,2,1,1984,0,0,0,0,0,0,0,0,0,0
290671,1,1,1984,0,0,0,0,0,0,0,26,0,0
290671,2,1,1984,0,0,0,0,0,0,0,0,0,0
290672,1,1,1984,10,19,0,0,0,0,0,0,0,0
290672,2,1,1984,0,0,0,0,0,0,0,0,0,0
290673,0,1,1984,0,0,0,0,22,0,0,0,0,0
290673,1,1,1984,0,0,0,0,0,16,14,28,0,16
290673,2,1,1984,0,0,0,0,0,0,0,0,0,0
290674,1,1,1984,0,0,0,0,0,0,0,0,0,0
290674,2,1,1984,0,0,0,21,0,0,0,0,0,0
290675,1,1,1984,0,0,0,16,0,0,0,0,3,0
290676,1,1,1984,0,15,15,10,27,26,20,23,0,19
290677,1,1,1984,0,0,0,0,20,0,0,0,0,0
290677,2,1,1984,0,0,0,0,0,0,0,0,0,0
290678,1,1,1984,13,23,18,20,14,15,0,10,12,20
290678,2,1,1984,0,27,0,0,0,0,0,37,0,0
290680,0,1,1984,25,25,25,25,25,25,25,25,25,25
290680,1,1,1984,0,0,41,0,0,0,0,11,0,0
290681,1,1,1984,0,0,0,0,0,0,22,0,0,22
290682,1,1,1984,0,0,0,0,0,0,0,0,0,14
290682,2,1,1984,0,0,0,0,0,0,0,0,0,0
290683,1,1,1984,0,0,0,0,0,0,0,0,0,0
290684,0,1,1984,17,0,0,0,0,9,0,35,0,16
290684,1,1,1984,0,13,0,0,0,11,0,0,0,6
290685,0,1,1984,11,11,11,11,11,11,11,11,11,11
290685,1,1,1984,13,0,29,31,15,14,29,28,14,6
290686,1,1,1984,0,0,0,0,0,0,0,0,0,0
290687,1,1,1984,12,12,12,12,12,12,12,12,12,12
290688,1,1,1984,11,11,16,0,18,24,0,17,10,12
290689,1,1,1984,24,24,24,24,24,24,24,24,24,24
290690,1,1,1984,0,0,0,0,0,0,0,0,0,0
290690,2,1,1984,0,0,0,0,0,0,0,0,0,0
290691,1,1,1984,0,0,0,0,0,0,0,0,0,4
290691,2,1,1984,0,0,0,0,0,0,0,0,0,0
290692,1,1,1984,0,0,0,0,0,22,0,0,0,0
290692,2,1,1984,0,0,0,0,0,0,22,26,0,0
290693,1,1,1984,0,0,0,0,5,0,0,0,0,0
290693,2,1,1984,0,0,0,0,11,0,0,0,0,0
290694,1,1,1984,0,0,0,0,22,0,0,0,0,0
290695,0,1,1984,9,0,0,16,0,5,0,0,0,0
290695,1,1,1984,11,5,21,6,14,14,14,15,18,13
290696,1,1,1984,23,23,23,23,23,23,23,23,23,23
290696,2,1,1984,0,6,0,0,6,0,0,0,0,0
290697,1,1,1984,0,0,25,0,0,0,0,0,0,0
290697,2,1,1984,16,0,0,0,0,0,0,0,0,0
290698,1,1,1984,0,0,0,6,0,3,0,0,0,0
290698,2,1,1984,13,0,0,21,0,0,0,0,0,0
290699,1,1,1984,0,0,0,0,0,0,15,0,0,0
290699,2,1,1984,0,0,0,0,0,31,0,0,18,0
290700,1,1,1984,24,24,24,24,24,24,24,24,24,24
290701,0,1,1984,0,0,0,0,0,0,0,0,0,0
290701,1,1,1984,0,0,0,0,0,25,0,0,0,0
290702,1,1,1984,14,14,14,14,14,14,14,14,14,14
290702,2,1,1984,12,8,11,25,20,20,14,26,5,13
290703,1,1,1984,0,0,0,0,0,0,0,0,0,0
290704,1,1,1984,27,27,27,27,27,27,27,27,27,27
290705,1,1,1984,0,0,0,0,0,0,0,0,0,0
290707,1,1,1984,25,25,25,25,25,25,25,25,25,25
290707,2,1,1984,0,0,0,0,0,0,17,14,0,0
290708,1,1,1984,9,9,9,9,9,9,9,9,9,9
290709,0,1,1984,0,0,0,0,0,0,0,0,0,0
290709,1,1,1984,0,4,0,0,0,0,0,0,0,0
290709,2,1,1984,0,0,0,0,0,0,0,0,0,0
290710,1,1,1984,0,0,0,0,0,0,0,0,0,0
290710,2,1,1984,0,0,0,0,0,0,0,9,16,0
290711,1,1,1984,0,12,0,0,0,34,0,0,0,0
290711,2,1,1984,0,17,0,0,0,0,0,0,0,0
290712,1,1,1984,23,26,22,19,11,20,28,29,17,15
290713,0,1,1984,0,0,0,0,0,0,23,0,0,0
290713,1,1,1984,0,0,0,0,0,0,0,0,0,0
290714,1,1,1984,14,0,0,0,0,0,0,0,0,0
290714,2,1,1984,0,0,0,0,0,0,0,0,0,8
290715,1,1,1984,0,0,0,13,0,0,0,0,0,0
290716,1,1,1984,0,0,0,0,0,0,0,0,0,0
290717,1,1,1984,0,0,0,0,0,0,0,0,0,0
290718,1,1,1984,7,36,17,15,33,17,36,15,25,4
290719,1,1,1984,0,0,0,0,0,0,0,13,9,0
290720,1,1,1984,0,0,0,0,0,0,0,0,0,0
290721,0,1,1984,0,0,13,0,0,0,0,0,0,0
290721,1,1,1984,0,0,0,0,0,0,12,0,0,0
290722,0,1,1984,14,15,0,5,7,22,0,8,0,23
290722,1,1,1984,15,19,0,0,11,0,26,0,4,9
290723,1,1,1984,0,22,0,0,0,0,0,0,0,0
290724,1,1,1984,0,0,0,0,0,0,0,0,0,0
290724,2,1,1984,7,0,22,0,0,0,0,0,0,0
290725,1,1,1984,3,3,3,3,3,3,3,3,3,3
290725,2,1,1984,0,0,0,16,0,0,0,0,0,0
290726,1,1,1984,0,0,0,0,0,0,0,0,0,0
290726,2,1,1984,0,0,0,0,0,0,0,0,0,0
290727,1,1,1984,21,17,4,25,16,8,22,0,13,21
290727,2,1,1984,0,13,0,0,0,0,0,0,0,0
290728,1,1,1984,0,16,0,9,8,0,0,0,0,0
290729,1,1,1984,26,26,26,26,26,26,26,26,26,26
290729,2,1,1984,0,15,0,0,27,2,0,0,0,0
290730,1,1,1984,10,0,8,26,0,0,8,0,0,8
290731,1,1,1984,0,0,0,0,0,0,0,0,0,0
290732,1,1,1984,14,0,15,0,25,27,25,12,8,9
290733,1,1,1984,19,19,19,19,19,19,19,19,19,19
290734,1,1,1984,1,1,1,1,1,1,1,1,1,1
290735,1,1,1984,0,0,0,0,0,0,0,0,0,30
290735,2,1,1984,0,0,0,0,0,0,0,0,0,0
290736,1,1,1984,12,0,0,0,0,0,0,16,0,0
290736,2,1,1984,17,26,0,16,0,0,7,0,0,0
290737,1,1,1984,35,20,11,26,3,10,18,8,8,12
290737,2,1,1984,0,0,0,0,0,0,0,0,0,0
290738,1,1,1984,0,15,0,0,26,22,0,0,28,34
290739,1,1,1984,0,0,0,0,0,0,0,0,25,0
290740,1,1,1984,26,26,26,26,26,26,26,26,26,26
290741,1,1,1984,0,0,0,0,19,0,0,0,0,15
290742,1,1,1984,0,0,0,0,0,0,0,0,0,0
290743,1,1,1984,19,0,0,14,4,11,6,10,18,3
290744,1,1,1984,34,34,34,34,34,34,34,34,34,34
290745,1,1,1984,0,0,0,0,0,0,0,0,0,0
290745,2,1,1984,0,0,0,0,0,0,0,0,0,0
290746,1,1,1984,0,0,0,0,0,0,0,0,0,0
290747,1,1,1984,0,0,0,0,0,0,0,2,0,0
290747,2,1,1984,0,0,0,0,0,0,0,0,0,0
290747,3,1,1984,0,0,0,0,0,7,0,0,8,0
290748,1,1,1984,17,17,17,17,17,17,17,17,17,17
290749,1,1,1984,0,0,0,0,0,0,0,0,0,0
290750,1,1,1984,20,20,20,20,20,20,20,20,20,20
290750,2,1,1984,0,0,0,0,0,7,0,0,0,0
290751,1,1,1984,18,0,14,0,10,0,47,0,18,18
290752,1,1,1984,18,18,18,18,18,18,18,18,18,18
290753,1,1,1984,22,8,24,21,22,2,26,19,16,18
290754,1,1,1984,0,0,0,0,0,0,0,0,0,0
290755,1,1,1984,0,0,0,0,0,0,0,0,0,0
290755,2,1,1984,0,0,0,0,0,0,0,0,0,0
290755,3,1,1984,0,0,0,0,8,0,0,0,0,0
290755,4,1,1984,0,0,0,0,0,0,0,0,0,0
290756,1,1,1984,0,0,0,0,0,0,0,0,0,0
290756,2,1,1984,0,0,0,0,0,0,0,7,0,17
290757,1,1,1984,0,0,0,0,0,0,0,0,0,0
290757,2,1,1984,0,0,0,0,0,0,0,0,0,0
290758,1,1,1984,0,0,0,0,0,0,0,0,0,0
290758,2,1,1984,0,0,0,0,0,8,0,0,0,0
290759,1,1,1984,0,0,15,0,0,20,7,0,0,0
290760,1,1,1984,12,0,0,20,0,0,21,0,0,0
290761,1,1,1984,0,0,0,0,0,0,0,0,0,0
290761,2,1,1984,0,0,0,0,0,0,0,0,0,0
290762,1,1,1984,12,0,0,15,41,21,0,16,0,0
290763,1,1,1984,0,0,0,8,0,0,0,0,0,0
290763,2,1,1984,0,7,0,0,0,0,0,0,0,0
290764,1,1,1984,0,0,0,0,0,0,0,0,0,9
290764,2,1,1984,23,23,23,23,23,23,23,23,23,23
290765,1,1,1984,0,0,0,0,0,0,20,0,0,0
290765,2,1,1984,20,20,20,20,20,20,20,20,20,20
290766,1,1,1984,0,0,0,0,0,15,0,0,0,0
290767,1,1,1984,4,4,4,4,4,4,4,4,4,4
290767,2,1,1984,0,11,0,13,0,10,0,10,20,0
290767,3,1,1984,0,0,0,13,0,25,0,0,7,12
290767,4,1,1984,0,0,0,0,0,0,0,0,0,0
290768,1,1,1984,0,0,0,0,0,0,0,0,0,0
290769,0,1,1984,8,0,0,0,21,0,27,0,0,0
290769,0,2,1984,0,3,0,0,8,0,0,9,13,24
290769,1,1,1984,0,0,0,6,0,0,12,16,5,0
290770,1,1,1984,5,5,5,5,5,5,5,5,5,5
290771,0,1,1984,8,0,0,20,13,0,17,0,0,17
290771,1,1,1984,0,0,0,0,0,0,0,0,0,0
290772,1,1,1984,0,9,0,11,0,9,0,0,12,0
290772,2,1,1984,0,0,8,0,0,0,0,0,0,0
290773,1,1,1984,0,0,0,0,0,0,0,0,0,0
290774,0,1,1984,0,0,0,0,0,0,0,14,0,37
290774,1,1,1984,0,0,0,0,0,0,0,0,0,0
290775,1,1,1984,0,0,0,0,0,0,0,0,0,0
290775,2,1,1984,0,0,0,0,0,0,0,0,0,0
290775,3,1,1984,0,0,0,24,0,0,0,0,0,0
290776,1,1,1984,0,0,25,0,0,0,0,0,0,0
290777,1,1,1984,0,0,0,0,0,0,0,0,0,0
290777,2,1,1984,0,0,0,0,0,0,0,0,0,0
290778,1,1,1984,0,0,0,0,0,0,0,0,0,0
290779,1,1,1984,12,0,0,5,0,0,0,0,0,0
290779,2,1,1984,6,6,6,6,6,6,6,6,6,6
290780,1,1,1984,0,0,0,0,11,0,0,0,26,9
290781,0,1,1984,16,16,16,16,16,16,16,16,16,16
290781,1,1,1984,0,0,0,0,0,0,0,0,0,12
290782,0,1,1984,31,15,26,0,0,0,0,21,13,0
290782,1,1,1984,0,10,0,0,0,0,27,9,15,0
290783,1,1,1984,0,0,0,0,0,0,0,0,0,0
290784,0,1,1984,0,0,0,0,0,0,0,0,0,0
290784,1,1,1984,0,0,0,0,0,0,0,0,0,0
290786,1,1,1984,0,0,5,0,0,27,0,0,0,0
290786,2,1,1984,20,0,0,0,15,0,0,0,0,0
290786,3,1,1984,17,12,14,8,11,0,15,10,14,0
290786,4,1,1984,0,0,0,0,0,0,7,0,0,0
290787,1,1,1984,8,0,0,8,17,0,0,0,0,17
290787,2,1,1984,7,0,0,0,0,0,0,0,0,0
290788,0,1,1984,0,0,0,0,0,0,0,0,0,0
290788,1,1,1984,6,0,0,15,0,25,0,0,19,0
290788,3,1,1984,0,0,0,13,0,0,0,0,0,11
290788,4,1,1984,0,5,0,0,0,0,12,0,22,0
290789,1,1,1984,0,0,0,19,0,0,23,0,0,7
290789,2,1,1984,0,0,0,20,0,0,0,0,0,0
290790,0,1,1984,0,0,0,0,0,0,0,0,0,0
290790,1,1,1984,0,0,0,0,11,0,0,0,0,0
290791,1,1,1984,14,14,14,14,14,14,14,14,14,14
290792,1,1,1984,0,0,0,12,8,15,0,11,8,22
290792,2,1,1984,0,0,0,0,0,0,0,0,12,0
290793,0,1,1984,0,0,0,0,0,0,0,0,0,0
290793,1,1,1984,21,30,23,17,36,17,15,10,21,0
290794,0,1,1984,0,0,0,0,26,0,0,0,0,0
290794,1,1,1984,0,0,0,0,0,0,0,0,0,0
290795,1,1,1984,0,0,0,0,0,0,12,18,0,0
290795,2,1,1984,10,0,7,0,0,5,9,0,0,0
290796,0,1,1984,0,0,0,0,0,0,0,0,0,0
290796,1,1,1984,10,29,17,7,14,6,18,5,21,8
290797,1,1,1984,0,0,0,0,0,0,0,0,0,0
290798,1,1,1984,0,0,0,0,0,0,0,0,8,0
290798,2,1,1984,0,0,0,8,0,0,0,0,0,0
290799,1,1,1984,12,7,5,12,0,12,0,0,0,11
290799,2,1,1984,0,0,0,0,0,0,0,0,0,0
290800,1,1,1984,10,10,10,10,10,10,10,10,10,10
290801,1,1,1984,19,19,19,19,19,19,19,19,19,19
290802,1,1,1984,15,21,3,21,6,19,13,16,14,11
290803,1,1,1984,18,18,18,18,18,18,18,18,18,18
290804,1,1,1984,0,0,36,0,0,0,0,0,0,0
290805,1,1,1984,9,9,9,9,9,9,9,9,9,9
290806,1,1,1984,17,17,17,17,17,17,17,17,17,17
290807,1,1,1984,0,0,0,0,19,0,0,26,0,17
290808,1,1,1984,20,24,22,6,0,11,28,11,21,22
290809,1,1,1984,0,0,0,0,0,0,0,0,0,6
290809,2,1,1984,0,0,0,0,0,0,0,0,0,0
290810,1,1,1984,0,0,0,0,0,5,0,0,0,0
290811,0,1,1984,16,16,16,16,16,16,16,16,16,16
290811,1,1,1984,0,14,0,0,0,0,0,0,0,0
290812,1,1,1984,0,0,0,0,0,0,0,0,0,0
290813,1,1,1984,10,11,9,15,8,10,11,19,12,12
290814,0,1,1984,25,13,17,22,22,24,15,16,0,19
290814,1,1,1984,0,0,0,0,0,0,0,0,0,0
290815,1,1,1984,0,0,0,0,0,18,0,6,14,0
290816,1,1,1984,0,0,0,0,0,0,0,0,0,0
290816,2,1,1984,0,0,0,0,0,0,0,0,0,0
290817,1,1,1984,0,0,0,0,0,9,0,0,0,0
290817,2,1,1984,0,0,0,0,0,0,0,0,0,0
290818,1,1,1984,4,0,0,0,0,0,0,0,0,0
290818,2,1,1984,0,0,24,0,0,0,0,0,0,0
290819,1,1,1984,0,0,0,0,0,0,0,0,0,0
290819,2,1,1984,18,12,13,0,9,0,8,0,0,33
290819,3,1,1984,20,8,0,0,0,0,19,0,4,23
290819,4,1,1984,20,0,18,0,0,0,0,0,0,0
290819,5,1,1984,0,0,0,0,0,0,0,0,0,0
290819,6,1,1984,0,0,0,0,0,0,0,0,0,0
290819,7,1,1984,0,0,0,0,0,0,0,0,0,0
290820,1,1,1984,0,0,0,0,0,0,0,0,0,0
290821,1,1,1984,0,0,0,0,0,0,0,0,0,0
290822,0,1,1984,0,0,0,0,0,0,0,0,0,0
290822,1,1,1984,0,13,14,0,17,4,0,0,0,0
290823,1,1,1984,0,0,0,0,14,0,0,0,0,0
290823,2,1,1984,0,0,0,0,0,0,0,4,0,11
290824,1,1,1984,0,0,0,0,0,13,0,0,0,0
290824,2,1,1984,8,18,21,15,13,15,25,20,3,14
290825,1,1,1984,0,14,0,0,0,0,0,0,0,0
290826,0,1,1984,0,0,0,0,0,0,0,0,0,0
290826,1,1,1984,0,0,0,0,0,0,0,0,0,0
290827,0,1,1984,0,0,0,0,0,0,0,0,0,0
290827,1,1,1984,0,0,0,0,6,0,0,0,0,0
290828,1,1,1984,33,30,24,39,30,31,26,17,29,28
290829,1,1,1984,0,0,0,0,0,0,0,0,0,0
290829,2,1,1984,0,0,0,0,0,0,0,0,0,0
290829,3,1,1984,0,0,0,0,0,0,0,0,0,0
290830,1,1,1984,0,0,0,0,0,0,0,0,0,0
290830,2,1,1984,10,10,10,10,10,10,10,10,10,10
290831,1,1,1984,0,0,22,0,0,0,22,0,0,0
290831,2,1,1984,17,0,0,0,0,0,0,0,0,0
290832,1,1,1984,0,0,0,5,0,0,17,0,0,0
290832,2,1,1984,8,0,0,0,0,10,17,0,0,16
290833,0,1,1984,0,0,0,0,0,0,0,0,0,21
290833,1,1,1984,0,0,0,0,0,0,0,0,0,0
290834,0,1,1984,18,40,0,0,37,0,0,9,21,0