ST_CASE,VEH_NO,PER_NO,YEAR,P1,P2,P3,P4,P5,P6,P7,P8,P9,P10
290834,1,1,1984,0,0,0,0,0,0,0,0,0,0
290835,1,1,1984,0,0,0,0,37,16,41,7,22,16
290836,1,1,1984,22,11,13,20,19,0,0,7,21,35
290837,0,1,1984,0,0,0,0,0,0,0,0,0,0
290837,1,1,1984,0,0,0,0,0,0,0,0,0,0
290838,0,1,1984,24,19,20,18,9,11,18,21,18,29
290838,1,1,1984,8,8,8,8,8,8,8,8,8,8
290839,0,1,1984,0,0,0,0,0,0,0,0,0,0
290839,1,1,1984,0,0,0,0,0,0,0,0,0,0
290840,1,1,1984,0,0,0,0,0,0,0,13,0,0
290840,2,1,1984,0,0,0,0,0,0,18,0,0,0
290841,1,1,1984,0,0,0,0,0,0,0,0,0,0
290842,0,1,1984,0,0,0,0,0,0,0,0,21,0
290842,1,1,1984,0,0,0,0,0,0,0,0,0,0
290843,0,1,1984,9,14,0,22,25,17,13,28,17,16
290843,1,1,1984,0,0,0,2,0,0,0,3,23,0
290844,1,1,1984,0,18,0,0,0,0,0,0,0,0
290844,2,1,1984,0,0,0,0,0,0,0,0,0,0
290845,1,1,1984,12,0,0,20,6,11,7,11,0,7
290845,2,1,1984,0,14,0,17,0,0,21,0,0,0
300001,0,1,1984,0,0,0,0,0,0,0,0,0,0
300001,2,1,1984,0,0,0,0,0,0,0,0,0,0
300002,1,1,1984,0,0,0,0,0,0,0,0,0,0
300002,2,1,1984,0,0,0,0,0,0,0,0,0,0
300003,1,1,1984,13,13,13,13,13,13,13,13,13,13
300004,1,1,1984,0,0,0,0,17,0,0,0,6,0
300004,2,1,1984,0,0,8,11,5,0,0,0,0,0
300005,1,1,1984,30,30,30,30,30,30,30,30,30,30
300005,2,1,1984,0,4,0,0,13,22,0,0,0,0
300006,1,1,1984,0,0,0,0,0,0,0,0,0,0
300006,2,1,1984,0,0,0,0,0,15,28,0,0,0
300007,1,1,1984,24,24,24,24,24,24,24,24,24,24
300008,1,1,1984,0,0,0,0,0,0,0,0,0,0
300009,1,1,1984,25,25,25,25,25,25,25,25,25,25
300010,1,1,1984,0,0,0,0,0,0,0,0,0,0
300010,2,1,1984,0,0,0,0,0,0,0,0,0,0
300011,1,1,1984,11,11,11,11,11,11,11,11,11,11
300012,1,1,1984,0,0,0,0,0,0,0,0,0,0
300012,2,1,1984,0,0,8,0,0,0,11,0,0,0
300013,0,1,1984,23,23,23,23,23,23,23,23,23,23
300013,1,1,1984,0,0,0,0,0,0,0,0,0,0
300014,1,1,1984,19,19,19,19,19,19,19,19,19,19
300015,1,1,1984,25,25,25,25,25,25,25,25,25,25
300016,1,1,1984,21,21,21,21,21,21,21,21,21,21
300016,2,1,1984,0,0,0,0,0,0,0,0,0,0
300017,1,1,1984,20,20,20,20,20,20,20,20,20,20
300018,1,1,1984,19,19,19,19,19,19,19,19,19,19
300019,1,1,1984,0,0,20,0,0,0,0,17,0,25
300020,1,1,1984,0,0,0,0,0,0,0,0,0,0
300020,2,1,1984,0,0,0,0,0,0,0,0,0,0
300021,1,1,1984,0,0,0,11,10,0,0,0,0,0
300022,1,1,1984,33,33,33,33,33,33,33,33,33,33
300023,1,1,1984,38,38,38,38,38,38,38,38,38,38
300024,0,1,1984,24,24,24,24,24,24,24,24,24,24
300024,1,1,1984,0,0,0,0,0,0,0,0,0,0
300025,1,1,1984,0,0,0,0,0,0,0,0,0,0
300026,1,1,1984,0,0,0,0,0,0,0,0,0,0
300026,2,1,1984,2,2,2,2,2,2,2,2,2,2
300027,1,1,1984,0,0,0,0,0,0,0,0,0,0
300028,1,1,1984,20,20,20,20,20,20,20,20,20,20
300029,1,1,1984,15,15,15,15,15,15,15,15,15,15
300030,1,1,1984,19,12,18,28,8,19,14,6,0,18
300031,1,1,1984,22,22,22,22,22,22,22,22,22,22
300032,1,1,1984,0,0,0,0,0,0,0,0,0,0
300032,2,1,1984,0,0,0,0,0,0,0,0,0,0
300033,1,1,1984,0,0,0,0,0,0,0,0,0,0
300034,1,1,1984,5,0,21,0,0,0,0,0,0,0
300035,1,1,1984,0,0,0,0,0,0,0,0,0,0
300036,1,1,1984,10,10,10,10,10,10,10,10,10,10
300037,1,1,1984,0,0,0,0,0,0,0,0,0,0
300038,0,1,1984,16,16,16,16,16,16,16,16,16,16
300038,1,1,1984,0,0,0,0,0,0,0,0,21,5
300039,1,1,1984,0,0,0,0,0,0,0,12,0,0
300039,2,1,1984,0,0,0,0,0,0,0,0,0,0
300040,1,1,1984,38,13,0,19,36,39,13,19,0,8
300041,1,1,1984,14,14,14,14,14,14,14,14,14,14
300042,1,1,1984,17,17,17,17,17,17,17,17,17,17
300043,1,1,1984,0,0,0,0,0,0,0,0,0,0
300044,1,1,1984,4,4,4,4,4,4,4,4,4,4
300046,1,1,1984,30,30,30,30,30,30,30,30,30,30
300047,0,1,1984,54,54,54,54,54,54,54,54,54,54
300047,1,1,1984,0,0,0,0,0,0,0,0,5,0
300048,1,1,1984,0,0,0,0,0,0,0,0,0,0
300049,1,1,1984,17,0,0,13,0,0,0,0,0,19
300050,1,1,1984,19,19,19,19,19,19,19,19,19,19
300051,1,1,1984,48,48,48,48,48,48,48,48,48,48
300052,1,1,1984,0,0,0,0,0,0,0,0,0,0
300052,2,1,1984,0,0,0,0,11,0,0,0,0,0
300053,1,1,1984,19,19,19,19,19,19,19,19,19,19
300053,2,1,1984,0,0,0,0,0,0,0,0,0,0
300054,1,1,1984,1,1,1,1,1,1,1,1,1,1
300054,2,1,1984,0,0,0,0,0,0,0,0,0,0
300055,1,1,1984,15,15,15,15,15,15,15,15,15,15
300056,1,1,1984,0,0,0,7,0,16,0,0,0,0
300056,2,1,1984,0,0,0,0,0,13,0,0,0,11
300057,1,1,1984,6,6,6,6,6,6,6,6,6,6
300058,1,1,1984,16,16,16,16,16,16,16,16,16,16
300059,1,1,1984,30,30,30,30,30,30,30,30,30,30
300060,1,1,1984,0,0,0,0,0,0,0,0,0,0
300061,1,1,1984,0,11,0,6,7,15,16,7,25,18
300062,1,1,1984,20,20,20,20,20,20,20,20,20,20
300063,1,1,1984,0,0,0,0,0,0,32,18,0,11
300064,1,1,1984,17,17,17,17,17,17,17,17,17,17
300064,2,1,1984,0,0,0,0,0,0,0,0,0,0
300065,1,1,1984,0,0,0,0,0,0,0,0,0,0
300066,0,1,1984,0,0,0,0,0,0,0,0,0,0
300066,1,1,1984,23,0,25,3,4,0,0,0,0,0
300067,1,1,1984,7,7,7,7,7,7,7,7,7,7
300068,1,1,1984,28,28,28,28,28,28,28,28,28,28
300069,1,1,1984,9,9,9,9,9,9,9,9,9,9
300070,1,1,1984,0,0,0,0,0,0,0,0,0,0
300071,1,1,1984,0,0,0,0,0,0,0,0,0,0
300071,2,1,1984,0,0,0,0,0,0,0,0,0,0
300071,3,1,1984,0,0,0,0,0,0,0,0,0,0
300072,1,1,1984,0,0,0,0,0,0,0,0,0,0
300072,2,1,1984,0,0,0,0,0,0,0,0,0,0
300073,1,1,1984,25,6,9,0,8,17,11,7,11,14
300074,1,1,1984,6,6,6,6,6,6,6,6,6,6
300075,1,1,1984,0,0,0,0,0,0,0,0,0,0
300076,1,1,1984,24,24,24,24,24,24,24,24,24,24
300077,1,1,1984,16,16,16,16,16,16,16,16,16,16
300078,1,1,1984,0,0,0,0,0,0,0,0,0,0
300078,2,1,1984,0,0,0,0,0,0,0,0,0,0
300079,1,1,1984,26,26,26,26,26,26,26,26,26,26
300080,1,1,1984,0,0,0,0,0,0,0,0,0,0
300081,1,1,1984,4,4,4,4,4,4,4,4,4,4
300082,1,1,1984,0,0,0,0,0,0,0,0,0,0
300083,1,1,1984,27,27,27,27,27,27,27,27,27,27
300084,1,1,1984,16,16,16,16,16,16,16,16,16,16
300085,1,1,1984,0,0,0,0,0,0,0,0,0,0
300086,1,1,1984,0,0,0,0,18,0,0,0,0,10
300086,2,1,1984,23,23,23,23,23,23,23,23,23,23
300087,1,1,1984,5,5,5,5,5,5,5,5,5,5
300088,1,1,1984,21,21,21,21,21,21,21,21,21,21
300089,1,1,1984,6,6,6,6,6,6,6,6,6,6
300090,1,1,1984,0,0,0,0,0,0,0,0,0,0
300090,2,1,1984,6,6,6,6,6,6,6,6,6,6
300091,1,1,1984,0,0,20,0,8,21,20,11,8,14
300092,1,1,1984,16,16,16,16,16,16,16,16,16,16
300093,1,1,1984,0,0,0,0,0,0,0,0,0,0
300094,1,1,1984,0,0,0,0,0,0,0,0,0,0
300094,2,1,1984,0,0,0,0,0,0,0,0,0,0
300095,1,1,1984,7,7,7,7,7,7,7,7,7,7
300096,1,1,1984,0,0,0,0,0,0,0,0,0,0
300097,1,1,1984,19,19,19,19,19,19,19,19,19,19
300098,1,1,1984,22,22,22,22,22,22,22,22,22,22
300099,1,1,1984,0,0,0,0,0,0,0,0,0,0
300100,1,1,1984,0,0,0,0,0,0,0,0,0,0
300100,2,1,1984,0,0,0,0,0,0,0,0,12,0
300101,1,1,1984,24,24,24,24,24,24,24,24,24,24
300102,1,1,1984,0,0,0,0,0,0,0,0,0,0
300103,1,1,1984,29,29,29,29,29,29,29,29,29,29
300104,1,1,1984,34,34,34,34,34,34,34,34,34,34
300105,1,1,1984,0,0,0,0,0,0,0,0,0,0
300105,2,1,1984,0,0,0,0,0,0,0,0,0,0
300106,1,1,1984,10,10,10,10,10,10,10,10,10,10
300107,1,1,1984,0,0,0,0,0,0,0,0,0,0
300108,0,1,1984,0,0,0,0,0,0,0,0,0,0
300108,1,1,1984,0,0,0,0,0,0,0,0,0,0
300109,1,1,1984,26,26,26,26,26,26,26,26,26,26
300109,2,1,1984,0,0,0,0,0,0,0,0,0,0
300110,1,1,1984,0,0,0,0,0,0,0,0,0,0
300111,1,1,1984,15,15,15,15,15,15,15,15,15,15
300111,2,1,1984,10,10,10,10,10,10,10,10,10,10
300112,1,1,1984,24,24,24,24,24,24,24,24,24,24
300113,1,1,1984,4,4,4,4,4,4,4,4,4,4
300114,1,1,1984,0,0,0,0,0,21,0,0,0,10
300115,1,1,1984,0,0,0,0,0,0,0,0,0,0
300116,1,1,1984,1,1,1,1,1,1,1,1,1,1
300117,1,1,1984,0,0,0,0,0,0,0,0,0,0
300118,1,1,1984,11,11,11,11,11,11,11,11,11,11
300119,1,1,1984,18,18,18,18,18,18,18,18,18,18
300120,1,1,1984,17,17,17,17,17,17,17,17,17,17
300121,1,1,1984,18,17,0,0,11,11,8,4,0,4
300121,2,1,1984,10,10,10,10,10,10,10,10,10,10
300122,1,1,1984,27,27,27,27,27,27,27,27,27,27
300123,1,1,1984,0,0,0,0,0,0,0,0,0,0
300124,1,1,1984,0,0,0,0,0,0,0,0,0,0
300124,2,1,1984,0,0,0,0,0,0,0,0,0,0
300125,1,1,1984,15,15,15,15,15,15,15,15,15,15
300126,1,1,1984,0,0,0,0,0,0,0,0,0,0
300127,1,1,1984,10,15,2,6,13,6,11,10,6,14
300127,2,1,1984,0,0,0,0,0,0,0,0,0,0
300128,1,1,1984,0,15,0,22,12,15,18,7,19,17
300128,2,1,1984,0,0,0,0,0,0,10,0,0,10
300129,1,1,1984,17,17,17,17,17,17,17,17,17,17
300130,1,1,1984,22,22,22,22,22,22,22,22,22,22
300131,1,1,1984,0,0,0,0,0,0,0,0,0,0
300131,2,1,1984,22,22,22,22,22,22,22,22,22,22
300132,1,1,1984,0,0,0,0,0,0,0,0,0,0
300132,2,1,1984,7,7,7,7,7,7,7,7,7,7
300133,1,1,1984,0,0,0,0,0,0,0,0,0,0
300134,1,1,1984,43,43,43,43,43,43,43,43,43,43
300134,2,1,1984,3,3,3,3,3,3,3,3,3,3
300134,3,1,1984,0,0,0,0,0,0,0,0,0,0
300134,4,1,1984,0,17,0,0,0,0,0,0,0,0
300135,1,1,1984,12,12,12,12,12,12,12,12,12,12
300136,1,1,1984,0,0,0,0,0,0,0,0,0,0
300137,1,1,1984,28,0,0,0,0,0,0,0,8,0
300137,2,1,1984,0,0,0,0,0,0,0,0,0,0
300138,1,1,1984,0,0,0,0,0,0,0,0,0,0
300138,2,1,1984,0,0,0,0,0,0,0,0,0,0
300139,1,1,1984,0,0,0,0,0,0,0,0,0,0
300139,2,1,1984,0,0,0,0,0,0,0,0,0,0
300140,1,1,1984,22,22,22,22,22,22,22,22,22,22
300141,1,1,1984,21,21,21,21,21,21,21,21,21,21
300142,1,1,1984,0,0,0,0,0,28,0,0,0,0
300143,0,1,1984,0,0,0,0,0,0,0,0,0,0
300143,1,1,1984,0,0,0,13,0,13,0,0,0,0
300144,0,1,1984,13,11,26,24,15,24,18,19,28,27
300144,1,1,1984,0,0,13,0,0,0,0,0,0,15
300145,1,1,1984,20,20,20,20,20,20,20,20,20,20
300146,1,1,1984,0,0,0,0,0,0,0,0,13,0
300147,1,1,1984,23,23,23,23,23,23,23,23,23,23
300148,1,1,1984,0,0,0,0,0,0,0,0,0,0
300149,1,1,1984,1,1,1,1,1,1,1,1,1,1
300149,2,1,1984,0,0,0,0,0,0,0,0,0,0
300150,1,1,1984,0,0,0,0,0,0,0,0,0,0
300150,2,1,1984,0,0,0,0,0,0,0,0,0,0
300151,1,1,1984,11,11,11,11,11,11,11,11,11,11
300152,1,1,1984,1,1,1,1,1,1,1,1,1,1
300152,2,1,1984,31,31,31,31,31,31,31,31,31,31
300153,1,1,1984,0,0,0,0,0,0,0,0,0,0
300154,1,1,1984,20,20,20,20,20,20,20,20,20,20
300155,1,1,1984,24,24,24,24,24,24,24,24,24,24
300156,1,1,1984,0,0,0,0,0,0,19,16,0,0
300156,2,1,1984,0,0,0,0,0,0,0,0,0,0
300157,1,1,1984,0,0,0,0,0,0,0,0,0,0
300158,1,1,1984,1,1,1,1,1,1,1,1,1,1
300159,1,1,1984,22,22,22,22,22,22,22,22,22,22
300159,2,1,1984,0,0,0,0,0,0,0,0,0,0
300160,1,1,1984,20,20,20,20,20,20,20,20,20,20
300161,1,1,1984,0,0,0,0,0,0,0,0,0,0
300161,2,1,1984,0,0,0,0,0,0,0,0,0,0
300162,1,1,1984,41,41,41,41,41,41,41,41,41,41
300163,1,1,1984,0,0,0,0,0,0,0,0,0,0
300163,2,1,1984,0,0,0,0,0,0,0,0,0,0
300164,1,1,1984,0,0,0,0,0,0,0,0,0,0
300165,1,1,1984,37,37,37,37,37,37,37,37,37,37
300166,1,1,1984,0,0,0,0,0,0,0,0,0,0
300166,2,1,1984,0,0,5,0,31,0,0,19,0,0
300167,1,1,1984,2,2,2,2,2,2,2,2,2,2
300167,2,1,1984,0,0,0,0,0,0,0,0,0,0
300168,1,1,1984,0,0,0,0,0,0,0,0,0,0
300169,1,1,1984,8,0,0,8,0,0,0,2,12,24
300170,1,1,1984,27,27,27,27,27,27,27,27,27,27
300171,1,1,1984,19,12,11,14,30,11,13,21,12,7
300172,1,1,1984,21,35,20,22,19,10,10,25,33,16
300173,1,1,1984,0,0,0,0,0,0,0,0,0,0
300173,2,1,1984,0,0,0,0,0,0,0,0,0,0
300174,1,1,1984,9,9,9,9,9,9,9,9,9,9
300175,1,1,1984,11,4,24,7,27,11,15,18,4,22
300176,1,1,1984,21,21,21,21,21,21,21,21,21,21
300177,1,1,1984,0,0,0,0,0,0,0,0,0,0
300177,2,1,1984,0,0,0,0,0,0,0,0,0,0
300178,1,1,1984,0,0,0,0,0,0,0,0,0,0
300179,1,1,1984,10,10,10,10,10,10,10,10,10,10
300180,1,1,1984,0,0,0,0,0,0,0,0,0,0
300180,2,1,1984,0,0,0,0,0,0,0,0,0,0
300181,1,1,1984,30,30,30,30,30,30,30,30,30,30
300182,1,1,1984,0,12,0,0,0,0,0,22,0,0
300183,1,1,1984,17,17,17,17,17,17,17,17,17,17
300183,2,1,1984,0,0,0,0,0,0,0,0,0,0
300184,1,1,1984,0,0,0,0,0,0,0,0,0,0
300185,1,1,1984,24,24,24,24,24,24,24,24,24,24
300186,1,1,1984,15,15,15,15,15,15,15,15,15,15
300187,1,1,1984,0,0,0,20,0,0,0,0,0,0
300187,2,1,1984,33,33,33,33,33,33,33,33,33,33
300188,1,1,1984,0,0,0,0,0,0,0,0,0,0
300189,1,1,1984,23,23,23,23,23,23,23,23,23,23
300190,1,1,1984,18,18,18,18,18,18,18,18,18,18
300190,2,1,1984,27,27,27,27,27,27,27,27,27,27
300191,0,1,1984,20,0,46,0,23,0,22,0,24,0
300191,0,2,1984,0,0,0,0,0,14,15,0,12,0
300191,3,1,1984,18,18,18,18,18,18,18,18,18,18
300192,0,1,1984,0,0,0,0,0,0,0,0,0,0
300192,1,1,1984,0,0,0,0,0,0,0,10,0,0
300193,1,1,1984,20,20,20,20,20,20,20,20,20,20
300193,2,1,1984,0,0,0,0,0,0,0,0,0,0
300194,1,1,1984,11,11,11,11,11,11,11,11,11,11
300195,1,1,1984,20,20,20,20,20,20,20,20,20,20
300196,1,1,1984,20,20,20,20,20,20,20,20,20,20
300197,1,1,1984,24,24,24,24,24,24,24,24,24,24
300197,2,1,1984,0,0,0,17,0,0,14,10,0,23
300198,1,1,1984,14,14,14,14,14,14,14,14,14,14
300199,1,1,1984,0,0,36,19,0,0,0,0,9,15
300200,1,1,1984,0,0,0,0,0,0,0,0,0,0
300200,2,1,1984,0,0,0,0,0,2,0,0,0,0
300200,3,1,1984,0,0,0,0,0,0,0,0,0,0
300201,1,1,1984,5,5,5,5,5,5,5,5,5,5
300202,1,1,1984,0,0,0,0,0,0,0,0,15,0
300203,1,1,1984,0,0,0,0,0,0,0,0,0,0
300203,2,1,1984,0,0,0,0,0,0,0,0,0,0
300204,1,1,1984,0,0,0,0,0,0,0,0,0,0
300204,2,1,1984,0,0,0,0,0,0,0,0,0,0
300204,3,1,1984,0,0,0,0,0,0,0,0,0,0
300205,1,1,1984,1,1,1,1,1,1,1,1,1,1
300205,2,1,1984,0,0,0,0,0,0,0,0,0,0
310001,1,1,1984,0,0,0,0,0,0,0,0,0,0
310001,2,1,1984,22,22,22,22,22,22,22,22,22,22
310002,1,1,1984,0,3,14,0,0,34,14,0,0,18
310003,1,1,1984,0,0,0,0,0,0,0,0,0,0
310003,2,1,1984,0,0,0,0,0,0,0,0,0,0
310004,1,1,1984,0,0,0,0,0,0,0,0,0,0
310004,2,1,1984,0,0,0,0,0,25,0,0,0,12
310005,1,1,1984,0,0,0,0,0,0,0,0,0,0
310005,2,1,1984,0,0,0,0,0,0,0,0,0,16
310005,3,1,1984,0,0,0,0,0,0,0,0,0,0
310006,1,1,1984,0,0,0,0,0,0,0,0,0,0
310007,1,1,1984,0,0,0,0,0,0,0,0,0,0
310007,2,1,1984,0,0,0,0,0,0,0,0,0,0
310007,3,1,1984,0,0,0,0,0,0,0,0,0,0
310008,0,1,1984,0,0,0,0,0,0,0,0,0,0
310008,1,1,1984,0,0,0,0,0,0,0,0,0,0
310008,2,1,1984,0,0,0,0,0,0,0,0,0,0
310008,3,1,1984,0,0,0,0,0,0,0,0,0,0
310009,0,1,1984,0,0,10,18,0,0,0,0,0,0
310009,1,1,1984,0,3,19,0,0,0,0,0,0,0
310010,1,1,1984,0,0,0,0,0,0,0,0,0,0
310011,1,1,1984,13,13,13,13,13,13,13,13,13,13
310011,2,1,1984,0,0,16,0,0,23,0,0,0,16
310012,1,1,1984,0,0,0,0,0,0,0,0,0,0
310013,1,1,1984,0,0,0,0,0,0,0,0,0,0
310013,2,1,1984,0,0,0,0,0,0,0,0,0,0
310014,1,1,1984,0,0,0,0,0,5,0,0,0,0
310014,2,1,1984,0,0,12,0,0,0,0,2,0,0
310015,1,1,1984,0,0,0,0,0,0,0,0,0,0
310016,1,1,1984,0,0,0,0,0,0,0,0,0,0
310016,2,1,1984,0,0,0,0,0,0,0,0,0,0
310017,1,1,1984,0,0,0,9,26,0,10,19,6,0
310018,1,1,1984,8,8,8,8,8,8,8,8,8,8
310019,1,1,1984,0,0,0,0,0,0,0,0,0,0
310019,2,1,1984,0,0,0,0,0,0,0,0,0,0
310019,3,1,1984,0,0,0,0,0,0,0,0,0,0
310020,1,1,1984,18,18,18,18,18,18,18,18,18,18
310021,1,1,1984,23,23,23,23,23,23,23,23,23,23
310022,1,1,1984,0,0,0,0,0,0,0,0,0,0
310022,2,1,1984,0,0,0,0,17,7,0,19,0,21
310023,0,1,1984,0,0,0,0,0,0,0,0,0,0
310023,1,1,1984,0,0,0,18,0,0,0,0,0,0
310024,1,1,1984,19,7,21,7,12,5,0,13,16,17
310025,1,1,1984,4,4,4,4,4,4,4,4,4,4
310025,2,1,1984,0,0,0,0,0,0,0,0,0,0
310026,1,1,1984,0,0,6,0,0,0,0,0,0,25
310027,0,1,1984,18,18,18,18,18,18,18,18,18,18
310027,1,1,1984,0,0,0,0,0,0,0,0,0,0
310028,1,1,1984,12,12,12,12,12,12,12,12,12,12
310029,1,1,1984,22,22,22,22,22,22,22,22,22,22
310030,1,1,1984,0,0,0,0,0,0,0,0,0,0
310030,2,1,1984,0,0,0,0,0,0,0,0,0,0
310031,1,1,1984,0,0,0,0,0,0,0,0,0,0
310032,1,1,1984,26,26,26,26,26,26,26,26,26,26
310033,0,1,1984,0,0,0,0,0,0,0,0,0,0
310033,1,1,1984,0,0,0,0,0,0,7,0,0,0
310034,0,1,1984,20,20,20,20,20,20,20,20,20,20
310034,0,2,1984,0,13,18,22,23,7,32,27,40,6
310034,1,1,1984,16,16,16,16,16,16,16,16,16,16
310035,1,1,1984,0,0,0,0,0,0,0,0,0,0
310036,1,1,1984,0,0,0,0,0,0,0,0,0,0
310036,2,1,1984,0,0,0,0,0,0,0,0,0,0
310037,1,1,1984,0,0,10,19,0,0,16,0,0,0
310037,2,1,1984,0,14,0,0,0,0,0,0,0,0
310038,1,1,1984,27,27,27,27,27,27,27,27,27,27
310039,1,1,1984,0,11,0,0,0,0,0,0,0,0
310039,2,1,1984,0,0,0,0,0,0,0,0,0,0
310040,1,1,1984,0,0,0,0,6,0,0,0,0,0
310040,2,1,1984,17,0,0,0,0,0,0,12,0,0
310041,1,1,1984,0,0,0,0,0,0,0,0,0,0
310042,1,1,1984,0,0,0,0,0,0,0,0,0,0
310042,2,1,1984,0,0,0,0,0,0,0,0,0,0
310043,0,1,1984,27,27,27,27,27,27,27,27,27,27
310043,1,1,1984,26,26,26,26,26,26,26,26,26,26
310044,1,1,1984,0,0,0,0,23,0,0,0,0,0
310045,1,1,1984,0,0,0,0,0,0,0,0,0,0
310045,2,1,1984,0,0,0,0,0,0,0,0,0,0
310046,1,1,1984,0,0,0,0,0,0,0,0,0,0
310046,2,1,1984,0,0,0,0,0,0,0,0,0,0
310046,3,1,1984,0,0,0,0,0,0,0,0,0,0
310047,1,1,1984,0,0,0,0,0,0,0,0,0,0
310048,1,1,1984,21,21,21,21,21,21,21,21,21,21
310048,2,1,1984,0,0,0,0,0,0,0,0,0,0
310049,0,1,1984,0,0,0,0,0,0,0,0,0,0
310049,1,1,1984,0,0,0,0,0,0,0,0,0,0
310050,1,1,1984,0,0,6,0,0,18,0,0,0,0
310051,1,1,1984,0,0,0,0,0,0,0,0,0,0
310051,2,1,1984,0,0,0,0,0,0,0,0,0,0
310052,1,1,1984,20,20,20,20,20,20,20,20,20,20
310053,1,1,1984,0,0,0,0,0,0,0,0,0,0
310054,1,1,1984,12,0,0,0,0,26,25,0,25,0
310055,1,1,1984,0,0,0,0,0,0,0,0,0,0
310055,2,1,1984,0,0,0,0,0,0,0,0,0,0
310056,1,1,1984,15,23,13,19,6,14,17,8,36,23
310056,2,1,1984,0,0,17,0,0,0,0,0,0,0
310057,1,1,1984,0,0,0,0,0,0,0,0,0,0
310058,1,1,1984,13,13,13,13,13,13,13,13,13,13
310059,1,1,1984,0,0,0,0,0,0,0,0,0,0
310059,2,1,1984,25,25,25,25,25,25,25,25,25,25
310060,0,1,1984,0,0,0,0,0,0,0,0,0,0
310060,1,1,1984,15,15,15,15,15,15,15,15,15,15
310062,1,1,1984,18,18,18,18,18,18,18,18,18,18
310062,2,1,1984,0,0,0,0,0,0,0,0,0,0
310063,1,1,1984,0,0,0,0,0,0,0,0,0,0
310063,2,1,1984,0,0,0,0,0,0,0,0,0,0
310064,0,1,1984,32,32,32,32,32,32,32,32,32,32
310064,1,1,1984,12,12,12,12,12,12,12,12,12,12
310065,0,1,1984,0,0,0,0,11,27,0,0,22,19
310065,0,2,1984,0,0,0,0,28,0,14,0,0,0
310065,1,1,1984,0,0,0,0,0,0,0,0,0,0
310066,0,1,1984,0,0,0,0,0,0,0,0,0,0
310066,0,2,1984,0,0,0,0,0,0,0,0,0,0
310066,1,1,1984,7,7,7,7,7,7,7,7,7,7
310067,1,1,1984,0,0,7,0,0,0,0,0,0,18
310067,2,1,1984,0,0,10,0,21,0,0,0,0,0
310068,0,1,1984,0,0,0,25,0,0,0,0,0,13
310068,1,1,1984,0,0,0,0,0,0,0,0,0,0
310068,2,1,1984,0,0,0,0,0,0,0,0,0,0
310069,1,1,1984,10,0,24,0,0,0,0,7,0,0
310069,2,1,1984,0,0,0,0,0,18,0,0,0,0
310070,1,1,1984,21,21,21,21,21,21,21,21,21,21
310071,1,1,1984,0,0,0,0,0,0,0,0,0,0
310071,2,1,1984,0,0,0,0,0,0,0,0,0,0
310071,3,1,1984,0,0,0,0,0,0,0,0,0,0
310072,1,1,1984,12,12,12,12,12,12,12,12,12,12
310073,1,1,1984,0,0,0,0,0,0,0,0,0,0
310073,2,1,1984,0,0,0,0,0,0,0,0,0,0
310074,0,1,1984,0,0,0,0,0,0,0,0,0,0
310074,0,2,1984,0,0,0,0,0,0,0,0,0,0
310074,1,1,1984,0,0,0,0,19,0,0,0,0,0
310075,0,1,1984,18,14,0,5,27,0,19,5,12,33
310075,1,1,1984,6,7,9,5,8,19,11,33,5,12
310076,1,1,1984,0,0,0,0,0,0,0,18,0,0
310076,2,1,1984,0,0,0,13,0,0,0,0,0,0
310077,1,1,1984,0,2,0,5,0,0,0,0,0,0
310078,1,1,1984,16,16,16,16,16,16,16,16,16,16
310078,2,1,1984,17,17,17,17,17,17,17,17,17,17
310079,1,1,1984,0,0,0,22,0,0,0,21,0,22
310080,1,1,1984,0,0,0,0,0,0,0,0,0,0
310080,2,1,1984,0,0,0,0,0,0,0,0,0,0
310080,3,1,1984,0,0,0,0,0,0,0,0,0,0
310081,1,1,1984,34,34,34,34,34,34,34,34,34,34
310081,2,1,1984,15,15,15,15,15,15,15,15,15,15
310082,1,1,1984,0,0,0,0,0,0,0,0,0,0
310083,1,1,1984,0,0,0,0,0,0,0,0,0,0
310084,1,1,1984,0,0,0,0,0,0,0,0,0,0
310085,1,1,1984,0,0,11,9,9,30,0,0,0,16
310085,2,1,1984,5,5,5,5,5,5,5,5,5,5
310086,1,1,1984,0,0,0,0,0,0,0,0,0,0
310087,1,1,1984,0,0,0,0,0,0,0,0,0,0
310087,2,1,1984,0,0,0,0,0,0,0,0,0,0
310088,1,1,1984,0,0,0,0,0,0,0,0,0,0
310088,2,1,1984,0,0,0,0,0,0,0,0,0,0
310089,0,1,1984,32,21,13,29,25,13,13,11,15,19
310089,1,1,1984,12,12,12,12,12,12,12,12,12,12
310090,1,1,1984,1,1,1,1,1,1,1,1,1,1
310090,2,1,1984,0,0,0,0,0,0,0,0,0,0
310091,1,1,1984,0,0,0,0,0,0,0,0,0,0
310091,2,1,1984,0,0,0,0,0,0,0,0,0,0
310092,1,1,1984,0,0,0,0,0,0,0,0,17,0