ST_CASE,VEH_NO,PER_NO,YEAR,P1,P2,P3,P4,P5,P6,P7,P8,P9,P10
320136,2,1,1984,0,0,0,0,0,0,0,0,0,0
320137,1,1,1984,0,0,0,0,0,0,0,0,0,0
320137,2,1,1984,0,0,0,0,0,0,0,0,0,0
320137,3,1,1984,0,0,0,0,0,0,0,0,0,0
320138,1,1,1984,0,0,0,0,0,0,0,0,0,0
320139,1,1,1984,9,9,9,9,9,9,9,9,9,9
320139,2,1,1984,0,0,0,0,0,0,0,0,0,0
320139,3,1,1984,0,0,0,0,5,0,0,0,0,0
320140,1,1,1984,0,0,0,0,0,0,0,0,0,0
320141,1,1,1984,0,0,0,0,0,0,0,0,0,7
320142,1,1,1984,0,0,0,0,0,0,0,0,0,0
320142,2,1,1984,0,0,0,0,0,0,0,0,0,0
320143,0,1,1984,0,0,0,0,0,0,0,0,0,0
320143,1,1,1984,0,0,0,0,0,0,0,0,0,0
320144,0,1,1984,26,26,26,26,26,26,26,26,26,26
320144,1,1,1984,10,10,10,10,10,10,10,10,10,10
320145,1,1,1984,0,0,0,0,0,0,0,0,0,0
320146,1,1,1984,0,0,0,0,0,0,0,0,0,0
320147,1,1,1984,27,27,27,27,27,27,27,27,27,27
320147,2,1,1984,0,0,0,0,0,0,0,0,0,0
320148,1,1,1984,0,0,0,0,0,0,0,0,0,0
320148,2,1,1984,0,0,0,0,0,0,0,0,0,0
320149,1,1,1984,4,4,4,4,4,4,4,4,4,4
320150,0,1,1984,27,27,27,27,27,27,27,27,27,27
320150,1,1,1984,13,13,13,13,13,13,13,13,13,13
320152,1,1,1984,21,21,21,21,21,21,21,21,21,21
320152,2,1,1984,0,0,0,0,0,0,0,0,0,0
320153,0,1,1984,33,0,26,0,26,21,21,16,18,18
320153,1,1,1984,0,0,0,0,0,0,0,0,0,0
320154,0,1,1984,0,0,0,0,0,0,0,0,0,0
320154,1,1,1984,12,12,12,12,12,12,12,12,12,12
320155,1,1,1984,4,4,4,4,4,4,4,4,4,4
320156,0,1,1984,34,34,34,34,34,34,34,34,34,34
320156,1,1,1984,0,0,5,0,0,0,0,0,0,0
320157,1,1,1984,0,0,0,0,0,0,0,0,0,0
320158,1,1,1984,23,23,23,23,23,23,23,23,23,23
320159,1,1,1984,19,19,19,19,19,19,19,19,19,19
320159,2,1,1984,0,0,0,0,0,0,0,0,0,0
320160,0,1,1984,0,0,0,0,0,0,0,0,0,0
320160,1,1,1984,9,9,9,9,9,9,9,9,9,9
320161,1,1,1984,33,33,33,33,33,33,33,33,33,33
320162,1,1,1984,23,0,36,0,0,0,0,0,23,0
320163,0,1,1984,0,0,0,0,0,36,0,0,0,0
320163,1,1,1984,0,0,0,0,0,0,0,0,0,5
320164,1,1,1984,5,5,5,5,5,5,5,5,5,5
320165,1,1,1984,0,0,0,0,0,0,0,0,0,0
320165,2,1,1984,0,0,0,0,0,0,0,0,0,0
320166,1,1,1984,0,0,0,0,0,0,0,0,0,0
320167,1,1,1984,9,9,9,9,9,9,9,9,9,9
320167,2,1,1984,0,0,0,0,0,0,0,0,0,0
320168,1,1,1984,15,15,15,15,15,15,15,15,15,15
320168,2,1,1984,4,4,4,4,4,4,4,4,4,4
320169,1,1,1984,6,6,6,6,6,6,6,6,6,6
320169,2,1,1984,2,2,2,2,2,2,2,2,2,2
320170,1,1,1984,12,12,12,12,12,12,12,12,12,12
320171,1,1,1984,0,0,0,0,0,0,0,0,0,0
320171,2,1,1984,0,0,0,0,0,0,0,0,0,0
320172,1,1,1984,16,16,16,16,16,16,16,16,16,16
320172,3,1,1984,15,15,15,15,15,15,15,15,15,15
320173,1,1,1984,0,0,12,0,0,0,0,0,0,0
320173,2,1,1984,0,0,0,0,0,0,0,0,0,0
320174,0,1,1984,0,0,0,0,0,0,0,0,0,0
320174,1,1,1984,0,0,0,0,0,0,18,9,0,9
320175,1,1,1984,0,0,0,0,0,0,0,13,0,0
320176,1,1,1984,0,0,0,32,0,0,0,0,21,0
320177,1,1,1984,0,0,0,0,0,0,0,0,0,0
320177,2,1,1984,0,3,0,0,0,0,0,0,0,0
320177,3,1,1984,0,0,0,0,0,0,0,0,4,0
320178,1,1,1984,0,0,0,0,0,0,0,0,0,0
320178,2,1,1984,3,3,3,3,3,3,3,3,3,3
320179,1,1,1984,28,0,0,0,0,0,0,0,9,0
320180,0,1,1984,31,31,31,31,31,31,31,31,31,31
320180,0,2,1984,34,19,0,29,37,23,31,4,0,27
320180,1,1,1984,0,0,0,0,0,0,21,0,0,0
320181,1,1,1984,11,11,11,11,11,11,11,11,11,11
320182,1,1,1984,13,13,13,13,13,13,13,13,13,13
320182,2,1,1984,0,0,0,0,0,0,0,0,0,0
320183,1,1,1984,22,22,22,22,22,22,22,22,22,22
320184,1,1,1984,0,0,0,0,0,0,0,0,0,0
320185,1,1,1984,0,0,0,0,0,0,0,0,0,0
320186,1,1,1984,0,0,0,0,0,0,0,0,0,0
320187,1,1,1984,1,1,1,1,1,1,1,1,1,1
320187,2,1,1984,0,14,11,0,0,0,0,0,0,0
320187,3,1,1984,0,0,0,0,0,0,0,0,0,0
320188,1,1,1984,3,3,3,3,3,3,3,3,3,3
320189,1,1,1984,0,0,0,0,0,0,0,0,0,0
320190,1,1,1984,4,4,4,4,4,4,4,4,4,4
320191,1,1,1984,0,0,0,0,0,0,0,0,0,0
320192,1,1,1984,2,2,2,2,2,2,2,2,2,2
320193,1,1,1984,25,25,25,25,25,25,25,25,25,25
320194,1,1,1984,0,0,0,0,0,0,0,0,0,0
320194,2,1,1984,0,0,0,0,0,0,0,0,0,0
320195,1,1,1984,0,0,0,0,0,0,0,0,0,0
320196,1,1,1984,18,18,18,18,18,18,18,18,18,18
320196,2,1,1984,0,0,0,0,0,0,0,0,0,0
320197,1,1,1984,20,20,20,20,20,20,20,20,20,20
320198,1,1,1984,0,0,0,0,0,0,0,0,0,0
320198,2,1,1984,12,10,25,0,0,0,0,5,15,0
320199,1,1,1984,0,0,25,0,17,10,24,18,0,0
320200,0,1,1984,0,0,0,0,0,0,0,0,0,0
320200,1,1,1984,0,26,0,0,7,0,0,0,0,26
320201,1,1,1984,0,0,0,0,0,0,0,0,0,0
320202,1,1,1984,0,0,0,0,0,0,0,0,0,0
320202,2,1,1984,0,0,0,0,0,0,0,0,0,0
320203,1,1,1984,0,0,0,0,0,0,0,0,0,0
320203,2,1,1984,0,0,0,0,0,0,0,0,0,0
320204,1,1,1984,18,18,18,18,18,18,18,18,18,18
320205,1,1,1984,0,0,0,0,0,0,0,0,0,0
320205,2,1,1984,0,0,0,0,0,0,0,0,0,0
320206,1,1,1984,0,0,0,0,0,0,0,0,0,0
320206,2,1,1984,0,0,0,0,0,11,0,0,0,0
320207,1,1,1984,20,20,20,20,20,20,20,20,20,20
320208,0,1,1984,0,0,0,0,0,0,0,0,0,0
320208,1,1,1984,21,0,0,0,0,0,0,0,0,0
320209,1,1,1984,16,16,16,16,16,16,16,16,16,16
320209,2,1,1984,0,13,15,0,0,0,0,0,0,15
320210,1,1,1984,0,0,0,0,0,0,0,0,0,0
320211,1,1,1984,14,14,14,14,14,14,14,14,14,14
320212,0,1,1984,17,17,17,17,17,17,17,17,17,17
320212,1,1,1984,0,0,0,0,0,0,0,0,0,0
320213,1,1,1984,17,17,17,17,17,17,17,17,17,17
320214,1,1,1984,15,15,15,15,15,15,15,15,15,15
320215,1,1,1984,9,9,9,9,9,9,9,9,9,9
320215,2,1,1984,0,0,0,0,0,0,0,0,0,0
320216,1,1,1984,0,0,0,0,0,0,0,0,0,0
320216,2,1,1984,0,0,0,0,0,0,0,0,0,0
320217,0,1,1984,27,27,27,27,27,27,27,27,27,27
320217,1,1,1984,0,0,0,0,0,0,0,0,0,0
320218,1,1,1984,0,17,0,0,0,0,0,0,16,0
320219,1,1,1984,22,22,22,22,22,22,22,22,22,22
330001,1,1,1984,25,25,25,25,25,25,25,25,25,25
330001,2,1,1984,0,0,0,0,0,0,0,0,0,0
330001,3,1,1984,0,0,0,0,0,0,0,0,0,0
330002,1,1,1984,7,30,25,3,0,0,0,27,20,0
330002,2,1,1984,23,23,23,23,23,23,23,23,23,23
330003,1,1,1984,16,16,16,16,16,16,16,16,16,16
330004,1,1,1984,16,16,16,16,16,16,16,16,16,16
330004,2,1,1984,0,0,0,0,0,0,0,0,0,0
330005,1,1,1984,7,7,7,7,7,7,7,7,7,7
330006,1,1,1984,0,0,0,0,0,0,0,0,0,0
330006,2,1,1984,0,0,0,0,0,0,0,0,0,0
330007,1,1,1984,0,0,0,0,0,0,0,0,0,0
330007,2,1,1984,0,0,0,0,0,0,0,0,0,0
330008,1,1,1984,11,11,11,11,11,11,11,11,11,11
330009,0,1,1984,0,0,16,0,5,0,20,0,22,0
330009,0,2,1984,8,26,19,0,0,15,0,0,7,15
330009,1,1,1984,20,20,20,20,20,20,20,20,20,20
330010,1,1,1984,13,13,13,13,13,13,13,13,13,13
330010,2,1,1984,0,0,0,0,0,0,0,0,0,21
330011,1,1,1984,0,0,0,0,0,0,0,0,0,0
330011,2,1,1984,0,0,0,0,0,0,0,0,0,0
330012,1,1,1984,0,0,0,0,0,0,0,0,10,0
330012,2,1,1984,15,15,15,15,15,15,15,15,15,15
330013,1,1,1984,0,0,0,0,0,0,0,0,0,0
330013,2,1,1984,0,0,0,0,0,0,0,0,0,0
330014,1,1,1984,0,0,0,0,0,0,0,0,0,0
330014,2,1,1984,0,0,0,0,0,0,0,0,0,0
330015,0,1,1984,0,0,0,0,0,0,0,0,0,0
330015,1,1,1984,0,0,0,0,0,0,0,17,0,0
330016,1,1,1984,0,0,0,0,0,0,0,0,0,0
330017,1,1,1984,0,0,0,0,0,0,0,0,0,0
330017,2,1,1984,0,0,0,0,0,0,0,0,0,0
330018,1,1,1984,0,0,0,0,0,0,0,0,0,0
330018,2,1,1984,0,0,0,0,0,0,0,0,0,0
330018,3,1,1984,0,0,0,0,0,0,0,0,0,0
330019,1,1,1984,0,0,15,0,14,9,0,0,0,15
330020,1,1,1984,5,5,5,5,5,5,5,5,5,5
330021,1,1,1984,25,25,25,25,25,25,25,25,25,25
330022,1,1,1984,0,0,0,0,0,0,0,0,0,0
330022,2,1,1984,0,0,9,0,0,0,0,0,0,0
330023,1,1,1984,0,0,0,0,0,0,0,0,0,0
330024,1,1,1984,20,20,20,20,20,20,20,20,20,20
330025,1,1,1984,0,20,0,0,0,0,0,0,0,0
330025,2,1,1984,0,0,0,0,0,0,0,0,0,0
330026,1,1,1984,22,22,22,22,22,22,22,22,22,22
330027,1,1,1984,0,0,0,0,0,0,0,0,0,0
330027,2,1,1984,0,27,0,13,0,0,0,0,15,0
330028,1,1,1984,0,0,0,0,0,0,0,0,0,0
330028,2,1,1984,0,0,0,0,0,0,0,0,0,0
330029,1,1,1984,24,24,24,24,24,24,24,24,24,24
330029,2,1,1984,0,0,0,0,0,0,0,0,0,0
330030,1,1,1984,19,19,19,19,19,19,19,19,19,19
330031,1,1,1984,26,3,14,13,0,20,24,7,12,25
330031,2,1,1984,0,0,0,0,0,0,0,0,0,0
330031,3,1,1984,0,0,0,0,0,0,0,0,0,0
330032,1,1,1984,0,0,0,0,0,15,0,0,0,0
330033,0,1,1984,0,0,0,0,0,0,0,0,0,0
330033,1,1,1984,0,0,0,0,0,0,0,0,0,0
330034,1,1,1984,21,21,21,21,21,21,21,21,21,21
330035,0,1,1984,0,0,0,0,0,0,0,0,0,0
330035,1,1,1984,0,0,0,0,0,0,0,0,0,0
330036,1,1,1984,19,19,19,19,19,19,19,19,19,19
330037,1,1,1984,15,15,15,15,15,15,15,15,15,15
330038,0,1,1984,0,0,0,0,0,0,0,0,0,0
330038,1,1,1984,0,0,0,0,0,0,0,0,0,0
330039,1,1,1984,20,20,20,20,20,20,20,20,20,20
330040,1,1,1984,20,20,20,20,20,20,20,20,20,20
330041,1,1,1984,24,24,24,24,24,24,24,24,24,24
330042,1,1,1984,0,0,0,0,0,0,0,0,0,0
330043,1,1,1984,17,17,17,17,17,17,17,17,17,17
330044,1,1,1984,18,18,18,18,18,18,18,18,18,18
330044,2,1,1984,0,0,0,0,0,0,0,0,0,0
330045,1,1,1984,0,0,0,0,0,0,0,0,0,0
330045,2,1,1984,0,0,0,0,0,0,0,0,0,0
330046,1,1,1984,18,18,18,18,18,18,18,18,18,18
330047,1,1,1984,15,15,15,15,15,15,15,15,15,15
330047,2,1,1984,0,0,0,0,0,0,0,0,0,0
330047,3,1,1984,0,0,0,0,0,0,0,0,0,0
330048,1,1,1984,0,0,0,0,0,0,0,0,0,0
330048,2,1,1984,0,0,0,0,0,0,0,0,0,0
330049,1,1,1984,0,0,0,0,0,0,0,0,0,0
330049,2,1,1984,0,0,0,0,0,0,0,0,0,0
330049,3,1,1984,0,0,0,0,0,0,0,0,0,0
330050,1,1,1984,14,14,14,14,14,14,14,14,14,14
330051,1,1,1984,37,15,18,5,28,20,10,23,22,9
330052,1,1,1984,4,4,4,4,4,4,4,4,4,4
330053,1,1,1984,0,0,0,0,0,0,0,0,0,0
330053,2,1,1984,0,0,0,0,0,0,0,0,0,0
330054,1,1,1984,9,0,9,0,0,0,20,0,23,18
330054,2,1,1984,0,0,0,0,0,0,0,0,0,0
330055,1,1,1984,0,0,0,0,0,0,0,0,0,0
330056,1,1,1984,0,0,0,0,0,0,8,0,0,0
330056,2,1,1984,0,0,0,0,0,0,0,0,0,0
330057,1,1,1984,2,2,2,2,2,2,2,2,2,2
330058,1,1,1984,9,0,0,0,0,16,0,0,33,0
330059,1,1,1984,9,9,9,9,9,9,9,9,9,9
330060,0,1,1984,0,0,0,0,0,0,0,0,0,0
330060,1,1,1984,18,11,20,15,17,18,12,16,15,14
330061,1,1,1984,28,0,0,0,0,0,0,0,0,0
330061,2,1,1984,0,0,0,0,0,0,0,0,0,0
330062,1,1,1984,15,15,15,15,15,15,15,15,15,15
330063,1,1,1984,0,0,0,0,0,0,0,0,0,0
330063,2,1,1984,17,0,0,6,0,0,0,0,10,14
330063,3,1,1984,0,0,0,0,0,0,0,0,0,0
330064,1,1,1984,0,0,0,0,0,0,0,0,0,0
330064,2,1,1984,0,0,0,0,0,0,0,0,0,0
330065,1,1,1984,0,0,0,0,0,0,0,0,0,0
330065,2,1,1984,0,0,0,0,0,0,0,0,0,0
330065,3,1,1984,0,0,0,0,0,0,0,12,0,0
330066,1,1,1984,0,0,0,0,0,0,0,0,0,0
330067,1,1,1984,33,33,33,33,33,33,33,33,33,33
330068,0,1,1984,0,0,0,0,0,0,0,0,0,0
330068,1,1,1984,0,0,0,0,0,0,0,0,0,0
330069,1,1,1984,0,0,0,0,0,0,0,0,0,0
330070,1,1,1984,6,6,6,6,6,6,6,6,6,6
330071,1,1,1984,6,6,6,6,6,6,6,6,6,6
330072,1,1,1984,0,0,0,0,0,0,0,0,0,0
330073,1,1,1984,22,22,22,22,22,22,22,22,22,22
330073,2,1,1984,0,0,0,0,0,0,0,0,14,0
330074,1,1,1984,0,0,0,0,0,0,0,0,0,0
330075,1,1,1984,14,14,14,14,14,14,14,14,14,14
330076,0,1,1984,21,21,21,21,21,21,21,21,21,21
330076,1,1,1984,0,0,0,0,0,0,0,0,0,0
330077,1,1,1984,0,0,0,0,0,0,0,0,0,0
330078,1,1,1984,0,25,11,0,0,0,0,13,25,17
330079,1,1,1984,21,21,21,21,21,21,21,21,21,21
330080,1,1,1984,0,0,0,0,0,0,0,0,0,0
330080,2,1,1984,0,0,0,0,0,0,0,0,0,0
330081,1,1,1984,0,0,38,0,0,0,0,14,30,10
330082,1,1,1984,0,0,0,0,0,0,0,0,0,0
330083,1,1,1984,21,21,21,21,21,21,21,21,21,21
330084,1,1,1984,13,31,15,10,0,12,12,25,10,17
330085,1,1,1984,22,22,22,22,22,22,22,22,22,22
330085,2,1,1984,4,0,0,12,23,0,10,19,0,19
330085,3,1,1984,8,0,0,0,0,0,0,0,0,0
330086,1,1,1984,0,6,0,0,0,0,16,0,12,18
330086,2,1,1984,0,0,0,20,0,0,0,0,0,0
330088,1,1,1984,0,0,15,6,0,0,0,0,18,0
330088,2,1,1984,0,0,0,0,0,0,0,0,0,0
330090,1,1,1984,0,0,0,0,0,0,0,0,0,0
330091,1,1,1984,0,0,0,0,0,0,0,0,0,0
330091,2,1,1984,0,0,19,0,0,0,11,0,6,0
330091,3,1,1984,0,0,0,14,0,0,0,19,0,0
330092,1,1,1984,0,0,21,22,0,20,0,0,0,16
330094,1,1,1984,11,11,11,11,11,11,11,11,11,11
330095,1,1,1984,0,0,0,0,0,0,0,0,0,0
330096,0,1,1984,0,0,23,0,0,0,0,0,0,0
330096,0,2,1984,0,12,0,0,0,0,0,0,0,0
330096,1,1,1984,0,0,0,0,21,13,0,28,0,0
330099,0,1,1984,0,0,0,0,0,0,0,0,0,0
330099,1,1,1984,16,12,23,23,20,17,31,27,61,0
330100,1,1,1984,0,0,0,0,17,0,0,0,0,0
330100,2,1,1984,0,0,31,19,24,0,20,0,7,0
330101,1,1,1984,17,17,17,17,17,17,17,17,17,17
330102,1,1,1984,0,0,0,0,0,0,0,0,0,0
330102,2,1,1984,0,0,0,0,0,0,0,0,0,0
330103,1,1,1984,0,12,24,0,34,24,16,21,32,17
330104,0,1,1984,0,0,0,0,0,0,0,0,0,0
330104,1,1,1984,0,0,0,0,0,0,0,0,0,0
330105,1,1,1984,0,0,0,0,0,0,0,0,0,0
330107,1,1,1984,24,24,24,24,24,24,24,24,24,24
330108,1,1,1984,0,10,0,0,0,0,0,0,0,0
330108,2,1,1984,0,0,0,0,0,0,14,0,18,0
330110,1,1,1984,0,0,0,0,0,0,0,0,0,0
330110,2,1,1984,0,0,0,0,0,0,0,0,0,0
330110,3,1,1984,0,0,0,0,0,0,0,0,0,0
330111,1,1,1984,25,0,0,0,0,0,0,0,0,0
330111,2,1,1984,0,0,0,0,0,0,0,0,10,0
330112,0,1,1984,0,0,0,0,0,0,0,0,0,0
330112,1,1,1984,3,29,9,29,27,20,13,21,24,10
330113,0,1,1984,0,0,0,0,0,0,0,0,0,0
330113,1,1,1984,21,11,22,11,20,34,16,19,23,17
330114,1,1,1984,0,0,0,0,0,0,0,0,0,0
330115,1,1,1984,0,0,0,0,0,0,0,0,0,0
330116,0,1,1984,14,21,0,22,3,0,0,4,0,0
330116,1,1,1984,0,0,0,0,0,0,0,0,0,0
330117,1,1,1984,18,18,18,18,18,18,18,18,18,18
330118,0,1,1984,1,1,1,1,1,1,1,1,1,1
330118,1,1,1984,0,0,0,0,0,0,0,0,0,0
330119,1,1,1984,13,0,0,10,29,0,0,0,16,11
330120,0,1,1984,0,0,0,0,0,0,0,0,0,0
330120,1,1,1984,0,0,0,0,0,14,0,0,0,0
330122,1,1,1984,0,0,0,10,0,0,0,0,12,0
330122,2,1,1984,0,0,0,0,0,0,0,0,0,0
330123,1,1,1984,11,40,15,12,18,12,18,9,35,16
330124,1,1,1984,0,0,0,0,0,0,9,0,0,0
330125,1,1,1984,0,20,18,9,0,0,4,17,22,0
330125,2,1,1984,0,0,0,0,0,0,12,0,11,16
330126,0,1,1984,0,0,0,0,0,0,0,0,0,0
330126,1,1,1984,15,21,0,19,0,24,0,9,0,0
330127,1,1,1984,16,16,16,16,16,16,16,16,16,16
330128,1,1,1984,18,18,18,18,18,18,18,18,18,18
330130,1,1,1984,0,12,25,10,0,10,3,0,8,0
330131,0,1,1984,0,0,0,0,0,0,0,0,0,0
330131,1,1,1984,0,0,0,0,0,0,0,0,0,0
330132,1,1,1984,0,0,18,23,26,45,14,28,0,0
330132,2,1,1984,30,30,30,30,30,30,30,30,30,30
330133,1,1,1984,16,16,16,16,16,16,16,16,16,16
330134,1,1,1984,30,9,25,27,0,15,0,19,0,22
330134,2,1,1984,19,26,23,15,29,20,19,14,15,32
330135,1,1,1984,0,17,0,0,0,0,0,0,19,0
330139,1,1,1984,10,10,10,10,10,10,10,10,10,10
330140,1,1,1984,0,0,0,0,0,0,0,0,0,0
330141,1,1,1984,29,29,29,29,29,29,29,29,29,29
330143,1,1,1984,1,1,1,1,1,1,1,1,1,1
330143,2,1,1984,0,0,0,0,0,0,0,0,0,0
330144,1,1,1984,12,12,12,12,12,12,12,12,12,12
330145,1,1,1984,19,19,19,19,19,19,19,19,19,19
330146,0,1,1984,0,0,0,0,0,0,0,0,0,0
330146,1,1,1984,0,0,0,0,0,0,0,0,0,0
330147,1,1,1984,14,14,14,14,14,14,14,14,14,14
330148,1,1,1984,0,0,0,0,0,0,0,0,0,0
330149,1,1,1984,29,29,29,29,29,29,29,29,29,29
330150,1,1,1984,14,14,14,14,14,14,14,14,14,14
330151,1,1,1984,0,0,0,0,0,0,0,0,0,0
330151,2,1,1984,20,25,0,0,21,43,0,0,7,0
330152,0,1,1984,0,0,0,0,0,0,0,0,0,0
330152,1,1,1984,0,0,0,0,0,0,0,0,0,0
330153,0,1,1984,0,0,0,0,0,0,0,0,0,0
330153,1,1,1984,0,0,0,0,0,0,0,0,0,0
330154,1,1,1984,0,0,0,0,0,0,0,0,0,0
330155,1,1,1984,22,22,22,22,22,22,22,22,22,22
330156,1,1,1984,21,21,21,21,21,21,21,21,21,21
330157,1,1,1984,21,20,15,21,18,26,35,0,0,0
330157,2,1,1984,12,0,0,0,0,14,19,7,0,0
330158,1,1,1984,0,0,0,0,0,20,0,0,0,0
330158,2,1,1984,0,0,0,10,0,0,0,0,0,0
330159,1,1,1984,0,0,0,0,0,0,0,0,0,0
330160,1,1,1984,16,16,16,16,16,16,16,16,16,16
330161,1,1,1984,0,0,0,0,0,0,0,0,0,0
330161,2,1,1984,0,0,0,0,0,0,0,0,0,0
330162,1,1,1984,0,0,0,0,0,0,0,0,0,0
330162,2,1,1984,0,0,0,0,0,0,23,0,0,12
330163,1,1,1984,0,0,0,0,0,0,0,0,0,0
330163,2,1,1984,0,0,0,0,0,0,0,0,0,0
330164,1,1,1984,0,0,0,0,0,0,0,0,0,0
330164,2,1,1984,0,0,0,0,0,0,0,0,0,0
330164,3,1,1984,0,0,0,0,0,0,0,0,0,0
330165,1,1,1984,0,0,0,0,0,0,0,0,0,0
330165,2,1,1984,0,0,0,0,0,0,0,0,0,0
330166,1,1,1984,15,20,0,18,11,20,11,0,0,16
330167,1,1,1984,0,0,0,0,0,0,0,0,0,0
330167,2,1,1984,16,0,0,0,0,0,0,0,18,0
330168,1,1,1984,29,27,0,0,8,0,0,17,22,24
330169,1,1,1984,20,26,29,19,16,17,18,17,7,9
330170,0,1,1984,0,0,0,0,0,0,0,0,0,0
330170,1,1,1984,0,0,0,0,0,0,15,0,0,0
330171,1,1,1984,17,17,17,17,17,17,17,17,17,17
330172,1,1,1984,1,1,1,1,1,1,1,1,1,1
330173,1,1,1984,0,0,0,0,0,0,0,0,0,0
330174,0,1,1984,0,0,0,0,0,0,9,13,0,0
330174,1,1,1984,14,12,10,11,0,16,26,18,14,15
330175,1,1,1984,17,37,27,30,20,27,26,20,22,30
330176,1,1,1984,18,18,18,18,18,18,18,18,18,18
330178,1,1,1984,4,4,4,4,4,4,4,4,4,4
330179,0,1,1984,0,0,11,0,0,0,0,0,0,0
330179,1,1,1984,0,0,0,0,0,0,0,0,0,0
330180,1,1,1984,0,0,0,0,0,0,0,0,0,0
330180,2,1,1984,0,0,0,0,0,0,0,0,0,0
330180,3,1,1984,0,0,0,0,0,0,0,0,0,0
330181,1,1,1984,23,23,23,23,23,23,23,23,23,23
330182,1,1,1984,16,16,16,16,16,16,16,16,16,16
330183,1,1,1984,0,22,13,25,23,25,11,15,14,10
330184,1,1,1984,22,22,22,22,22,22,22,22,22,22
330185,1,1,1984,0,31,22,42,10,7,0,5,0,24
330185,2,1,1984,9,0,20,0,0,16,24,14,3,0
330185,3,1,1984,0,17,15,10,0,13,23,0,0,2
330186,1,1,1984,16,16,16,16,16,16,16,16,16,16
340001,0,1,1984,0,7,0,39,0,0,0,0,0,0
340001,1,1,1984,12,12,12,12,12,12,12,12,12,12
340002,1,1,1984,9,0,0,0,0,0,0,8,0,0
340003,1,1,1984,0,0,0,0,0,0,0,0,0,0
340003,2,1,1984,0,0,0,0,0,0,0,0,0,0
340003,3,1,1984,0,0,0,0,0,0,0,0,0,0
340004,1,1,1984,18,18,18,18,18,18,18,18,18,18
340004,2,1,1984,0,0,21,0,0,0,0,0,0,0
340005,0,1,1984,0,0,0,0,30,0,0,0,0,0
340005,0,2,1984,0,0,0,0,0,0,0,15,0,0
340005,1,1,1984,0,0,15,0,0,0,0,0,0,0
340006,0,1,1984,13,13,13,13,13,13,13,13,13,13
340006,1,1,1984,0,0,0,0,0,0,0,0,0,0
340007,0,1,1984,0,0,0,0,0,0,0,0,0,0
340007,1,1,1984,0,0,0,0,0,0,0,0,0,0
340008,0,1,1984,0,0,0,0,0,0,0,0,0,0
340008,1,1,1984,0,0,0,0,0,0,0,0,0,0
340009,0,1,1984,27,21,11,0,45,0,7,0,26,50
340009,1,1,1984,0,0,0,0,11,0,0,0,0,0
340011,0,1,1984,0,0,0,0,0,0,0,0,0,0
340011,1,1,1984,0,0,0,0,0,0,12,0,0,0
340012,1,1,1984,10,10,10,10,10,10,10,10,10,10
340013,1,1,1984,0,0,0,0,0,0,0,0,0,0
340013,2,1,1984,0,0,0,0,0,0,0,0,0,0
340014,0,1,1984,0,20,0,11,0,13,0,0,21,8
340014,1,1,1984,0,0,0,0,0,0,0,0,0,0
340015,1,1,1984,5,5,5,5,5,5,5,5,5,5
340015,2,1,1984,0,0,0,0,0,0,0,0,0,0
340016,1,1,1984,0,0,0,0,0,0,0,0,0,0
340016,2,1,1984,0,29,0,0,0,0,0,0,11,0
340017,1,1,1984,5,0,20,12,0,7,0,0,0,0
340017,2,1,1984,17,17,17,17,17,17,17,17,17,17
340018,0,1,1984,0,23,0,25,0,9,13,0,0,15
340018,1,1,1984,10,10,10,10,10,10,10,10,10,10
340019,1,1,1984,0,0,0,0,0,0,0,0,0,0
340020,1,1,1984,14,0,0,0,19,38,0,9,22,0
340021,0,1,1984,0,0,0,0,0,0,0,0,0,0
340021,1,1,1984,0,0,0,0,0,0,0,7,0,0
340022,0,1,1984,12,12,12,12,12,12,12,12,12,12
340022,1,1,1984,0,0,0,0,0,0,0,0,0,0
340023,1,1,1984,0,0,0,0,0,0,0,0,0,0
340023,2,1,1984,0,0,0,0,0,0,0,0,0,0
340024,1,1,1984,0,0,0,0,0,0,0,0,0,0
340024,2,1,1984,0,0,0,0,0,0,0,0,0,0
340024,3,1,1984,0,0,0,0,0,0,0,0,0,0
340025,1,1,1984,10,22,44,15,8,9,28,20,0,18
340026,0,1,1984,0,0,0,0,0,0,0,0,0,0
340026,1,1,1984,0,0,0,0,0,0,0,0,0,0
340028,1,1,1984,9,9,9,9,9,9,9,9,9,9
340029,1,1,1984,0,0,0,0,0,0,0,0,0,0
340029,2,1,1984,0,0,0,0,0,0,0,0,0,0
340029,3,1,1984,0,0,0,0,0,0,0,0,0,0
340030,1,1,1984,0,0,0,0,0,0,0,0,0,0
340030,2,1,1984,0,0,0,0,0,0,0,0,0,0
340030,3,1,1984,0,0,0,0,0,0,0,0,4,0
340030,4,1,1984,0,0,0,0,0,0,0,0,0,0
340030,5,1,1984,0,0,0,0,0,0,0,0,0,0
340031,0,1,1984,28,28,28,28,28,28,28,28,28,28
340031,1,1,1984,0,0,0,0,34,0,0,0,9,0
340032,1,1,1984,21,21,21,21,21,21,21,21,21,21
340033,1,1,1984,0,0,0,0,0,0,0,0,0,0
340033,2,1,1984,0,0,0,0,0,0,0,0,0,0
340033,3,1,1984,0,0,0,0,0,0,0,0,0,0