ST_CASE,VEH_NO,PER_NO,YEAR,P1,P2,P3,P4,P5,P6,P7,P8,P9,P10
340033,4,1,1984,0,0,0,0,0,0,0,0,0,0
340033,5,1,1984,0,0,0,0,0,0,0,0,0,0
340033,6,1,1984,0,0,0,0,0,0,0,0,0,0
340034,0,1,1984,0,0,0,0,0,0,0,0,0,0
340034,1,1,1984,0,0,0,0,0,0,0,0,0,0
340035,1,1,1984,23,23,23,23,23,23,23,23,23,23
340035,2,1,1984,0,0,0,0,0,0,0,0,0,0
340036,1,1,1984,0,0,3,0,0,0,0,0,0,0
340036,2,1,1984,0,25,24,16,13,0,14,11,2,0
340037,0,1,1984,28,28,28,28,28,28,28,28,28,28
340037,1,1,1984,10,10,10,10,10,10,10,10,10,10
340038,1,1,1984,15,15,15,15,15,15,15,15,15,15
340039,1,1,1984,26,26,26,26,26,26,26,26,26,26
340040,1,1,1984,12,16,24,0,0,28,12,0,25,16
340041,1,1,1984,11,11,11,11,11,11,11,11,11,11
340042,1,1,1984,0,0,0,0,0,0,0,0,0,0
340043,1,1,1984,11,11,11,11,11,11,11,11,11,11
340044,1,1,1984,0,0,14,0,0,0,0,0,0,0
340045,0,1,1984,0,0,0,0,0,0,0,0,0,0
340045,1,1,1984,0,0,0,0,0,0,0,0,0,0
340045,2,1,1984,0,0,17,0,0,3,0,0,0,0
340046,0,1,1984,11,11,11,11,11,11,11,11,11,11
340046,1,1,1984,0,0,0,0,0,0,9,0,0,7
340048,1,1,1984,0,0,0,0,0,0,0,0,0,0
340048,2,1,1984,0,0,0,0,0,0,0,0,0,0
340049,0,1,1984,12,12,12,12,12,12,12,12,12,12
340049,1,1,1984,0,0,0,14,0,0,0,0,0,0
340050,0,1,1984,0,0,0,0,0,0,0,0,0,0
340050,1,1,1984,0,0,0,0,0,0,0,0,0,0
340051,1,1,1984,0,0,0,0,0,0,0,0,0,0
340051,2,1,1984,0,0,0,0,0,0,0,0,0,0
340052,1,1,1984,0,0,0,0,0,0,0,0,0,0
340052,2,1,1984,0,0,0,0,0,0,0,0,0,0
340053,1,1,1984,0,0,0,0,0,0,0,0,0,0
340053,2,1,1984,11,11,11,11,11,11,11,11,11,11
340054,1,1,1984,10,10,10,10,10,10,10,10,10,10
340054,2,1,1984,1,1,1,1,1,1,1,1,1,1
340055,1,1,1984,14,0,8,11,0,0,10,0,12,0
340056,0,1,1984,13,13,13,13,13,13,13,13,13,13
340056,0,2,1984,15,11,0,0,16,0,36,16,7,22
340056,1,1,1984,0,0,0,0,0,0,0,0,0,0
340057,1,1,1984,0,0,0,0,0,0,0,0,0,0
340057,2,1,1984,0,0,0,0,0,0,0,0,0,0
340058,0,1,1984,23,0,0,0,0,0,0,0,0,0
340058,1,1,1984,0,0,0,0,0,0,0,0,0,0
340059,1,1,1984,0,0,0,0,0,0,0,0,0,0
340060,0,1,1984,16,16,16,16,16,16,16,16,16,16
340060,1,1,1984,21,21,21,21,21,21,21,21,21,21
340061,1,1,1984,0,14,0,0,0,0,0,0,0,0
340061,2,1,1984,0,0,0,0,0,0,0,0,0,0
340062,0,1,1984,0,12,10,0,0,0,0,0,0,0
340062,1,1,1984,0,0,0,0,0,10,0,0,0,0
340063,1,1,1984,0,0,0,8,0,27,0,0,0,0
340063,2,1,1984,0,0,0,0,0,0,0,0,0,0
340063,3,1,1984,0,0,0,0,0,0,0,0,0,0
340064,0,1,1984,0,0,0,0,0,0,0,0,0,0
340064,1,1,1984,0,0,0,16,0,0,0,0,0,0
340065,1,1,1984,0,0,0,0,0,0,0,0,0,0
340066,1,1,1984,0,0,0,0,0,0,0,0,0,0
340066,2,1,1984,0,0,0,0,0,0,0,4,0,7
340067,0,1,1984,0,0,0,0,0,0,0,0,0,0
340067,1,1,1984,0,0,0,0,0,0,0,19,9,0
340068,0,1,1984,0,0,0,0,0,0,0,0,0,0
340068,1,1,1984,0,0,0,0,0,17,0,0,0,0
340069,1,1,1984,22,22,22,22,22,22,22,22,22,22
340070,1,1,1984,0,0,0,0,0,0,0,0,0,0
340070,2,1,1984,0,0,0,0,0,0,0,0,0,0
340071,0,1,1984,0,0,0,0,0,0,0,0,0,0
340071,1,1,1984,0,0,0,0,0,0,0,0,0,12
340073,0,1,1984,0,0,0,0,0,0,0,0,0,0
340073,1,1,1984,0,0,0,0,0,0,0,0,0,0
340074,0,1,1984,0,0,0,16,0,0,0,17,0,0
340074,1,1,1984,0,0,0,0,0,0,0,0,0,5
340075,1,1,1984,0,0,0,0,0,0,0,0,0,0
340076,1,1,1984,22,22,22,22,22,22,22,22,22,22
340076,2,1,1984,30,0,21,0,0,17,16,0,20,0
340077,1,1,1984,0,0,0,0,0,0,0,0,0,0
340077,2,1,1984,0,0,0,0,0,0,0,0,0,2
340078,1,1,1984,5,5,5,5,5,5,5,5,5,5
340079,1,1,1984,0,0,0,0,0,0,0,0,0,0
340079,2,1,1984,0,0,0,0,0,0,0,0,0,0
340081,0,1,1984,11,11,11,11,11,11,11,11,11,11
340081,1,1,1984,0,0,0,0,0,0,0,0,0,0
340083,1,1,1984,0,0,0,0,0,0,0,0,0,0
340083,2,1,1984,0,0,0,0,0,0,0,0,0,0
340083,3,1,1984,18,18,18,18,18,18,18,18,18,18
340086,1,1,1984,0,0,0,0,0,0,0,0,0,0
340087,1,1,1984,15,15,15,15,15,15,15,15,15,15
340088,1,1,1984,11,0,11,15,15,33,22,9,0,6
340088,2,1,1984,23,27,0,12,0,0,0,4,5,0
340089,0,1,1984,18,18,18,18,18,18,18,18,18,18
340089,1,1,1984,0,0,0,0,0,0,0,3,8,5
340089,2,1,1984,0,0,0,0,0,0,12,0,0,0
340090,1,1,1984,0,0,0,0,0,0,0,0,0,0
340091,1,1,1984,20,20,20,20,20,20,20,20,20,20
340092,1,1,1984,0,0,0,0,0,0,0,0,0,0
340093,1,1,1984,0,0,0,0,0,0,0,0,0,0
340093,2,1,1984,0,0,0,0,0,0,0,0,0,0
340094,1,1,1984,9,9,9,9,9,9,9,9,9,9
340095,1,1,1984,0,0,0,0,0,0,0,0,0,9
340095,2,1,1984,0,0,0,0,0,0,0,0,0,0
340096,1,1,1984,0,0,0,0,0,0,0,0,0,0
340096,2,1,1984,0,0,0,0,0,0,0,0,0,0
340096,3,1,1984,0,0,0,0,0,0,0,0,0,0
340096,4,1,1984,0,0,0,0,0,0,0,0,0,0
340096,5,1,1984,0,0,0,0,0,0,0,0,0,0
340097,1,1,1984,4,13,18,9,23,15,0,0,35,31
340098,1,1,1984,20,20,20,20,20,20,20,20,20,20
340099,1,1,1984,0,0,0,0,0,0,0,0,0,0
340099,2,1,1984,0,0,0,0,0,0,0,0,0,0
340100,0,1,1984,0,0,0,0,0,0,0,0,0,0
340100,1,1,1984,0,0,0,0,0,0,0,0,0,0
340101,1,1,1984,0,0,0,0,0,0,0,0,0,0
340101,2,1,1984,0,0,0,0,0,0,0,0,0,0
340102,0,1,1984,0,0,0,0,0,0,0,0,0,0
340102,1,1,1984,0,0,0,26,20,0,20,16,0,13
340103,1,1,1984,0,0,0,0,0,0,0,0,0,0
340103,2,1,1984,0,0,0,14,0,0,0,26,0,0
340104,1,1,1984,0,4,0,0,0,0,0,0,0,23
340104,2,1,1984,0,0,0,0,0,0,0,0,0,0
340105,0,1,1984,0,0,0,0,0,0,0,0,0,0
340105,1,1,1984,18,0,18,0,6,0,20,12,31,14
340106,1,1,1984,17,17,17,17,17,17,17,17,17,17
340106,2,1,1984,0,0,0,0,0,0,0,0,0,0
340107,1,1,1984,18,18,18,18,18,18,18,18,18,18
340108,0,1,1984,0,0,0,0,0,0,0,0,0,0
340108,1,1,1984,0,0,0,0,0,0,0,0,0,0
340109,1,1,1984,15,15,15,15,15,15,15,15,15,15
340109,2,1,1984,0,0,0,0,13,0,0,0,9,0
340110,1,1,1984,33,33,33,33,33,33,33,33,33,33
340111,0,1,1984,12,12,12,12,12,12,12,12,12,12
340111,1,1,1984,21,7,0,20,0,16,19,0,31,0
340112,0,1,1984,2,2,2,2,2,2,2,2,2,2
340112,1,1,1984,0,0,0,14,0,0,0,0,0,0
340113,0,1,1984,0,0,0,0,0,0,0,0,0,0
340113,1,1,1984,0,0,11,20,0,0,0,0,31,0
340113,2,1,1984,0,0,0,0,0,0,0,0,0,0
340114,1,1,1984,21,21,21,21,21,21,21,21,21,21
340115,1,1,1984,18,18,18,18,18,18,18,18,18,18
340115,2,1,1984,0,0,0,0,0,0,0,0,0,0
340116,1,1,1984,14,14,14,14,14,14,14,14,14,14
340116,2,1,1984,0,0,0,0,0,0,0,0,0,0
340117,0,1,1984,28,28,28,28,28,28,28,28,28,28
340117,1,1,1984,0,0,0,0,17,7,0,16,10,0
340118,0,1,1984,0,0,0,0,0,0,0,0,0,0
340118,1,1,1984,14,14,14,14,14,14,14,14,14,14
340119,1,1,1984,0,0,0,0,0,0,0,0,0,0
340119,2,1,1984,0,0,0,0,0,0,0,0,0,0
340120,1,1,1984,4,4,4,4,4,4,4,4,4,4
340120,2,1,1984,0,0,0,0,0,0,0,0,0,0
340121,1,1,1984,8,8,8,8,8,8,8,8,8,8
340122,1,1,1984,0,5,17,3,5,13,0,0,0,8
340123,0,1,1984,20,20,20,20,20,20,20,20,20,20
340123,1,1,1984,0,0,0,0,0,0,0,0,0,0
340124,1,1,1984,0,12,0,0,10,0,0,0,0,12
340125,1,1,1984,0,0,0,0,0,0,0,0,0,24
340125,2,1,1984,0,0,0,0,0,0,0,0,0,0
340126,0,1,1984,21,0,0,0,0,0,0,0,0,25
340126,1,1,1984,0,0,0,0,0,0,0,0,0,0
340127,0,1,1984,19,19,19,19,19,19,19,19,19,19
340127,1,1,1984,7,7,7,7,7,7,7,7,7,7
340128,1,1,1984,0,0,0,0,0,0,0,0,0,0
340128,2,1,1984,12,0,0,11,21,0,0,0,16,14
340129,1,1,1984,0,0,0,0,0,0,0,0,0,0
340129,2,1,1984,16,16,16,16,16,16,16,16,16,16
340130,1,1,1984,0,0,0,0,0,0,0,0,0,0
340131,1,1,1984,0,0,0,0,0,0,0,0,0,0
340132,1,1,1984,0,0,14,20,7,0,13,0,0,20
340133,1,1,1984,0,0,0,0,0,0,0,0,0,0
340133,2,1,1984,0,0,0,0,0,0,0,0,0,0
340134,1,1,1984,0,0,0,0,0,0,0,0,0,0
340135,0,1,1984,11,11,11,11,11,11,11,11,11,11
340135,1,1,1984,0,6,0,0,0,13,0,0,0,0
340136,1,1,1984,0,0,0,0,0,0,0,0,0,0
340136,2,1,1984,0,0,0,0,0,0,0,0,0,0
340137,0,1,1984,31,31,31,31,31,31,31,31,31,31
340137,1,1,1984,0,0,0,0,0,0,0,0,0,0
340138,0,1,1984,0,0,0,0,0,0,0,0,0,0
340138,1,1,1984,0,0,0,0,0,0,0,0,0,0
340139,1,1,1984,0,0,0,0,0,0,0,0,0,0
340139,2,1,1984,0,0,0,0,0,0,0,0,0,0
340140,0,1,1984,0,0,0,0,0,0,0,0,0,0
340141,0,1,1984,0,0,0,0,0,0,0,0,0,0
340141,1,1,1984,17,0,0,0,0,0,0,0,0,0
340142,1,1,1984,28,28,28,28,28,28,28,28,28,28
340143,0,1,1984,28,28,28,28,28,28,28,28,28,28
340143,1,1,1984,12,12,12,12,12,12,12,12,12,12
340145,1,1,1984,11,0,0,0,0,0,0,0,0,0
340145,2,1,1984,26,26,26,26,26,26,26,26,26,26
340146,1,1,1984,0,0,15,0,0,20,20,20,0,0
340147,1,1,1984,18,18,18,18,18,18,18,18,18,18
340147,2,1,1984,0,0,0,8,0,0,0,0,18,0
340148,1,1,1984,0,0,0,0,0,0,0,0,0,0
340148,2,1,1984,8,8,8,8,8,8,8,8,8,8
340149,1,1,1984,0,0,0,0,0,0,0,0,0,0
340149,2,1,1984,0,0,0,0,0,0,0,0,0,0
340150,0,1,1984,25,25,25,25,25,25,25,25,25,25
340150,1,1,1984,25,12,0,0,0,0,0,0,20,0
340150,2,1,1984,11,0,0,0,18,0,0,0,0,11
340151,0,1,1984,0,0,0,0,0,0,0,0,0,0
340151,1,1,1984,0,5,0,0,0,0,0,0,0,0
340152,0,1,1984,0,0,0,0,0,0,0,0,0,0
340152,1,1,1984,11,11,11,11,11,11,11,11,11,11
340153,0,1,1984,0,0,0,0,0,0,0,0,0,0
340153,1,1,1984,23,23,23,23,23,23,23,23,23,23
340155,1,1,1984,17,17,17,17,17,17,17,17,17,17
340156,1,1,1984,0,0,0,0,0,0,0,0,0,0
340156,2,1,1984,0,10,0,14,36,22,0,19,28,0
340156,3,1,1984,5,24,0,0,0,0,0,0,12,0
340157,1,1,1984,0,0,0,0,0,0,0,0,0,0
340159,0,1,1984,0,0,0,0,0,0,0,0,0,0
340159,1,1,1984,14,0,21,0,0,0,0,0,8,0
340160,2,1,1984,0,0,0,0,0,0,0,0,0,0
340161,1,1,1984,13,13,13,13,13,13,13,13,13,13
340162,1,1,1984,0,0,0,0,0,0,0,0,0,0
340163,0,1,1984,22,22,22,22,22,22,22,22,22,22
340163,1,1,1984,0,0,0,0,0,0,0,0,0,0
340165,1,1,1984,18,18,18,18,18,18,18,18,18,18
340166,0,1,1984,0,0,0,0,0,0,0,0,0,0
340166,1,1,1984,0,0,0,0,0,0,0,0,0,0
340167,1,1,1984,0,0,0,0,0,0,0,0,0,0
340167,2,1,1984,0,0,0,0,0,0,0,0,0,0
340168,1,1,1984,0,0,0,0,0,0,0,0,0,0
340168,2,1,1984,0,0,0,0,0,0,0,0,0,0
340169,1,1,1984,13,13,13,13,13,13,13,13,13,13
340170,0,1,1984,0,0,0,0,0,0,0,0,0,0
340170,1,1,1984,24,0,0,0,16,0,1,0,0,0
340171,1,1,1984,23,23,23,23,23,23,23,23,23,23
340172,1,1,1984,12,12,12,12,12,12,12,12,12,12
340173,0,1,1984,0,0,0,0,0,0,0,0,0,0
340174,1,1,1984,0,0,0,0,0,0,0,0,0,0
340174,2,1,1984,25,25,25,25,25,25,25,25,25,25
340175,1,1,1984,19,19,19,19,19,19,19,19,19,19
340176,1,1,1984,0,0,0,0,0,0,0,0,0,0
340176,2,1,1984,16,16,16,16,16,16,16,16,16,16
340178,1,1,1984,0,13,0,0,0,0,0,0,0,14
340180,1,1,1984,0,0,0,0,0,0,0,0,0,0
340180,2,1,1984,0,0,0,0,0,0,0,0,0,0
340181,1,1,1984,11,11,11,11,11,11,11,11,11,11
340182,1,1,1984,0,0,14,0,0,37,0,16,0,0
340183,1,1,1984,0,0,0,0,0,0,0,0,0,0
340185,1,1,1984,0,0,0,0,0,0,0,0,0,0
340185,2,1,1984,5,12,38,25,0,24,0,0,0,0
340186,1,1,1984,12,12,12,12,12,12,12,12,12,12
340186,2,1,1984,32,0,16,14,0,24,0,14,6,12
340187,1,1,1984,0,0,0,0,0,0,0,0,0,0
340187,2,1,1984,20,19,20,9,20,30,2,19,19,12
340188,0,1,1984,0,0,0,0,0,0,0,0,0,0
340188,1,1,1984,0,0,0,0,0,0,0,0,0,0
340189,0,1,1984,0,0,0,0,0,0,0,0,0,0
340189,1,1,1984,20,20,20,20,20,20,20,20,20,20
340190,1,1,1984,25,13,24,22,7,8,3,19,22,11
340191,1,1,1984,0,10,0,16,9,38,31,14,21,14
340191,2,1,1984,0,0,0,0,0,0,0,0,0,0
340192,1,1,1984,8,8,8,8,8,8,8,8,8,8
340193,1,1,1984,17,28,14,2,11,6,19,4,9,10
340194,0,1,1984,13,13,13,13,13,13,13,13,13,13
340194,1,1,1984,0,0,0,0,22,0,0,0,0,0
340195,1,1,1984,0,0,0,0,0,0,0,0,0,0
340195,2,1,1984,0,0,0,0,0,0,0,0,0,0
340196,1,1,1984,28,28,28,28,28,28,28,28,28,28
340196,2,1,1984,9,9,9,9,9,9,9,9,9,9
340198,0,1,1984,0,0,0,0,0,0,0,0,0,0
340198,1,1,1984,0,0,0,0,0,0,0,0,0,0
340199,1,1,1984,0,0,0,0,0,0,0,0,0,0
340199,2,1,1984,21,21,21,21,21,21,21,21,21,21
340200,1,1,1984,0,0,0,0,0,0,0,0,0,0
340200,2,1,1984,0,0,0,0,0,0,0,1,0,0
340201,0,1,1984,0,0,0,0,0,0,0,0,0,0
340201,1,1,1984,0,0,0,0,0,0,0,0,0,0
340202,0,1,1984,27,0,0,0,0,0,0,0,0,0
340202,1,1,1984,0,15,0,0,0,0,22,0,15,0
340202,2,1,1984,16,0,0,0,0,0,0,16,0,0
340203,1,1,1984,19,19,19,19,19,19,19,19,19,19
340205,1,1,1984,8,8,8,8,8,8,8,8,8,8
340206,0,1,1984,0,0,0,0,0,0,0,0,0,0
340206,1,1,1984,0,19,0,0,0,0,0,0,0,0
340207,1,1,1984,0,0,0,0,0,0,0,0,0,12
340208,1,1,1984,18,18,18,18,18,18,18,18,18,18
340209,0,1,1984,0,0,24,0,0,0,0,0,0,0
340209,1,1,1984,0,0,0,0,0,0,0,0,0,0
340210,1,1,1984,0,0,0,0,0,0,0,0,0,0
340211,1,1,1984,0,0,0,0,0,0,0,0,0,0
340211,2,1,1984,0,0,0,0,0,0,0,0,0,0
340211,3,1,1984,0,0,0,0,0,0,0,0,11,0
340212,1,1,1984,0,0,0,0,0,0,0,0,0,0
340212,2,1,1984,0,0,0,0,19,0,0,0,0,0
340213,1,1,1984,8,0,0,0,0,0,18,0,0,0
340213,2,1,1984,0,0,0,0,0,10,0,0,23,21
340214,1,1,1984,14,14,14,14,14,14,14,14,14,14
340214,2,1,1984,9,9,9,9,9,9,9,9,9,9
340215,1,1,1984,7,0,0,24,29,15,0,0,0,25
340216,1,1,1984,0,0,0,0,0,0,0,0,0,0
340217,0,1,1984,0,0,0,0,0,0,0,0,0,0
340217,1,1,1984,0,0,0,0,21,0,0,0,0,0
340218,0,1,1984,0,0,0,0,0,0,0,0,0,0
340218,1,1,1984,0,0,0,0,0,0,0,0,0,0
340219,1,1,1984,0,0,0,0,0,0,0,0,0,0
340220,0,1,1984,0,0,0,0,0,0,0,0,0,0
340220,1,1,1984,0,0,0,8,0,0,0,0,0,0
340221,1,1,1984,0,0,0,0,0,0,0,0,0,0
340221,2,1,1984,0,0,0,0,0,0,0,0,0,0
340222,0,1,1984,0,0,0,0,0,0,0,0,0,0
340222,1,1,1984,20,0,0,0,0,12,0,7,26,5
340223,1,1,1984,0,0,0,0,0,0,0,0,0,0
340223,2,1,1984,21,6,0,15,0,0,0,28,8,0
340225,0,1,1984,0,0,0,0,0,0,0,0,0,0
340225,1,1,1984,0,0,0,0,0,0,0,0,0,0
340226,1,1,1984,0,0,0,0,0,0,0,0,0,0
340228,0,1,1984,0,0,0,0,0,0,0,0,0,0
340228,1,1,1984,0,0,0,0,0,0,0,0,0,16
340229,1,1,1984,16,16,16,16,16,16,16,16,16,16
340230,1,1,1984,0,0,0,0,0,0,0,0,0,0
340230,2,1,1984,0,0,0,0,0,0,0,0,0,9
340231,1,1,1984,21,21,21,21,21,21,21,21,21,21
340231,2,1,1984,0,0,0,0,0,0,0,0,11,0
340232,1,1,1984,5,5,5,5,5,5,5,5,5,5
340232,2,1,1984,0,0,0,0,0,0,0,0,0,0
340233,1,1,1984,0,0,0,0,0,0,0,0,0,0
340233,2,1,1984,0,0,0,0,0,0,0,0,0,0
340234,1,1,1984,0,0,0,0,0,0,0,0,0,0
340235,1,1,1984,0,8,0,0,0,15,0,0,0,0
340235,2,1,1984,0,0,0,0,0,0,0,0,0,0
340236,0,1,1984,27,27,27,27,27,27,27,27,27,27
340236,1,1,1984,0,0,0,0,0,0,0,0,0,0
340237,1,1,1984,8,15,9,13,13,14,13,19,18,7
340237,2,1,1984,12,12,12,12,12,12,12,12,12,12
340238,1,1,1984,0,0,0,0,0,0,0,0,0,0
340238,2,1,1984,0,0,0,0,0,0,0,0,23,0
340239,1,1,1984,0,0,0,0,0,0,0,0,0,0
340239,2,1,1984,0,0,0,0,0,0,18,0,0,0
340240,1,1,1984,6,6,6,6,6,6,6,6,6,6
340241,1,1,1984,0,0,0,0,0,0,0,0,0,0
340242,1,1,1984,0,0,0,0,0,0,13,0,0,21
340242,2,1,1984,0,0,0,0,0,0,0,0,0,0
340244,1,1,1984,13,13,13,13,13,13,13,13,13,13
340245,0,1,1984,0,0,0,0,0,0,0,0,0,0
340245,1,1,1984,0,0,0,0,0,0,0,0,0,0
340246,0,1,1984,0,0,0,0,0,0,0,0,0,0
340246,1,1,1984,0,0,0,0,0,0,8,0,0,0
340247,1,1,1984,15,15,15,15,15,15,15,15,15,15
340248,0,1,1984,7,7,7,7,7,7,7,7,7,7
340248,1,1,1984,20,20,20,20,20,20,20,20,20,20
340252,1,1,1984,0,0,0,0,0,0,0,0,0,0
340253,1,1,1984,12,12,12,12,12,12,12,12,12,12
340254,1,1,1984,0,0,0,0,0,0,0,0,0,0
340254,2,1,1984,0,0,0,0,0,0,0,0,0,0
340255,1,1,1984,0,0,0,0,0,0,0,0,0,0
340255,2,1,1984,0,0,0,0,0,0,0,0,0,0
340256,1,1,1984,0,0,0,0,0,0,0,0,0,0
340256,2,1,1984,0,0,0,0,0,0,0,0,0,0
340257,1,1,1984,22,22,22,22,22,22,22,22,22,22
340258,1,1,1984,7,7,7,7,7,7,7,7,7,7
340258,2,1,1984,0,0,0,0,0,0,0,0,0,0
340258,3,1,1984,0,0,0,0,0,0,0,0,0,0
340259,0,1,1984,0,0,0,0,0,0,0,0,0,0
340259,1,1,1984,0,0,0,0,0,0,0,0,0,0
340260,1,1,1984,18,0,0,26,19,16,0,32,0,14
340261,0,1,1984,0,0,0,0,0,0,0,0,0,0
340261,1,1,1984,0,0,0,0,0,4,0,0,0,0
340262,1,1,1984,19,19,19,19,19,19,19,19,19,19
340263,1,1,1984,16,16,16,16,16,16,16,16,16,16
340264,1,1,1984,0,0,0,0,0,0,0,0,0,0
340264,2,1,1984,0,0,0,0,0,0,0,0,0,0
340265,1,1,1984,0,0,0,4,0,0,0,0,0,0
340265,2,1,1984,0,0,0,0,0,0,0,0,0,0
340266,0,1,1984,0,0,0,0,0,0,0,0,0,0
340266,1,1,1984,0,0,0,0,0,0,10,0,0,0
340267,1,1,1984,0,0,0,0,0,0,0,0,0,0
340268,1,1,1984,0,0,0,0,0,0,0,0,0,0
340269,1,1,1984,0,0,0,0,0,0,0,0,0,0
340269,2,1,1984,0,0,0,0,0,0,0,0,0,0
340270,1,1,1984,12,12,12,12,12,12,12,12,12,12
340270,2,1,1984,0,0,0,0,0,12,0,11,0,0
340271,1,1,1984,0,0,0,0,0,0,0,0,0,0
340271,2,1,1984,0,0,0,0,0,0,0,0,0,0
340272,0,1,1984,3,3,3,3,3,3,3,3,3,3
340272,1,1,1984,0,0,0,0,0,0,0,0,0,0
340273,1,1,1984,10,10,10,10,10,10,10,10,10,10
340274,1,1,1984,25,25,25,25,25,25,25,25,25,25
340275,1,1,1984,0,0,0,0,0,14,0,0,0,0
340275,2,1,1984,1,1,1,1,1,1,1,1,1,1
340276,1,1,1984,0,0,0,0,0,0,0,0,0,0
340276,2,1,1984,0,0,0,0,0,0,0,0,0,0
340277,1,1,1984,0,0,0,0,25,0,0,0,0,0
340277,2,1,1984,22,22,22,22,22,22,22,22,22,22
340278,1,1,1984,21,21,21,21,21,21,21,21,21,21
340278,2,1,1984,0,0,0,0,0,0,0,0,0,0
340279,0,1,1984,31,0,28,0,0,0,20,0,41,0
340279,1,1,1984,0,0,18,24,0,0,9,18,28,17
340280,1,1,1984,21,21,21,21,21,21,21,21,21,21
340281,0,1,1984,5,19,0,17,10,0,17,20,13,16
340281,0,2,1984,0,0,0,0,0,0,0,0,0,0
340281,0,3,1984,0,27,0,13,12,9,0,0,8,0
340281,1,1,1984,19,19,19,19,19,19,19,19,19,19
340282,0,1,1984,0,0,0,0,0,0,0,0,0,0
340282,0,2,1984,5,0,0,0,0,6,0,0,0,0
340282,1,1,1984,0,0,0,0,0,0,0,0,0,0
340283,1,1,1984,0,0,0,0,0,0,0,0,0,0
340283,2,1,1984,3,3,3,3,3,3,3,3,3,3
340284,0,1,1984,0,0,0,0,0,0,0,0,0,0
340284,1,1,1984,0,0,0,0,0,0,0,0,0,0
340285,1,1,1984,0,0,0,0,0,0,0,0,0,8
340285,2,1,1984,0,0,0,0,0,0,0,0,0,0
340286,1,1,1984,27,25,27,16,19,0,0,14,25,24
340287,1,1,1984,11,22,17,21,30,11,25,0,18,30
340288,0,1,1984,0,0,0,0,0,0,0,0,0,0
340290,0,1,1984,0,0,0,0,0,0,0,0,0,0
340290,1,1,1984,0,0,0,0,0,30,0,0,0,0
340291,1,1,1984,0,0,0,0,0,0,0,0,0,0
340291,2,1,1984,0,0,0,0,0,0,0,0,0,0
340293,1,1,1984,0,0,0,0,0,0,0,0,0,0
340293,2,1,1984,0,0,0,0,0,0,0,0,0,0
340294,0,1,1984,8,8,8,8,8,8,8,8,8,8
340294,1,1,1984,0,6,0,0,0,0,0,0,0,0
340295,0,1,1984,0,0,0,0,0,0,0,0,0,0
340295,1,1,1984,0,0,0,0,0,0,0,0,0,0
340296,1,1,1984,0,0,0,0,0,0,0,0,0,0
340296,2,1,1984,0,0,0,0,0,0,0,0,0,0
340297,1,1,1984,0,0,0,0,0,0,0,0,0,0
340298,1,1,1984,0,0,0,0,0,0,0,0,0,0
340299,1,1,1984,0,0,0,0,0,0,0,0,0,0
340299,2,1,1984,16,11,13,0,7,0,14,16,8,19
340300,0,1,1984,0,0,0,0,0,0,0,0,0,0
340300,1,1,1984,0,0,0,0,0,0,0,0,0,0
340301,0,1,1984,0,0,0,0,0,0,0,0,0,0
340301,1,1,1984,0,0,0,0,0,0,0,0,0,0
340302,1,1,1984,0,0,0,0,0,0,0,0,0,0
340302,2,1,1984,0,0,0,0,0,0,0,0,0,0
340304,0,1,1984,0,0,0,0,0,0,0,0,0,0
340304,1,1,1984,0,12,0,0,0,0,0,0,18,25
340305,1,1,1984,0,0,0,0,0,0,0,0,0,0
340305,2,1,1984,15,15,15,15,15,15,15,15,15,15
340306,1,1,1984,0,0,0,0,0,0,0,0,0,0
340306,2,1,1984,0,0,0,0,0,0,0,0,0,0
340307,0,1,1984,5,5,5,5,5,5,5,5,5,5
340307,1,1,1984,13,0,0,0,0,0,0,0,0,0
340308,1,1,1984,18,18,18,18,18,18,18,18,18,18
340309,1,1,1984,0,0,0,0,0,0,0,0,0,0
340310,1,1,1984,15,15,15,15,15,15,15,15,15,15
340311,0,1,1984,0,0,0,22,0,0,0,6,0,0
340311,1,1,1984,33,21,0,0,10,0,0,0,0,0
340312,1,1,1984,3,3,3,3,3,3,3,3,3,3
340312,2,1,1984,0,0,0,0,0,0,0,0,0,0
340313,1,1,1984,12,13,19,15,6,12,11,18,8,0
340314,1,1,1984,0,0,0,0,0,0,0,0,0,0
340314,2,1,1984,9,0,7,0,0,0,0,0,0,7
340315,1,1,1984,0,0,0,7,0,0,0,0,0,0
340315,2,1,1984,25,25,25,25,25,25,25,25,25,25
340316,1,1,1984,7,7,7,7,7,7,7,7,7,7
340317,1,1,1984,19,19,19,19,19,19,19,19,19,19
340318,1,1,1984,0,0,0,0,0,0,21,22,0,0
340318,2,1,1984,0,0,0,0,0,0,0,0,0,0
340319,1,1,1984,15,15,15,15,15,15,15,15,15,15
340320,1,1,1984,0,0,0,0,0,0,0,0,0,0
340320,2,1,1984,9,9,9,9,9,9,9,9,9,9
340321,1,1,1984,0,0,0,0,0,0,0,0,0,0
340321,2,1,1984,0,0,0,0,0,0,0,0,0,0
340322,1,1,1984,0,0,0,0,0,0,0,0,0,0
340322,2,1,1984,18,18,18,18,18,18,18,18,18,18
340323,1,1,1984,0,0,0,0,0,19,0,0,35,0
340323,2,1,1984,0,0,0,0,0,0,0,0,0,0
340324,1,1,1984,7,7,7,7,7,7,7,7,7,7
340325,1,1,1984,5,0,0,0,0,6,0,23,0,0
340326,0,1,1984,17,17,17,17,17,17,17,17,17,17