ST_CASE,VEH_NO,PER_NO,YEAR,P1,P2,P3,P4,P5,P6,P7,P8,P9,P10
340326,1,1,1984,11,16,5,38,13,18,11,16,14,14
340327,1,1,1984,0,0,0,0,0,0,0,0,0,0
340327,2,1,1984,0,0,0,0,0,0,0,0,0,0
340327,3,1,1984,16,0,22,0,0,0,0,0,26,0
340328,1,1,1984,0,24,0,0,0,0,0,0,0,0
340329,0,1,1984,0,0,0,0,0,0,0,0,0,0
340329,1,1,1984,0,0,0,0,0,0,0,0,0,0
340329,2,1,1984,0,0,0,0,0,0,0,0,20,0
340330,1,1,1984,20,20,20,20,20,20,20,20,20,20
340330,2,1,1984,6,6,6,6,6,6,6,6,6,6
340332,0,1,1984,0,0,0,0,0,0,0,0,0,0
340332,1,1,1984,0,0,0,0,0,0,0,0,0,0
340333,1,1,1984,10,0,0,0,0,0,0,0,0,0
340334,1,1,1984,0,0,0,0,0,0,0,0,0,0
340334,2,1,1984,6,6,6,6,6,6,6,6,6,6
340335,1,1,1984,0,0,0,0,0,0,0,0,0,0
340335,2,1,1984,0,0,0,0,0,0,0,0,0,0
340336,1,1,1984,13,13,13,13,13,13,13,13,13,13
340337,1,1,1984,0,0,0,0,0,0,0,0,0,0
340337,2,1,1984,9,0,0,0,0,0,0,0,0,0
340337,3,1,1984,0,0,0,0,0,0,0,0,0,0
340338,1,1,1984,0,0,0,0,0,0,0,0,0,0
340338,2,1,1984,0,0,0,0,0,0,0,0,0,0
340339,0,1,1984,0,0,0,0,0,0,0,0,0,0
340339,1,1,1984,18,0,0,0,0,14,20,0,0,0
340339,2,1,1984,0,0,9,0,0,5,0,17,10,10
340341,0,1,1984,20,20,20,20,20,20,20,20,20,20
340341,1,1,1984,0,0,0,9,0,0,0,14,0,0
340342,1,1,1984,0,30,0,0,0,0,0,7,0,0
340343,1,1,1984,18,18,18,18,18,18,18,18,18,18
340344,1,1,1984,2,2,2,2,2,2,2,2,2,2
340344,2,1,1984,10,10,10,10,10,10,10,10,10,10
340345,1,1,1984,15,15,15,15,15,15,15,15,15,15
340346,0,1,1984,0,0,0,0,0,0,0,0,0,0
340346,1,1,1984,0,0,0,0,0,0,0,0,0,0
340347,1,1,1984,0,0,0,0,0,0,0,0,0,0
340348,2,1,1984,0,0,0,0,0,0,0,0,0,0
340349,0,1,1984,24,24,24,24,24,24,24,24,24,24
340349,1,1,1984,0,0,0,0,0,0,0,0,0,0
340351,1,1,1984,0,0,0,0,0,0,0,0,0,0
340353,1,1,1984,0,0,0,0,0,0,0,0,0,0
340354,0,1,1984,27,27,27,27,27,27,27,27,27,27
340354,1,1,1984,0,0,0,0,0,0,0,0,0,0
340355,1,1,1984,0,0,0,0,0,0,0,0,0,0
340355,2,1,1984,0,0,0,0,0,0,0,0,0,0
340356,1,1,1984,0,0,0,0,0,0,0,0,0,0
340356,2,1,1984,0,0,0,0,0,0,0,0,0,0
340357,1,1,1984,0,0,0,0,0,0,0,0,0,0
340357,2,1,1984,0,0,0,0,0,0,0,0,0,0
340358,0,1,1984,28,28,28,28,28,28,28,28,28,28
340358,1,1,1984,0,18,0,13,20,0,17,0,0,6
340359,1,1,1984,14,14,14,14,14,14,14,14,14,14
340360,1,1,1984,9,9,9,9,9,9,9,9,9,9
340361,1,1,1984,0,0,0,0,0,0,0,0,0,0
340361,2,1,1984,0,0,0,0,0,0,0,0,0,0
340362,1,1,1984,0,0,0,0,0,0,0,0,0,0
340362,2,1,1984,0,0,0,0,0,0,0,0,0,0
340363,0,1,1984,10,10,10,10,10,10,10,10,10,10
340363,1,1,1984,0,0,0,0,0,0,23,0,0,0
340364,1,1,1984,0,24,0,0,0,17,0,0,8,0
340364,2,1,1984,0,0,0,0,0,0,0,0,0,0
340366,0,1,1984,22,0,25,0,18,11,15,0,26,0
340366,0,2,1984,0,0,0,0,0,0,0,0,0,0
340366,1,1,1984,0,0,0,6,0,0,0,0,18,0
340367,0,1,1984,17,17,17,17,17,17,17,17,17,17
340367,1,1,1984,17,21,10,21,18,0,9,17,0,9
340368,0,1,1984,0,0,0,0,0,0,0,0,0,0
340368,1,1,1984,6,0,0,0,0,0,0,16,0,0
340370,0,1,1984,0,0,0,0,0,0,0,0,0,0
340370,1,1,1984,0,0,0,0,0,0,0,0,0,0
340371,1,1,1984,1,1,1,1,1,1,1,1,1,1
340371,2,1,1984,15,15,15,15,15,15,15,15,15,15
340372,1,1,1984,0,0,0,0,0,0,0,0,0,0
340372,2,1,1984,0,0,0,0,0,0,0,0,0,0
340373,1,1,1984,0,0,0,0,0,0,0,0,0,0
340373,2,1,1984,0,0,0,0,0,0,0,0,0,0
340373,3,1,1984,0,0,0,0,0,0,17,6,0,0
340374,1,1,1984,3,3,3,3,3,3,3,3,3,3
340375,1,1,1984,0,0,0,0,0,0,0,0,0,0
340375,2,1,1984,0,0,0,0,0,0,0,0,0,0
340376,1,1,1984,15,15,15,15,15,15,15,15,15,15
340376,2,1,1984,0,0,0,0,0,0,0,0,0,0
340377,1,1,1984,17,17,17,17,17,17,17,17,17,17
340378,0,1,1984,0,0,0,0,0,0,0,0,0,0
340378,1,1,1984,0,0,0,0,0,0,0,0,0,0
340379,0,1,1984,0,0,23,10,0,0,0,0,10,0
340379,1,1,1984,0,0,0,0,25,0,0,9,0,0
340380,1,1,1984,0,0,0,0,0,0,0,0,0,0
340381,1,1,1984,0,0,0,0,9,0,0,0,0,0
340381,2,1,1984,0,0,0,0,0,0,0,0,0,0
340382,0,1,1984,0,0,0,0,0,0,0,0,0,0
340382,1,1,1984,0,0,0,0,0,0,0,0,0,0
340383,0,1,1984,0,0,0,0,0,0,0,0,0,0
340383,0,2,1984,0,0,0,0,0,0,0,0,0,0
340383,1,1,1984,12,12,12,12,12,12,12,12,12,12
340384,1,1,1984,0,0,0,26,0,0,0,0,0,0
340384,2,1,1984,0,0,0,0,0,0,0,0,0,0
340384,3,1,1984,0,34,0,13,0,0,0,0,0,0
340385,0,1,1984,0,0,0,0,0,0,0,0,0,0
340385,1,1,1984,28,28,28,28,28,28,28,28,28,28
340385,2,1,1984,0,0,0,0,0,0,0,0,0,0
340386,1,1,1984,0,0,0,0,0,0,0,0,0,0
340386,2,1,1984,0,0,0,0,0,0,0,0,0,0
340387,0,1,1984,0,0,0,0,0,0,0,0,0,0
340387,1,1,1984,0,0,0,0,0,0,0,0,0,0
340388,1,1,1984,2,2,2,2,2,2,2,2,2,2
340389,1,1,1984,17,17,17,17,17,17,17,17,17,17
340390,1,1,1984,13,13,13,13,13,13,13,13,13,13
340393,1,1,1984,0,0,0,0,0,0,0,0,0,0
340393,2,1,1984,0,0,0,0,0,0,0,0,0,0
340394,1,1,1984,5,5,5,5,5,5,5,5,5,5
340395,0,1,1984,0,0,0,0,0,0,0,0,0,0
340395,1,1,1984,17,0,0,0,0,0,0,0,0,0
340396,1,1,1984,0,0,0,0,0,0,0,0,0,0
340396,2,1,1984,0,0,0,0,0,0,0,0,0,0
340397,1,1,1984,0,0,0,0,0,16,0,0,0,0
340397,2,1,1984,0,0,0,0,0,0,0,0,0,0
340398,1,1,1984,24,24,24,24,24,24,24,24,24,24
340398,2,1,1984,0,0,0,0,0,0,0,0,0,0
340399,1,1,1984,0,0,0,0,0,0,0,0,0,0
340399,2,1,1984,0,0,0,0,0,0,0,0,0,0
340400,1,1,1984,20,20,20,20,20,20,20,20,20,20
340401,1,1,1984,12,12,12,12,12,12,12,12,12,12
340402,1,1,1984,0,0,0,0,0,0,0,32,0,0
340403,1,1,1984,13,16,24,4,0,0,21,10,14,0
340403,2,1,1984,0,9,6,7,0,0,10,19,0,0
340404,1,1,1984,22,22,22,22,22,22,22,22,22,22
340404,2,1,1984,0,0,0,0,0,17,0,0,23,0
340405,1,1,1984,0,0,0,0,0,0,0,0,0,0
340405,2,1,1984,0,0,0,0,0,0,0,0,0,0
340406,1,1,1984,0,0,0,0,0,0,0,0,0,0
340406,2,1,1984,0,0,0,0,0,0,0,0,0,0
340407,1,1,1984,0,0,0,0,0,0,0,0,0,0
340407,2,1,1984,0,0,0,0,0,0,0,0,0,0
340409,1,1,1984,0,11,0,0,0,0,0,0,0,0
340409,2,1,1984,0,0,0,0,0,0,0,0,0,0
340409,3,1,1984,0,0,0,0,0,0,0,0,0,0
340410,0,1,1984,0,0,0,0,0,0,0,0,0,0
340410,1,1,1984,0,0,0,0,0,0,0,0,0,0
340411,1,1,1984,0,0,0,0,0,0,0,0,0,0
340411,2,1,1984,0,0,0,0,0,19,0,0,0,0
340412,1,1,1984,8,14,11,0,16,0,0,10,0,14
340412,2,1,1984,0,0,0,0,0,0,0,1,0,0
340413,1,1,1984,0,0,0,0,0,0,0,0,0,0
340413,2,1,1984,0,0,0,0,0,0,0,0,0,0
340414,0,1,1984,0,0,0,0,0,0,0,0,0,0
340414,1,1,1984,6,6,6,6,6,6,6,6,6,6
340415,1,1,1984,0,0,0,0,0,0,0,0,0,0
340417,1,1,1984,34,34,34,34,34,34,34,34,34,34
340418,1,1,1984,1,1,1,1,1,1,1,1,1,1
340419,1,1,1984,0,0,0,0,0,0,0,0,0,0
340419,2,1,1984,0,0,0,0,0,0,0,0,0,0
340420,1,1,1984,14,14,14,14,14,14,14,14,14,14
340421,1,1,1984,0,0,0,0,0,0,0,0,0,0
340421,2,1,1984,0,0,0,0,0,0,0,0,0,0
340422,1,1,1984,0,0,0,0,0,0,0,0,18,0
340422,2,1,1984,0,0,0,0,0,0,0,0,0,0
340423,1,1,1984,0,0,0,0,0,0,0,0,0,0
340423,2,1,1984,0,0,0,0,0,18,0,0,0,0
340424,0,1,1984,0,0,0,0,0,0,0,0,0,0
340424,1,1,1984,0,0,0,0,0,0,0,0,0,0
340425,1,1,1984,18,18,18,18,18,18,18,18,18,18
340426,1,1,1984,26,26,26,26,26,26,26,26,26,26
340426,2,1,1984,0,0,0,0,0,0,0,0,0,0
340427,1,1,1984,20,20,20,20,20,20,20,20,20,20
340428,1,1,1984,0,0,0,0,0,0,0,0,0,0
340428,2,1,1984,0,0,0,0,0,0,0,0,0,0
340429,1,1,1984,39,39,39,39,39,39,39,39,39,39
340430,1,1,1984,21,0,19,23,17,31,28,34,12,18
340431,0,1,1984,0,0,0,0,0,0,0,0,0,0
340431,1,1,1984,0,0,10,0,0,0,0,0,0,0
340432,0,1,1984,0,0,0,0,0,0,0,0,0,0
340432,1,1,1984,0,0,0,0,0,0,0,0,16,22
340433,1,1,1984,0,0,0,0,0,0,0,0,0,0
340433,2,1,1984,0,0,0,0,0,0,0,0,0,0
340434,0,1,1984,11,11,11,11,11,11,11,11,11,11
340434,1,1,1984,0,0,0,0,0,0,0,0,0,0
340435,1,1,1984,0,0,0,0,0,0,0,0,0,0
340435,2,1,1984,12,12,12,12,12,12,12,12,12,12
340436,0,1,1984,17,17,17,17,17,17,17,17,17,17
340436,1,1,1984,18,18,18,18,18,18,18,18,18,18
340437,1,1,1984,0,0,0,0,0,0,0,0,0,0
340437,2,1,1984,0,0,0,0,0,0,0,0,0,0
340438,1,1,1984,0,0,0,0,0,0,0,0,0,0
340439,1,1,1984,0,0,0,0,16,0,0,27,15,0
340441,0,1,1984,18,18,18,18,18,18,18,18,18,18
340441,1,1,1984,0,0,0,0,0,0,0,0,0,0
340442,1,1,1984,0,0,0,18,0,0,0,0,0,0
340442,2,1,1984,0,0,0,0,0,0,0,0,0,0
340442,3,1,1984,0,0,0,0,0,0,0,0,0,0
340443,1,1,1984,15,15,15,15,15,15,15,15,15,15
340443,2,1,1984,0,0,0,0,0,0,0,0,0,0
340444,0,1,1984,0,0,0,0,0,0,0,0,0,0
340444,1,1,1984,0,0,0,0,0,0,0,0,0,0
340445,1,1,1984,0,0,0,0,0,0,0,0,0,0
340445,2,1,1984,11,11,11,11,11,11,11,11,11,11
340446,1,1,1984,30,30,30,30,30,30,30,30,30,30
340447,1,1,1984,0,0,0,0,0,0,0,0,0,0
340447,2,1,1984,0,0,0,0,0,0,0,0,0,0
340447,3,1,1984,0,0,0,0,0,0,0,0,0,0
340448,1,1,1984,0,0,0,0,0,0,0,0,0,0
340448,2,1,1984,0,0,0,0,0,0,0,0,0,0
340449,0,1,1984,0,0,0,0,0,0,0,0,0,0
340449,1,1,1984,0,0,0,0,0,0,0,0,0,0
340450,1,1,1984,0,0,0,0,0,0,0,0,0,0
340451,1,1,1984,0,0,0,0,0,0,0,0,0,0
340452,1,1,1984,20,9,0,14,19,0,0,0,27,0
340452,2,1,1984,0,0,0,0,0,0,0,0,0,0
340453,0,1,1984,0,0,0,0,0,0,0,0,0,0
340453,1,1,1984,0,0,0,0,0,16,0,0,0,0
340454,0,1,1984,0,0,0,0,0,0,0,0,0,0
340454,1,1,1984,0,0,0,0,0,0,0,0,0,0
340456,1,1,1984,11,11,11,11,11,11,11,11,11,11
340457,1,1,1984,0,0,0,0,0,0,0,0,0,0
340457,2,1,1984,9,9,9,9,9,9,9,9,9,9
340458,1,1,1984,9,9,9,9,9,9,9,9,9,9
340459,1,1,1984,0,0,0,0,0,0,0,0,14,0
340459,2,1,1984,0,0,0,0,0,0,0,0,0,0
340460,1,1,1984,14,14,14,14,14,14,14,14,14,14
340461,0,1,1984,24,24,24,24,24,24,24,24,24,24
340461,1,1,1984,18,15,0,24,0,7,28,17,18,15
340462,0,1,1984,0,0,0,0,0,0,0,0,0,0
340462,1,1,1984,0,0,0,0,0,0,0,0,0,0
340463,1,1,1984,12,0,0,0,0,0,0,0,0,0
340464,1,1,1984,0,0,0,0,0,0,0,0,0,0
340465,1,1,1984,13,10,0,0,13,0,17,12,5,0
340465,2,1,1984,0,0,0,0,0,0,0,0,0,0
340467,0,1,1984,0,0,0,0,0,0,0,0,0,0
340467,1,1,1984,0,0,0,0,0,0,12,0,0,0
340468,1,1,1984,10,10,10,10,10,10,10,10,10,10
340469,1,1,1984,24,12,0,0,0,0,0,10,0,28
340469,2,1,1984,15,15,15,15,15,15,15,15,15,15
340470,0,1,1984,15,15,15,15,15,15,15,15,15,15
340470,1,1,1984,0,0,0,0,0,11,0,0,0,0
340471,1,1,1984,17,0,0,0,0,0,14,0,0,0
340471,2,1,1984,20,20,20,20,20,20,20,20,20,20
340472,1,1,1984,9,9,9,9,9,9,9,9,9,9
340473,1,1,1984,0,0,0,0,0,0,6,0,0,0
340473,2,1,1984,0,0,0,0,0,0,0,0,0,0
340474,1,1,1984,14,14,14,14,14,14,14,14,14,14
340475,1,1,1984,0,0,0,0,0,0,0,0,0,18
340475,2,1,1984,0,0,0,4,0,0,0,0,0,0
340476,0,1,1984,20,20,20,20,20,20,20,20,20,20
340476,1,1,1984,0,0,0,0,0,0,0,0,0,0
340477,1,1,1984,0,0,0,0,0,16,0,0,0,0
340478,1,1,1984,3,3,3,3,3,3,3,3,3,3
340479,2,1,1984,0,0,0,0,0,0,0,0,0,0
340480,0,1,1984,2,2,2,2,2,2,2,2,2,2
340480,1,1,1984,0,0,0,0,0,0,0,0,0,0
340481,0,1,1984,0,0,0,0,0,0,0,0,0,0
340481,0,2,1984,0,0,0,0,0,0,0,0,0,0
340481,1,1,1984,0,0,0,0,0,0,0,0,0,0
340482,1,1,1984,0,0,0,0,0,0,0,0,0,0
340483,1,1,1984,0,0,0,0,0,0,0,0,0,0
340484,1,1,1984,0,0,0,0,0,0,0,0,0,0
340484,2,1,1984,0,0,0,0,0,0,0,0,0,0
340484,3,1,1984,0,0,0,0,0,0,0,0,0,0
340484,4,1,1984,0,0,0,0,0,0,0,0,0,0
340485,1,1,1984,0,0,0,0,0,0,0,0,0,0
340485,2,1,1984,0,0,0,0,0,0,0,0,0,0
340486,0,1,1984,0,0,0,0,0,0,0,0,0,0
340486,1,1,1984,0,0,0,0,0,0,0,0,0,0
340487,1,1,1984,0,0,0,0,0,0,0,0,0,0
340487,2,1,1984,0,0,0,0,0,0,0,0,0,0
340488,1,1,1984,0,0,0,0,0,0,0,0,0,0
340488,2,1,1984,0,0,0,0,0,0,0,7,0,0
340488,3,1,1984,12,0,13,0,0,0,0,0,0,8
340489,1,1,1984,0,0,0,0,0,0,0,0,0,0
340489,2,1,1984,0,0,0,0,0,0,0,0,0,0
340490,1,1,1984,0,0,0,11,0,0,0,12,0,10
340491,0,1,1984,0,0,0,0,0,0,0,0,0,0
340491,1,1,1984,0,0,0,0,0,0,0,0,0,0
340491,2,1,1984,0,0,0,0,0,0,0,0,0,0
340492,1,1,1984,0,0,0,0,0,0,5,9,6,15
340492,2,1,1984,19,19,19,19,19,19,19,19,19,19
340494,1,1,1984,0,0,0,0,0,0,0,0,0,0
340494,2,1,1984,0,0,0,0,0,0,0,0,0,0
340495,1,1,1984,0,0,0,0,0,0,0,0,0,0
340495,2,1,1984,0,0,0,17,0,0,0,0,0,0
340496,1,1,1984,0,0,0,0,0,0,0,0,0,0
340496,2,1,1984,7,7,7,7,7,7,7,7,7,7
340497,1,1,1984,0,0,0,0,0,0,0,0,0,0
340498,0,1,1984,0,0,0,0,0,0,0,0,0,0
340498,1,1,1984,6,13,0,0,0,0,0,0,0,0
340499,1,1,1984,0,0,0,0,0,0,0,0,0,0
340499,2,1,1984,0,0,0,0,0,0,0,0,0,0
340501,1,1,1984,18,18,18,18,18,18,18,18,18,18
340502,0,1,1984,0,0,0,0,0,0,0,0,0,0
340502,1,1,1984,0,0,0,0,0,0,0,0,0,0
340503,1,1,1984,10,0,8,0,0,18,0,0,0,25
340503,2,1,1984,0,0,0,0,0,0,0,0,6,0
340504,1,1,1984,20,20,20,20,20,20,20,20,20,20
340505,0,1,1984,18,18,18,18,18,18,18,18,18,18
340505,1,1,1984,0,4,13,0,0,0,0,0,0,10
340506,1,1,1984,0,0,0,0,0,0,0,0,0,0
340507,1,1,1984,24,24,24,24,24,24,24,24,24,24
340508,1,1,1984,0,0,0,0,0,0,0,0,0,0
340508,2,1,1984,0,0,0,0,0,0,0,0,0,0
340509,1,1,1984,0,0,0,0,0,0,0,0,0,0
340509,2,1,1984,0,0,0,0,0,0,0,0,0,0
340509,3,1,1984,0,0,0,0,0,0,0,0,0,0
340509,4,1,1984,0,0,0,0,0,0,0,0,0,0
340510,0,1,1984,0,0,0,0,0,0,0,0,0,0
340510,0,2,1984,9,16,0,0,0,0,0,18,0,0
340510,1,1,1984,0,0,0,17,0,0,15,0,0,0
340512,0,1,1984,0,0,0,0,0,0,0,0,0,0
340512,1,1,1984,0,0,0,0,0,0,0,0,0,0
340515,0,1,1984,14,14,14,14,14,14,14,14,14,14
340515,1,1,1984,1,1,1,1,1,1,1,1,1,1
340515,2,1,1984,35,16,16,12,7,0,17,0,5,0
340515,3,1,1984,0,0,0,0,10,0,0,0,0,17
340515,4,1,1984,0,0,0,0,0,0,0,0,0,17
340515,5,1,1984,0,0,0,0,16,4,0,0,8,12
340516,0,1,1984,0,0,0,0,0,0,0,0,0,0
340516,1,1,1984,0,0,0,0,0,0,0,0,0,19
340516,2,1,1984,21,21,21,21,21,21,21,21,21,21
340517,1,1,1984,0,0,0,0,0,0,0,0,0,0
340517,2,1,1984,0,0,0,0,0,0,0,0,0,0
340518,0,1,1984,0,0,0,0,0,0,0,0,0,0
340518,1,1,1984,14,14,14,14,14,14,14,14,14,14
340519,1,1,1984,0,0,0,0,0,0,11,0,0,0
340519,2,1,1984,0,0,0,0,0,0,0,0,0,0
340520,1,1,1984,0,0,0,0,0,0,0,0,0,0
340520,2,1,1984,0,0,0,0,0,0,0,0,0,0
340521,1,1,1984,2,2,2,2,2,2,2,2,2,2
340521,2,1,1984,0,0,0,17,0,0,0,0,0,0
340522,0,1,1984,0,0,0,0,0,0,0,0,0,0
340522,1,1,1984,0,0,0,0,0,0,0,0,0,0
340524,1,1,1984,0,0,0,0,0,0,0,0,0,0
340524,2,1,1984,0,0,0,0,0,0,0,11,0,0
340526,0,1,1984,0,0,0,0,0,0,0,0,0,0
340526,1,1,1984,13,13,13,13,13,13,13,13,13,13
340527,0,1,1984,0,23,0,8,0,18,34,31,0,0
340527,1,1,1984,8,0,0,0,0,0,0,16,0,0
340528,1,1,1984,0,0,0,0,0,0,0,0,0,0
340528,2,1,1984,0,0,0,0,0,6,0,0,0,0
340529,1,1,1984,0,0,0,0,0,0,0,0,0,0
340529,2,1,1984,0,0,0,0,0,0,0,0,0,0
340530,1,1,1984,0,0,0,0,0,0,0,0,0,0
340530,2,1,1984,0,0,0,0,0,0,0,0,0,0
340531,0,1,1984,0,0,0,0,0,0,0,0,0,0
340531,1,1,1984,0,0,0,0,0,0,0,0,0,0
340532,0,1,1984,0,0,0,0,0,0,0,0,0,0
340533,1,1,1984,0,0,0,0,0,0,0,0,0,0
340533,2,1,1984,0,0,0,0,0,0,0,0,0,0
340534,1,1,1984,0,0,0,0,0,0,0,0,0,0
340534,2,1,1984,0,0,0,0,0,0,0,0,0,0
340535,0,1,1984,0,0,0,0,0,0,0,0,0,0
340535,1,1,1984,0,0,0,0,0,0,0,0,0,0
340536,1,1,1984,13,13,13,13,13,13,13,13,13,13
340536,2,1,1984,0,0,0,0,0,0,0,0,0,0
340536,3,1,1984,0,0,0,0,0,0,0,0,0,8
340537,1,1,1984,21,21,21,21,21,21,21,21,21,21
340538,1,1,1984,0,0,0,0,0,0,0,0,0,0
340539,1,1,1984,0,0,0,0,0,0,0,0,0,0
340539,2,1,1984,14,0,0,0,0,0,0,0,0,0
340540,1,1,1984,0,0,0,0,0,0,0,0,0,0
340540,2,1,1984,0,0,0,0,0,0,0,0,0,0
340541,1,1,1984,0,0,0,0,0,0,0,0,0,0
340541,2,1,1984,0,0,0,0,0,0,0,0,0,0
340542,1,1,1984,7,7,7,7,7,7,7,7,7,7
340543,0,1,1984,0,0,0,0,0,0,0,0,0,0
340543,1,1,1984,0,0,0,0,0,0,0,0,0,0
340544,0,1,1984,0,0,0,0,0,0,0,0,0,0
340544,1,1,1984,0,0,0,0,0,0,0,0,0,0
340545,1,1,1984,28,28,28,28,28,28,28,28,28,28
340546,0,1,1984,23,23,23,23,23,23,23,23,23,23
340546,1,1,1984,0,0,0,0,30,0,0,0,0,0
340547,1,1,1984,8,8,8,8,8,8,8,8,8,8
340548,1,1,1984,0,0,0,0,0,0,0,0,0,0
340549,1,1,1984,0,0,0,0,0,0,0,0,0,0
340549,2,1,1984,0,0,0,0,0,0,0,0,0,0
340550,1,1,1984,0,0,0,0,0,0,0,0,0,0
340550,2,1,1984,0,0,0,0,0,0,11,0,0,0
340551,1,1,1984,0,0,0,0,0,0,0,21,0,0
340551,2,1,1984,18,18,18,18,18,18,18,18,18,18
340552,1,1,1984,0,0,0,0,0,0,0,0,0,0
340553,1,1,1984,0,0,0,0,0,0,0,0,0,0
340553,2,1,1984,0,0,0,0,0,0,0,0,0,0
340554,1,1,1984,1,1,1,1,1,1,1,1,1,1
340555,1,1,1984,0,0,4,0,0,0,0,0,13,0
340555,2,1,1984,0,0,0,0,0,0,0,0,0,0
340555,3,1,1984,0,0,0,0,0,15,0,0,0,5
340556,1,1,1984,18,18,18,18,18,18,18,18,18,18
340557,1,1,1984,0,0,0,0,0,0,0,0,0,0
340558,1,1,1984,0,0,0,0,0,0,0,0,0,0
340559,1,1,1984,19,0,0,0,0,0,0,0,0,0
340559,2,1,1984,0,0,0,0,0,0,0,0,0,0
340559,3,1,1984,0,0,0,0,0,0,0,0,0,0
340560,1,1,1984,17,17,17,17,17,17,17,17,17,17
340561,1,1,1984,0,0,0,0,0,0,0,0,0,0
340562,1,1,1984,3,3,3,3,3,3,3,3,3,3
340562,2,1,1984,0,0,0,0,0,0,0,0,0,0
340563,1,1,1984,12,12,12,12,12,12,12,12,12,12
340564,0,1,1984,0,0,0,0,0,0,0,0,0,0
340564,1,1,1984,0,0,0,0,0,0,0,0,0,0
340566,1,1,1984,3,3,3,3,3,3,3,3,3,3
340567,0,1,1984,0,0,0,0,0,0,0,0,0,0
340567,1,1,1984,0,0,0,0,0,0,0,0,0,0
340568,1,1,1984,0,0,0,0,27,0,0,0,0,0
340568,2,1,1984,0,0,0,0,0,0,0,0,0,0
340569,1,1,1984,0,0,0,0,0,0,0,0,0,0
340570,1,1,1984,15,15,15,15,15,15,15,15,15,15
340571,0,1,1984,26,26,26,26,26,26,26,26,26,26
340571,1,1,1984,0,0,0,32,10,23,4,0,0,0
340572,1,1,1984,34,34,34,34,34,34,34,34,34,34
340573,1,1,1984,8,8,8,8,8,8,8,8,8,8
340573,2,1,1984,0,0,20,0,0,0,0,0,0,0
340574,1,1,1984,15,0,0,11,0,0,0,12,0,10
340575,1,1,1984,20,20,20,20,20,20,20,20,20,20
340576,1,1,1984,0,0,0,0,0,0,0,0,0,0
340577,1,1,1984,9,9,9,9,9,9,9,9,9,9
340578,1,1,1984,24,24,24,24,24,24,24,24,24,24
340578,2,1,1984,0,0,0,0,23,0,30,0,0,0
340579,1,1,1984,0,0,0,0,0,0,0,0,0,0
340579,2,1,1984,0,0,0,0,0,0,0,0,18,12
340580,1,1,1984,0,0,0,0,0,0,0,0,0,0
340580,2,1,1984,0,0,0,0,0,0,0,0,0,0
340581,0,1,1984,3,3,3,3,3,3,3,3,3,3
340581,1,1,1984,3,3,3,3,3,3,3,3,3,3
340582,1,1,1984,0,0,0,11,0,0,12,0,0,0
340583,1,1,1984,0,0,0,0,0,0,0,0,0,0
340583,2,1,1984,18,18,18,18,18,18,18,18,18,18
340584,0,1,1984,0,0,0,0,0,0,0,0,0,0
340584,1,1,1984,0,0,0,0,0,0,0,0,0,11
340585,1,1,1984,0,0,16,0,0,0,0,0,0,0
340585,2,1,1984,16,16,16,16,16,16,16,16,16,16
340586,0,1,1984,0,0,0,0,0,0,0,0,0,0
340586,1,1,1984,2,0,0,0,0,0,0,0,0,0
340587,0,1,1984,16,16,16,16,16,16,16,16,16,16
340587,1,1,1984,28,0,0,0,9,0,0,0,0,12
340588,0,1,1984,0,0,0,0,0,0,0,0,0,0
340588,0,2,1984,2,2,2,2,2,2,2,2,2,2
340588,0,3,1984,20,14,0,20,0,0,17,0,0,0
340588,1,1,1984,23,23,23,23,23,23,23,23,23,23
340588,2,1,1984,0,0,0,0,0,0,0,0,0,0
340589,1,1,1984,0,0,0,0,0,0,0,0,0,10
340589,2,1,1984,0,22,0,0,0,0,0,0,0,0
340590,1,1,1984,0,0,0,0,0,0,0,0,0,0
340590,2,1,1984,0,0,0,0,0,0,0,0,0,0
340591,1,1,1984,10,10,10,10,10,10,10,10,10,10
340592,1,1,1984,21,21,21,21,21,21,21,21,21,21
340594,1,1,1984,17,17,17,17,17,17,17,17,17,17
340594,2,1,1984,0,0,0,0,0,13,26,0,0,0
340595,0,1,1984,0,0,0,0,0,0,0,0,0,0
340595,1,1,1984,0,0,0,0,0,0,0,0,0,0
340596,0,1,1984,0,0,0,0,0,0,0,0,0,0
340597,0,1,1984,6,6,6,6,6,6,6,6,6,6
340597,1,1,1984,0,0,9,0,0,0,0,0,0,0
340598,0,1,1984,0,0,0,0,0,0,0,0,0,0
340598,1,1,1984,15,0,0,0,21,0,0,0,22,0
340599,0,1,1984,6,6,6,6,6,6,6,6,6,6
340599,1,1,1984,0,0,0,0,0,0,0,0,0,0
340600,1,1,1984,4,4,4,4,4,4,4,4,4,4
340601,0,1,1984,18,18,18,18,18,18,18,18,18,18
340601,1,1,1984,0,0,0,0,0,0,0,0,0,0
340602,1,1,1984,0,0,0,0,0,0,0,0,0,0
340602,2,1,1984,31,31,31,31,31,31,31,31,31,31
340602,3,1,1984,0,0,0,0,0,0,0,0,0,0
340603,1,1,1984,6,6,6,6,6,6,6,6,6,6
340603,2,1,1984,0,0,0,0,0,0,0,0,0,0
340603,3,1,1984,0,0,0,0,0,0,0,0,0,0
340604,0,1,1984,0,0,0,0,0,0,0,0,0,0
340604,1,1,1984,0,0,0,0,0,0,0,0,0,0
340605,1,1,1984,8,8,8,8,8,8,8,8,8,8
340605,2,1,1984,0,0,0,17,0,0,11,0,0,8
340607,0,1,1984,0,0,0,0,36,0,0,0,0,0
340607,1,1,1984,0,0,0,0,39,0,0,0,0,0
340608,1,1,1984,0,0,0,0,0,0,0,0,0,0
340609,1,1,1984,0,5,4,0,21,0,8,0,0,0
340610,0,1,1984,0,0,0,0,0,0,0,0,0,0
340610,1,1,1984,0,0,0,0,0,0,0,0,0,0