ST_CASE,VEH_NO,PER_NO,YEAR,P1,P2,P3,P4,P5,P6,P7,P8,P9,P10
340611,0,1,1984,15,15,15,15,15,15,15,15,15,15
340611,1,1,1984,3,0,0,0,0,0,0,0,0,0
340612,0,1,1984,0,0,0,0,0,0,0,0,0,0
340612,1,1,1984,0,0,0,8,0,0,0,0,0,4
340613,1,1,1984,0,0,0,0,0,0,0,0,0,0
340613,2,1,1984,0,0,0,0,8,0,0,0,0,0
340614,1,1,1984,0,0,1,0,13,9,0,14,14,0
340615,1,1,1984,0,0,0,0,0,0,0,0,0,0
340615,2,1,1984,0,0,0,0,0,0,0,0,0,0
340616,1,1,1984,0,0,0,0,0,0,0,0,0,0
340616,2,1,1984,0,0,0,0,0,0,0,0,0,0
340617,0,1,1984,20,0,0,0,0,0,17,0,9,29
340617,1,1,1984,27,27,27,27,27,27,27,27,27,27
340618,1,1,1984,0,0,0,0,0,0,0,0,0,0
340618,2,1,1984,14,14,14,14,14,14,14,14,14,14
340619,1,1,1984,0,0,0,0,0,0,0,0,0,0
340619,2,1,1984,0,0,0,9,0,0,0,0,0,0
340620,1,1,1984,28,28,28,28,28,28,28,28,28,28
340621,0,1,1984,0,12,0,31,0,29,0,47,21,0
340621,1,1,1984,0,0,0,5,18,0,0,15,0,0
340622,0,1,1984,17,17,17,17,17,17,17,17,17,17
340622,1,1,1984,0,0,11,13,0,8,7,7,22,19
340623,1,1,1984,20,20,20,20,20,20,20,20,20,20
340624,1,1,1984,15,15,15,15,15,15,15,15,15,15
340625,0,1,1984,0,0,0,0,0,0,0,0,0,0
340625,0,2,1984,0,12,39,30,35,24,27,14,0,0
340625,1,1,1984,0,0,0,0,0,0,0,0,0,14
340626,1,1,1984,0,0,0,0,5,0,0,0,0,0
340626,2,1,1984,0,0,0,0,0,0,0,0,0,0
340627,1,1,1984,0,0,0,0,0,0,10,0,9,0
340627,2,1,1984,0,0,0,0,0,0,0,0,0,0
340628,1,1,1984,11,0,18,0,0,24,0,0,0,13
340629,0,1,1984,21,21,21,21,21,21,21,21,21,21
340629,1,1,1984,14,15,0,0,0,0,0,7,0,0
340630,0,1,1984,0,0,0,0,0,0,0,0,0,0
340630,1,1,1984,15,11,17,7,34,20,0,15,22,17
340631,1,1,1984,0,0,0,0,0,0,0,0,0,0
340631,2,1,1984,0,0,0,0,0,0,0,0,0,0
340632,1,1,1984,0,0,0,0,0,0,0,0,0,0
340632,2,1,1984,0,0,0,0,0,0,0,0,0,0
340633,1,1,1984,0,0,0,0,0,0,0,0,0,0
340634,1,1,1984,13,13,13,13,13,13,13,13,13,13
340635,1,1,1984,12,12,12,12,12,12,12,12,12,12
340637,0,1,1984,9,9,9,9,9,9,9,9,9,9
340637,1,1,1984,0,0,0,0,6,0,0,0,0,0
340637,2,1,1984,0,0,0,0,0,14,0,0,0,24
340638,1,1,1984,8,8,8,8,8,8,8,8,8,8
340639,1,1,1984,0,0,0,0,0,0,0,0,0,0
340641,1,1,1984,0,0,0,0,11,0,0,0,11,0
340641,2,1,1984,0,0,0,0,0,4,0,0,0,27
340642,1,1,1984,0,0,0,0,0,0,0,0,0,0
340642,2,1,1984,0,0,0,0,0,0,0,0,0,0
340643,0,1,1984,0,0,0,0,0,0,0,0,0,0
340643,1,1,1984,0,0,0,0,0,0,0,0,0,0
340644,1,1,1984,22,22,22,22,22,22,22,22,22,22
340645,1,1,1984,17,17,17,17,17,17,17,17,17,17
340646,1,1,1984,18,18,18,18,18,18,18,18,18,18
340647,0,1,1984,0,0,0,0,0,0,0,0,0,0
340647,1,1,1984,0,20,13,0,0,0,0,0,13,0
340648,1,1,1984,28,28,28,28,28,28,28,28,28,28
340649,1,1,1984,0,0,0,0,0,0,0,0,0,0
340649,2,1,1984,21,21,21,21,21,21,21,21,21,21
340650,1,1,1984,0,0,0,0,0,0,0,11,0,0
340651,1,1,1984,0,0,0,0,0,0,0,0,0,0
340652,1,2,1984,0,13,0,0,0,0,0,20,0,10
340653,1,1,1984,0,0,0,0,0,0,0,0,0,0
340653,2,1,1984,0,0,0,0,0,0,0,0,0,0
340653,3,1,1984,0,0,0,0,0,0,0,0,0,0
340654,0,1,1984,0,0,0,0,0,27,0,0,0,0
340654,1,1,1984,0,0,0,0,12,0,0,0,0,0
340655,0,1,1984,0,0,0,0,0,0,0,0,0,0
340655,1,1,1984,10,10,10,10,10,10,10,10,10,10
340656,0,1,1984,13,13,13,13,13,13,13,13,13,13
340656,1,1,1984,0,0,0,0,0,0,0,0,0,0
340656,2,1,1984,0,21,7,0,0,0,0,0,24,0
340657,0,1,1984,26,26,26,26,26,26,26,26,26,26
340657,1,1,1984,0,0,2,0,0,15,0,0,11,0
340658,0,1,1984,27,27,27,27,27,27,27,27,27,27
340658,1,1,1984,0,0,0,0,10,0,11,0,0,0
340659,1,1,1984,15,15,15,15,15,15,15,15,15,15
340660,1,2,1984,0,0,23,0,6,0,0,0,0,0
340660,2,1,1984,0,0,0,0,0,0,0,0,0,0
340663,1,1,1984,0,0,0,0,0,0,0,0,0,0
340663,2,1,1984,2,0,0,0,0,0,0,0,0,0
340663,3,1,1984,0,0,0,0,0,0,0,0,0,0
340664,1,1,1984,0,0,0,0,0,0,0,0,0,0
340664,2,1,1984,0,0,0,0,0,0,0,0,0,0
340665,1,1,1984,0,0,0,0,0,0,0,0,0,0
340665,2,1,1984,0,15,0,0,0,14,0,0,0,0
340666,1,1,1984,26,26,26,26,26,26,26,26,26,26
340667,0,1,1984,16,16,16,16,16,16,16,16,16,16
340667,1,1,1984,15,0,11,0,0,0,0,17,0,0
340668,1,1,1984,21,21,21,21,21,21,21,21,21,21
340668,2,1,1984,0,0,0,0,0,0,0,0,0,11
340669,0,1,1984,0,0,0,0,0,0,0,0,0,0
340669,1,1,1984,0,0,0,0,0,0,0,0,0,0
340670,1,1,1984,0,0,0,0,0,0,0,0,0,0
340672,0,1,1984,0,0,0,0,0,0,0,0,0,0
340672,1,1,1984,0,0,0,0,0,0,0,0,0,0
340673,0,1,1984,0,0,0,0,0,0,0,0,0,0
340673,1,1,1984,0,0,0,0,0,0,0,0,0,0
340674,1,1,1984,7,7,7,7,7,7,7,7,7,7
340674,2,1,1984,0,0,0,0,0,0,0,0,0,0
340675,1,1,1984,0,0,0,0,0,0,0,0,0,0
340676,0,1,1984,0,0,0,0,0,0,0,0,0,0
340676,1,1,1984,0,0,0,0,2,0,0,0,0,0
340677,0,1,1984,0,0,0,0,0,0,0,0,0,0
340677,1,1,1984,0,18,0,0,0,0,0,0,0,0
340678,0,1,1984,0,17,32,0,7,0,0,0,0,0
340678,1,1,1984,0,0,0,11,11,0,0,19,0,16
340679,1,1,1984,0,0,0,0,0,0,0,0,0,0
340680,1,1,1984,0,0,0,0,0,0,0,0,0,0
340680,2,1,1984,0,0,0,0,0,0,0,0,0,0
340681,0,1,1984,0,0,0,0,0,0,0,0,0,0
340681,1,1,1984,6,0,0,0,0,0,0,0,0,0
340682,1,1,1984,10,10,10,10,10,10,10,10,10,10
340682,2,1,1984,4,4,4,4,4,4,4,4,4,4
340683,1,1,1984,20,20,20,20,20,20,20,20,20,20
340684,0,1,1984,0,0,0,0,0,0,0,0,0,0
340684,1,1,1984,10,0,0,0,0,0,0,0,0,0
340686,0,1,1984,0,0,0,0,0,0,0,0,0,0
340686,1,1,1984,0,0,0,14,6,0,17,0,0,0
340686,2,1,1984,0,0,0,0,0,0,0,0,0,0
340687,0,1,1984,10,0,0,20,0,27,14,0,0,0
340687,1,1,1984,0,0,0,0,0,0,0,0,0,20
340688,1,1,1984,15,15,15,15,15,15,15,15,15,15
340690,0,1,1984,0,0,0,0,0,0,0,0,0,0
340690,1,1,1984,23,23,23,23,23,23,23,23,23,23
340691,1,1,1984,0,0,0,0,0,0,0,0,0,0
340692,0,1,1984,19,19,19,19,19,19,19,19,19,19
340692,1,1,1984,0,0,0,0,0,0,0,0,0,0
340693,1,1,1984,0,0,0,0,0,0,0,6,0,0
340693,2,1,1984,0,0,5,0,0,0,0,0,0,0
340694,1,1,1984,13,13,13,13,13,13,13,13,13,13
340695,0,1,1984,0,0,0,0,0,0,0,0,0,0
340695,1,1,1984,0,0,0,0,0,0,0,0,0,7
340696,0,1,1984,0,0,0,0,0,0,0,0,0,0
340696,0,2,1984,0,0,20,15,18,24,0,18,0,0
340696,1,1,1984,0,0,0,0,9,0,0,0,0,0
340697,1,1,1984,10,10,10,10,10,10,10,10,10,10
340698,1,1,1984,0,0,0,0,0,0,0,0,0,0
340699,0,1,1984,0,0,0,10,0,0,0,0,0,0
340699,1,1,1984,0,0,0,0,0,0,0,0,22,0
340700,1,1,1984,0,0,0,0,0,0,0,4,0,0
340701,0,1,1984,0,0,0,0,6,0,0,0,0,0
340701,0,2,1984,0,0,0,0,0,0,0,0,0,0
340701,1,1,1984,0,0,0,0,0,0,0,0,0,0
340702,1,1,1984,16,0,0,0,21,17,0,0,0,0
340702,2,1,1984,0,0,0,0,0,0,0,0,0,0
340703,1,1,1984,35,35,35,35,35,35,35,35,35,35
340704,0,1,1984,0,0,0,0,0,0,0,0,0,0
340704,1,1,1984,0,0,0,0,0,0,0,0,0,0
340705,1,1,1984,4,4,4,4,4,4,4,4,4,4
340706,1,1,1984,18,18,18,18,18,18,18,18,18,18
340707,1,1,1984,0,0,0,0,0,0,0,0,0,0
340707,2,1,1984,0,0,0,0,0,0,0,0,0,0
340708,0,1,1984,0,0,0,0,0,0,0,0,0,0
340708,1,1,1984,0,0,0,0,0,0,0,0,0,0
340709,1,1,1984,11,11,11,11,11,11,11,11,11,11
340709,2,1,1984,0,0,0,24,0,0,0,0,0,0
340710,1,1,1984,15,0,0,0,0,0,0,0,8,0
340710,2,1,1984,0,0,0,0,0,0,0,0,0,0
340711,1,1,1984,0,0,0,0,0,0,0,0,0,0
340711,2,1,1984,0,0,0,0,0,0,0,0,0,0
340712,1,1,1984,0,0,0,0,0,16,0,0,0,0
340713,1,1,1984,16,17,9,24,13,33,6,0,6,19
340713,2,1,1984,2,2,2,2,2,2,2,2,2,2
340714,1,1,1984,0,0,0,0,0,0,0,0,0,0
340715,0,1,1984,22,22,22,22,22,22,22,22,22,22
340715,1,1,1984,0,28,0,0,0,0,0,0,0,0
340716,1,1,1984,12,12,12,12,12,12,12,12,12,12
340717,1,1,1984,21,0,0,5,0,0,0,0,0,0
340718,1,1,1984,14,14,14,14,14,14,14,14,14,14
340719,1,1,1984,0,19,0,0,0,0,0,0,0,0
340719,2,1,1984,0,0,7,0,0,0,0,0,0,0
340720,0,1,1984,23,23,23,23,23,23,23,23,23,23
340720,1,1,1984,0,0,0,0,0,0,0,0,0,0
340721,1,1,1984,15,15,15,15,15,15,15,15,15,15
340721,2,1,1984,16,0,0,0,27,0,0,0,0,0
340722,1,1,1984,17,17,17,17,17,17,17,17,17,17
340723,0,1,1984,19,19,19,19,19,19,19,19,19,19
340723,1,1,1984,0,0,0,0,0,0,0,0,0,12
340723,2,1,1984,26,12,13,0,0,31,0,7,19,22
340724,1,1,1984,0,0,0,0,0,0,0,0,0,0
340724,2,1,1984,0,0,0,0,0,0,0,0,18,0
340725,0,1,1984,0,0,0,0,0,0,0,0,0,0
340725,1,1,1984,0,0,0,0,0,0,0,0,0,0
340726,1,1,1984,6,6,6,6,6,6,6,6,6,6
340727,1,1,1984,0,0,0,0,0,0,0,0,0,10
340727,2,1,1984,0,0,0,0,0,0,0,0,0,0
340727,3,1,1984,3,0,0,0,0,0,0,0,0,0
340728,0,1,1984,0,14,0,0,0,0,0,21,0,0
340728,1,1,1984,0,0,0,0,0,0,0,0,0,0
340729,0,1,1984,0,0,0,0,0,0,0,0,0,0
340729,1,1,1984,0,0,0,0,0,0,0,0,0,0
340730,1,1,1984,0,0,0,0,0,0,10,0,0,0
340731,0,1,1984,2,2,2,2,2,2,2,2,2,2
340731,1,1,1984,0,0,0,0,0,0,0,0,0,0
340732,0,1,1984,0,0,0,0,0,0,0,0,0,0
340732,1,1,1984,0,0,0,0,12,24,0,0,0,0
340733,1,1,1984,0,0,0,0,0,19,0,7,0,0
340734,0,1,1984,0,0,0,0,0,0,0,0,0,0
340734,1,1,1984,0,0,0,16,0,0,0,0,0,0
340735,1,2,1984,0,0,0,0,0,0,0,0,0,0
340736,0,1,1984,0,0,0,0,0,0,0,0,0,0
340736,1,1,1984,5,0,0,0,0,0,0,0,0,0
340738,0,1,1984,0,0,0,0,0,0,0,0,0,0
340738,1,1,1984,23,23,23,23,23,23,23,23,23,23
340739,0,1,1984,0,0,30,0,0,25,23,0,0,12
340739,1,1,1984,16,16,16,16,16,16,16,16,16,16
340740,0,1,1984,0,0,0,0,0,0,0,0,0,0
340740,1,1,1984,0,0,0,0,0,0,0,0,0,0
340741,1,1,1984,14,9,12,8,6,0,5,15,0,18
340742,0,1,1984,0,0,0,0,0,0,0,0,0,0
340742,1,1,1984,0,0,0,0,0,0,0,0,0,0
340743,1,1,1984,0,0,9,11,5,15,2,5,10,7
340743,2,1,1984,0,14,8,15,22,17,28,13,8,9
340744,1,1,1984,6,6,6,6,6,6,6,6,6,6
340745,0,1,1984,13,13,13,13,13,13,13,13,13,13
340745,1,1,1984,0,0,0,0,0,8,0,0,16,0
340746,1,1,1984,0,0,0,0,0,0,0,0,0,0
340746,2,1,1984,0,0,0,0,0,0,5,0,0,0
340747,0,1,1984,32,32,32,32,32,32,32,32,32,32
340747,1,1,1984,13,0,0,0,0,0,0,29,0,0
340749,1,1,1984,16,16,16,16,16,16,16,16,16,16
340749,2,1,1984,0,0,0,0,0,0,0,0,0,0
340750,0,1,1984,11,11,11,11,11,11,11,11,11,11
340750,1,1,1984,0,13,0,3,13,0,0,0,22,0
340751,0,1,1984,0,0,0,0,0,0,0,0,0,0
340751,1,1,1984,0,0,0,0,0,0,0,0,0,0
340752,0,1,1984,0,0,0,0,0,0,0,0,0,0
340752,1,1,1984,0,0,0,0,0,0,0,0,0,0
340753,0,1,1984,0,9,0,0,0,0,0,21,13,0
340753,1,1,1984,0,0,0,0,0,0,0,9,0,0
340754,0,1,1984,12,12,12,12,12,12,12,12,12,12
340754,1,1,1984,20,0,0,15,0,8,20,0,0,15
340755,1,1,1984,21,21,21,21,21,21,21,21,21,21
340756,0,1,1984,0,0,0,0,0,0,0,0,0,0
340756,1,1,1984,0,0,0,0,10,0,0,0,0,6
340757,0,1,1984,0,0,0,0,0,0,0,0,0,0
340757,1,1,1984,8,8,8,8,8,8,8,8,8,8
340758,1,1,1984,21,21,21,21,21,21,21,21,21,21
340759,1,1,1984,25,20,28,18,22,12,23,0,23,29
340760,1,1,1984,0,0,0,0,0,0,0,0,0,0
340761,1,1,1984,0,0,0,0,0,0,0,0,0,0
340761,2,1,1984,0,0,0,0,0,0,0,0,0,0
340763,1,1,1984,13,20,14,0,18,0,8,21,26,16
340764,0,1,1984,21,0,0,34,28,0,0,0,15,27
340764,1,1,1984,0,18,0,12,0,0,0,0,0,0
340765,1,1,1984,29,39,16,31,29,30,14,16,10,6
340766,1,1,1984,3,3,3,3,3,3,3,3,3,3
340766,2,1,1984,0,0,0,0,0,0,0,0,0,0
340766,3,1,1984,0,0,21,0,0,0,0,0,0,0
340766,4,1,1984,0,0,0,0,0,0,0,0,0,0
340766,5,1,1984,0,0,0,0,0,0,0,0,0,0
340767,1,1,1984,14,14,14,14,14,14,14,14,14,14
340768,0,1,1984,0,0,0,0,0,0,0,0,0,0
340768,1,1,1984,0,0,0,0,0,0,0,0,0,0
340769,0,1,1984,0,0,0,0,0,0,0,0,0,0
340769,1,1,1984,0,0,0,0,0,0,0,0,0,0
340769,2,1,1984,0,0,5,0,0,0,0,0,0,0
340770,1,1,1984,20,20,20,20,20,20,20,20,20,20
340771,1,1,1984,0,0,0,0,0,0,0,0,0,0
340771,2,1,1984,0,0,0,0,0,0,0,0,0,0
340771,3,1,1984,0,0,0,0,0,0,0,0,0,0
340772,1,1,1984,7,7,7,7,7,7,7,7,7,7
340773,1,1,1984,19,19,19,19,19,19,19,19,19,19
340774,0,1,1984,0,0,0,0,0,0,0,0,0,0
340774,1,1,1984,0,0,0,0,0,0,0,0,0,5
340775,0,1,1984,0,0,0,0,0,0,0,0,0,0
340775,1,1,1984,0,0,0,9,18,0,0,0,0,10
340776,1,1,1984,0,0,0,0,0,0,0,0,0,0
340776,2,1,1984,0,0,0,0,0,0,0,0,0,0
340776,3,1,1984,0,0,0,0,0,0,0,0,0,0
340777,0,1,1984,15,15,15,15,15,15,15,15,15,15
340777,1,1,1984,0,0,0,0,0,0,0,0,0,0
340778,0,1,1984,0,0,0,0,0,0,0,0,0,0
340778,0,2,1984,0,0,0,0,0,0,0,0,0,0
340778,0,3,1984,10,24,34,21,31,13,24,40,18,27
340778,0,4,1984,25,10,16,14,21,14,17,6,19,9
340778,0,5,1984,29,21,13,11,14,16,10,0,22,23
340778,3,1,1984,0,0,0,22,0,24,0,0,17,0
340779,1,1,1984,13,13,13,13,13,13,13,13,13,13
340781,1,1,1984,35,35,35,35,35,35,35,35,35,35
340782,1,1,1984,0,0,0,0,0,0,0,0,0,0
340782,2,1,1984,0,0,0,0,0,0,0,0,0,0
340783,1,1,1984,14,14,14,14,14,14,14,14,14,14
340784,0,1,1984,0,3,0,0,10,0,0,0,0,0
340784,1,1,1984,0,0,0,0,0,0,0,0,16,0
340785,1,1,1984,0,0,0,0,0,0,0,0,0,0
340785,2,1,1984,0,0,0,0,0,0,0,0,0,0
340786,1,1,1984,0,0,0,0,0,0,0,0,0,0
340786,2,1,1984,0,0,11,0,0,0,0,0,19,0
340787,0,1,1984,0,0,0,0,0,0,0,0,0,0
340787,1,1,1984,0,0,0,0,0,0,0,0,0,43
340788,1,1,1984,0,0,0,0,0,0,0,0,0,0
340788,2,1,1984,2,2,2,2,2,2,2,2,2,2
340789,0,1,1984,24,24,24,24,24,24,24,24,24,24
340789,1,1,1984,0,0,0,0,0,0,0,0,0,0
340790,1,1,1984,3,3,3,3,3,3,3,3,3,3
340790,2,1,1984,0,0,0,0,0,0,0,0,0,0
340791,1,1,1984,31,31,31,31,31,31,31,31,31,31
340792,1,1,1984,0,0,0,0,0,0,0,0,0,0
340792,2,1,1984,0,0,0,0,0,0,0,0,0,0
340793,0,1,1984,0,0,0,0,0,0,0,0,0,0
340793,1,1,1984,0,0,0,0,0,0,0,0,0,0
340794,1,1,1984,25,25,25,25,25,25,25,25,25,25
340794,2,1,1984,0,0,0,0,0,0,0,0,0,0
340795,1,1,1984,20,20,20,20,20,20,20,20,20,20
340796,1,1,1984,0,0,6,0,0,0,0,0,0,0
340796,2,1,1984,0,0,0,0,0,15,0,0,0,0
340797,1,1,1984,19,19,19,19,19,19,19,19,19,19
340797,2,1,1984,0,0,0,0,0,0,0,0,0,0
340798,1,1,1984,12,12,12,12,12,12,12,12,12,12
340799,1,1,1984,13,13,13,13,13,13,13,13,13,13
340800,1,1,1984,0,0,0,0,0,0,0,0,0,0
340800,2,1,1984,12,12,12,12,12,12,12,12,12,12
340801,1,1,1984,0,0,0,0,0,0,0,0,0,0
340803,1,1,1984,0,0,0,0,0,0,0,0,0,0
340804,1,1,1984,14,14,14,14,14,14,14,14,14,14
340805,1,1,1984,14,14,14,14,14,14,14,14,14,14
340806,1,1,1984,0,0,0,0,0,0,0,0,0,0
340806,2,1,1984,0,0,0,0,0,0,0,0,0,0
340807,1,1,1984,0,0,0,0,0,0,0,0,0,0
340807,2,1,1984,0,0,0,11,0,10,0,0,0,0
340808,0,1,1984,0,0,0,0,0,0,0,0,0,0
340808,1,1,1984,0,0,0,0,0,0,0,0,0,0
340809,1,1,1984,0,0,0,0,0,0,0,0,0,0
340809,2,1,1984,16,16,16,16,16,16,16,16,16,16
340810,1,1,1984,14,14,14,14,14,14,14,14,14,14
340811,0,1,1984,28,0,19,0,0,0,0,0,0,23
340811,1,1,1984,0,0,0,0,0,0,0,0,0,0
340812,1,1,1984,0,0,0,0,0,0,0,0,0,0
340812,2,1,1984,14,0,0,0,0,0,0,0,0,0
340813,0,1,1984,41,41,41,41,41,41,41,41,41,41
340813,1,1,1984,0,0,0,0,0,0,0,0,0,0
340814,1,1,1984,13,13,13,13,13,13,13,13,13,13
340815,1,1,1984,0,0,0,0,0,0,0,0,0,0
340815,2,1,1984,0,0,0,0,0,0,0,0,0,0
340816,1,1,1984,0,0,0,0,0,0,0,0,0,0
340817,1,1,1984,19,19,19,19,19,19,19,19,19,19
340818,1,1,1984,0,0,0,13,16,0,8,0,15,11
340818,2,1,1984,0,0,0,0,0,0,7,0,0,0
340819,0,1,1984,0,0,15,0,0,0,0,0,0,0
340819,0,2,1984,28,25,31,0,21,17,29,0,5,0
340819,1,1,1984,0,0,26,0,0,17,0,23,0,0
340820,0,1,1984,0,0,0,0,0,0,0,0,0,0
340820,1,1,1984,0,0,15,0,0,0,0,0,0,0
340821,1,1,1984,0,0,0,0,0,0,0,0,0,0
340821,2,1,1984,0,0,0,0,0,0,0,0,0,0
340821,3,1,1984,0,0,0,0,0,0,0,0,0,0
340821,4,1,1984,0,0,7,0,0,0,0,0,0,0
340822,1,1,1984,0,0,0,0,0,0,0,0,0,0
340822,2,1,1984,0,0,0,0,0,0,0,0,0,9
340822,3,1,1984,0,0,0,0,0,0,0,0,0,0
340823,1,1,1984,0,0,0,0,0,0,0,0,0,0
340823,2,1,1984,20,0,0,0,0,13,0,0,0,0
340824,1,1,1984,0,0,0,0,0,0,0,0,0,0
340824,2,1,1984,0,0,0,0,0,0,0,0,0,0
340825,0,1,1984,24,0,0,0,0,33,0,0,0,0
340825,1,1,1984,0,0,0,0,0,0,0,0,0,0
340825,2,1,1984,0,0,0,0,0,0,0,0,0,0
340826,1,1,1984,33,0,17,0,0,0,0,0,0,0
340826,2,1,1984,16,16,16,16,16,16,16,16,16,16
340827,1,1,1984,0,0,0,0,0,0,0,0,0,0
340827,2,1,1984,0,0,0,0,0,0,0,0,0,0
340828,1,1,1984,0,0,0,0,0,0,0,0,0,0
340828,2,1,1984,0,0,0,0,0,0,10,0,0,0
340829,1,1,1984,0,11,23,15,12,0,14,15,0,7
340829,2,1,1984,4,4,4,4,4,4,4,4,4,4
340829,3,1,1984,0,0,0,0,0,0,10,0,0,0
340830,1,1,1984,0,0,0,0,0,0,0,0,0,0
340830,2,1,1984,21,21,21,21,21,21,21,21,21,21
340843,1,1,1984,0,0,0,0,0,0,0,0,0,0
340843,2,1,1984,1,1,1,1,1,1,1,1,1,1
340844,1,1,1984,0,0,0,0,0,0,0,0,0,0
340844,2,1,1984,0,0,0,0,0,0,0,0,0,0
340844,3,1,1984,0,0,0,0,0,0,0,0,0,0
340845,1,1,1984,0,0,0,0,0,0,0,0,0,0
340846,1,1,1984,27,27,27,27,27,27,27,27,27,27
340847,1,1,1984,15,15,15,15,15,15,15,15,15,15
340848,1,1,1984,0,0,0,0,0,0,0,0,0,0
340849,0,1,1984,0,0,0,0,0,0,0,0,0,0
340849,1,1,1984,0,0,5,0,0,0,0,0,0,0
340850,1,1,1984,0,0,0,0,0,0,0,0,0,0
340850,2,1,1984,26,26,26,26,26,26,26,26,26,26
340851,0,1,1984,0,0,0,0,0,0,0,0,0,0
340851,1,1,1984,0,0,0,0,0,0,0,0,0,0
340852,1,1,1984,0,0,0,0,0,0,0,0,0,0
340852,2,1,1984,21,21,21,21,21,21,21,21,21,21
340853,1,1,1984,0,0,0,0,0,0,0,0,0,0
340853,2,1,1984,0,0,0,0,0,0,0,0,0,0
340854,0,1,1984,0,0,0,0,0,0,0,0,0,0
340854,1,1,1984,0,0,0,0,0,0,0,0,0,0
340855,1,1,1984,0,0,0,0,0,0,0,0,0,0
340856,1,1,1984,0,0,0,0,0,7,0,0,0,0
340856,2,1,1984,0,0,0,0,0,0,0,0,0,0
340856,3,1,1984,0,0,0,0,0,0,0,0,0,0
340857,1,1,1984,14,14,14,14,14,14,14,14,14,14
340857,2,1,1984,0,0,0,0,0,0,0,0,0,0
340857,3,1,1984,0,0,0,0,0,0,0,0,0,0
340858,0,1,1984,0,0,0,0,0,0,0,0,0,0
340858,1,1,1984,31,18,17,0,0,0,0,0,0,16
340859,1,1,1984,23,23,23,23,23,23,23,23,23,23
340860,1,1,1984,0,0,0,0,0,0,0,0,0,0
340861,1,1,1984,0,0,0,0,0,0,0,0,0,0
340862,1,1,1984,5,5,5,5,5,5,5,5,5,5
340862,2,1,1984,0,0,0,0,0,0,0,0,0,0
340862,3,1,1984,0,0,0,0,0,0,0,0,0,0
340862,4,1,1984,0,0,0,0,0,0,0,0,0,0
340863,0,1,1984,11,11,11,11,11,11,11,11,11,11
340863,0,2,1984,22,24,22,28,34,24,0,17,18,0
340863,1,1,1984,0,0,0,0,0,0,0,0,11,0
340864,0,1,1984,0,0,0,0,0,0,0,0,0,0
340864,1,1,1984,0,0,0,0,0,0,0,0,0,0
340865,1,1,1984,0,0,0,0,0,0,0,0,0,0
340865,2,1,1984,16,16,16,16,16,16,16,16,16,16
340866,1,1,1984,0,0,0,0,0,0,0,0,0,0
340866,2,1,1984,0,0,0,0,0,0,0,0,0,0
340867,1,1,1984,0,0,0,12,0,0,0,0,0,0
340868,1,1,1984,12,12,12,12,12,12,12,12,12,12
340868,2,1,1984,0,0,0,0,0,0,0,0,0,0
340868,3,1,1984,0,0,0,0,0,0,0,0,0,0
340869,1,1,1984,0,0,0,0,0,0,0,0,0,0
340869,2,1,1984,0,0,0,0,0,0,0,0,0,0
340870,0,1,1984,15,15,15,15,15,15,15,15,15,15
340870,1,1,1984,4,0,0,0,0,0,25,0,0,8
340870,2,1,1984,0,24,0,0,0,0,0,7,0,20
340871,1,1,1984,0,0,0,0,0,0,0,0,0,0
340871,2,1,1984,5,5,5,5,5,5,5,5,5,5
340872,1,1,1984,20,20,20,20,20,20,20,20,20,20
340872,2,1,1984,0,0,6,0,0,0,14,17,0,0
340872,3,1,1984,0,0,0,0,0,0,0,0,0,0
340872,4,1,1984,0,0,0,0,0,0,0,0,0,0
340873,1,1,1984,0,0,0,0,0,0,0,0,0,6
340874,0,1,1984,0,0,0,0,0,0,0,0,0,0
340874,1,1,1984,0,0,0,0,0,0,0,0,0,0
340875,1,1,1984,0,0,0,0,0,0,0,0,0,0
340876,1,1,1984,4,4,4,4,4,4,4,4,4,4
340876,2,1,1984,0,0,0,0,0,0,0,0,0,0
340877,0,1,1984,0,0,0,0,0,0,0,0,0,0
340877,0,2,1984,0,0,0,0,0,0,0,0,0,0
340877,1,1,1984,0,5,13,0,0,0,0,14,0,0
340878,0,1,1984,0,0,0,0,0,0,10,0,0,0
340878,1,1,1984,0,0,0,0,0,0,0,0,0,0
340879,0,1,1984,2,2,2,2,2,2,2,2,2,2
340879,1,1,1984,13,13,13,13,13,13,13,13,13,13
340880,1,1,1984,0,0,0,0,0,0,0,0,0,0
340880,2,1,1984,0,0,0,0,0,0,0,0,8,0
340881,1,1,1984,17,0,0,0,0,30,0,0,0,9
340881,2,1,1984,4,4,4,4,4,4,4,4,4,4
340882,0,1,1984,5,13,0,11,0,0,17,12,8,0
340882,1,1,1984,21,18,18,19,14,9,16,9,9,8
340883,1,1,1984,5,0,29,0,2,17,0,0,0,0
340884,1,1,1984,0,0,0,0,0,0,0,0,0,0
340885,1,1,1984,0,0,0,0,0,0,0,0,0,0
340885,2,1,1984,0,0,0,0,0,0,0,0,0,0
340887,0,1,1984,0,0,0,0,0,22,0,0,0,0
340887,1,1,1984,0,0,0,0,0,0,3,0,0,0
340889,1,1,1984,21,0,0,10,0,0,0,14,0,0
340889,2,1,1984,0,0,0,0,0,0,0,0,0,0
340889,3,1,1984,0,0,12,0,0,0,0,0,0,15
340890,0,1,1984,0,0,0,0,0,0,0,0,0,0
340890,1,1,1984,0,0,0,0,0,0,0,0,0,0
340891,1,1,1984,0,0,0,0,0,0,0,0,0,0
340892,1,1,1984,0,0,0,0,0,0,0,0,0,0