ST_CASE,VEH_NO,PER_NO,YEAR,P1,P2,P3,P4,P5,P6,P7,P8,P9,P10
340893,1,1,1984,8,8,8,8,8,8,8,8,8,8
340893,2,1,1984,0,0,0,0,0,0,0,0,0,0
340894,1,1,1984,0,0,0,0,0,0,0,0,0,0
340894,2,1,1984,0,0,0,0,0,0,0,0,0,0
340895,0,1,1984,18,18,18,18,18,18,18,18,18,18
340895,1,1,1984,0,0,0,0,0,0,0,0,15,21
340896,1,1,1984,0,0,0,0,0,0,0,0,0,0
340897,0,1,1984,18,18,18,18,18,18,18,18,18,18
340897,1,1,1984,0,0,0,0,0,0,0,0,0,0
340897,2,1,1984,0,0,0,0,0,0,10,0,0,0
340898,1,1,1984,0,0,26,0,30,0,0,0,9,4
340899,1,1,1984,0,0,11,0,0,0,0,0,0,0
340900,1,1,1984,17,18,23,7,8,18,12,13,15,15
340901,0,1,1984,8,8,8,8,8,8,8,8,8,8
340901,1,1,1984,0,0,0,0,0,0,0,0,0,0
340902,1,1,1984,24,24,27,18,20,21,2,16,13,19
340902,2,1,1984,0,0,0,0,0,0,0,0,0,0
340903,1,1,1984,22,22,22,22,22,22,22,22,22,22
340904,1,1,1984,0,0,0,0,0,0,0,0,0,0
340904,2,1,1984,0,0,0,0,0,0,0,0,0,0
340905,1,1,1984,10,10,10,10,10,10,10,10,10,10
340906,1,1,1984,3,3,3,3,3,3,3,3,3,3
340907,0,1,1984,0,0,0,0,0,0,0,0,0,0
340909,0,1,1984,0,0,0,0,0,0,0,0,0,0
340909,0,2,1984,17,14,21,21,27,10,0,2,35,13
340909,1,1,1984,8,0,0,0,10,10,0,0,23,0
340910,1,1,1984,15,15,15,15,15,15,15,15,15,15
340911,0,1,1984,7,7,7,7,7,7,7,7,7,7
340911,1,1,1984,11,18,21,24,22,0,0,32,22,8
340911,2,1,1984,0,0,0,14,0,21,4,14,16,0
340912,1,1,1984,0,0,0,0,0,0,0,0,0,0
340913,1,1,1984,0,0,0,0,0,0,0,0,0,0
340914,1,1,1984,13,13,13,13,13,13,13,13,13,13
340915,0,1,1984,25,25,25,25,25,25,25,25,25,25
340915,1,1,1984,0,0,0,0,0,0,0,0,0,0
340916,1,1,1984,0,0,0,0,0,0,0,0,0,0
340916,2,1,1984,28,28,28,28,28,28,28,28,28,28
340917,0,1,1984,41,24,0,15,21,44,28,17,13,11
340917,1,1,1984,0,0,0,0,0,0,0,0,22,0
340918,0,1,1984,0,0,0,0,0,0,0,0,0,0
340918,1,1,1984,0,0,0,0,0,0,0,0,23,0
340919,1,1,1984,0,16,0,0,0,0,7,26,0,16
340920,0,1,1984,0,0,0,0,0,0,0,0,0,0
340920,1,1,1984,0,0,13,0,0,10,0,0,0,22
340921,1,1,1984,0,0,0,0,0,0,0,0,17,0
340921,2,1,1984,0,0,0,13,16,0,0,0,0,0
340922,0,1,1984,0,0,0,0,0,0,0,0,0,0
340922,1,1,1984,0,0,0,0,0,0,0,0,0,0
340923,0,1,1984,0,0,0,0,0,0,35,0,24,0
340923,1,1,1984,0,0,0,0,0,0,0,0,0,0
340924,0,1,1984,0,0,0,0,0,0,0,0,0,0
340924,1,1,1984,20,26,0,15,22,15,20,0,0,21
340925,0,1,1984,0,12,0,0,0,0,0,0,0,0
340925,1,1,1984,0,0,0,0,0,0,0,9,0,0
340927,0,1,1984,0,0,0,0,0,0,0,0,0,0
340927,1,1,1984,0,0,0,0,0,0,0,0,0,0
340928,1,1,1984,0,0,0,10,0,0,0,0,0,25
340930,0,1,1984,0,0,0,0,0,0,0,0,0,0
340930,1,1,1984,6,6,6,6,6,6,6,6,6,6
340931,1,1,1984,0,0,0,0,0,0,0,0,0,0
340931,2,1,1984,0,26,0,0,0,12,0,0,0,0
340932,1,1,1984,0,0,0,0,0,0,0,0,0,0
340932,2,1,1984,0,0,0,0,0,0,0,0,0,0
340933,1,1,1984,16,16,16,16,16,16,16,16,16,16
340933,2,1,1984,0,0,0,25,0,15,21,0,0,21
340934,1,1,1984,2,2,2,2,2,2,2,2,2,2
340934,2,1,1984,0,0,0,0,0,0,0,0,0,17
340935,1,1,1984,13,13,13,13,13,13,13,13,13,13
340936,1,1,1984,14,14,14,14,14,14,14,14,14,14
340937,0,1,1984,0,0,0,0,0,0,0,0,0,0
340937,0,2,1984,0,0,0,0,0,0,0,0,0,0
340937,1,1,1984,0,0,0,0,0,0,0,0,0,0
350001,1,1,1984,0,0,0,0,0,0,0,0,6,0
350001,2,1,1984,0,0,0,0,0,0,0,0,0,0
350003,1,1,1984,0,0,0,0,0,0,0,0,0,0
350003,2,1,1984,0,0,0,0,0,0,0,0,0,0
350004,1,1,1984,0,0,0,0,0,0,0,0,0,0
350004,2,1,1984,0,0,0,0,0,0,0,0,0,0
350005,0,1,1984,0,0,0,0,0,0,0,0,0,0
350005,1,1,1984,8,13,0,11,10,14,9,22,12,14
350006,1,1,1984,31,5,13,7,12,3,15,29,16,7
350006,2,1,1984,45,45,45,45,45,45,45,45,45,45
350007,1,1,1984,0,0,0,0,0,0,0,0,0,0
350007,2,1,1984,7,0,0,0,0,21,0,0,0,0
350007,3,1,1984,39,0,0,32,0,0,0,22,16,15
350008,1,1,1984,11,18,23,15,21,27,13,12,15,29
350009,0,1,1984,13,13,13,13,13,13,13,13,13,13
350009,1,1,1984,0,0,0,0,4,0,0,0,0,0
350010,1,1,1984,22,22,22,22,22,22,22,22,22,22
350011,1,1,1984,0,0,0,0,0,0,0,0,0,0
350011,2,1,1984,0,0,0,0,0,0,0,0,0,0
350012,1,1,1984,0,0,0,0,0,0,0,0,0,0
350012,2,1,1984,15,15,15,15,15,15,15,15,15,15
350013,1,1,1984,0,0,13,0,11,0,18,0,0,13
350013,2,1,1984,0,0,0,0,0,0,0,0,0,0
350014,1,1,1984,0,0,0,0,0,0,0,0,0,0
350014,2,1,1984,24,24,24,24,24,24,24,24,24,24
350015,0,1,1984,0,0,0,0,0,0,0,0,0,0
350015,1,1,1984,10,8,23,0,0,0,0,24,0,0
350016,1,1,1984,13,27,0,11,14,25,17,20,18,21
350016,2,1,1984,21,21,21,21,21,21,21,21,21,21
350017,0,1,1984,0,0,0,0,0,0,0,0,0,0
350017,1,1,1984,15,0,0,12,0,0,0,0,24,0
350018,1,1,1984,27,27,27,27,27,27,27,27,27,27
350019,0,1,1984,0,0,0,0,0,0,0,0,0,0
350019,1,1,1984,0,0,0,0,0,0,0,0,0,0
350020,1,1,1984,23,23,23,23,23,23,23,23,23,23
350020,2,1,1984,0,0,0,0,0,0,0,0,0,0
350021,0,1,1984,31,31,31,31,31,31,31,31,31,31
350021,1,1,1984,0,0,0,0,0,0,12,0,0,0
350022,1,1,1984,0,0,0,0,0,0,0,0,0,0
350023,1,1,1984,12,12,12,12,12,12,12,12,12,12
350023,2,1,1984,7,3,20,20,7,12,20,12,16,22
350024,0,1,1984,0,0,0,0,0,0,0,0,0,0
350024,1,1,1984,0,0,0,0,0,0,0,0,0,0
350025,0,1,1984,0,0,0,0,9,16,19,0,0,0
350025,1,1,1984,0,0,0,0,0,0,0,0,0,0
350026,1,1,1984,0,0,0,0,0,0,0,0,0,0
350027,0,1,1984,17,17,17,17,17,17,17,17,17,17
350027,1,1,1984,0,0,0,0,0,0,0,0,0,0
350028,1,1,1984,0,0,0,0,0,0,0,0,0,0
350029,1,1,1984,30,30,30,30,30,30,30,30,30,30
350030,1,1,1984,17,17,17,17,17,17,17,17,17,17
350030,2,1,1984,0,0,0,0,0,0,0,0,0,0
350031,1,1,1984,19,8,6,5,16,17,13,0,26,6
350032,1,1,1984,14,14,14,14,14,14,14,14,14,14
350032,2,1,1984,0,0,0,0,0,0,12,0,0,0
350033,1,1,1984,14,14,14,14,14,14,14,14,14,14
350034,1,1,1984,0,0,0,0,0,0,0,0,0,0
350034,2,1,1984,18,18,18,18,18,18,18,18,18,18
350035,1,1,1984,0,0,0,0,6,0,0,0,0,0
350035,2,1,1984,0,0,0,0,0,0,0,0,0,0
350036,1,1,1984,5,18,13,6,20,14,0,14,19,26
350037,0,1,1984,25,25,25,25,25,25,25,25,25,25
350037,1,1,1984,0,0,3,18,9,0,0,17,19,10
350038,1,1,1984,0,0,0,0,0,0,0,0,0,0
350038,2,1,1984,2,2,2,2,2,2,2,2,2,2
350039,1,1,1984,12,9,25,12,8,14,22,27,11,22
350039,2,1,1984,0,0,0,0,0,0,0,0,0,0
350040,1,1,1984,0,0,0,0,0,0,0,0,16,0
350040,2,1,1984,0,0,0,5,0,0,15,0,0,25
350041,1,1,1984,0,0,0,0,0,0,0,0,0,0
350041,2,1,1984,0,0,0,0,0,0,0,0,0,0
350042,0,1,1984,15,15,15,15,15,15,15,15,15,15
350042,1,1,1984,13,13,13,13,13,13,13,13,13,13
350043,1,1,1984,31,31,31,31,31,31,31,31,31,31
350044,1,1,1984,19,16,19,9,19,14,12,13,14,12
350045,1,1,1984,0,0,0,0,0,0,0,0,0,0
350046,0,1,1984,37,37,37,37,37,37,37,37,37,37
350046,1,1,1984,5,5,5,5,5,5,5,5,5,5
350047,1,1,1984,23,23,23,23,23,23,23,23,23,23
350048,1,1,1984,30,30,30,30,30,30,30,30,30,30
350049,0,1,1984,0,0,0,0,0,0,0,0,0,0
350049,0,2,1984,0,0,0,0,0,0,0,0,0,0
350049,1,1,1984,3,0,0,0,24,0,0,0,0,0
350050,1,1,1984,0,0,0,0,0,0,0,0,0,0
350051,1,1,1984,0,0,0,0,0,0,0,0,0,0
350052,1,1,1984,0,0,0,0,0,0,0,0,0,0
350053,0,1,1984,36,36,36,36,36,36,36,36,36,36
350053,1,1,1984,20,9,14,15,15,5,12,14,0,4
350054,1,1,1984,0,0,0,0,0,0,0,0,0,0
350054,2,1,1984,0,0,0,0,0,0,0,0,0,0
350055,0,1,1984,28,28,28,28,28,28,28,28,28,28
350055,1,1,1984,0,0,0,0,0,0,0,0,0,0
350056,1,1,1984,0,0,0,0,0,0,0,0,0,0
350056,2,1,1984,36,0,0,0,26,0,8,0,0,0
350057,0,1,1984,26,26,26,26,26,26,26,26,26,26
350057,1,1,1984,0,0,0,0,0,0,0,0,0,0
350058,1,1,1984,11,11,11,11,11,11,11,11,11,11
350059,1,1,1984,20,20,20,20,20,20,20,20,20,20
350060,1,1,1984,16,13,0,0,0,12,0,0,0,0
350060,2,1,1984,24,24,24,24,24,24,24,24,24,24
350061,1,1,1984,0,0,25,0,0,0,11,0,14,0
350062,0,1,1984,41,41,41,41,41,41,41,41,41,41
350062,1,1,1984,0,0,0,0,0,0,0,0,0,0
350063,1,1,1984,12,12,12,12,12,12,12,12,12,12
350064,0,1,1984,33,33,33,33,33,33,33,33,33,33
350064,0,2,1984,38,38,38,38,38,38,38,38,38,38
350064,1,1,1984,0,0,0,0,0,0,0,0,0,29
350065,1,1,1984,0,0,0,0,0,0,0,0,0,0
350066,1,1,1984,10,10,10,10,10,10,10,10,10,10
350066,2,1,1984,0,0,0,0,0,0,0,0,0,0
350067,1,1,1984,20,20,20,20,20,20,20,20,20,20
350068,0,1,1984,0,0,0,0,0,0,0,0,0,0
350068,1,1,1984,0,0,0,0,0,0,0,0,0,0
350069,1,1,1984,0,0,0,0,0,0,0,0,0,0
350069,2,1,1984,0,7,0,13,0,18,0,0,0,0
350070,1,1,1984,10,6,16,22,7,3,18,6,6,20
350071,0,1,1984,0,0,0,0,0,0,0,0,0,0
350071,1,1,1984,0,0,0,0,0,0,0,0,0,0
350072,1,1,1984,0,0,0,0,0,0,0,0,0,0
350072,2,1,1984,18,15,17,10,12,6,2,7,8,13
350073,1,1,1984,0,0,0,0,0,0,0,0,0,0
350074,0,1,1984,0,0,0,0,0,0,0,0,0,0
350074,1,1,1984,0,0,0,0,0,0,0,0,0,0
350075,1,1,1984,11,6,8,13,8,0,8,8,10,18
350075,2,1,1984,0,0,0,0,0,0,0,0,0,0
350075,3,1,1984,0,0,0,0,0,0,0,0,0,0
350075,4,1,1984,0,0,0,0,0,0,0,0,28,0
350076,1,1,1984,28,28,28,28,28,28,28,28,28,28
350077,1,1,1984,16,16,16,16,16,16,16,16,16,16
350078,0,1,1984,19,19,19,19,19,19,19,19,19,19
350078,1,1,1984,0,0,0,0,0,0,0,0,0,0
350079,1,1,1984,0,0,0,0,0,0,0,0,0,0
350080,1,1,1984,8,8,8,8,8,8,8,8,8,8
350081,1,1,1984,20,13,8,22,13,20,11,12,14,17
350081,2,1,1984,0,0,0,0,0,0,0,0,0,0
350082,1,1,1984,10,9,19,24,9,21,26,14,14,7
350083,0,1,1984,27,27,27,27,27,27,27,27,27,27
350083,1,1,1984,0,0,28,22,0,0,0,0,15,15
350084,0,1,1984,22,22,22,22,22,22,22,22,22,22
350084,1,1,1984,0,0,0,13,0,0,0,0,0,7
350085,1,1,1984,0,0,0,0,0,0,0,0,0,0
350086,1,1,1984,21,21,21,21,21,21,21,21,21,21
350087,0,1,1984,10,10,10,10,10,10,10,10,10,10
350087,1,1,1984,11,0,7,0,0,16,0,0,0,0
350088,1,1,1984,0,0,0,0,0,0,0,0,0,0
350089,0,1,1984,23,0,27,0,21,0,17,14,0,0
350089,1,1,1984,0,16,23,25,17,0,0,28,0,14
350090,1,1,1984,12,0,18,19,21,17,0,13,11,10
350091,1,1,1984,0,0,0,19,0,13,0,0,0,33
350093,1,1,1984,0,0,0,0,0,0,0,0,0,0
350094,1,1,1984,0,0,0,0,0,0,0,0,0,0
350095,1,1,1984,0,0,0,0,0,0,0,0,0,0
350095,2,1,1984,0,0,0,0,0,0,0,0,0,0
350096,1,1,1984,0,0,0,0,0,0,0,0,0,0
350097,1,1,1984,0,0,27,14,0,26,0,0,0,0
350098,1,1,1984,0,0,0,0,0,0,0,0,0,0
350099,0,1,1984,0,0,0,0,0,0,0,0,0,0
350099,1,1,1984,0,0,0,0,0,0,0,0,0,0
350100,1,1,1984,13,25,14,20,16,13,9,0,20,19
350100,2,1,1984,0,0,0,0,0,0,0,0,0,0
350101,1,1,1984,0,0,0,0,0,0,0,0,0,0
350102,1,1,1984,3,3,3,3,3,3,3,3,3,3
350103,1,1,1984,17,20,9,19,8,17,9,13,12,19
350103,2,1,1984,0,0,0,0,0,0,0,0,0,0
350104,1,1,1984,0,0,9,0,0,0,0,0,0,9
350104,2,1,1984,0,0,0,0,0,0,0,0,0,0
350105,1,1,1984,4,10,14,13,14,13,12,28,20,17
350106,0,1,1984,27,27,27,27,27,27,27,27,27,27
350106,1,1,1984,0,0,23,0,0,0,8,0,0,0
350107,1,1,1984,0,0,0,0,0,0,0,0,0,0
350107,2,1,1984,4,4,4,4,4,4,4,4,4,4
350108,1,1,1984,0,0,0,0,0,0,0,0,0,0
350109,0,1,1984,23,23,23,23,23,23,23,23,23,23
350109,1,1,1984,0,0,12,23,0,0,0,0,0,0
350110,1,1,1984,0,0,0,0,0,0,0,0,0,0
350110,2,1,1984,0,0,0,0,11,0,0,0,0,0
350111,1,1,1984,0,0,0,0,0,0,0,0,0,0
350111,2,1,1984,0,0,0,0,0,0,0,0,0,0
350112,1,1,1984,0,0,0,0,0,0,0,0,0,9
350113,1,1,1984,0,0,0,0,0,0,0,0,0,0
350113,2,1,1984,20,11,0,11,0,5,23,15,13,0
350114,1,1,1984,17,17,17,17,17,17,17,17,17,17
350115,1,1,1984,7,7,7,7,7,7,7,7,7,7
350116,1,1,1984,17,17,17,17,17,17,17,17,17,17
350117,1,1,1984,0,0,0,0,0,0,0,19,0,25
350117,2,1,1984,0,0,0,0,0,0,0,0,0,0
350118,1,1,1984,39,39,39,39,39,39,39,39,39,39
350119,1,1,1984,27,27,27,27,27,27,27,27,27,27
350120,0,1,1984,27,27,27,27,27,27,27,27,27,27
350120,1,1,1984,0,25,6,13,0,8,0,0,0,0
350121,1,1,1984,0,0,0,0,0,0,0,0,0,0
350122,0,1,1984,25,25,25,25,25,25,25,25,25,25
350122,1,1,1984,0,0,0,0,0,21,0,0,0,0
350123,1,1,1984,0,0,0,0,0,0,0,0,0,0
350123,2,1,1984,3,3,3,3,3,3,3,3,3,3
350124,0,1,1984,0,0,0,0,0,0,0,0,0,0
350124,1,1,1984,0,0,0,0,4,0,0,0,7,0
350125,1,1,1984,21,21,21,21,21,21,21,21,21,21
350126,0,1,1984,0,0,0,0,0,0,0,0,9,0
350126,1,1,1984,0,0,0,0,0,0,0,0,0,19
350127,1,1,1984,14,14,14,14,14,14,14,14,14,14
350128,0,1,1984,28,28,28,28,28,28,28,28,28,28
350128,1,1,1984,13,10,0,13,26,11,0,10,4,29
350129,1,1,1984,0,0,0,0,0,0,0,0,0,0
350129,2,1,1984,0,0,0,0,0,0,0,0,0,0
350130,1,1,1984,7,7,7,7,7,7,7,7,7,7
350131,1,1,1984,17,17,17,17,17,17,17,17,17,17
350132,1,1,1984,13,7,17,13,23,23,21,10,16,15
350133,1,1,1984,16,0,10,23,8,12,26,14,13,18
350134,1,1,1984,0,0,0,0,0,0,0,0,0,0
350135,0,1,1984,21,21,21,21,21,21,21,21,21,21
350135,1,1,1984,0,0,0,0,0,0,0,0,0,0
350136,1,1,1984,26,26,26,26,26,26,26,26,26,26
350137,1,1,1984,0,0,0,0,0,0,0,0,0,0
350138,1,1,1984,35,16,11,29,22,20,23,13,18,17
350139,1,1,1984,11,11,11,11,11,11,11,11,11,11
350140,0,1,1984,0,0,0,0,0,0,0,0,0,0
350140,1,1,1984,0,0,0,0,0,0,0,0,0,0
350141,1,1,1984,0,0,0,0,0,0,6,0,0,0
350141,2,1,1984,0,0,0,0,0,0,0,0,0,0
350142,1,1,1984,8,8,8,8,8,8,8,8,8,8
350143,1,1,1984,17,17,17,17,17,17,17,17,17,17
350144,0,1,1984,0,0,0,0,0,0,0,0,0,0
350144,0,2,1984,0,0,11,16,32,25,0,10,0,18
350144,0,3,1984,0,12,18,4,34,15,17,19,25,19
350144,1,1,1984,13,25,15,16,5,10,6,10,0,19
350145,1,1,1984,10,10,10,10,10,10,10,10,10,10
350146,1,1,1984,19,7,21,9,14,13,12,0,24,29
350147,1,1,1984,10,8,16,17,27,22,10,13,13,6
350148,0,1,1984,8,8,8,8,8,8,8,8,8,8
350148,1,1,1984,0,0,0,0,0,0,0,0,0,0
350149,0,1,1984,0,0,0,0,0,0,0,0,0,0
350149,1,1,1984,0,0,0,0,0,0,18,0,0,0
350150,1,1,1984,14,12,15,20,12,10,0,14,15,19
350151,0,1,1984,0,0,0,0,0,0,0,0,0,0
350151,1,1,1984,0,0,0,0,0,0,0,0,0,0
350152,1,1,1984,27,27,27,27,27,27,27,27,27,27
350153,1,1,1984,0,0,0,0,0,0,0,0,0,0
350153,2,1,1984,0,8,0,14,11,22,0,0,10,0
350154,1,1,1984,0,0,0,0,0,0,0,0,0,0
350155,0,1,1984,35,35,35,35,35,35,35,35,35,35
350155,1,1,1984,20,0,0,0,0,4,0,0,0,0
350156,1,1,1984,0,0,0,0,0,0,0,0,0,0
350156,2,1,1984,0,0,0,0,0,0,0,0,19,0
350157,1,1,1984,0,0,21,21,0,17,16,0,26,26
350158,1,1,1984,21,21,21,21,21,21,21,21,21,21
350159,1,1,1984,0,0,0,0,0,0,0,0,0,0
350160,0,1,1984,23,23,23,23,23,23,23,23,23,23
350160,1,1,1984,0,0,0,0,0,0,0,0,0,0
350161,1,1,1984,5,0,10,22,14,12,22,20,15,0
350161,2,1,1984,0,0,0,0,0,0,0,0,0,0
350162,1,1,1984,0,0,0,3,0,0,0,0,0,0
350162,2,1,1984,0,0,11,0,16,0,0,14,15,9
350163,1,1,1984,7,13,24,14,11,14,12,38,19,19
350164,1,1,1984,10,10,10,10,10,10,10,10,10,10
350165,0,1,1984,0,0,0,0,0,0,0,0,0,0
350165,1,1,1984,13,13,13,13,13,13,13,13,13,13
350166,1,1,1984,19,21,14,17,11,17,10,0,20,10
350167,1,1,1984,24,16,0,7,17,25,23,10,11,30
350168,1,1,1984,14,20,15,12,12,27,15,25,10,16
350169,1,1,1984,11,11,11,11,11,11,11,11,11,11
350169,2,1,1984,22,22,22,22,22,22,22,22,22,22
350170,1,1,1984,0,0,0,0,0,0,0,0,0,0
350170,2,1,1984,16,16,16,16,16,16,16,16,16,16
350171,1,1,1984,8,5,10,23,17,5,7,27,17,5
350172,1,1,1984,0,0,0,0,0,0,0,0,0,0
350172,2,1,1984,0,0,0,0,0,0,0,0,0,0
350173,0,1,1984,0,0,0,0,0,0,0,0,0,0
350173,1,1,1984,0,0,0,0,0,0,0,0,0,0
350174,1,1,1984,0,0,0,0,19,0,18,12,0,0
350174,2,1,1984,8,0,0,0,15,0,13,11,16,26
350175,1,1,1984,0,0,0,0,0,0,0,0,0,0
350176,1,1,1984,19,29,20,28,15,0,20,7,23,13
350177,1,1,1984,0,18,0,5,0,19,15,21,21,14
350178,0,1,1984,0,0,0,0,0,0,0,0,0,0
350178,0,2,1984,13,0,16,8,16,22,0,0,16,19
350178,1,1,1984,19,0,16,6,0,0,7,0,0,0
350179,1,1,1984,0,0,0,0,0,0,0,0,0,0
350179,2,1,1984,0,0,0,0,0,0,0,0,0,0
350180,1,1,1984,0,0,0,0,0,0,0,0,0,0
350181,1,1,1984,21,21,21,21,21,21,21,21,21,21
350182,1,1,1984,15,21,22,12,4,14,11,0,18,22
350183,1,1,1984,0,0,0,0,0,7,0,0,0,0
350184,1,1,1984,16,12,0,0,14,20,29,25,24,30
350184,2,1,1984,0,0,0,0,0,0,0,0,0,0
350185,0,1,1984,16,23,19,0,24,19,28,20,29,7
350185,1,1,1984,0,0,0,0,0,0,0,0,0,0
350186,1,1,1984,30,30,30,30,30,30,30,30,30,30
350187,1,1,1984,18,18,18,18,18,18,18,18,18,18
350188,0,1,1984,20,21,0,0,0,41,0,0,0,0
350188,1,1,1984,0,0,0,14,21,0,0,15,0,0
350189,1,1,1984,0,16,0,0,0,0,24,0,7,13
350189,2,1,1984,2,2,2,2,2,2,2,2,2,2
350189,3,1,1984,20,12,0,0,0,0,0,0,0,0
350190,0,1,1984,26,26,26,26,26,26,26,26,26,26
350190,1,1,1984,0,0,0,0,0,0,0,0,0,0
350191,1,1,1984,24,24,24,24,24,24,24,24,24,24
350192,1,1,1984,0,15,15,21,1,0,14,16,0,0
350193,1,1,1984,0,0,0,0,0,0,0,0,0,0
350193,2,1,1984,0,0,0,0,3,0,0,0,0,0
350194,1,1,1984,0,0,0,0,0,0,0,0,0,0
350195,1,1,1984,20,20,20,20,20,20,20,20,20,20
350196,1,1,1984,0,0,0,0,0,0,0,0,0,0
350197,1,1,1984,16,16,16,16,16,16,16,16,16,16
350198,1,1,1984,21,21,21,21,21,21,21,21,21,21
350199,1,1,1984,0,0,0,0,0,0,0,0,0,0
350200,1,1,1984,26,23,13,19,24,6,11,22,16,19
350200,2,1,1984,0,0,0,0,0,0,0,0,0,13
350201,1,1,1984,32,32,32,32,32,32,32,32,32,32
350202,0,1,1984,0,0,0,0,0,0,0,0,0,0
350202,1,1,1984,0,0,0,0,0,0,0,0,0,0
350203,0,1,1984,0,0,0,0,0,0,0,0,0,0
350203,1,1,1984,0,0,0,0,0,12,0,0,0,22
350204,1,1,1984,3,3,3,3,3,3,3,3,3,3
350205,1,1,1984,0,0,0,0,0,0,0,0,0,0
350205,2,1,1984,23,0,0,0,0,0,0,0,14,0
350206,1,1,1984,10,0,0,0,19,0,12,30,0,0
350206,2,1,1984,0,0,0,0,0,0,0,0,0,0
350207,1,1,1984,0,0,0,0,0,0,0,0,0,0
350207,2,1,1984,0,0,44,0,25,0,0,0,0,36
350208,1,1,1984,11,11,11,11,11,11,11,11,11,11
350209,1,1,1984,8,8,8,8,8,8,8,8,8,8
350210,1,1,1984,4,13,12,16,6,5,16,18,21,5
350210,2,1,1984,0,0,0,0,0,0,0,0,0,0
350211,1,1,1984,0,0,0,16,0,0,0,0,0,0
350212,1,1,1984,0,0,0,0,0,0,0,0,0,0
350213,1,1,1984,26,26,26,26,26,26,26,26,26,26
350214,1,1,1984,18,7,27,9,9,12,19,0,7,8
350215,1,1,1984,20,7,0,15,19,0,17,9,21,5
350216,1,1,1984,0,0,0,0,0,0,0,0,0,0
350217,1,1,1984,28,28,28,28,28,28,28,28,28,28
350218,1,1,1984,0,0,0,0,0,0,0,0,0,0
350218,2,1,1984,0,0,0,0,0,0,0,0,0,0
350219,1,1,1984,13,13,13,13,13,13,13,13,13,13
350220,1,1,1984,13,14,13,5,6,17,22,13,0,8
350221,0,1,1984,24,24,24,24,24,24,24,24,24,24
350221,1,1,1984,0,16,0,10,22,0,0,0,0,0
350222,1,1,1984,30,30,30,30,30,30,30,30,30,30
350222,2,1,1984,0,0,0,0,0,0,0,0,8,0
350223,1,1,1984,0,9,0,0,17,12,0,20,11,18
350223,2,1,1984,0,0,0,0,0,0,0,0,0,0
350224,0,1,1984,9,9,9,9,9,9,9,9,9,9
350224,1,1,1984,12,29,15,12,9,14,23,15,15,17
350225,1,1,1984,0,0,0,0,0,0,0,0,0,0
350225,2,1,1984,25,25,25,25,25,25,25,25,25,25
350225,3,1,1984,0,0,0,0,0,0,0,0,0,0
350226,0,1,1984,0,0,0,0,0,0,0,0,0,0
350226,1,1,1984,29,0,12,3,14,12,5,4,0,19
350227,1,1,1984,0,0,0,0,0,0,0,0,0,0
350227,2,1,1984,0,0,0,0,0,0,0,0,0,0
350228,1,1,1984,18,14,25,16,0,8,18,0,16,9
350228,2,1,1984,30,9,13,11,11,19,9,25,15,13
350228,3,1,1984,9,7,16,15,11,13,12,3,16,9
350229,1,1,1984,0,0,0,0,0,0,0,0,0,0
350229,2,1,1984,17,17,17,17,17,17,17,17,17,17
350230,1,1,1984,10,8,6,0,22,23,0,18,0,0
350231,1,1,1984,0,0,0,0,0,0,0,0,0,0
350232,1,1,1984,28,28,28,28,28,28,28,28,28,28
350233,0,1,1984,0,0,0,0,0,0,0,0,0,0
350233,1,1,1984,0,0,0,0,0,0,0,0,0,0
350234,1,1,1984,0,0,0,0,0,0,0,0,0,0
350235,1,1,1984,0,0,0,0,0,0,0,0,0,0
350235,2,1,1984,21,21,21,21,21,21,21,21,21,21
350236,0,1,1984,17,17,17,17,17,17,17,17,17,17
350236,1,1,1984,15,0,0,17,0,14,0,0,17,0
350237,1,1,1984,0,0,0,0,0,0,0,0,0,0
350238,1,1,1984,0,0,0,0,0,0,0,0,0,0
350238,2,1,1984,10,0,3,19,5,0,19,8,11,28
350239,1,1,1984,2,2,2,2,2,2,2,2,2,2
350239,2,1,1984,0,0,0,0,0,0,0,0,0,0
350240,1,1,1984,11,11,11,11,11,11,11,11,11,11
350240,2,1,1984,0,0,0,5,0,0,0,0,0,0
350241,0,1,1984,28,28,28,28,28,28,28,28,28,28
350241,1,1,1984,16,11,18,22,16,8,19,8,13,8
350242,0,1,1984,15,15,15,15,15,15,15,15,15,15
350242,1,1,1984,0,0,0,16,0,17,0,21,0,13
350243,1,1,1984,9,0,19,16,15,0,10,21,10,0
350244,1,1,1984,0,0,0,0,0,0,0,0,0,0
350244,2,1,1984,0,6,3,0,0,0,0,0,7,0
350245,1,1,1984,0,0,0,14,10,15,0,10,0,0
350246,1,1,1984,0,0,0,0,0,0,0,0,0,0