ST_CASE,VEH_NO,PER_NO,YEAR,P1,P2,P3,P4,P5,P6,P7,P8,P9,P10
350246,2,1,1984,24,24,24,24,24,24,24,24,24,24
350247,1,1,1984,26,12,12,4,13,13,5,8,5,19
350247,2,1,1984,9,9,9,9,9,9,9,9,9,9
350248,0,1,1984,12,12,12,12,12,12,12,12,12,12
350248,1,1,1984,16,28,7,15,3,19,0,23,8,16
350249,1,1,1984,0,0,0,0,0,0,0,0,0,0
350249,2,1,1984,0,0,0,0,0,0,0,0,0,0
350250,1,1,1984,16,16,16,16,16,16,16,16,16,16
350251,1,1,1984,0,0,0,0,0,0,0,0,0,0
350251,2,1,1984,0,0,0,0,0,0,0,10,0,0
350252,1,1,1984,28,28,28,28,28,28,28,28,28,28
350252,2,1,1984,0,14,0,0,0,0,0,0,0,0
350252,3,1,1984,0,0,0,0,0,0,0,0,18,0
350253,0,1,1984,17,17,17,17,17,17,17,17,17,17
350253,1,1,1984,0,0,0,0,0,18,0,0,12,0
350254,1,1,1984,20,20,20,20,20,20,20,20,20,20
350255,1,1,1984,23,20,37,15,22,21,23,14,18,17
350256,1,1,1984,0,0,0,0,0,0,0,0,0,0
350256,2,1,1984,0,0,0,0,0,0,0,0,11,0
350257,1,1,1984,0,12,0,22,11,0,0,0,26,17
350257,2,1,1984,12,12,12,12,12,12,12,12,12,12
350258,1,1,1984,0,0,13,5,8,4,10,6,17,10
350259,1,1,1984,0,0,0,0,0,0,0,0,0,0
350260,1,1,1984,24,24,24,24,24,24,24,24,24,24
350260,2,1,1984,0,0,0,0,0,0,0,0,0,0
350261,1,1,1984,0,0,0,0,0,0,0,0,0,0
350261,2,1,1984,0,0,0,0,0,0,0,10,0,0
350262,1,1,1984,22,22,22,22,22,22,22,22,22,22
350263,0,1,1984,36,36,36,36,36,36,36,36,36,36
350263,1,1,1984,14,16,17,8,9,5,6,3,11,29
350264,1,1,1984,14,7,23,19,29,31,10,15,3,5
350265,1,1,1984,0,0,0,0,0,0,0,0,0,0
350266,0,1,1984,3,3,3,3,3,3,3,3,3,3
350266,1,1,1984,26,6,6,10,32,14,20,26,20,13
350267,1,1,1984,0,0,0,0,0,0,0,0,0,0
350268,1,1,1984,0,0,0,0,16,0,0,0,15,0
350269,1,1,1984,0,6,0,8,15,11,20,20,4,9
350270,1,1,1984,4,4,4,4,4,4,4,4,4,4
350271,0,1,1984,0,0,0,0,0,0,0,0,0,0
350271,0,2,1984,19,0,10,11,0,6,22,12,6,8
350271,1,1,1984,0,0,20,0,0,0,0,0,0,0
350272,0,1,1984,14,14,14,14,14,14,14,14,14,14
350272,1,1,1984,0,25,0,26,0,0,0,28,0,0
350273,1,1,1984,0,0,21,0,12,0,0,14,26,11
350274,1,1,1984,0,0,0,16,0,0,0,0,0,17
350274,2,1,1984,0,0,0,0,0,0,0,0,0,0
350275,1,1,1984,29,29,29,29,29,29,29,29,29,29
350276,1,1,1984,21,21,21,21,21,21,21,21,21,21
350276,2,1,1984,18,0,6,12,7,0,0,16,29,5
350277,1,1,1984,33,33,33,33,33,33,33,33,33,33
350278,1,1,1984,0,16,7,16,3,19,6,0,11,13
350278,2,1,1984,0,0,0,0,0,0,0,0,0,0
350279,1,1,1984,0,0,0,0,0,0,0,0,0,0
350280,1,1,1984,0,0,0,0,0,0,0,0,0,0
350281,1,1,1984,29,30,16,12,5,10,0,0,12,0
350281,2,1,1984,16,0,0,0,0,15,0,0,14,0
350282,0,1,1984,0,0,0,0,0,0,0,0,0,0
350282,1,1,1984,0,0,0,0,0,0,0,0,0,0
350283,0,1,1984,5,5,5,5,5,5,5,5,5,5
350283,0,2,1984,32,0,30,0,13,16,18,26,11,37
350283,1,1,1984,0,18,9,0,0,0,0,0,0,0
350284,1,1,1984,2,2,2,2,2,2,2,2,2,2
350285,1,1,1984,21,21,21,21,21,21,21,21,21,21
350286,1,1,1984,0,0,0,0,0,0,13,0,0,0
350286,2,1,1984,23,23,23,23,23,23,23,23,23,23
350287,1,1,1984,22,22,22,22,22,22,22,22,22,22
350288,1,1,1984,0,0,0,0,0,0,0,0,0,0
350288,2,1,1984,2,2,2,2,2,2,2,2,2,2
350288,3,1,1984,5,0,11,0,0,0,12,0,0,0
350289,0,1,1984,0,0,0,0,0,0,0,0,0,0
350289,1,1,1984,0,14,0,7,0,0,0,0,0,0
350290,1,1,1984,0,0,11,0,0,17,23,10,26,21
350291,1,1,1984,0,0,0,0,0,0,0,0,0,0
350291,2,1,1984,16,16,16,16,16,16,16,16,16,16
350292,0,1,1984,0,0,0,0,0,0,0,0,0,0
350292,1,1,1984,0,0,0,0,0,0,0,0,0,0
350293,1,1,1984,0,0,0,0,0,0,0,0,0,0
350293,2,1,1984,15,15,15,15,15,15,15,15,15,15
350293,3,1,1984,0,0,0,0,0,0,0,0,0,0
350294,1,1,1984,15,15,15,15,15,15,15,15,15,15
350295,0,1,1984,0,0,0,0,0,0,0,0,0,0
350295,1,1,1984,0,0,0,0,0,0,0,0,0,0
350296,0,1,1984,25,25,25,25,25,25,25,25,25,25
350296,1,1,1984,2,2,2,2,2,2,2,2,2,2
350297,0,1,1984,9,9,9,9,9,9,9,9,9,9
350297,1,1,1984,0,30,28,12,0,19,0,12,15,0
350298,1,1,1984,0,0,0,6,8,0,0,0,0,0
350298,2,1,1984,0,0,0,0,0,0,0,0,0,0
350299,1,1,1984,19,19,19,19,19,19,19,19,19,19
350300,0,1,1984,0,0,0,0,0,0,0,0,0,0
350300,1,1,1984,0,0,0,0,0,0,0,0,0,0
350301,0,1,1984,1,1,1,1,1,1,1,1,1,1
350301,1,1,1984,20,19,17,2,21,8,0,9,15,7
350302,1,1,1984,0,0,0,0,0,0,0,0,0,0
350303,1,1,1984,37,16,16,9,5,3,18,11,27,17
350303,2,1,1984,0,0,0,0,0,0,0,0,0,0
350304,1,1,1984,19,19,19,19,19,19,19,19,19,19
350305,1,1,1984,46,46,46,46,46,46,46,46,46,46
350305,2,1,1984,0,0,0,0,0,0,0,0,0,33
350306,0,1,1984,0,0,0,0,0,0,0,0,0,0
350306,1,1,1984,0,0,0,0,0,0,0,0,6,0
350306,2,1,1984,7,3,13,15,7,21,10,3,18,12
350307,0,1,1984,0,0,0,0,0,0,0,0,0,0
350307,1,1,1984,12,12,12,12,12,12,12,12,12,12
350308,0,1,1984,0,0,0,0,0,0,0,0,0,0
350308,1,1,1984,0,8,0,0,0,0,0,0,0,0
350309,1,1,1984,26,26,26,26,26,26,26,26,26,26
350310,1,1,1984,17,7,8,9,14,4,16,12,12,25
350311,1,1,1984,0,0,0,0,0,0,0,0,13,0
350311,2,1,1984,0,0,0,0,15,0,0,0,0,0
350312,0,1,1984,25,25,25,25,25,25,25,25,25,25
350312,1,1,1984,15,17,16,18,8,11,22,10,19,15
350313,1,1,1984,0,0,0,0,0,0,0,0,0,0
350313,2,1,1984,0,0,0,0,0,0,0,0,0,0
350314,1,1,1984,29,22,22,22,25,11,0,9,6,6
350315,1,1,1984,17,17,17,17,17,17,17,17,17,17
350315,2,1,1984,23,23,23,23,23,23,23,23,23,23
350316,1,1,1984,4,18,17,26,10,28,0,4,12,22
350317,1,1,1984,0,0,0,0,0,0,0,0,0,0
350317,2,1,1984,15,15,15,15,15,15,15,15,15,15
350318,1,1,1984,0,0,0,7,0,0,0,0,0,0
350318,2,1,1984,8,8,8,8,8,8,8,8,8,8
350319,1,1,1984,10,0,0,0,18,0,0,29,22,0
350319,2,1,1984,18,18,18,18,18,18,18,18,18,18
350320,1,1,1984,21,0,0,0,17,0,0,0,10,0
350320,2,1,1984,24,24,24,24,24,24,24,24,24,24
350321,0,1,1984,22,22,22,22,22,22,22,22,22,22
350321,1,1,1984,0,0,0,0,0,0,0,0,0,0
350322,0,1,1984,0,4,0,0,0,9,0,0,0,16
350322,1,1,1984,0,0,0,0,0,0,0,0,0,0
350323,1,1,1984,0,0,0,0,0,0,0,0,0,0
350323,2,1,1984,0,0,0,0,0,0,0,0,0,0
350324,0,1,1984,0,0,0,0,0,0,0,0,0,0
350324,1,1,1984,0,0,0,0,0,0,0,0,0,0
350325,0,1,1984,25,25,25,25,25,25,25,25,25,25
350325,1,1,1984,0,0,0,0,10,0,24,0,6,16
350326,1,1,1984,0,0,0,0,0,0,0,0,0,0
350326,2,1,1984,11,11,29,0,0,0,0,0,0,0
350327,0,1,1984,25,25,25,25,25,25,25,25,25,25
350327,1,1,1984,14,14,14,14,14,14,14,14,14,14
350328,1,1,1984,0,0,0,0,0,0,0,0,0,0
350329,1,1,1984,58,58,58,58,58,58,58,58,58,58
350330,1,1,1984,11,11,11,11,11,11,11,11,11,11
350331,1,1,1984,0,0,0,0,0,0,0,0,0,0
350332,0,1,1984,21,21,21,21,21,21,21,21,21,21
350332,1,1,1984,0,0,0,0,17,0,19,0,0,0
350333,1,1,1984,10,10,10,10,10,10,10,10,10,10
350334,1,1,1984,0,0,0,0,0,0,0,0,0,0
350335,0,1,1984,0,0,0,0,0,0,0,0,0,0
350335,1,1,1984,0,0,0,0,0,0,0,11,0,0
350336,0,1,1984,34,34,34,34,34,34,34,34,34,34
350336,1,1,1984,0,0,0,0,0,0,0,0,0,0
350337,1,1,1984,0,0,0,0,0,0,0,0,0,0
350338,1,1,1984,6,19,19,20,11,14,9,6,0,0
350339,0,1,1984,6,6,6,6,6,6,6,6,6,6
350339,1,1,1984,0,0,0,0,0,0,0,0,0,0
350340,1,1,1984,0,0,0,0,0,0,0,0,0,0
350340,2,1,1984,15,12,0,0,0,0,0,0,0,12
350341,1,1,1984,23,23,23,23,23,23,23,23,23,23
350342,0,1,1984,17,17,17,17,17,17,17,17,17,17
350342,1,1,1984,0,0,0,0,0,0,0,0,0,0
350343,1,1,1984,0,0,0,0,0,0,0,0,0,0
350343,2,1,1984,0,0,0,0,0,0,0,0,0,0
350343,3,1,1984,0,0,0,0,0,0,0,0,0,0
350344,1,1,1984,14,14,14,14,14,14,14,14,14,14
350345,1,1,1984,0,19,0,0,0,0,21,0,0,0
350345,2,1,1984,18,18,18,18,18,18,18,18,18,18
350346,1,1,1984,24,24,24,24,24,24,24,24,24,24
350346,2,1,1984,19,19,19,19,19,19,19,19,19,19
350347,1,1,1984,27,27,27,27,27,27,27,27,27,27
350347,2,1,1984,0,0,0,0,0,0,0,0,0,0
350348,1,1,1984,9,7,13,14,5,10,10,21,12,9
350349,1,1,1984,11,0,0,0,0,0,0,0,0,0
350349,2,1,1984,15,15,15,15,15,15,15,15,15,15
350350,1,1,1984,24,24,24,24,24,24,24,24,24,24
350350,2,1,1984,0,0,0,0,0,0,0,0,0,0
350351,1,1,1984,0,0,0,0,0,0,0,0,0,0
350351,2,1,1984,0,0,0,0,0,0,0,0,0,0
350351,3,1,1984,18,0,0,0,30,0,0,2,0,0
350352,0,1,1984,0,0,0,0,0,0,0,0,0,0
350352,1,1,1984,0,0,0,0,0,0,11,0,0,0
350353,0,1,1984,29,29,29,29,29,29,29,29,29,29
350353,1,1,1984,0,0,23,5,22,18,0,0,24,0
350353,2,1,1984,0,0,0,0,0,0,0,0,7,0
350354,0,1,1984,33,33,33,33,33,33,33,33,33,33
350354,1,1,1984,0,0,0,0,0,0,5,0,0,0
350355,1,1,1984,0,0,0,0,0,0,0,0,0,0
350355,2,1,1984,0,0,0,0,0,0,0,0,0,0
350356,1,1,1984,0,0,0,0,0,0,0,0,0,0
350356,2,1,1984,0,0,0,0,0,0,0,0,0,0
350357,1,1,1984,0,0,0,0,0,0,0,0,0,0
350358,1,1,1984,0,0,0,0,0,0,0,0,0,0
350358,2,1,1984,17,17,17,17,17,17,17,17,17,17
350359,0,1,1984,14,14,14,14,14,14,14,14,14,14
350359,1,1,1984,0,0,0,14,0,0,9,0,19,0
350360,1,1,1984,16,16,16,16,16,16,16,16,16,16
350361,0,1,1984,0,0,0,0,0,0,0,0,0,0
350361,1,1,1984,10,0,11,0,0,10,0,8,9,26
350362,1,1,1984,27,27,27,27,27,27,27,27,27,27
350363,1,1,1984,0,0,0,16,0,0,0,0,0,0
350363,2,1,1984,0,0,0,0,0,0,0,0,0,0
350364,0,1,1984,28,28,28,28,28,28,28,28,28,28
350364,1,1,1984,0,24,0,0,0,0,0,0,0,0
350365,1,1,1984,25,25,25,25,25,25,25,25,25,25
350366,0,1,1984,0,0,0,0,0,0,0,0,0,0
350366,0,2,1984,15,0,0,0,0,0,0,6,0,0
350366,0,3,1984,4,0,0,0,0,0,15,0,0,0
350366,0,4,1984,0,0,0,0,0,0,0,0,0,0
350366,1,1,1984,0,0,0,0,0,0,0,0,0,0
350367,0,1,1984,0,0,0,0,0,0,0,0,0,0
350367,1,1,1984,0,0,0,0,0,0,0,0,0,0
350368,0,1,1984,28,28,28,28,28,28,28,28,28,28
350368,1,1,1984,0,0,0,0,17,0,0,0,0,11
350369,1,1,1984,0,0,0,0,0,0,0,0,0,0
350369,2,1,1984,0,0,0,0,0,0,0,0,0,0
350370,1,1,1984,14,14,14,14,14,14,14,14,14,14
350370,2,1,1984,9,9,9,9,9,9,9,9,9,9
350371,0,1,1984,38,38,38,38,38,38,38,38,38,38
350371,1,1,1984,0,0,15,0,4,7,10,0,16,0
350372,0,1,1984,36,36,36,36,36,36,36,36,36,36
350372,1,1,1984,0,0,12,0,0,0,10,15,0,0
350373,0,1,1984,0,0,0,0,0,0,0,0,0,0
350373,1,1,1984,0,0,0,0,0,0,0,0,13,0
350374,1,1,1984,20,0,0,0,12,0,0,0,0,0
350375,1,1,1984,0,0,0,0,0,0,0,0,0,0
350375,2,1,1984,0,0,0,0,0,0,0,0,0,0
350376,1,1,1984,0,0,0,0,0,0,0,0,0,0
350376,2,1,1984,8,0,0,0,0,0,0,0,0,0
350377,1,1,1984,30,30,30,30,30,30,30,30,30,30
350378,1,1,1984,15,15,15,15,15,15,15,15,15,15
350378,2,1,1984,0,0,0,0,0,0,0,0,0,0
350379,1,1,1984,9,12,22,0,0,6,35,25,17,25
350380,1,1,1984,0,0,0,0,0,0,0,0,0,0
350380,2,1,1984,0,0,0,0,0,0,0,0,0,0
350381,1,1,1984,25,25,25,25,25,25,25,25,25,25
350382,1,1,1984,19,12,2,15,7,14,5,3,0,16
350383,1,1,1984,23,23,23,23,23,23,23,23,23,23
350384,1,1,1984,0,0,0,0,0,0,0,0,0,0
350385,1,1,1984,23,16,18,11,19,12,11,11,9,3
350386,1,1,1984,20,20,20,20,20,20,20,20,20,20
350387,0,1,1984,0,0,0,0,0,0,0,0,0,0
350387,1,1,1984,0,0,0,0,0,0,0,0,0,0
350388,0,1,1984,31,31,31,31,31,31,31,31,31,31
350388,1,1,1984,0,0,0,0,0,0,0,0,16,0
350389,0,1,1984,0,0,0,0,0,0,0,0,0,0
350389,1,1,1984,0,0,0,0,0,0,0,0,0,0
350390,0,1,1984,23,23,23,23,23,23,23,23,23,23
350390,1,1,1984,0,0,0,0,0,0,0,0,0,0
350391,1,1,1984,16,16,16,16,16,16,16,16,16,16
350392,0,1,1984,0,0,0,0,0,0,0,0,0,0
350392,1,1,1984,0,0,0,0,0,0,0,0,0,0
350393,1,1,1984,0,0,0,0,0,0,0,0,0,0
350394,1,1,1984,0,0,0,0,0,0,0,0,0,0
350395,1,1,1984,0,0,0,0,0,0,0,0,0,0
350396,1,1,1984,0,0,0,0,0,0,0,0,0,0
350397,1,1,1984,0,0,0,0,32,0,0,21,0,0
350398,1,1,1984,24,20,21,10,0,16,18,12,15,19
350399,0,1,1984,0,0,0,0,0,0,0,0,0,0
350399,0,2,1984,0,0,0,0,0,0,0,0,0,0
350399,1,1,1984,0,0,0,0,0,0,0,0,0,0
350400,1,1,1984,0,0,0,0,0,0,0,0,0,0
350401,1,1,1984,0,0,0,0,0,0,0,0,0,0
350401,2,1,1984,0,0,0,28,0,0,0,0,8,0
350402,1,1,1984,0,0,0,0,0,0,0,0,0,0
350402,2,1,1984,0,0,0,0,0,0,0,0,0,0
350403,1,1,1984,0,14,31,25,33,26,27,41,22,40
350404,1,1,1984,0,0,0,0,0,0,0,0,0,0
350404,2,1,1984,14,14,14,14,14,14,14,14,14,14
350405,1,1,1984,2,18,7,20,10,0,13,0,7,11
350405,2,1,1984,0,0,18,0,0,0,18,0,0,0
350406,0,1,1984,13,13,13,13,13,13,13,13,13,13
350406,1,1,1984,0,0,0,0,7,26,0,5,0,0
350407,0,1,1984,19,19,19,19,19,19,19,19,19,19
350407,1,1,1984,0,0,0,0,0,0,0,0,0,0
350408,1,1,1984,0,0,0,0,0,0,0,0,0,0
350408,2,1,1984,0,0,0,0,0,0,0,0,0,0
350409,1,1,1984,13,9,6,9,19,4,13,6,15,8
350409,2,1,1984,33,0,33,22,12,14,0,22,0,31
350410,1,1,1984,16,13,0,14,0,14,13,9,0,0
350410,2,1,1984,0,0,0,0,0,0,0,0,0,0
350411,1,1,1984,22,11,22,25,21,13,9,0,25,31
350412,1,1,1984,0,0,0,0,0,0,0,0,0,0
350412,2,1,1984,0,0,0,0,0,0,0,0,0,0
350413,1,1,1984,0,0,0,0,0,0,0,0,0,0
350414,1,1,1984,0,0,11,0,13,41,33,0,14,0
350415,1,1,1984,0,0,0,0,0,0,0,0,0,0
350415,2,1,1984,3,0,11,14,24,16,2,15,13,20
350416,1,1,1984,0,0,0,0,0,0,0,0,0,0
350416,2,1,1984,24,24,24,24,24,24,24,24,24,24
350417,0,1,1984,0,0,0,0,0,0,0,0,0,0
350417,1,1,1984,0,0,0,0,0,0,0,0,0,0
350418,1,1,1984,0,0,0,0,0,0,0,0,0,0
350418,2,1,1984,0,0,0,0,0,0,0,0,0,0
350419,1,1,1984,0,0,0,0,0,0,0,0,0,0
350419,2,1,1984,5,0,8,24,26,0,20,8,0,3
350420,0,1,1984,46,46,46,46,46,46,46,46,46,46
350420,1,1,1984,0,0,0,24,11,0,21,16,0,0
350421,1,1,1984,0,0,0,0,0,0,0,0,0,0
350421,2,1,1984,2,2,2,2,2,2,2,2,2,2
350422,1,1,1984,0,0,0,0,7,0,0,13,0,0
350423,1,1,1984,9,6,26,22,25,9,0,14,21,12
350424,1,1,1984,35,35,35,35,35,35,35,35,35,35
350424,2,1,1984,0,0,0,0,0,0,0,0,0,0
350425,1,1,1984,28,28,28,28,28,28,28,28,28,28
350426,1,1,1984,0,9,26,2,4,22,0,6,6,15
350427,0,1,1984,14,14,14,14,14,14,14,14,14,14
350427,1,1,1984,0,0,0,0,0,0,10,0,0,0
350427,2,1,1984,0,0,0,0,0,0,0,0,0,0
350428,1,1,1984,27,27,27,27,27,27,27,27,27,27
360001,1,1,1984,0,0,0,0,0,0,0,0,0,0
360002,0,1,1984,0,0,0,0,0,0,0,0,0,0
360002,1,1,1984,0,0,0,0,0,0,0,0,0,0
360002,2,1,1984,0,0,0,0,0,0,0,0,0,0
360003,1,1,1984,29,0,15,2,7,15,0,23,0,20
360004,0,1,1984,0,0,0,0,0,0,0,0,0,0
360004,1,1,1984,0,0,0,0,0,0,0,0,0,0
360005,1,1,1984,0,0,0,0,0,0,0,0,0,0
360005,2,1,1984,10,8,12,8,20,20,21,9,26,14
360006,0,1,1984,21,0,0,0,0,0,0,8,0,2
360006,0,2,1984,0,0,0,0,0,0,0,0,0,0
360006,1,1,1984,0,0,0,0,0,0,0,0,0,11
360007,0,1,1984,13,13,13,13,13,13,13,13,13,13
360007,1,1,1984,0,0,0,0,0,0,0,0,0,0
360008,0,1,1984,0,19,0,0,0,0,0,2,0,0
360008,1,1,1984,0,0,0,0,0,0,0,0,0,0
360009,0,1,1984,0,16,0,12,0,23,16,0,0,0
360009,1,1,1984,0,6,0,13,0,0,32,0,0,0
360010,1,1,1984,0,0,0,0,0,0,0,0,0,0
360010,2,1,1984,0,0,0,0,20,0,0,0,0,0
360010,3,1,1984,0,0,0,0,0,0,0,0,0,0
360011,1,1,1984,0,0,0,9,0,0,0,0,0,0
360012,0,1,1984,26,26,26,26,26,26,26,26,26,26
360012,1,1,1984,0,0,11,0,0,0,0,0,0,0
360013,0,1,1984,11,11,11,11,11,11,11,11,11,11
360013,1,1,1984,0,0,0,0,0,6,0,0,0,0
360014,1,1,1984,20,20,20,20,20,20,20,20,20,20
360014,2,1,1984,0,0,0,0,0,0,0,0,0,0
360015,0,1,1984,0,0,0,0,0,0,0,0,0,0
360015,1,1,1984,18,0,0,13,11,0,24,0,0,4
360016,1,1,1984,0,0,0,0,0,0,0,0,0,0
360016,2,1,1984,0,0,0,0,0,0,0,0,0,0
360016,3,1,1984,0,0,0,0,0,0,0,0,0,0
360017,0,1,1984,0,0,0,0,0,0,0,0,0,0
360017,1,1,1984,0,0,0,0,0,0,0,0,0,0
360018,1,1,1984,0,0,0,0,0,0,0,0,0,0
360018,2,1,1984,0,2,0,28,0,0,0,0,0,0
360020,2,1,1984,0,0,0,0,0,0,0,0,0,0
360020,3,1,1984,0,0,0,0,0,0,0,0,0,0
360021,1,1,1984,19,19,19,19,19,19,19,19,19,19
360022,1,1,1984,0,8,0,18,0,0,0,0,0,0
360022,2,1,1984,0,0,0,0,0,0,0,0,0,0
360023,1,1,1984,0,0,0,0,24,0,0,0,0,20
360023,2,1,1984,0,0,0,0,0,0,0,0,15,6
360024,1,1,1984,12,3,20,19,22,16,25,10,11,6
360025,0,1,1984,4,4,4,4,4,4,4,4,4,4
360025,1,1,1984,4,0,0,0,0,0,0,0,0,0
360025,2,1,1984,0,2,34,0,0,0,0,0,17,0
360026,1,1,1984,0,0,0,13,11,0,0,0,0,0
360026,2,1,1984,0,23,0,0,0,0,0,0,0,0
360027,1,1,1984,6,13,16,7,15,20,20,10,12,8
360028,1,1,1984,0,0,0,0,0,0,0,0,0,0
360028,2,1,1984,0,0,0,0,0,0,0,0,0,0
360029,1,1,1984,18,18,18,18,18,18,18,18,18,18
360030,0,1,1984,0,0,0,0,0,0,0,22,0,0
360030,1,1,1984,0,0,0,0,0,0,0,0,0,0
360031,1,1,1984,0,17,0,0,0,26,0,0,0,0
360031,2,1,1984,8,5,0,29,14,4,10,7,7,4
360032,1,1,1984,20,20,20,20,20,20,20,20,20,20
360033,0,1,1984,0,0,0,0,0,0,0,0,0,0
360033,1,1,1984,0,0,0,0,18,0,0,0,0,0
360034,1,1,1984,15,15,15,15,15,15,15,15,15,15
360034,2,1,1984,0,0,0,0,0,0,0,0,0,0
360035,1,1,1984,0,0,0,0,0,0,0,0,0,0
360036,1,1,1984,0,0,0,0,0,0,0,0,0,0
360036,2,1,1984,0,0,0,0,0,0,0,0,0,0
360037,1,1,1984,0,0,0,0,0,0,0,0,0,0
360037,2,1,1984,0,0,0,0,20,0,0,0,0,0
360038,1,1,1984,0,0,0,0,0,0,0,0,0,0
360038,2,1,1984,0,0,0,0,0,0,0,0,0,0
360039,1,1,1984,0,0,0,0,0,0,0,0,0,0
360039,2,1,1984,0,0,0,0,0,11,0,0,0,0
360040,1,1,1984,0,0,11,0,0,0,0,19,0,14
360040,2,1,1984,16,16,16,16,16,16,16,16,16,16
360041,1,1,1984,0,0,0,0,0,0,0,0,0,0
360041,2,1,1984,0,0,0,0,0,0,0,0,0,0
360042,1,1,1984,11,11,11,11,11,11,11,11,11,11
360042,2,1,1984,22,26,18,22,18,13,0,29,20,22
360043,1,1,1984,3,3,3,3,3,3,3,3,3,3
360043,2,1,1984,17,0,0,0,0,0,0,3,0,0
360044,1,1,1984,0,0,0,0,0,0,0,0,0,0
360044,2,1,1984,0,0,0,0,0,0,0,0,0,0
360045,1,1,1984,0,0,0,0,0,19,0,14,0,0
360045,2,1,1984,0,0,0,16,0,0,0,0,0,0
360046,0,1,1984,0,0,0,0,0,0,0,0,0,0
360046,1,1,1984,0,0,0,0,0,0,0,0,0,0
360047,1,1,1984,14,14,14,14,14,14,14,14,14,14
360048,0,1,1984,0,0,0,0,0,0,0,0,0,0
360048,1,1,1984,0,0,0,0,0,0,0,0,0,0
360049,0,1,1984,0,0,0,0,0,0,0,0,0,0
360049,1,1,1984,23,0,30,0,9,35,0,0,0,0
360050,1,1,1984,8,10,31,6,37,26,6,8,28,16
360051,1,1,1984,0,0,0,0,0,0,0,0,0,13
360051,2,1,1984,0,0,0,0,0,0,0,18,0,0
360052,0,1,1984,0,0,0,0,0,0,0,0,0,0
360052,1,1,1984,0,0,0,6,0,0,0,0,0,0
360053,1,1,1984,0,0,0,0,0,0,0,0,17,0
360053,2,1,1984,0,0,0,0,0,0,0,0,0,0
360054,1,1,1984,26,26,26,26,26,26,26,26,26,26
360055,1,1,1984,0,0,0,0,0,0,0,0,0,11
360055,2,1,1984,12,0,0,0,0,0,0,0,0,0
360056,1,1,1984,30,30,30,30,30,30,30,30,30,30
360057,0,1,1984,0,0,0,0,0,0,0,0,0,0
360057,1,1,1984,0,13,15,10,15,0,0,22,0,17
360058,0,1,1984,0,0,17,0,0,8,0,15,0,10
360058,1,1,1984,0,0,0,0,0,0,0,0,14,0
360059,1,1,1984,17,17,17,17,17,17,17,17,17,17
360060,1,1,1984,34,34,34,34,34,34,34,34,34,34
360061,1,1,1984,0,0,0,0,0,0,10,0,0,0
360061,2,1,1984,0,0,0,0,0,0,0,0,0,0
360062,0,1,1984,30,30,30,30,30,30,30,30,30,30
360062,1,1,1984,0,0,0,0,12,0,10,0,20,0
360063,1,1,1984,0,0,0,5,0,0,0,0,0,0
360063,2,1,1984,0,0,0,0,0,0,0,0,0,0
360064,1,1,1984,19,11,0,11,26,0,22,21,0,20
360065,0,1,1984,0,0,0,0,0,0,0,6,0,0
360065,1,1,1984,0,0,0,3,0,0,0,0,0,0
360066,0,1,1984,0,0,0,15,0,0,0,0,0,0
360066,0,2,1984,0,28,0,0,0,15,0,14,0,0
360066,0,3,1984,0,0,0,0,0,0,0,0,0,0
360066,1,1,1984,0,0,13,20,0,0,0,0,0,0
360067,0,1,1984,28,28,28,28,28,28,28,28,28,28
360067,1,1,1984,25,40,21,6,23,15,11,13,16,13
360068,0,1,1984,0,0,0,0,0,0,0,0,0,0
360068,1,1,1984,0,0,0,0,0,0,0,0,0,8
360070,1,1,1984,0,0,0,0,0,0,0,0,0,0
360071,0,1,1984,0,0,0,0,0,0,0,0,0,0
360071,1,1,1984,20,0,0,0,0,0,0,0,0,0
360072,1,1,1984,0,0,0,0,0,0,0,0,0,0
360072,2,1,1984,0,0,0,0,0,0,0,15,0,0
360073,1,1,1984,0,0,0,0,0,0,0,11,0,0
360073,2,1,1984,0,0,0,0,0,0,0,0,0,0
360074,0,1,1984,0,0,3,0,0,0,0,0,0,0
360074,0,2,1984,0,0,0,0,0,0,0,0,0,0
360074,1,1,1984,0,0,0,0,0,0,0,0,0,0
360075,0,1,1984,0,0,0,0,0,0,0,0,0,0
360075,1,1,1984,0,0,0,0,0,0,0,0,0,0
360076,1,1,1984,0,0,0,0,0,0,0,0,0,0
360076,2,1,1984,0,0,0,0,17,0,0,0,0,17
360077,1,1,1984,0,0,0,0,0,0,0,0,0,0
360077,2,1,1984,0,0,0,0,0,0,0,0,0,0
360078,1,1,1984,0,0,0,0,0,0,0,0,0,0
360078,2,1,1984,13,22,7,4,14,7,14,8,11,18
360079,1,1,1984,0,0,0,0,0,0,0,0,0,0
360079,2,1,1984,0,0,18,0,0,0,0,0,0,0
360080,1,1,1984,0,0,0,0,0,0,0,0,0,0
360080,2,1,1984,23,23,23,23,23,23,23,23,23,23
360081,1,1,1984,0,0,0,0,0,0,0,0,22,0
360081,2,1,1984,6,6,6,6,6,6,6,6,6,6