ST_CASE,VEH_NO,PER_NO,YEAR,P1,P2,P3,P4,P5,P6,P7,P8,P9,P10
360082,0,1,1984,0,0,0,0,0,0,0,0,0,0
360082,1,1,1984,0,0,0,0,0,0,0,0,0,0
360083,0,1,1984,24,0,0,0,24,0,0,0,0,0
360083,1,1,1984,0,0,0,0,0,0,0,0,0,0
360084,0,1,1984,0,0,0,0,0,0,0,0,0,0
360084,1,1,1984,0,0,0,0,0,0,0,0,0,0
360085,1,1,1984,9,9,9,9,9,9,9,9,9,9
360086,1,1,1984,10,0,12,0,24,0,20,0,0,0
360086,2,1,1984,0,21,21,0,8,0,8,13,19,0
360087,0,1,1984,0,0,0,0,0,0,20,0,0,0
360087,1,1,1984,0,0,0,0,0,0,0,0,0,0
360088,1,1,1984,0,0,9,0,6,18,0,0,0,0
360089,1,1,1984,0,0,0,0,0,0,0,0,0,0
360089,2,1,1984,0,0,0,0,6,0,0,0,0,0
360090,0,1,1984,0,0,28,0,0,0,0,12,0,21
360090,1,1,1984,0,0,0,0,0,0,0,0,0,0
360091,1,1,1984,0,11,0,0,0,0,0,0,0,0
360091,2,1,1984,0,0,0,0,0,0,0,0,0,0
360092,0,1,1984,0,0,21,0,0,0,12,27,0,10
360092,0,2,1984,18,16,17,13,0,14,30,0,29,4
360092,1,1,1984,21,25,7,19,12,24,30,14,19,11
360093,1,1,1984,4,4,4,4,4,4,4,4,4,4
360093,2,1,1984,18,0,0,0,0,0,0,0,0,0
360094,0,1,1984,8,8,8,8,8,8,8,8,8,8
360094,1,1,1984,0,0,0,0,0,0,0,21,0,0
360095,1,1,1984,0,0,0,0,0,0,0,0,0,0
360095,2,1,1984,17,14,5,10,26,13,14,0,8,8
360096,0,1,1984,0,0,0,0,0,0,0,0,0,0
360096,1,1,1984,0,0,0,0,0,0,0,0,0,0
360097,1,1,1984,0,0,0,0,0,0,0,0,0,0
360098,1,1,1984,0,0,0,17,0,0,0,0,0,0
360098,2,1,1984,0,0,0,0,0,0,0,0,0,0
360100,1,1,1984,0,0,0,0,0,0,0,0,0,0
360100,2,1,1984,0,0,0,0,0,0,0,0,0,0
360101,1,1,1984,1,1,1,1,1,1,1,1,1,1
360101,2,1,1984,0,0,0,0,0,0,0,0,0,0
360101,3,1,1984,0,0,0,0,0,0,0,0,0,0
360102,1,1,1984,0,0,0,0,0,0,0,0,0,0
360102,2,1,1984,2,2,2,2,2,2,2,2,2,2
360103,0,1,1984,21,21,21,21,21,21,21,21,21,21
360103,1,1,1984,4,4,4,4,4,4,4,4,4,4
360104,1,1,1984,0,0,0,0,0,0,0,0,0,0
360105,1,1,1984,0,0,0,0,0,0,0,0,0,0
360106,1,1,1984,0,0,0,0,0,0,0,0,0,0
360106,2,1,1984,0,9,0,0,0,0,0,0,0,0
360107,1,1,1984,0,0,0,0,0,0,0,0,0,0
360108,1,1,1984,0,0,0,0,0,0,0,0,0,0
360108,2,1,1984,17,17,17,17,17,17,17,17,17,17
360109,1,1,1984,0,0,0,0,0,0,0,0,0,0
360109,2,1,1984,0,0,0,0,0,0,0,0,0,0
360110,1,1,1984,0,0,0,0,0,0,0,0,0,0
360110,2,1,1984,0,0,0,0,0,0,0,0,0,0
360111,1,1,1984,0,18,0,0,0,0,0,0,0,0
360111,2,1,1984,26,26,26,26,26,26,26,26,26,26
360112,0,1,1984,0,0,0,10,0,0,0,0,7,0
360112,1,1,1984,0,0,0,0,0,0,0,0,0,0
360112,2,1,1984,0,0,0,22,0,0,0,0,0,0
360113,0,1,1984,0,0,0,0,0,0,0,0,0,0
360113,1,1,1984,13,9,11,23,23,19,13,24,28,0
360114,0,1,1984,0,0,0,0,0,0,0,0,0,0
360114,1,1,1984,0,0,0,0,0,0,0,0,0,0
360115,0,1,1984,30,30,30,30,30,30,30,30,30,30
360115,1,1,1984,0,15,5,0,17,0,0,0,31,17
360116,1,1,1984,17,17,17,17,17,17,17,17,17,17
360117,0,1,1984,0,0,3,0,0,0,0,0,0,0
360117,1,1,1984,0,0,0,0,0,0,0,0,0,0
360118,1,1,1984,26,0,0,5,14,0,0,16,23,5
360119,0,1,1984,0,0,0,0,0,0,0,0,0,0
360119,1,1,1984,0,0,0,0,0,0,0,0,0,20
360120,0,1,1984,6,0,11,0,0,0,16,0,0,10
360120,1,1,1984,0,0,0,0,0,0,0,0,0,0
360121,1,1,1984,15,17,4,21,20,14,5,5,16,7
360122,0,1,1984,0,0,0,24,0,0,0,0,0,0
360122,1,1,1984,0,0,0,0,0,0,0,0,0,0
360123,0,1,1984,0,0,0,0,0,0,0,0,0,0
360123,1,1,1984,0,0,11,10,4,19,0,15,0,0
360124,1,1,1984,0,0,0,0,0,0,25,0,0,0
360124,2,1,1984,0,0,0,0,0,0,0,0,29,0
360125,1,1,1984,12,13,19,7,15,0,7,21,5,19
360127,0,1,1984,0,0,0,0,0,0,0,0,0,0
360127,0,2,1984,27,23,0,18,0,0,0,0,0,0
360127,1,1,1984,0,0,0,0,0,0,0,0,0,0
360128,0,1,1984,0,0,0,0,0,0,0,0,0,0
360128,1,1,1984,8,10,0,0,21,20,0,4,0,0
360129,0,1,1984,0,0,0,0,0,0,0,0,0,0
360129,1,1,1984,0,0,0,27,4,0,16,26,0,0
360129,2,1,1984,16,15,3,0,0,13,7,0,38,0
360130,0,1,1984,0,0,0,0,0,0,0,0,0,0
360130,0,2,1984,12,15,0,22,30,23,30,8,0,34
360130,1,1,1984,11,11,11,11,11,11,11,11,11,11
360131,1,1,1984,0,0,0,0,0,0,0,0,0,0
360132,0,1,1984,21,21,21,21,21,21,21,21,21,21
360132,1,1,1984,0,0,0,0,0,0,25,0,0,0
360133,1,1,1984,7,7,7,7,7,7,7,7,7,7
360133,2,1,1984,0,0,0,0,0,0,0,0,0,0
360134,0,1,1984,11,11,11,11,11,11,11,11,11,11
360134,1,1,1984,0,0,0,0,0,0,0,0,7,0
360135,0,1,1984,18,0,0,0,0,15,0,0,0,0
360135,1,1,1984,0,0,0,0,0,0,0,0,14,9
360136,1,1,1984,8,18,15,24,6,16,15,12,0,17
360137,1,1,1984,14,14,14,14,14,14,14,14,14,14
360138,1,1,1984,0,0,0,0,0,0,0,0,0,0
360138,2,1,1984,0,14,0,0,6,0,0,0,0,0
360138,3,1,1984,0,0,0,0,0,0,0,0,0,0
360139,1,1,1984,26,26,26,26,26,26,26,26,26,26
360140,0,1,1984,0,0,0,0,0,0,0,0,0,0
360140,1,1,1984,0,9,0,9,0,0,0,0,0,0
360140,2,1,1984,21,0,0,0,39,0,0,0,0,0
360141,1,1,1984,0,33,0,0,25,0,0,30,34,14
360142,1,1,1984,0,0,0,0,0,0,0,0,0,0
360142,2,1,1984,0,0,0,0,0,0,0,0,0,0
360143,0,1,1984,0,0,0,7,0,0,0,0,0,0
360143,0,2,1984,0,0,0,0,0,0,0,0,0,0
360143,1,1,1984,0,0,0,0,0,0,0,0,0,0
360143,2,1,1984,0,0,0,0,0,0,0,0,0,0
360144,1,1,1984,0,0,0,0,0,0,0,0,0,0
360144,2,1,1984,13,12,10,6,17,9,14,11,14,14
360145,1,1,1984,0,0,0,0,0,0,0,0,0,0
360145,2,1,1984,0,0,0,0,0,0,0,0,0,0
360146,0,1,1984,3,3,3,3,3,3,3,3,3,3
360146,1,1,1984,8,24,23,6,15,18,22,11,3,11
360147,0,1,1984,0,0,0,0,18,0,0,0,0,0
360147,0,2,1984,9,0,0,11,34,16,26,0,23,0
360147,1,1,1984,28,12,23,7,29,13,25,12,21,5
360148,1,1,1984,0,0,0,0,0,0,0,0,0,0
360149,1,1,1984,0,0,0,0,0,0,0,0,0,0
360149,2,1,1984,14,9,7,0,29,23,17,15,0,0
360150,1,1,1984,14,14,14,14,14,14,14,14,14,14
360151,1,1,1984,6,13,15,9,22,12,18,23,3,4
360152,0,1,1984,0,0,0,0,0,0,0,0,0,0
360152,1,1,1984,0,0,0,0,0,2,0,0,0,0
360153,0,1,1984,0,0,28,42,32,21,0,0,0,0
360153,1,1,1984,26,26,26,26,26,26,26,26,26,26
360154,1,1,1984,0,0,0,0,0,0,0,0,0,0
360154,2,1,1984,10,10,10,10,10,10,10,10,10,10
360155,1,1,1984,0,0,0,0,0,0,0,0,0,0
360155,2,1,1984,0,0,0,0,2,0,0,0,0,0
360155,3,1,1984,0,0,0,0,0,0,0,0,0,0
360156,1,1,1984,0,0,0,0,0,0,0,0,0,0
360157,1,1,1984,0,0,0,0,21,0,0,13,0,0
360157,2,1,1984,0,0,0,0,0,0,20,0,0,0
360158,1,1,1984,0,0,0,0,0,0,0,0,0,0
360159,0,1,1984,0,0,0,0,0,0,0,0,0,0
360159,1,1,1984,25,3,37,0,24,22,38,0,0,27
360160,1,1,1984,10,17,16,20,15,29,6,21,10,24
360160,2,1,1984,11,7,0,0,12,11,11,0,0,15
360161,1,1,1984,0,0,0,0,0,0,0,0,0,0
360161,2,1,1984,0,0,0,0,0,0,0,0,0,0
360162,0,1,1984,0,0,0,0,0,0,0,0,0,0
360162,1,1,1984,0,22,10,9,5,0,14,2,25,23
360163,1,1,1984,0,0,0,0,0,0,0,0,0,0
360163,2,1,1984,15,10,10,9,15,4,10,7,0,9
360164,1,1,1984,0,0,0,0,0,0,0,0,0,0
360164,2,1,1984,0,0,0,0,0,0,0,0,0,0
360164,3,1,1984,0,0,0,0,0,0,0,0,0,0
360165,1,1,1984,0,19,0,8,14,0,0,22,0,0
360165,2,1,1984,19,13,7,16,10,0,0,22,19,16
360166,1,1,1984,18,18,18,18,18,18,18,18,18,18
360167,1,1,1984,26,26,26,26,26,26,26,26,26,26
360167,2,1,1984,0,0,0,0,0,0,0,0,0,0
360168,1,1,1984,9,9,9,9,9,9,9,9,9,9
360169,0,1,1984,0,0,0,0,0,0,0,0,0,0
360169,2,1,1984,19,25,5,28,9,22,12,19,10,11
360170,1,1,1984,0,0,0,0,0,0,0,0,0,0
360170,2,1,1984,0,0,0,0,0,0,0,0,0,0
360171,1,1,1984,7,7,7,7,7,7,7,7,7,7
360172,0,1,1984,16,16,16,16,16,16,16,16,16,16
360172,0,2,1984,0,0,0,0,0,0,0,0,0,0
360172,1,1,1984,0,17,0,0,0,0,0,0,0,0
360173,1,1,1984,14,14,14,14,14,14,14,14,14,14
360174,1,1,1984,6,6,6,6,6,6,6,6,6,6
360174,2,1,1984,0,0,0,0,0,0,0,0,0,0
360175,1,1,1984,0,0,0,0,0,0,0,0,0,0
360175,2,1,1984,0,0,0,0,0,0,0,0,0,0
360176,1,1,1984,16,16,16,16,16,16,16,16,16,16
360176,2,1,1984,0,20,0,8,13,0,13,12,0,16
360177,0,1,1984,16,21,26,0,0,8,21,20,0,15
360177,0,2,1984,28,7,24,0,17,14,0,15,0,3
360177,1,1,1984,0,0,0,13,0,0,0,0,0,15
360178,0,1,1984,0,0,0,0,0,0,0,0,0,0
360178,1,1,1984,0,0,0,0,0,0,0,0,0,0
360179,0,1,1984,0,0,0,0,0,0,0,0,0,0
360179,1,1,1984,10,24,23,15,0,0,29,22,7,0
360180,1,1,1984,0,0,0,0,0,0,0,0,0,0
360180,2,1,1984,0,0,0,0,0,0,0,0,0,0
360181,0,1,1984,0,0,0,0,0,0,0,0,0,0
360181,1,1,1984,0,7,0,0,0,0,0,28,0,19
360182,0,1,1984,0,0,0,0,0,0,0,0,0,0
360182,1,1,1984,0,0,0,0,0,11,0,0,0,0
360182,2,1,1984,0,0,0,0,0,0,0,0,0,0
360183,0,1,1984,0,0,0,0,0,0,0,0,0,0
360183,1,1,1984,0,0,0,0,0,0,0,0,0,0
360184,0,1,1984,0,0,0,0,0,0,0,0,0,0
360184,1,1,1984,0,0,0,0,0,0,0,0,0,0
360185,0,1,1984,16,16,16,16,16,16,16,16,16,16
360185,1,1,1984,0,22,0,0,0,0,0,0,0,0
360185,2,1,1984,0,8,0,0,0,0,0,0,19,0
360186,1,1,1984,0,0,0,0,0,0,0,0,0,4
360186,2,1,1984,0,0,0,0,0,0,0,0,0,0
360186,3,1,1984,0,0,0,0,0,0,0,0,0,0
360187,1,1,1984,15,0,0,0,0,0,0,0,0,0
360187,2,1,1984,0,0,0,0,0,0,0,0,0,0
360188,1,1,1984,6,6,6,6,6,6,6,6,6,6
360188,2,1,1984,0,0,0,0,0,0,0,0,0,14
360189,1,1,1984,0,0,0,0,0,0,0,0,0,0
360190,1,1,1984,0,0,0,18,0,0,0,0,8,0
360191,1,1,1984,17,17,17,17,17,17,17,17,17,17
360192,1,1,1984,17,20,0,17,0,0,0,0,0,0
360192,2,1,1984,0,0,0,0,0,0,0,0,0,0
360193,1,1,1984,12,12,12,12,12,12,12,12,12,12
360194,0,1,1984,19,19,19,19,19,19,19,19,19,19
360194,1,1,1984,15,24,0,22,0,0,0,0,0,29
360196,0,1,1984,8,8,8,8,8,8,8,8,8,8
360196,1,1,1984,17,14,16,16,12,23,34,23,17,9
360197,0,1,1984,18,18,18,18,18,18,18,18,18,18
360197,1,1,1984,0,0,0,2,11,0,15,20,0,0
360198,1,1,1984,0,0,0,0,0,0,0,0,13,0
360198,2,1,1984,0,0,0,0,0,0,0,0,0,0
360200,1,1,1984,0,0,0,0,0,0,0,0,0,0
360201,1,1,1984,0,0,0,0,0,0,0,0,0,0
360201,2,1,1984,0,0,0,0,0,0,0,0,0,0
360201,3,1,1984,0,0,0,0,0,0,0,0,0,0
360202,1,1,1984,25,25,25,25,25,25,25,25,25,25
360202,2,1,1984,0,0,0,11,0,0,0,0,0,0
360203,1,1,1984,0,0,0,0,0,0,0,0,0,0
360204,1,1,1984,0,0,21,0,0,0,0,0,0,0
360204,2,1,1984,0,0,0,0,0,0,0,0,0,0
360205,0,1,1984,0,0,0,0,0,0,0,16,0,0
360205,1,1,1984,0,0,0,0,0,0,9,0,0,0
360206,1,1,1984,24,20,4,13,16,11,13,19,14,15
360207,0,1,1984,11,35,0,22,6,5,46,16,0,19
360207,0,2,1984,24,22,24,27,15,9,19,17,27,36
360207,2,1,1984,0,0,0,0,0,0,0,0,0,0
360208,1,1,1984,20,20,20,20,20,20,20,20,20,20
360209,1,1,1984,0,0,0,0,0,0,0,0,0,0
360209,2,1,1984,0,0,0,0,0,0,0,0,0,0
360211,1,1,1984,0,0,0,0,0,0,0,0,0,0
360212,1,1,1984,0,0,0,0,0,0,0,0,0,0
360212,2,1,1984,0,0,0,0,0,0,0,0,0,0
360213,1,1,1984,0,0,0,0,0,0,0,0,0,0
360213,2,1,1984,0,0,0,0,0,0,0,0,0,0
360214,0,1,1984,17,0,0,13,0,0,7,0,0,8
360214,0,2,1984,0,18,0,0,0,0,9,17,41,0
360214,1,1,1984,0,0,0,0,0,0,0,0,0,0
360215,1,1,1984,16,16,16,16,16,16,16,16,16,16
360216,1,1,1984,0,0,0,0,0,0,0,0,0,0
360216,2,1,1984,0,0,0,0,0,0,0,0,0,0
360217,1,1,1984,0,0,0,0,0,0,0,0,0,0
360218,1,1,1984,14,3,0,0,0,0,0,0,0,0
360218,2,1,1984,16,0,22,6,0,9,21,17,11,8
360219,1,1,1984,0,0,0,0,0,0,0,0,0,0
360220,0,1,1984,9,9,9,9,9,9,9,9,9,9
360220,1,1,1984,0,0,0,0,0,0,0,0,0,0
360221,0,1,1984,27,27,27,27,27,27,27,27,27,27
360221,1,1,1984,0,0,0,0,10,0,0,0,0,0
360221,2,1,1984,0,0,0,0,0,0,0,0,0,0
360222,1,1,1984,25,25,25,25,25,25,25,25,25,25
360223,1,1,1984,0,0,0,0,0,0,0,0,0,0
360224,0,1,1984,0,0,0,0,0,0,0,0,0,0
360224,1,1,1984,0,0,0,0,0,0,0,0,0,0
360225,0,1,1984,0,0,0,0,0,0,0,0,0,0
360225,1,1,1984,0,0,0,0,0,0,0,0,0,0
360226,1,1,1984,0,0,0,0,0,0,0,0,0,0
360227,1,1,1984,0,0,0,0,0,0,0,0,0,0
360228,1,1,1984,0,0,0,0,0,0,0,0,0,0
360228,2,1,1984,0,0,0,0,25,0,0,0,0,0
360228,3,1,1984,0,0,0,0,0,0,0,0,0,0
360229,1,1,1984,0,11,0,0,0,0,0,0,0,0
360229,2,1,1984,0,0,0,0,0,0,0,0,0,0
360230,0,1,1984,0,0,0,0,0,0,0,21,0,0
360230,1,1,1984,20,0,13,11,22,11,17,12,13,8
360231,1,1,1984,14,14,14,14,14,14,14,14,14,14
360232,1,1,1984,8,8,8,8,8,8,8,8,8,8
360233,1,1,1984,16,16,16,16,16,16,16,16,16,16
360234,1,1,1984,0,0,0,0,0,0,0,0,0,0
360234,2,1,1984,0,0,0,0,0,0,0,0,0,0
360234,3,1,1984,0,0,0,0,0,0,0,0,0,0
360234,4,1,1984,0,0,0,0,0,0,0,0,0,0
360235,1,1,1984,8,11,13,14,14,26,0,21,16,4
360235,2,1,1984,7,17,0,9,30,4,8,19,13,0
360236,0,1,1984,0,0,0,0,0,0,0,0,0,0
360236,1,1,1984,0,21,16,17,19,10,16,22,5,6
360237,0,1,1984,0,0,0,0,0,0,0,0,0,0
360237,1,1,1984,0,20,0,0,0,0,0,0,0,0
360238,0,1,1984,18,18,18,18,18,18,18,18,18,18
360238,1,1,1984,0,0,0,0,0,0,0,0,0,0
360239,0,1,1984,1,1,1,1,1,1,1,1,1,1
360239,1,1,1984,0,0,0,0,0,0,0,0,0,0
360240,1,1,1984,24,24,24,24,24,24,24,24,24,24
360241,1,1,1984,0,0,0,0,0,0,0,0,0,0
360241,2,1,1984,0,0,0,0,0,0,0,0,0,0
360242,1,1,1984,0,0,0,0,0,0,0,0,0,0
360242,2,1,1984,0,0,0,0,0,0,0,0,0,0
360243,0,1,1984,0,0,0,0,0,0,0,0,0,0
360243,0,2,1984,0,0,0,0,0,0,0,0,0,0
360243,1,1,1984,0,0,0,0,0,0,0,0,0,0
360244,0,1,1984,11,11,11,11,11,11,11,11,11,11
360244,1,1,1984,15,5,0,0,0,0,0,0,0,0
360245,1,1,1984,11,11,17,20,22,13,33,34,11,24
360246,0,1,1984,0,0,0,0,0,0,0,0,0,0
360246,1,1,1984,0,0,0,0,0,0,0,0,0,0
360247,1,1,1984,0,0,0,0,0,0,0,13,0,0
360248,1,1,1984,19,19,19,19,19,19,19,19,19,19
360249,0,1,1984,16,0,15,0,27,0,0,27,0,8
360249,1,1,1984,18,5,9,0,19,0,28,0,0,0
360250,1,1,1984,0,0,0,0,4,0,0,0,0,0
360250,2,1,1984,0,0,0,0,0,0,0,0,0,0
360251,1,1,1984,22,21,0,0,11,21,20,17,10,19
360252,0,1,1984,0,0,0,0,0,0,0,0,0,0
360252,1,1,1984,0,0,0,0,0,0,0,0,0,0
360253,0,1,1984,0,0,0,0,0,0,0,0,0,0
360253,1,1,1984,30,10,5,22,14,2,10,11,11,24
360254,1,1,1984,0,0,0,0,0,0,0,0,0,0
360254,2,1,1984,17,17,17,17,17,17,17,17,17,17
360255,0,1,1984,0,0,0,0,0,0,0,0,0,0
360255,1,1,1984,0,0,0,0,0,0,0,0,0,0
360256,1,1,1984,0,0,0,0,0,0,0,0,0,0
360256,2,1,1984,0,0,0,0,0,0,0,0,0,0
360257,1,1,1984,16,16,16,16,16,16,16,16,16,16
360258,0,1,1984,0,0,0,0,0,0,0,0,0,0
360258,1,1,1984,0,0,0,9,0,0,0,0,0,0
360259,1,1,1984,19,9,10,17,6,17,10,21,11,19
360259,2,1,1984,0,0,0,0,0,0,0,0,0,0
360260,1,1,1984,0,0,0,0,0,0,0,0,0,0
360260,2,1,1984,0,0,0,0,0,0,0,0,0,0
360261,1,1,1984,0,26,0,0,0,0,0,0,0,0
360261,2,1,1984,22,22,22,22,22,22,22,22,22,22
360262,0,1,1984,0,0,0,0,0,0,0,0,0,0
360262,1,1,1984,0,0,0,0,0,0,0,4,0,0
360263,1,1,1984,15,15,15,15,15,15,15,15,15,15
360264,1,1,1984,19,19,19,19,19,19,19,19,19,19
360264,2,1,1984,0,0,0,0,0,0,0,0,0,0
360265,1,1,1984,11,11,11,11,11,11,11,11,11,11
360265,2,1,1984,13,7,10,19,16,10,10,9,19,13
360266,1,1,1984,0,0,0,0,0,0,0,0,0,0
360266,2,1,1984,0,0,0,0,0,0,0,0,0,0
360267,1,1,1984,0,0,0,7,0,0,15,22,0,0
360268,1,1,1984,5,19,0,17,24,0,13,0,18,21
360269,0,1,1984,0,0,0,0,0,0,0,0,0,0
360269,1,1,1984,18,0,0,0,0,0,0,0,0,0
360270,0,1,1984,0,0,0,0,0,0,0,0,0,0
360270,1,1,1984,7,9,17,29,17,0,11,23,10,26
360271,1,1,1984,0,0,0,0,0,0,0,0,0,0
360271,2,1,1984,0,0,0,0,0,0,0,0,0,0
360272,1,1,1984,0,0,0,0,0,0,0,0,0,0
360272,2,1,1984,24,0,0,0,0,0,26,11,0,0
360273,1,1,1984,16,16,16,16,16,16,16,16,16,16
360274,1,1,1984,0,0,0,0,0,0,0,0,0,0
360274,2,1,1984,0,0,0,0,0,0,0,0,4,0
360275,0,1,1984,30,30,30,30,30,30,30,30,30,30
360275,1,1,1984,0,0,0,0,0,0,0,0,0,0
360276,1,1,1984,0,0,5,0,0,0,0,0,0,0
360276,2,1,1984,0,0,0,0,0,0,0,0,0,0
360277,1,1,1984,0,0,0,14,0,8,0,0,0,13
360278,1,1,1984,0,0,0,0,0,0,0,0,0,0
360279,1,1,1984,0,18,28,12,16,21,7,17,26,0
360279,2,1,1984,0,0,0,0,0,0,0,0,0,0
360279,3,1,1984,0,0,0,0,0,0,0,0,0,0
360280,1,1,1984,7,0,0,15,8,14,0,15,23,17
360281,1,1,1984,16,0,0,0,0,0,0,0,12,3
360282,1,1,1984,23,20,12,15,32,0,10,17,23,22
360283,0,1,1984,23,23,23,23,23,23,23,23,23,23
360283,1,1,1984,23,24,0,18,17,11,29,18,0,6
360284,0,1,1984,15,15,15,15,15,15,15,15,15,15
360284,1,1,1984,0,0,0,0,0,0,0,3,0,0
360285,0,1,1984,0,0,0,0,0,0,0,0,0,0
360285,1,1,1984,0,32,3,0,0,18,0,0,10,0
360286,0,1,1984,2,2,2,2,2,2,2,2,2,2
360286,1,1,1984,9,0,29,10,0,0,0,10,0,0
360287,1,1,1984,0,0,0,0,0,0,0,0,0,0
360287,2,1,1984,0,0,0,0,0,0,0,0,0,0
360288,1,1,1984,4,11,14,10,17,16,17,3,20,10
360289,1,1,1984,0,0,0,0,0,0,0,0,0,0
360289,2,1,1984,0,0,0,0,0,0,0,0,0,0
360290,1,1,1984,0,0,0,0,0,0,0,0,0,0
360290,2,1,1984,0,0,0,0,0,0,0,0,0,0
360291,1,1,1984,0,0,0,0,0,0,0,0,0,0
360291,2,1,1984,0,0,0,0,0,0,0,0,6,0
360292,0,1,1984,0,0,0,0,0,0,0,0,0,0
360292,1,1,1984,0,0,0,0,0,0,0,0,0,0
360293,0,1,1984,0,0,0,0,0,0,0,0,0,0
360293,1,1,1984,0,0,11,0,0,0,0,0,0,0
360294,1,1,1984,0,0,12,0,0,0,0,0,0,0
360295,1,1,1984,0,0,0,0,0,0,0,0,0,0
360295,2,1,1984,0,0,20,0,5,0,0,0,21,0
360296,0,1,1984,0,0,0,0,0,0,0,0,0,0
360296,1,1,1984,0,0,19,0,0,0,0,0,0,0
360297,0,1,1984,8,0,20,9,20,9,0,14,0,0
360297,1,1,1984,20,22,0,0,0,0,0,17,0,39
360298,1,1,1984,0,0,0,0,0,0,0,0,0,0
360298,2,1,1984,0,0,0,0,0,0,0,0,0,9
360299,1,1,1984,0,17,12,0,0,0,0,0,0,0
360299,2,1,1984,20,0,2,15,15,9,12,9,20,5
360300,0,1,1984,0,0,0,0,0,0,0,0,0,0
360300,1,1,1984,0,0,0,0,0,0,0,0,0,0
360301,0,1,1984,0,0,0,0,0,0,0,0,0,0
360301,1,1,1984,0,0,0,0,0,0,0,0,0,0
360302,1,1,1984,0,0,0,0,0,0,10,0,0,0
360302,2,1,1984,0,0,0,0,0,0,0,0,0,0
360303,0,1,1984,0,0,0,0,0,0,0,0,0,0
360303,1,1,1984,0,0,12,0,0,0,0,0,0,0
360304,1,1,1984,5,13,7,12,8,6,4,12,21,11
360304,2,1,1984,0,5,0,0,0,0,16,0,0,0
360305,0,1,1984,0,0,0,0,5,0,0,0,0,0
360305,1,1,1984,0,0,0,0,0,0,0,0,0,0
360306,1,1,1984,0,0,0,0,0,0,0,0,0,0
360306,2,1,1984,0,0,0,0,0,0,0,0,16,0
360307,1,1,1984,0,0,0,0,0,0,0,0,0,0
360307,2,1,1984,0,0,0,0,0,0,0,0,0,0
360308,1,1,1984,1,1,1,1,1,1,1,1,1,1
360309,0,1,1984,23,23,23,23,23,23,23,23,23,23
360309,1,1,1984,39,0,18,0,0,0,0,0,0,0
360310,1,1,1984,0,0,0,0,0,0,0,0,0,0
360310,2,1,1984,0,0,0,0,0,0,0,0,0,0
360310,3,1,1984,0,0,0,0,0,0,0,0,0,0
360311,1,1,1984,0,0,0,0,7,16,0,18,12,17
360312,1,1,1984,0,7,0,20,14,19,0,0,15,18
360313,1,1,1984,0,0,0,0,0,0,0,0,0,0
360313,2,1,1984,7,12,4,14,11,17,7,0,18,17
360314,1,1,1984,17,17,17,17,17,17,17,17,17,17
360315,1,1,1984,0,0,0,0,0,0,0,0,0,0
360315,2,1,1984,28,6,10,13,12,25,23,11,14,3
360316,0,1,1984,0,0,0,0,0,0,0,0,0,0
360316,1,1,1984,19,0,12,0,3,0,28,0,0,10
360317,0,1,1984,0,0,0,0,0,0,0,0,0,0
360317,0,2,1984,0,0,0,5,0,26,0,0,0,37
360317,1,1,1984,18,12,16,14,11,17,13,12,22,12
360318,1,1,1984,6,0,18,17,29,10,23,18,14,15
360319,0,1,1984,0,0,0,0,0,0,0,0,0,0
360319,1,1,1984,30,24,7,24,15,16,0,0,4,22
360320,0,1,1984,0,0,0,0,0,0,0,0,0,0
360320,1,1,1984,0,0,0,0,0,0,0,0,0,0
360321,1,1,1984,0,0,0,0,0,4,0,0,0,0
360321,2,1,1984,0,0,0,0,0,0,0,0,0,15
360322,1,1,1984,8,16,13,13,15,11,21,19,6,25
360322,2,1,1984,27,13,15,5,12,16,0,13,18,17
360323,0,1,1984,11,11,11,11,11,11,11,11,11,11
360323,1,1,1984,0,0,15,11,8,12,30,22,0,25
360324,1,1,1984,0,5,0,0,6,0,14,0,19,0
360325,1,1,1984,0,0,0,0,0,0,0,0,0,0
360325,2,1,1984,0,0,0,0,0,0,0,0,0,0
360326,1,1,1984,0,0,8,0,0,0,0,3,0,0
360326,2,1,1984,17,17,17,17,17,17,17,17,17,17
360327,1,1,1984,13,13,13,13,13,13,13,13,13,13
360328,1,1,1984,0,0,0,0,0,0,0,0,0,0
360328,2,1,1984,5,5,5,5,5,5,5,5,5,5
360329,0,1,1984,17,17,17,17,17,17,17,17,17,17
360329,1,1,1984,7,12,18,0,25,22,18,24,9,35
360330,1,1,1984,4,4,4,4,4,4,4,4,4,4
360331,0,1,1984,0,0,0,0,0,0,0,0,0,0
360331,1,1,1984,0,0,27,20,0,14,0,0,17,0
360332,1,1,1984,21,21,21,21,21,21,21,21,21,21
360333,0,1,1984,0,0,0,0,0,0,0,0,0,0
360333,1,1,1984,0,0,0,0,0,0,0,0,0,0
360334,1,1,1984,10,10,10,10,10,10,10,10,10,10
360334,2,1,1984,0,0,0,0,0,0,0,0,0,0
360335,1,1,1984,0,25,0,0,16,0,0,0,0,0
360335,2,1,1984,0,3,18,0,19,0,0,0,0,0
360336,0,1,1984,0,0,0,0,0,0,0,0,0,0
360336,1,1,1984,13,8,8,10,19,10,0,0,14,26
360336,2,1,1984,0,0,0,0,0,28,4,21,9,0
360337,0,1,1984,0,0,0,0,0,0,0,0,0,0
360337,1,1,1984,0,0,9,15,0,16,0,0,0,0
360338,0,1,1984,0,0,0,0,0,0,0,0,0,0
360338,1,1,1984,20,0,0,0,0,0,0,0,0,0
360339,1,1,1984,10,1,16,17,11,4,14,17,0,11
360339,2,1,1984,0,0,0,0,0,0,0,0,0,0