ST_CASE,VEH_NO,PER_NO,YEAR,P1,P2,P3,P4,P5,P6,P7,P8,P9,P10
361158,0,1,1984,0,0,0,0,0,0,0,0,0,0
361158,1,1,1984,0,0,0,0,0,0,0,0,0,0
361158,2,1,1984,0,0,0,0,0,0,0,0,0,0
361159,1,1,1984,19,21,28,22,0,0,0,0,0,0
361160,1,1,1984,21,21,21,21,21,21,21,21,21,21
361160,2,1,1984,2,2,2,2,2,2,2,2,2,2
361161,0,1,1984,0,0,0,0,0,0,0,0,0,0
361161,1,1,1984,0,0,0,0,0,0,0,0,0,0
361161,2,1,1984,0,0,0,0,0,0,0,0,0,0
361162,0,1,1984,0,0,0,0,0,0,0,0,0,0
361162,1,1,1984,0,0,0,0,0,0,0,0,0,0
361163,1,1,1984,9,10,0,21,2,10,17,2,0,0
361163,2,1,1984,0,0,0,0,0,0,0,0,0,0
361164,1,1,1984,0,28,0,0,30,0,0,13,0,0
361164,2,1,1984,0,0,0,0,0,0,0,0,0,0
361165,0,1,1984,0,0,0,0,0,0,0,0,0,0
361165,1,1,1984,0,0,0,15,0,0,0,0,0,0
361166,1,1,1984,0,0,0,0,0,0,0,0,0,0
361166,2,1,1984,0,0,0,0,0,0,0,0,0,0
361167,1,1,1984,6,10,0,22,27,19,17,21,15,8
361168,1,1,1984,30,30,21,9,19,19,7,16,4,0
361169,1,1,1984,0,0,0,0,0,0,0,0,0,0
361170,1,1,1984,11,9,0,0,0,4,0,0,19,0
361171,1,1,1984,0,0,0,0,0,0,0,0,0,0
361171,2,1,1984,0,0,0,0,0,0,0,0,0,0
361172,1,1,1984,4,4,4,4,4,4,4,4,4,4
361173,0,1,1984,0,0,0,0,0,0,0,0,0,0
361173,1,1,1984,0,0,0,6,0,17,0,0,0,15
361174,1,1,1984,0,0,0,0,0,0,0,0,0,0
361175,0,1,1984,16,16,16,16,16,16,16,16,16,16
361175,1,1,1984,14,30,9,19,16,10,9,18,7,11
361176,1,1,1984,6,6,6,6,6,6,6,6,6,6
361177,1,1,1984,8,0,18,23,11,0,17,20,17,17
361177,2,1,1984,28,16,22,22,0,0,14,0,7,0
361178,0,1,1984,0,0,0,0,0,0,0,0,0,0
361178,1,1,1984,0,0,0,0,0,0,0,0,0,0
361179,1,1,1984,4,15,9,26,23,7,13,12,12,17
361180,1,1,1984,16,16,16,16,16,16,16,16,16,16
361181,0,1,1984,0,0,0,0,0,0,0,0,0,0
361181,1,1,1984,0,0,0,0,0,0,10,0,9,0
361182,1,1,1984,0,29,0,16,17,24,27,18,14,38
361183,1,1,1984,0,0,0,0,0,9,0,0,0,0
361183,2,1,1984,38,38,38,38,38,38,38,38,38,38
361183,3,1,1984,0,0,0,0,0,0,0,0,0,0
361184,0,1,1984,0,0,0,0,0,0,0,0,0,0
361184,1,1,1984,0,0,0,0,0,0,0,0,0,0
361185,1,1,1984,0,0,0,0,0,0,0,0,0,0
361186,1,1,1984,0,0,0,0,0,0,0,0,0,0
361186,2,1,1984,0,0,0,0,0,0,0,0,0,0
361187,1,1,1984,0,0,0,0,0,0,0,0,0,0
361187,2,1,1984,0,0,0,0,0,0,0,0,0,0
361187,3,1,1984,0,0,0,0,0,0,0,0,0,0
361187,4,1,1984,0,0,7,0,0,0,0,0,0,0
361187,5,1,1984,0,0,0,0,0,0,0,0,0,0
361187,6,1,1984,0,0,0,0,0,0,0,0,0,0
361188,0,1,1984,0,0,0,0,0,0,0,0,0,0
361188,1,1,1984,0,0,0,0,0,0,0,21,11,0
361189,1,1,1984,11,11,11,11,11,11,11,11,11,11
361190,1,1,1984,0,0,0,0,0,0,0,0,0,0
361190,2,1,1984,0,0,0,0,0,0,0,0,0,0
361191,1,1,1984,6,12,0,0,0,0,0,0,10,0
361192,1,1,1984,17,17,17,17,17,17,17,17,17,17
361193,1,1,1984,0,0,0,0,0,0,0,0,0,0
361194,1,1,1984,0,0,0,0,0,0,0,0,0,0
361195,1,1,1984,0,0,0,0,0,0,0,0,0,0
361195,2,1,1984,0,0,0,0,0,0,0,0,0,0
361196,1,1,1984,0,0,0,0,0,0,0,0,0,0
361197,1,1,1984,18,18,18,18,18,18,18,18,18,18
361197,2,1,1984,0,0,0,0,0,16,0,0,0,0
361198,0,1,1984,0,0,0,0,0,0,0,0,0,0
361198,1,1,1984,22,19,26,17,12,8,21,4,0,0
361199,1,1,1984,25,25,25,25,25,25,25,25,25,25
361200,1,1,1984,31,26,33,0,0,22,31,0,30,0
361201,1,1,1984,0,0,0,0,0,0,0,0,0,0
361201,2,1,1984,0,0,0,0,0,0,0,15,0,0
361202,0,1,1984,7,7,7,7,7,7,7,7,7,7
361202,1,1,1984,14,18,17,0,28,14,7,17,0,30
361203,0,1,1984,0,0,0,0,0,0,0,0,0,0
361203,1,1,1984,21,20,7,0,0,0,0,22,11,29
361204,1,1,1984,0,0,0,0,0,0,0,0,0,0
361204,2,1,1984,0,0,0,0,0,0,0,0,0,0
361205,1,1,1984,0,0,0,8,0,0,0,0,0,0
361205,2,1,1984,0,0,0,0,0,0,0,0,0,0
361206,1,1,1984,0,0,0,0,0,0,0,0,0,0
361207,1,1,1984,29,29,29,29,29,29,29,29,29,29
361208,1,1,1984,11,11,11,11,11,11,11,11,11,11
361209,1,1,1984,0,0,0,0,0,0,0,0,0,0
361209,2,1,1984,0,0,0,0,0,0,0,0,0,0
361209,3,1,1984,0,0,0,0,0,0,0,0,0,0
361210,0,1,1984,0,0,43,25,0,18,0,0,0,15
361210,1,1,1984,0,5,0,0,0,0,0,0,0,0
361211,1,1,1984,14,14,14,14,14,14,14,14,14,14
361211,2,1,1984,0,0,0,0,0,0,19,0,0,0
361211,3,1,1984,10,0,18,25,0,10,13,24,0,0
361212,0,1,1984,27,27,27,27,27,27,27,27,27,27
361212,1,1,1984,0,0,0,0,0,0,0,0,0,5
361213,1,1,1984,6,6,6,6,6,6,6,6,6,6
361214,0,1,1984,11,11,11,11,11,11,11,11,11,11
361214,1,1,1984,16,12,18,14,11,21,0,14,0,13
361215,0,1,1984,0,0,0,0,0,0,0,26,0,14
361215,1,1,1984,0,0,0,0,0,0,11,0,0,0
361216,0,1,1984,17,20,0,0,0,0,0,0,13,0
361216,1,1,1984,24,16,18,0,0,12,10,0,0,0
361216,2,1,1984,0,9,9,0,29,0,0,18,0,0
361216,3,1,1984,0,0,0,9,23,0,15,9,0,0
361217,1,1,1984,0,0,0,0,0,0,0,0,0,0
361217,2,1,1984,17,0,10,0,0,0,0,0,0,0
361218,0,1,1984,0,14,0,0,0,0,0,0,0,28
361218,1,1,1984,0,0,0,0,0,0,5,0,0,0
361219,1,1,1984,19,19,19,19,19,19,19,19,19,19
361220,1,1,1984,20,20,20,20,20,20,20,20,20,20
361221,1,1,1984,0,14,17,0,0,0,0,19,3,6
361221,2,1,1984,0,22,7,0,17,0,0,5,3,14
361222,0,1,1984,0,0,0,0,0,0,0,0,0,0
361222,1,1,1984,0,0,0,6,0,0,17,0,0,0
361223,0,1,1984,0,0,8,0,0,0,0,0,0,0
361223,1,1,1984,0,0,8,4,0,0,0,0,14,0
361224,0,1,1984,7,7,7,7,7,7,7,7,7,7
361224,1,1,1984,0,0,0,0,0,0,0,0,0,0
361225,1,1,1984,13,13,13,13,13,13,13,13,13,13
361226,0,1,1984,0,0,0,0,0,0,0,0,0,0
361226,1,1,1984,0,0,0,0,0,0,0,0,0,0
361227,1,1,1984,7,7,7,7,7,7,7,7,7,7
361228,1,1,1984,16,16,16,16,16,16,16,16,16,16
361228,2,1,1984,16,16,16,16,16,16,16,16,16,16
361229,0,1,1984,20,0,0,44,2,40,24,16,0,8
361229,1,1,1984,0,0,0,0,5,9,0,0,0,0
361230,1,1,1984,6,6,6,6,6,6,6,6,6,6
361231,1,1,1984,0,0,0,0,0,0,0,0,0,0
361231,2,1,1984,0,0,0,0,0,0,0,0,18,0
361232,0,1,1984,0,0,0,0,27,0,0,0,0,19
361232,0,2,1984,18,9,0,0,0,11,0,0,0,0
361232,0,3,1984,0,0,0,0,21,0,0,10,9,9
361232,1,1,1984,0,0,20,32,7,0,0,0,0,0
361233,1,1,1984,31,21,0,31,26,20,25,12,26,0
361234,0,1,1984,0,16,31,34,0,15,0,0,0,15
361234,1,1,1984,0,0,0,5,11,0,0,0,0,0
361235,0,1,1984,0,0,0,0,0,0,0,0,0,0
361235,1,1,1984,0,0,0,0,0,0,0,0,0,0
361236,1,1,1984,27,27,27,27,27,27,27,27,27,27
361236,2,1,1984,18,12,5,6,8,16,14,27,9,22
361237,1,1,1984,0,0,0,0,0,0,0,15,0,0
361237,2,1,1984,0,0,0,0,0,0,0,0,0,0
361238,0,1,1984,0,6,14,9,0,0,0,0,0,0
361238,1,1,1984,0,0,0,8,0,0,0,0,0,0
361239,0,1,1984,0,0,0,0,0,35,0,0,0,0
361239,0,2,1984,0,0,0,0,0,0,0,0,0,0
361239,1,1,1984,0,0,0,0,0,0,0,0,0,0
361240,0,1,1984,0,0,0,0,0,0,0,0,0,7
361240,0,2,1984,0,14,0,0,15,7,0,0,12,35
361240,0,3,1984,0,0,0,0,12,0,0,0,0,0
361240,1,1,1984,0,11,0,0,0,0,0,0,0,0
361241,0,1,1984,0,0,0,0,0,0,0,0,0,0
361241,1,1,1984,0,0,0,19,0,27,0,0,8,0
361242,1,1,1984,0,6,0,0,0,0,0,0,0,0
361242,2,1,1984,0,0,0,0,0,0,4,18,0,0
361243,0,1,1984,10,0,29,10,0,35,9,13,0,22
361243,1,1,1984,0,0,12,7,13,16,10,8,10,0
361244,0,1,1984,0,18,0,0,0,0,0,0,0,0
361244,1,1,1984,12,0,23,0,8,0,10,27,0,10
361245,0,1,1984,0,0,0,15,35,16,0,0,0,0
361245,1,1,1984,0,0,0,0,0,0,0,0,0,0
361246,1,1,1984,21,27,4,15,9,16,9,27,3,17
361246,2,1,1984,0,0,0,0,0,0,0,20,14,0
361247,0,1,1984,0,0,0,0,0,0,0,0,0,0
361247,1,1,1984,11,0,0,0,0,0,0,0,0,0
361248,0,1,1984,0,0,0,0,8,0,0,0,20,0
361248,1,1,1984,0,0,0,0,0,0,0,0,0,0
361249,0,1,1984,8,8,8,8,8,8,8,8,8,8
361249,1,1,1984,0,0,0,0,0,0,0,0,0,0
361250,0,1,1984,0,0,0,0,0,0,0,0,0,0
361250,1,1,1984,0,0,0,0,0,0,0,0,0,0
361251,0,1,1984,0,0,0,0,0,0,0,0,0,0
361251,1,1,1984,0,13,17,0,32,0,0,14,16,0
361252,1,1,1984,0,0,0,0,0,0,15,29,0,30
361253,1,1,1984,37,20,0,0,0,0,19,0,0,0
361253,2,1,1984,0,0,0,0,0,0,0,0,0,0
361254,1,1,1984,0,0,0,0,0,0,0,0,0,0
361254,2,1,1984,0,0,0,0,0,0,0,0,0,0
361255,1,1,1984,0,0,0,0,0,0,0,0,0,0
361256,0,1,1984,0,0,0,0,0,0,0,0,0,0
361256,1,1,1984,5,0,0,19,0,17,0,0,0,0
361257,0,1,1984,0,0,0,0,0,0,0,0,0,0
361257,1,1,1984,0,0,0,0,0,0,0,0,0,0
361258,0,1,1984,7,0,0,0,0,0,0,0,0,0
361258,1,1,1984,0,0,0,0,0,0,0,0,0,0
361259,1,1,1984,0,0,0,0,0,15,6,13,7,0
361260,1,1,1984,0,0,0,0,0,0,0,0,0,0
361260,2,1,1984,0,0,0,0,0,0,0,0,0,0
361261,1,1,1984,0,0,0,0,0,0,0,0,0,0
361262,1,1,1984,0,0,0,0,0,0,0,0,0,0
361263,1,1,1984,0,0,0,0,0,0,0,0,0,17
361263,2,1,1984,0,0,0,0,0,0,0,0,0,0
361264,1,1,1984,0,0,0,0,0,0,0,0,0,0
361264,2,1,1984,0,0,0,0,0,0,0,22,0,0
361265,0,1,1984,11,11,11,11,11,11,11,11,11,11
361265,1,1,1984,11,11,13,13,7,10,16,3,11,20
361266,1,1,1984,0,0,0,0,14,0,0,0,0,16
361267,1,1,1984,0,0,0,0,0,0,0,0,0,0
361268,1,1,1984,0,19,15,22,7,46,21,0,12,0
361269,1,1,1984,0,0,0,0,0,0,0,0,0,23
361269,2,1,1984,0,18,0,0,0,0,0,0,0,0
361270,1,1,1984,0,0,0,0,0,0,0,0,0,0
361270,2,1,1984,0,0,0,0,0,0,0,0,0,0
361271,1,1,1984,0,0,0,0,0,0,0,0,0,0
361271,2,1,1984,0,0,0,0,0,0,0,0,0,0
361272,1,1,1984,0,0,0,0,0,0,0,0,0,0
361273,1,1,1984,0,22,17,0,0,0,0,6,0,12
361274,1,1,1984,0,0,0,0,0,0,0,0,0,0
361274,2,1,1984,0,0,0,0,0,0,0,0,0,0
361275,1,1,1984,12,9,6,14,21,0,12,12,25,10
361275,2,1,1984,11,20,16,16,16,0,14,23,21,10
361276,1,1,1984,0,0,0,0,0,0,0,0,0,0
361276,2,1,1984,0,0,0,0,0,0,0,0,0,0
361277,0,1,1984,0,0,22,0,0,0,17,12,0,0
361277,1,1,1984,0,0,0,0,0,0,0,0,0,0
361278,1,1,1984,0,9,0,0,0,0,0,0,0,0
361278,2,1,1984,27,29,9,5,7,19,11,14,35,13
361279,1,1,1984,0,0,0,0,0,0,0,0,0,0
361280,1,1,1984,0,0,0,0,0,0,0,0,0,0
361280,2,1,1984,0,0,0,0,0,0,0,0,0,0
361281,1,1,1984,0,14,0,0,14,0,0,19,0,0
361282,1,1,1984,0,0,0,0,0,0,0,0,0,0
361283,1,1,1984,19,19,19,19,19,19,19,19,19,19
361284,1,1,1984,3,3,3,3,3,3,3,3,3,3
361285,1,1,1984,0,12,0,15,22,0,0,11,0,0
361286,1,1,1984,0,0,0,0,0,0,0,0,0,0
361286,2,1,1984,0,0,0,0,0,0,0,0,0,0
361287,0,1,1984,0,0,0,0,0,0,0,0,0,0
361287,1,1,1984,0,26,0,0,0,17,0,0,0,0
361288,0,1,1984,30,0,0,0,0,39,12,0,0,0
361288,1,1,1984,0,0,0,0,0,0,0,0,0,0
361289,1,1,1984,0,0,0,0,0,0,0,0,0,0
361290,1,1,1984,0,0,5,0,0,0,0,0,0,0
361290,2,1,1984,0,0,0,0,0,0,0,0,0,0
361291,1,1,1984,0,0,0,0,0,0,0,0,0,0
361291,2,1,1984,0,0,0,0,0,0,23,0,0,15
361292,1,1,1984,6,23,10,0,32,22,0,0,3,16
361293,0,1,1984,0,0,0,0,0,0,0,0,0,0
361293,1,1,1984,0,0,0,0,0,0,0,0,0,0
361294,1,1,1984,11,11,11,11,11,11,11,11,11,11
361295,1,1,1984,18,18,18,18,18,18,18,18,18,18
361296,1,1,1984,0,0,0,0,0,0,0,0,0,0
361296,2,1,1984,0,0,0,0,0,0,0,0,0,0
361297,0,1,1984,0,0,0,0,0,0,0,0,0,0
361297,1,1,1984,16,0,0,0,0,0,0,0,0,0
361298,0,1,1984,0,18,0,0,0,0,0,0,0,0
361298,1,1,1984,0,0,0,0,0,0,0,0,0,0
361299,0,1,1984,0,0,0,0,0,0,0,0,0,0
361299,1,1,1984,5,0,0,33,0,0,0,13,0,0
361300,0,1,1984,0,0,0,0,0,0,0,0,0,0
361300,1,1,1984,0,0,0,0,0,0,8,0,0,0
361301,1,1,1984,20,20,20,20,20,20,20,20,20,20
361302,1,1,1984,29,29,29,29,29,29,29,29,29,29
361303,1,1,1984,14,14,14,14,14,14,14,14,14,14
361304,1,1,1984,14,0,0,0,0,0,0,0,0,0
361305,1,1,1984,0,0,0,0,0,0,0,0,0,0
361305,2,1,1984,0,0,0,0,0,0,0,0,0,0
361306,1,1,1984,12,12,12,12,12,12,12,12,12,12
361307,0,1,1984,11,11,11,11,11,11,11,11,11,11
361307,1,1,1984,0,26,16,11,12,18,14,11,0,25
361308,1,1,1984,0,0,0,0,0,0,0,0,0,0
361309,1,1,1984,7,7,7,7,7,7,7,7,7,7
361310,1,1,1984,6,6,6,6,6,6,6,6,6,6
361311,1,1,1984,33,21,0,0,0,0,0,0,11,0
361311,2,1,1984,9,9,9,9,9,9,9,9,9,9
361312,1,1,1984,16,0,0,0,0,0,0,0,0,0
361313,1,1,1984,0,0,0,0,0,0,0,0,0,0
361313,2,1,1984,0,0,0,0,0,0,0,0,0,0
361314,1,1,1984,11,23,28,20,17,17,14,27,15,19
361315,1,1,1984,0,0,0,0,0,0,0,0,0,0
361316,1,1,1984,20,14,5,21,33,19,15,7,23,24
361317,0,1,1984,0,0,0,0,0,0,23,0,0,0
361317,1,1,1984,0,0,0,0,0,24,0,0,0,0
361318,1,1,1984,17,17,17,17,17,17,17,17,17,17
361319,1,1,1984,40,16,29,25,12,0,7,18,22,25
361319,2,1,1984,0,0,0,0,0,0,0,0,0,0
361320,0,1,1984,12,12,12,12,12,12,12,12,12,12
361320,1,1,1984,0,13,24,6,5,16,13,15,18,16
361321,1,1,1984,0,0,0,0,0,0,0,0,0,0
361322,1,1,1984,0,0,0,0,0,0,0,0,0,0
361322,2,1,1984,19,0,25,16,17,24,11,12,3,23
361323,0,1,1984,0,0,0,0,0,0,0,0,0,0
361323,1,1,1984,0,0,0,0,0,0,0,0,0,0
361324,1,1,1984,17,17,17,17,17,17,17,17,17,17
361325,1,1,1984,0,0,0,0,0,0,0,0,0,0
361325,2,1,1984,0,0,0,0,0,0,0,0,0,0
361326,0,1,1984,13,13,13,13,13,13,13,13,13,13
361326,1,1,1984,22,0,12,0,0,0,0,0,6,11
361327,1,1,1984,13,13,13,13,13,13,13,13,13,13
361327,2,1,1984,0,11,0,0,0,0,0,17,0,0
361328,0,1,1984,28,28,28,28,28,28,28,28,28,28
361328,1,1,1984,0,22,12,19,0,0,0,21,0,0
361329,0,1,1984,25,25,25,25,25,25,25,25,25,25
361329,1,1,1984,0,11,8,0,0,0,0,0,0,7
361330,1,1,1984,11,11,11,11,11,11,11,11,11,11
361331,1,1,1984,0,0,0,0,0,0,0,0,0,0
361331,2,1,1984,0,0,0,0,0,0,0,0,0,0
361333,1,1,1984,0,0,0,0,0,7,0,0,0,0
361333,2,1,1984,0,0,0,0,0,0,0,10,0,0
361334,1,1,1984,21,21,21,21,21,21,21,21,21,21
361335,1,1,1984,11,0,10,0,4,27,0,0,0,16
361336,0,1,1984,0,0,0,0,0,0,0,0,0,0
361336,1,1,1984,7,0,0,0,0,0,19,0,0,0
361337,1,1,1984,0,0,0,0,0,0,0,0,0,0
361337,2,1,1984,0,0,0,0,0,0,0,0,0,0
361337,3,1,1984,0,0,0,0,0,0,0,0,22,0
361338,0,1,1984,0,0,0,0,0,0,0,0,0,0
361338,1,1,1984,35,23,12,13,5,26,2,16,22,12
361339,0,1,1984,0,0,0,0,0,0,0,0,0,0
361339,0,2,1984,0,46,0,29,0,31,0,0,28,0
361339,1,1,1984,0,0,0,0,0,0,0,0,0,0
361340,1,1,1984,10,10,10,10,10,10,10,10,10,10
361341,0,1,1984,0,0,0,0,0,0,0,0,0,0
361341,1,1,1984,8,0,0,0,0,0,0,0,0,0
361342,1,1,1984,0,8,0,0,0,0,0,0,0,9
361342,2,1,1984,4,10,7,8,24,24,16,14,22,9
361343,1,1,1984,0,0,0,0,0,0,0,0,0,0
361343,2,1,1984,0,0,0,0,0,0,13,0,16,0
361344,1,1,1984,0,0,0,0,0,0,0,0,0,0
361345,0,1,1984,42,42,42,42,42,42,42,42,42,42
361345,1,1,1984,0,0,0,0,0,0,9,0,0,0
361346,1,1,1984,0,0,0,0,7,0,19,8,12,14
361347,1,1,1984,0,0,10,0,0,0,0,0,0,0
361347,2,1,1984,0,0,0,41,0,18,0,27,0,27
361348,1,1,1984,0,0,0,0,0,0,0,0,0,0
361348,2,1,1984,0,0,0,0,0,0,0,4,15,0
361348,3,1,1984,0,0,0,0,0,0,0,0,0,0
361349,1,1,1984,18,18,18,18,18,18,18,18,18,18
361350,1,1,1984,18,18,18,18,18,18,18,18,18,18
361351,1,1,1984,19,23,16,17,10,11,16,17,8,6
361352,1,1,1984,0,0,0,0,16,18,0,0,0,0
361353,1,1,1984,16,16,16,16,16,16,16,16,16,16
361354,0,1,1984,0,0,19,0,0,0,0,0,0,0
361354,1,1,1984,8,23,24,19,19,18,8,8,14,33
361355,1,1,1984,0,0,0,0,0,0,0,0,0,0
361356,1,1,1984,0,15,0,0,0,0,0,0,0,0
361356,2,1,1984,0,0,0,0,0,0,0,0,0,0
361357,1,1,1984,0,0,0,0,0,0,0,0,0,0
361358,1,1,1984,20,20,20,20,20,20,20,20,20,20
361359,1,1,1984,10,13,24,15,24,22,19,20,19,11
361359,2,1,1984,0,0,0,0,0,0,0,0,0,0
361360,1,1,1984,5,5,5,5,5,5,5,5,5,5
361361,1,1,1984,0,0,0,0,0,0,0,0,0,0
361362,1,1,1984,0,0,0,0,0,0,0,0,0,0
361362,2,1,1984,0,0,0,0,0,0,0,0,0,0
361363,0,1,1984,0,0,0,0,0,0,0,0,0,0
361363,1,1,1984,0,0,0,0,0,0,0,0,0,6
361364,1,1,1984,0,0,0,0,0,0,0,0,0,0
361364,2,1,1984,0,0,0,0,0,0,0,0,0,0
361365,0,1,1984,0,0,0,0,0,28,0,0,19,0
361365,1,1,1984,22,31,0,0,0,0,0,6,12,16
361366,1,1,1984,0,0,0,0,0,0,0,0,0,0
361366,2,1,1984,0,0,0,0,0,0,0,0,0,0
361366,3,1,1984,12,0,15,25,0,0,54,16,0,25
361367,0,1,1984,6,6,6,6,6,6,6,6,6,6
361367,1,1,1984,0,0,0,0,0,0,0,0,20,0
361368,0,1,1984,0,0,0,0,0,0,0,0,0,0
361368,3,1,1984,28,9,14,17,16,25,5,14,31,10
361369,1,1,1984,8,10,13,3,14,8,3,15,16,16
361370,0,1,1984,22,22,22,22,22,22,22,22,22,22
361370,1,1,1984,0,0,0,0,0,12,0,0,11,0
361371,1,1,1984,13,13,13,13,13,13,13,13,13,13
361371,2,1,1984,7,5,9,21,24,3,14,3,5,6
361372,0,1,1984,0,0,0,0,0,0,0,0,0,0
361372,1,1,1984,0,0,0,0,0,0,0,0,0,0
361373,0,1,1984,0,0,0,0,0,0,0,0,0,0
361373,1,1,1984,0,0,5,0,0,0,0,0,0,0
361374,0,1,1984,20,13,12,6,0,27,8,11,11,27
361374,1,1,1984,0,0,0,0,0,0,0,0,0,0
361375,0,1,1984,0,0,0,0,0,0,0,0,0,0
361375,1,1,1984,0,0,0,0,0,0,0,0,0,0
361376,1,1,1984,0,0,0,0,0,0,0,0,0,0
361376,2,1,1984,6,12,13,0,0,0,8,34,15,16
361377,1,1,1984,25,19,8,16,0,22,0,28,0,0
361378,0,1,1984,0,0,0,0,0,0,0,0,0,0
361378,1,1,1984,20,13,3,8,19,7,17,14,7,13
361379,0,1,1984,0,0,0,0,0,0,0,0,0,0
361379,0,2,1984,0,0,0,0,5,0,0,0,0,0
361379,1,1,1984,0,0,0,0,0,0,0,0,0,0
361380,0,1,1984,0,0,0,0,0,0,0,0,0,0
361380,1,1,1984,0,0,0,0,0,0,0,0,0,0
361381,0,1,1984,0,0,18,0,0,0,0,0,0,0
361381,1,1,1984,0,0,0,0,0,28,0,0,0,0
361382,1,1,1984,0,0,0,0,0,0,0,0,0,0
361382,2,1,1984,0,0,0,0,0,0,0,0,0,0
361383,1,1,1984,13,13,13,13,13,13,13,13,13,13
361384,0,1,1984,0,0,0,0,0,0,0,0,0,10
361384,1,1,1984,0,0,0,0,0,0,0,0,0,0
361385,1,1,1984,0,0,0,0,0,0,0,0,0,0
361385,2,1,1984,0,0,0,0,0,0,0,0,0,0
361386,0,1,1984,0,0,20,23,22,0,0,0,0,0
361386,1,1,1984,0,0,0,0,0,0,0,0,4,0
361387,1,1,1984,17,0,0,0,0,0,34,0,0,0
361388,0,1,1984,0,0,0,22,0,0,26,0,14,23
361388,1,1,1984,18,16,18,17,14,9,6,9,17,5
361389,0,1,1984,5,13,25,19,10,0,0,17,38,12
361389,1,1,1984,0,0,0,0,0,0,0,0,0,0
361390,1,1,1984,11,11,11,11,11,11,11,11,11,11
361391,1,1,1984,15,15,15,15,15,15,15,15,15,15
361392,1,1,1984,16,0,0,20,0,0,0,0,0,0
361392,2,1,1984,0,0,0,0,0,0,0,0,0,0
361393,1,1,1984,19,13,6,7,8,14,15,25,14,21
361394,1,1,1984,1,1,1,1,1,1,1,1,1,1
361395,1,1,1984,17,18,20,14,12,23,16,10,4,10
361395,2,1,1984,0,0,0,0,0,0,20,0,0,0
361396,1,1,1984,17,17,17,17,17,17,17,17,17,17
361396,2,1,1984,0,13,0,0,7,0,0,0,0,0
361397,1,1,1984,14,14,14,14,14,14,14,14,14,14
361398,0,1,1984,24,31,28,25,17,45,21,34,35,39
361398,1,1,1984,0,0,0,0,0,0,0,0,0,0
361399,0,1,1984,0,0,15,0,0,0,0,0,0,29
361399,0,2,1984,0,0,0,0,5,0,0,0,0,0
361399,1,1,1984,0,0,10,19,0,0,0,0,0,0
361400,0,1,1984,33,33,33,33,33,33,33,33,33,33
361400,1,1,1984,16,0,29,0,0,13,18,0,0,0
361401,1,1,1984,0,0,0,0,15,0,16,13,0,8
361401,2,1,1984,0,0,0,0,0,0,0,0,0,0
361401,3,1,1984,9,9,9,9,9,9,9,9,9,9
361402,1,1,1984,24,24,24,24,24,24,24,24,24,24
361403,0,1,1984,0,0,0,0,0,0,0,0,0,0
361403,1,1,1984,0,0,0,0,0,0,0,0,0,0
361404,1,1,1984,0,0,0,0,0,12,0,0,0,0
361404,2,1,1984,0,0,0,0,0,0,0,0,0,0
361405,0,1,1984,0,0,0,36,20,0,0,10,6,45
361405,1,1,1984,0,0,0,0,0,0,0,0,0,0
361406,0,1,1984,11,11,11,11,11,11,11,11,11,11
361406,1,1,1984,5,0,0,0,0,0,0,0,0,0
361407,1,1,1984,21,6,17,6,12,13,16,8,22,7
361408,0,1,1984,4,4,4,4,4,4,4,4,4,4
361408,1,1,1984,0,0,0,0,0,0,0,0,0,0
361409,1,1,1984,0,0,0,0,0,0,0,0,0,0
361409,2,1,1984,11,11,11,11,11,11,11,11,11,11
361410,1,1,1984,0,0,8,0,0,0,0,0,0,0
361410,2,1,1984,0,0,0,0,0,0,0,0,0,0
361411,1,1,1984,0,0,0,0,0,0,0,0,0,0
361412,0,1,1984,0,12,17,21,0,0,0,0,24,13
361412,0,2,1984,0,0,0,0,16,19,0,20,23,17
361412,1,1,1984,2,11,9,7,13,17,14,5,18,16
361412,2,1,1984,30,29,0,0,0,0,0,0,0,19
361413,1,1,1984,0,0,0,0,0,0,19,0,0,0
361413,2,1,1984,0,0,0,0,0,0,0,0,0,0
361414,0,1,1984,0,0,0,0,0,0,0,0,0,8
361414,1,1,1984,0,0,0,0,0,0,0,0,0,0
361415,1,1,1984,0,0,0,0,0,0,0,0,0,0
361416,0,1,1984,0,0,0,0,0,0,0,0,0,0
361416,1,1,1984,25,23,35,0,0,0,0,0,13,11
361417,1,1,1984,20,13,0,21,11,0,0,0,9,14
361417,2,1,1984,10,0,14,23,11,16,0,9,31,9
361418,0,1,1984,0,40,0,0,0,28,19,32,20,0
361418,1,1,1984,0,0,0,0,0,0,0,0,20,0
361419,0,1,1984,20,20,20,20,20,20,20,20,20,20
361419,1,1,1984,0,0,0,0,0,0,0,0,0,0
361419,2,1,1984,23,26,0,0,25,19,0,25,22,0
361420,1,1,1984,0,0,0,0,0,0,0,0,0,0
361421,0,1,1984,0,0,0,0,0,0,0,0,0,0
361421,1,1,1984,0,0,0,0,0,0,0,0,0,0
361422,0,1,1984,0,16,21,0,0,13,0,0,25,7
361422,1,1,1984,0,16,11,0,22,9,0,21,0,19
361422,2,1,1984,0,0,0,0,0,0,7,0,0,0
361424,0,1,1984,5,0,0,0,0,0,0,0,0,0
361424,0,2,1984,0,0,0,0,0,0,0,0,0,0
361424,0,3,1984,0,0,0,0,0,0,0,0,0,0
361424,1,1,1984,0,8,14,0,8,18,0,0,0,0
361425,1,1,1984,0,0,0,0,0,0,0,0,0,0