ST_CASE,VEH_NO,PER_NO,YEAR,P1,P2,P3,P4,P5,P6,P7,P8,P9,P10
361426,1,1,1984,6,11,15,0,9,0,0,0,0,0
361427,1,1,1984,0,0,0,0,0,0,0,0,0,0
361427,2,1,1984,0,0,0,0,0,0,0,0,0,0
361427,3,1,1984,0,0,0,0,0,0,0,0,0,0
361428,1,1,1984,0,13,0,0,0,0,0,0,0,28
361429,1,1,1984,9,25,0,0,5,0,10,11,22,11
361430,1,1,1984,0,0,0,0,0,0,0,0,0,0
361430,2,1,1984,14,0,12,14,18,11,12,4,0,8
361431,1,1,1984,14,30,37,17,26,12,21,10,3,7
361432,1,1,1984,26,26,26,26,26,26,26,26,26,26
361432,2,1,1984,0,0,0,0,0,0,0,0,0,0
361433,0,1,1984,0,16,9,13,0,0,0,0,0,0
361433,1,1,1984,6,0,0,0,0,0,0,0,0,12
361434,0,1,1984,4,4,4,4,4,4,4,4,4,4
361434,1,1,1984,15,21,13,28,10,19,12,15,10,0
361435,1,1,1984,17,17,17,17,17,17,17,17,17,17
361436,0,1,1984,16,16,16,16,16,16,16,16,16,16
361436,1,1,1984,0,0,0,0,0,0,0,0,0,0
361437,1,1,1984,0,0,0,0,0,0,0,0,0,0
361437,2,1,1984,0,0,0,0,0,0,0,0,0,0
361438,1,1,1984,16,0,0,0,16,10,16,0,0,0
361439,1,1,1984,0,0,0,0,0,0,0,0,0,0
361440,0,1,1984,0,0,0,0,0,0,0,0,0,0
361440,1,1,1984,0,0,0,0,0,0,0,0,0,0
361441,1,1,1984,0,6,0,0,0,0,0,0,14,3
361442,1,1,1984,0,0,17,4,0,0,0,0,0,0
361442,2,1,1984,0,0,0,0,0,24,0,0,0,0
361443,1,1,1984,0,0,0,0,0,0,0,0,0,0
361443,2,1,1984,0,0,0,0,0,0,0,0,0,0
361444,1,1,1984,18,18,18,18,18,18,18,18,18,18
361445,0,1,1984,0,0,0,0,0,0,0,0,0,0
361445,1,1,1984,0,12,0,0,0,0,8,0,0,0
361446,1,1,1984,1,1,1,1,1,1,1,1,1,1
361447,1,1,1984,18,18,18,18,18,18,18,18,18,18
361448,1,1,1984,0,0,16,0,17,12,0,0,13,0
361448,2,1,1984,0,0,0,0,0,0,0,0,0,0
361449,1,1,1984,0,0,0,0,0,0,0,0,0,0
361450,0,1,1984,31,31,31,31,31,31,31,31,31,31
361450,1,1,1984,15,0,0,0,0,0,0,0,0,0
361451,0,1,1984,0,30,0,20,12,27,25,0,0,44
361451,1,1,1984,0,0,0,0,0,0,52,0,0,0
361452,0,1,1984,0,0,0,8,0,0,0,9,0,0
361452,0,2,1984,0,0,0,0,9,0,0,0,0,0
361452,1,1,1984,33,0,8,16,17,0,30,21,40,0
361453,1,1,1984,0,0,0,0,0,0,0,0,0,0
361453,2,1,1984,0,0,0,0,0,0,0,0,0,0
361454,1,1,1984,0,0,0,0,0,0,0,0,9,19
361455,1,1,1984,17,17,17,17,17,17,17,17,17,17
361455,2,1,1984,21,0,0,17,0,17,0,5,13,8
361456,0,1,1984,0,0,0,0,0,0,0,0,0,0
361456,0,2,1984,21,21,25,23,36,15,25,20,13,13
361456,1,1,1984,6,0,7,19,9,6,8,10,19,4
361457,1,1,1984,0,0,0,0,0,0,0,0,0,0
361457,2,1,1984,0,0,0,0,0,0,0,16,0,0
361458,1,1,1984,13,13,13,13,13,13,13,13,13,13
361459,1,1,1984,15,7,3,9,19,11,12,7,20,22
361460,1,1,1984,16,16,16,16,16,16,16,16,16,16
361460,2,1,1984,0,0,0,0,0,0,0,0,0,0
361461,1,1,1984,0,0,0,0,0,0,0,0,0,0
361461,2,1,1984,12,9,0,0,0,0,0,0,22,0
361462,1,1,1984,0,11,3,0,0,0,0,0,0,0
361462,2,1,1984,5,5,5,5,5,5,5,5,5,5
361463,0,1,1984,14,14,14,14,14,14,14,14,14,14
361463,1,1,1984,0,0,12,0,0,0,0,0,0,0
361464,0,1,1984,11,0,20,0,21,0,0,0,5,39
361464,1,1,1984,0,0,0,0,0,8,0,0,0,0
361465,1,1,1984,11,11,11,11,11,11,11,11,11,11
361466,1,1,1984,28,28,28,28,28,28,28,28,28,28
361467,1,1,1984,0,0,0,0,0,14,14,0,0,0
361468,0,1,1984,0,0,0,0,0,0,0,0,0,0
361468,1,1,1984,0,0,0,0,0,0,0,0,0,0
361469,1,1,1984,0,0,0,0,0,0,0,0,0,0
361470,1,1,1984,0,0,0,0,0,0,0,0,0,21
361471,0,1,1984,0,0,0,0,0,13,0,0,13,0
361471,1,1,1984,0,0,0,0,0,0,0,0,0,0
361472,0,1,1984,13,0,17,0,0,4,0,0,17,0
361472,1,1,1984,21,18,0,30,0,0,0,7,8,0
361473,1,1,1984,0,0,0,0,0,0,0,0,0,0
361474,1,1,1984,13,13,13,13,13,13,13,13,13,13
361475,1,1,1984,0,0,0,0,10,0,0,0,0,0
361475,2,1,1984,0,0,0,0,0,0,0,0,0,0
361476,0,1,1984,24,24,24,24,24,24,24,24,24,24
361476,1,1,1984,0,0,12,0,0,0,0,12,6,0
361477,0,1,1984,15,15,15,15,15,15,15,15,15,15
361477,1,1,1984,0,0,0,0,0,0,0,0,0,0
361478,0,1,1984,0,0,0,0,0,0,0,0,0,0
361478,1,1,1984,0,0,0,0,28,0,0,0,0,0
361479,0,1,1984,0,0,0,0,0,0,0,0,0,0
361479,1,1,1984,0,6,0,0,0,0,0,0,0,0
361480,1,1,1984,0,0,0,0,0,0,0,0,22,0
361480,2,1,1984,0,0,0,0,0,0,0,0,0,0
361481,1,1,1984,25,0,21,20,12,17,18,12,0,0
361482,1,1,1984,0,0,0,0,0,0,0,0,0,0
361482,2,1,1984,0,0,0,0,0,13,0,0,0,0
361483,1,1,1984,0,0,0,0,0,0,0,0,0,0
361483,2,1,1984,0,0,0,0,0,0,0,0,0,0
361484,1,1,1984,13,0,0,12,0,0,0,0,19,0
361484,2,1,1984,17,17,17,17,17,17,17,17,17,17
361485,0,1,1984,0,0,0,0,0,0,0,0,0,0
361485,1,1,1984,0,0,0,0,0,0,0,0,0,0
361486,0,1,1984,11,21,0,0,0,0,17,0,0,0
361486,1,1,1984,0,0,0,0,0,0,0,24,13,15
361487,1,1,1984,8,0,16,0,0,0,0,0,10,0
361487,2,1,1984,16,0,0,9,0,0,0,0,6,0
361488,0,1,1984,0,0,0,0,0,0,0,0,0,0
361488,1,1,1984,0,0,0,9,0,0,0,9,0,0
361489,0,1,1984,0,0,0,0,0,0,0,0,0,0
361489,1,1,1984,0,0,0,0,0,0,0,0,0,0
361490,1,1,1984,16,33,13,14,17,18,6,0,7,27
361491,1,1,1984,0,12,16,27,8,23,7,23,20,38
361492,1,1,1984,18,13,14,15,9,13,24,14,21,29
361493,1,1,1984,13,13,13,13,13,13,13,13,13,13
361493,2,1,1984,7,11,4,15,0,34,0,7,11,5
361494,1,1,1984,0,0,0,0,0,0,0,24,0,0
361494,2,1,1984,0,0,0,0,0,0,0,0,0,0
361495,0,1,1984,0,0,0,0,0,0,0,0,0,0
361495,1,1,1984,0,0,0,0,0,0,0,0,0,0
361496,1,1,1984,0,0,0,0,0,0,0,0,0,0
361496,2,1,1984,0,0,0,0,0,0,0,0,0,0
361497,0,1,1984,0,0,0,0,0,0,0,0,0,0
361497,1,1,1984,0,0,0,0,0,0,0,0,0,0
361498,0,1,1984,0,0,15,0,0,0,0,0,0,0
361498,1,1,1984,0,0,0,0,0,0,0,0,0,0
361499,1,1,1984,10,0,0,0,0,0,0,0,0,0
361499,2,1,1984,5,30,18,17,14,17,0,0,15,7
361500,0,1,1984,0,20,0,0,0,14,0,20,16,33
361500,1,1,1984,5,5,0,15,15,22,27,22,12,9
361501,1,1,1984,14,17,13,9,11,14,19,0,18,12
361502,0,1,1984,0,0,0,0,0,0,0,0,0,0
361502,1,1,1984,11,22,4,17,11,26,23,13,0,25
361503,1,1,1984,0,0,0,0,0,0,12,0,0,0
361503,2,1,1984,4,4,4,4,4,4,4,4,4,4
361504,0,1,1984,0,0,0,0,0,0,0,0,0,0
361504,1,1,1984,0,0,0,0,0,0,0,0,0,0
361505,1,1,1984,15,3,4,17,12,11,12,11,8,15
361505,2,1,1984,0,0,10,0,0,8,20,0,21,0
361506,0,1,1984,0,0,0,0,0,0,0,0,0,0
361506,1,1,1984,0,0,0,0,0,0,0,12,0,0
361507,1,1,1984,0,0,0,0,0,0,0,0,0,0
361507,2,1,1984,0,0,0,0,0,0,0,0,0,0
361508,1,1,1984,0,0,0,0,0,0,0,0,0,0
361508,2,1,1984,0,0,0,0,0,0,0,0,0,0
361509,1,1,1984,0,0,0,0,0,0,0,0,0,21
361509,2,1,1984,0,0,0,0,0,0,0,0,0,0
361510,0,1,1984,0,0,0,0,0,0,0,0,0,0
361510,1,1,1984,0,0,0,0,0,16,0,0,17,0
361511,1,1,1984,0,0,0,0,0,0,0,0,0,0
361511,2,1,1984,0,0,0,0,0,0,0,0,0,0
361512,1,1,1984,0,0,0,0,0,0,0,0,0,0
361512,2,1,1984,0,0,0,0,0,0,0,0,0,0
361513,0,1,1984,0,0,0,0,0,0,0,0,0,0
361513,1,1,1984,12,0,0,10,0,0,0,0,0,0
361514,1,1,1984,0,0,0,0,0,0,0,0,0,0
361514,2,1,1984,0,12,0,0,0,23,19,0,11,10
361515,1,1,1984,4,4,4,4,4,4,4,4,4,4
361516,1,1,1984,0,0,0,0,0,0,0,0,0,0
361516,2,1,1984,0,0,0,0,0,0,0,0,0,0
361517,1,1,1984,0,0,0,0,0,0,0,0,0,0
361517,2,1,1984,0,0,0,0,0,0,0,0,0,0
361518,0,1,1984,0,0,0,0,0,0,0,0,0,0
361518,1,1,1984,0,0,0,0,0,0,0,0,0,0
361519,0,1,1984,0,0,0,0,0,0,0,0,0,0
361519,1,1,1984,0,0,0,0,0,0,0,0,0,0
361520,1,1,1984,0,0,0,0,0,0,0,0,0,0
361520,2,1,1984,0,0,0,0,0,0,0,0,0,0
361521,1,1,1984,0,0,0,0,24,0,0,0,0,0
361521,2,1,1984,0,0,0,0,0,0,0,0,0,0
361522,0,1,1984,0,0,0,0,0,0,0,0,0,0
361522,0,2,1984,0,0,0,0,0,0,0,0,0,0
361522,1,1,1984,0,0,0,0,0,27,0,0,25,0
361523,1,1,1984,0,0,0,0,0,0,0,0,0,0
361523,2,1,1984,0,0,0,0,0,0,0,0,0,0
361524,0,1,1984,40,40,40,40,40,40,40,40,40,40
361524,1,1,1984,3,0,0,4,0,0,0,29,0,0
361525,0,1,1984,0,0,0,0,0,0,0,0,0,0
361525,1,1,1984,0,0,0,0,0,0,0,0,0,0
361526,1,1,1984,0,0,0,0,0,0,0,0,0,0
361527,0,1,1984,23,23,23,23,23,23,23,23,23,23
361527,1,1,1984,17,19,18,22,24,29,37,19,0,14
361528,1,1,1984,0,0,20,0,0,0,0,0,0,0
361528,2,1,1984,0,0,0,0,0,0,0,0,0,0
361529,1,1,1984,8,18,5,0,7,28,7,16,0,11
361530,0,1,1984,20,20,20,20,20,20,20,20,20,20
361530,1,1,1984,0,0,0,0,19,0,0,0,0,0
361530,2,1,1984,0,0,0,0,0,0,0,12,0,0
361531,1,1,1984,0,0,0,0,0,0,0,0,0,0
361531,2,1,1984,2,2,2,2,2,2,2,2,2,2
361532,1,1,1984,0,0,0,0,0,0,0,0,0,0
361532,2,1,1984,0,0,0,0,0,0,0,0,0,0
361533,1,1,1984,0,0,0,0,0,0,0,0,0,0
361533,2,1,1984,0,0,0,0,0,0,0,0,0,0
361534,1,1,1984,11,11,11,11,11,11,11,11,11,11
361535,1,1,1984,0,0,0,0,0,0,14,0,0,0
361535,2,1,1984,23,23,23,23,23,23,23,23,23,23
361536,1,1,1984,0,0,0,0,0,0,0,0,0,0
361536,2,1,1984,0,0,0,0,0,0,0,0,0,0
361536,3,1,1984,0,0,0,0,0,0,0,0,0,0
361536,4,1,1984,0,0,0,0,0,0,0,0,0,0
361537,1,1,1984,7,7,7,7,7,7,7,7,7,7
361538,1,1,1984,12,12,12,12,12,12,12,12,12,12
361539,1,1,1984,0,0,0,0,0,0,0,0,0,0
361539,2,1,1984,0,0,0,0,0,0,0,0,0,0
361540,1,1,1984,6,10,20,12,14,0,19,0,0,0
361541,1,1,1984,0,0,0,5,0,0,0,0,0,0
361541,2,1,1984,0,0,0,0,0,0,0,0,0,0
361542,1,1,1984,0,0,0,0,0,0,0,0,0,0
361542,2,1,1984,22,22,22,22,22,22,22,22,22,22
361543,0,1,1984,0,0,0,0,0,0,0,0,0,0
361543,1,1,1984,0,0,11,0,28,0,0,15,0,0
361544,0,1,1984,0,7,0,0,24,0,0,0,0,0
361544,1,1,1984,0,0,0,0,0,0,0,0,0,0
361545,1,1,1984,22,21,7,0,18,14,14,23,8,18
361546,1,1,1984,19,8,16,15,20,26,14,14,10,11
361547,1,1,1984,0,0,29,22,0,0,15,0,0,19
361548,1,1,1984,28,28,28,28,28,28,28,28,28,28
361549,0,1,1984,8,0,0,0,0,19,0,0,0,0
361549,1,1,1984,12,0,0,0,0,0,0,12,11,0
361550,1,1,1984,17,17,17,17,17,17,17,17,17,17
361551,1,1,1984,14,23,17,0,0,21,18,12,6,29
361552,1,1,1984,10,14,16,17,14,12,0,3,7,0
361552,2,1,1984,7,12,0,11,0,16,7,0,11,13
361553,1,1,1984,26,26,26,26,26,26,26,26,26,26
361553,2,1,1984,0,0,0,0,0,0,0,0,0,0
361553,3,1,1984,0,0,0,0,0,0,0,0,0,0
361553,4,1,1984,0,0,0,0,0,0,0,17,18,10
361554,1,1,1984,0,0,0,13,0,0,0,0,0,0
361554,2,1,1984,0,0,0,15,27,0,0,19,0,0
361555,1,1,1984,17,7,11,25,14,8,19,15,26,27
361556,1,1,1984,0,0,0,0,14,0,0,11,8,36
361557,0,1,1984,0,0,0,0,0,0,0,0,0,0
361557,1,1,1984,0,7,0,2,9,0,10,24,26,16
361558,1,1,1984,0,0,0,0,0,0,0,0,0,0
361558,2,1,1984,0,0,0,0,0,0,0,0,0,0
361558,3,1,1984,0,0,0,0,0,0,0,0,0,0
361559,0,1,1984,0,0,16,0,0,0,0,0,0,0
361559,1,1,1984,21,20,21,16,12,14,15,10,10,0
361560,1,1,1984,0,0,0,0,0,0,0,0,0,0
361560,2,1,1984,0,0,0,0,0,0,0,0,0,0
361561,1,1,1984,28,28,28,28,28,28,28,28,28,28
361562,0,1,1984,0,0,0,0,0,0,0,0,0,0
361562,1,1,1984,0,0,0,12,0,0,0,0,0,0
361563,0,1,1984,0,0,0,0,0,0,0,0,0,0
361563,0,2,1984,0,0,0,0,0,0,0,0,0,0
361563,0,3,1984,0,0,0,0,11,0,0,0,0,0
361563,0,4,1984,0,0,0,0,0,0,0,0,0,20
361563,1,1,1984,0,0,0,0,0,0,0,0,11,0
361564,1,1,1984,0,0,0,0,0,0,0,0,0,0
361565,1,1,1984,5,0,0,0,17,0,0,0,0,0
361565,2,1,1984,0,0,0,0,0,0,0,0,0,0
361566,0,1,1984,5,5,5,5,5,5,5,5,5,5
361566,0,2,1984,24,14,16,10,0,14,17,15,5,0
361566,0,3,1984,0,7,12,0,18,15,0,19,0,24
361566,0,4,1984,29,17,0,0,0,29,8,14,0,10
361566,1,1,1984,10,26,9,7,14,24,4,13,13,10
361567,1,1,1984,0,0,0,0,0,20,8,0,0,10
361567,2,1,1984,1,1,1,1,1,1,1,1,1,1
361568,1,1,1984,0,0,0,0,12,0,0,0,0,0
361568,2,1,1984,0,0,0,0,0,0,0,0,0,0
361569,1,1,1984,7,7,7,7,7,7,7,7,7,7
361570,1,1,1984,0,0,0,0,0,0,0,0,0,19
361570,2,1,1984,0,0,0,0,0,3,0,0,0,16
361571,1,1,1984,12,12,12,12,12,12,12,12,12,12
361571,2,1,1984,0,0,0,0,0,0,0,0,0,0
361572,0,1,1984,0,0,15,0,0,0,9,12,0,18
361572,1,1,1984,15,12,19,20,23,13,16,20,0,16
361573,1,1,1984,0,0,0,0,0,0,0,0,13,15
361573,2,1,1984,19,19,19,19,19,19,19,19,19,19
361574,1,1,1984,19,19,19,19,19,19,19,19,19,19
361574,2,1,1984,0,0,0,0,0,6,0,0,0,0
361575,0,1,1984,0,0,0,0,0,0,0,0,0,0
361575,1,1,1984,0,0,0,0,0,0,0,0,18,3
361576,1,1,1984,16,16,16,16,16,16,16,16,16,16
361577,1,1,1984,0,25,0,0,0,0,0,0,0,0
361577,2,1,1984,15,0,37,0,0,24,0,0,0,0
361578,1,1,1984,25,25,25,25,25,25,25,25,25,25
361579,0,1,1984,0,0,0,0,0,0,23,0,0,0
361579,1,1,1984,0,0,0,0,0,0,0,0,0,0
361580,1,1,1984,0,0,22,0,0,0,0,0,0,0
361580,2,1,1984,0,0,0,0,0,0,0,0,0,0
361581,1,1,1984,17,17,17,17,17,17,17,17,17,17
361581,2,1,1984,0,0,0,0,0,0,0,0,0,0
361582,1,1,1984,12,11,17,20,4,19,13,5,5,13
361583,1,1,1984,15,15,15,15,15,15,15,15,15,15
361584,0,1,1984,0,0,0,0,0,0,0,0,0,0
361584,1,1,1984,0,0,0,0,0,0,0,0,0,0
361585,0,1,1984,0,0,0,0,0,0,0,0,0,0
361585,1,1,1984,0,0,0,0,0,0,0,0,0,0
361586,1,1,1984,34,24,19,14,16,27,7,22,24,14
361587,1,1,1984,6,27,20,11,9,11,9,18,26,13
361588,0,1,1984,0,0,0,0,0,0,0,2,15,0
361588,1,1,1984,0,0,0,36,0,0,36,0,3,0
361589,1,1,1984,13,13,4,14,21,16,4,0,22,12
361590,1,1,1984,0,0,0,0,31,0,0,0,0,0
361590,2,1,1984,25,25,25,25,25,25,25,25,25,25
361591,1,1,1984,0,0,0,0,0,0,0,0,0,0
361591,2,1,1984,0,0,0,0,0,0,0,0,0,25
361592,1,1,1984,0,0,0,0,0,0,0,0,0,0
361592,2,1,1984,0,10,0,0,0,0,0,0,0,0
361593,0,1,1984,0,0,0,0,0,29,9,33,30,0
361593,1,1,1984,20,3,15,17,24,12,4,18,8,11
361594,0,1,1984,21,21,21,21,21,21,21,21,21,21
361594,1,1,1984,0,10,0,0,0,0,0,0,0,0
361595,0,1,1984,0,0,0,0,0,0,0,0,0,0
361595,1,1,1984,0,0,0,0,18,0,0,0,16,0
361596,1,1,1984,0,0,0,0,0,0,0,0,0,0
361597,0,1,1984,0,0,0,0,0,0,0,0,0,0
361597,1,1,1984,0,0,0,0,0,0,0,0,0,0
361598,1,1,1984,27,37,19,15,20,15,26,0,12,21
361599,1,1,1984,7,14,9,13,28,14,0,7,19,18
361600,0,1,1984,0,0,0,0,0,0,16,28,0,0
361600,1,1,1984,0,29,0,0,28,0,11,0,0,18
361601,1,1,1984,0,0,0,0,20,0,0,0,0,0
361602,1,1,1984,0,10,3,0,21,0,0,11,0,0
361603,1,1,1984,0,0,0,0,0,0,0,0,0,0
361604,1,1,1984,19,7,0,0,0,10,0,26,0,6
361605,0,1,1984,0,20,0,28,0,0,0,0,0,0
361605,1,1,1984,0,0,0,15,0,0,0,0,0,0
361606,1,1,1984,0,0,0,0,0,0,0,0,0,0
361607,1,1,1984,0,0,0,0,14,0,0,0,3,21
361607,2,1,1984,0,8,0,13,0,0,6,0,19,0
361608,0,1,1984,18,14,22,27,16,36,18,18,34,0
361608,1,1,1984,33,0,13,0,0,9,0,26,0,0
361609,1,1,1984,0,0,0,0,0,0,0,0,0,0
361610,1,1,1984,23,0,0,0,0,9,0,0,0,0
361610,2,1,1984,0,0,0,0,0,0,0,0,0,0
361611,1,1,1984,0,0,0,4,0,0,0,0,0,0
361611,2,1,1984,0,0,0,0,0,0,0,0,0,0
361612,0,1,1984,0,0,0,0,0,0,0,0,0,0
361612,1,1,1984,7,8,7,9,14,15,3,10,11,4
361613,0,1,1984,0,15,24,0,36,0,36,0,22,19
361613,1,1,1984,18,7,0,20,0,0,0,0,0,0
361614,0,1,1984,26,6,11,0,14,15,0,24,0,30
361614,1,1,1984,0,0,10,0,0,0,0,0,0,0
361614,2,1,1984,0,0,0,0,0,11,0,0,12,9
361615,1,1,1984,17,36,13,12,15,6,21,9,13,8
361615,2,1,1984,0,0,0,0,23,0,0,0,0,0
361616,1,1,1984,20,14,0,0,0,0,0,0,0,29
361616,2,1,1984,0,0,0,12,0,0,0,0,10,0
361617,0,1,1984,31,0,0,28,0,27,0,0,31,16
361617,1,1,1984,0,15,19,0,0,10,0,7,0,22
361618,0,1,1984,0,0,0,0,16,0,0,0,13,0
361618,1,1,1984,0,0,0,0,0,0,0,23,0,0
361619,1,1,1984,14,24,0,22,0,8,0,24,7,0
361620,1,1,1984,25,12,0,21,0,0,8,0,24,0
361621,0,1,1984,0,0,0,0,0,0,0,0,0,0
361621,1,1,1984,0,0,18,0,0,0,0,0,0,0
361622,0,1,1984,0,0,0,0,0,0,0,0,0,0
361622,1,1,1984,0,0,0,0,9,0,0,0,0,0
361623,1,1,1984,0,0,0,0,0,0,0,0,0,0
361623,2,1,1984,0,0,0,0,0,9,0,0,0,0
361624,0,1,1984,0,0,0,0,0,17,0,0,0,0
361624,1,1,1984,0,0,0,0,0,0,0,0,0,0
361625,0,1,1984,0,8,25,17,10,16,24,18,10,11
361625,1,1,1984,0,0,0,0,17,0,0,0,0,22
361625,2,1,1984,0,0,0,0,0,0,0,0,0,0
361626,1,1,1984,0,0,0,0,0,0,0,0,0,0
361627,0,1,1984,0,0,0,0,0,0,0,0,10,0
361627,1,1,1984,0,0,0,0,0,0,0,0,0,0
361628,0,1,1984,0,7,0,0,0,0,0,0,0,0
361628,0,2,1984,0,0,0,0,0,0,0,0,0,0
361628,1,1,1984,0,0,0,0,0,0,0,0,0,0
361629,1,1,1984,17,0,22,21,0,15,18,11,19,21
361630,0,1,1984,9,9,0,13,0,0,15,0,0,18
361630,0,2,1984,17,0,23,0,0,0,0,16,0,0
361630,0,3,1984,18,23,16,18,37,17,0,10,24,48
361630,1,1,1984,0,0,0,0,0,0,0,0,0,0
361630,2,1,1984,0,0,25,0,0,3,12,0,0,5
361631,0,1,1984,0,0,0,0,0,0,0,0,0,0
361631,1,1,1984,0,0,0,0,0,0,0,0,0,0
361632,1,1,1984,0,0,0,0,0,0,0,0,0,0
361632,2,1,1984,0,0,0,0,0,0,0,0,0,0
361633,1,1,1984,12,23,36,22,28,19,26,18,5,13
361634,1,1,1984,0,0,0,0,0,0,0,0,0,0
361634,2,1,1984,0,0,0,0,0,0,0,0,0,17
361635,1,1,1984,15,23,24,23,15,25,7,23,0,30
361636,1,1,1984,15,27,21,11,19,10,25,20,25,16
361638,1,1,1984,15,15,15,15,15,15,15,15,15,15
361638,2,1,1984,0,0,0,0,0,0,0,0,0,0
361639,1,1,1984,0,0,0,0,0,0,0,0,0,0
361639,2,1,1984,0,0,14,0,0,0,0,0,0,0
361639,3,1,1984,0,0,0,0,0,0,0,0,0,0
361639,4,1,1984,0,0,9,0,0,0,0,0,0,0
361640,0,1,1984,0,0,0,0,0,0,0,0,0,0
361640,1,1,1984,0,0,0,19,0,0,0,0,0,0
361641,0,1,1984,0,0,0,0,0,0,0,0,0,0
361642,1,1,1984,11,9,17,26,9,9,11,13,11,5
361643,1,1,1984,0,0,0,0,0,0,0,0,0,0
361643,2,1,1984,0,0,0,0,0,0,0,0,0,0
361644,0,1,1984,0,0,10,0,0,0,0,0,0,0
361644,1,1,1984,28,0,0,0,0,0,0,0,0,0
361645,1,1,1984,0,0,0,0,0,0,0,0,0,0
361646,1,1,1984,0,0,0,0,0,0,0,0,0,0
361647,1,1,1984,0,0,0,0,0,0,0,0,0,0
361648,1,1,1984,0,0,0,0,0,0,0,0,0,0
361648,2,1,1984,0,0,0,0,0,0,0,0,0,0
361649,1,1,1984,0,0,0,0,0,0,0,0,0,0
361650,1,1,1984,22,22,22,22,22,22,22,22,22,22
361651,1,1,1984,20,17,0,21,12,4,13,11,0,19
361651,2,1,1984,9,9,9,9,9,9,9,9,9,9
361652,1,1,1984,0,16,0,0,0,0,0,0,0,0
361652,2,1,1984,0,0,0,0,0,0,0,19,0,0
361653,0,1,1984,0,0,0,0,0,0,0,0,0,0
361653,1,1,1984,0,0,29,0,0,0,0,0,0,4
361654,1,1,1984,19,19,19,19,19,19,19,19,19,19
361654,2,1,1984,0,0,0,0,0,0,0,0,0,0
361655,1,1,1984,6,0,0,3,0,0,0,0,0,0
361656,1,1,1984,0,0,0,0,0,0,0,0,0,0
361656,2,1,1984,0,0,0,0,0,0,0,0,0,0
361656,3,1,1984,0,0,0,0,0,0,0,0,0,0
361657,0,1,1984,13,13,13,13,13,13,13,13,13,13
361657,1,1,1984,0,0,2,0,0,0,16,0,0,38
361657,2,1,1984,0,23,0,0,0,0,13,23,0,0
361658,1,1,1984,0,0,0,0,0,0,0,0,0,0
361658,2,1,1984,0,0,14,0,0,0,18,0,0,0
361659,1,1,1984,18,21,4,11,23,8,6,9,16,8
361660,1,1,1984,3,0,0,0,0,0,15,0,0,0
361661,1,1,1984,0,0,0,0,0,0,0,0,0,0
361661,2,1,1984,1,1,1,1,1,1,1,1,1,1
361662,1,1,1984,0,19,0,0,18,0,22,0,0,16
361663,0,1,1984,0,0,0,0,0,0,0,0,0,0
361663,1,1,1984,0,0,0,0,0,0,0,0,0,0
361664,1,1,1984,0,0,0,0,0,0,0,0,0,0
361665,1,1,1984,0,0,0,0,0,0,0,0,0,12
361665,2,1,1984,0,0,0,0,0,0,0,0,0,0
361666,0,1,1984,0,0,0,0,0,0,0,0,0,0
361666,1,1,1984,0,0,0,0,0,0,0,0,0,15
361666,2,1,1984,0,13,0,0,0,0,0,0,0,0
361667,1,1,1984,10,10,10,10,10,10,10,10,10,10
361668,1,1,1984,21,3,6,26,27,0,8,14,18,10
361669,0,1,1984,37,37,37,37,37,37,37,37,37,37
361669,1,1,1984,7,18,16,17,27,16,10,0,0,13
361670,1,1,1984,19,19,19,19,19,19,19,19,19,19
361671,1,1,1984,0,0,10,0,0,0,0,18,0,0
361672,0,1,1984,2,2,2,2,2,2,2,2,2,2
361672,1,1,1984,0,0,0,0,0,11,0,0,0,0
361673,1,1,1984,0,25,26,26,30,0,23,7,0,17
361674,1,1,1984,0,0,0,0,0,0,0,0,0,0
361674,2,1,1984,0,0,0,0,0,0,0,0,0,0
361674,3,1,1984,0,0,0,0,0,0,0,0,0,0
361674,4,1,1984,0,0,0,0,0,0,0,0,0,0
361675,1,1,1984,0,0,0,0,0,0,0,0,0,0
361675,2,1,1984,0,0,0,0,0,0,0,0,0,0
361676,0,1,1984,0,0,0,0,0,0,0,0,0,0
361676,1,1,1984,0,15,0,0,0,0,0,0,0,17
361677,1,1,1984,0,6,22,0,16,0,30,20,6,15
361678,1,1,1984,0,0,0,0,0,0,0,0,0,0
361679,1,1,1984,17,17,17,17,17,17,17,17,17,17
361680,0,1,1984,5,5,5,5,5,5,5,5,5,5
361680,1,1,1984,0,0,0,0,0,0,30,0,0,0
361681,1,1,1984,15,15,15,15,15,15,15,15,15,15
361682,0,1,1984,0,0,0,0,0,0,0,0,0,0
361682,1,1,1984,0,0,0,0,10,0,0,0,0,0
361683,1,1,1984,0,0,0,0,0,0,0,0,0,0
361683,2,1,1984,0,0,0,0,0,0,0,0,0,0
361684,1,1,1984,30,21,17,20,21,26,37,6,15,17
361685,1,1,1984,0,0,0,0,0,7,0,0,0,0
361685,2,1,1984,0,0,0,0,0,0,0,0,0,0
361686,0,1,1984,11,11,11,11,11,11,11,11,11,11
361686,1,1,1984,0,0,0,0,10,0,0,0,0,0
361687,0,1,1984,29,29,29,29,29,29,29,29,29,29
361687,1,1,1984,0,0,0,0,0,0,0,0,0,12
361688,0,1,1984,0,0,0,0,0,0,0,0,0,0
361688,1,1,1984,0,0,0,0,0,0,0,0,0,0
361689,1,1,1984,6,0,0,0,21,0,0,0,0,0
361689,2,1,1984,21,39,17,28,25,30,4,10,14,20
361690,1,1,1984,0,0,0,0,0,0,0,0,0,0