ST_CASE,VEH_NO,PER_NO,YEAR,P1,P2,P3,P4,P5,P6,P7,P8,P9,P10
361691,1,1,1984,16,16,16,16,16,16,16,16,16,16
361691,2,1,1984,0,0,0,0,19,0,0,7,15,0
361692,1,1,1984,0,10,8,0,0,41,0,0,21,0
361692,2,1,1984,0,21,0,0,14,0,0,0,0,0
361693,1,1,1984,15,23,11,24,19,27,22,14,20,16
361694,1,1,1984,0,0,0,0,0,0,0,0,0,0
361694,2,1,1984,0,0,0,0,0,0,0,0,0,0
361695,0,1,1984,3,3,3,3,3,3,3,3,3,3
361695,1,1,1984,24,0,0,0,0,0,0,0,0,0
361696,1,1,1984,0,0,0,0,0,0,0,0,0,0
361696,2,1,1984,0,0,0,0,0,0,0,0,0,0
361697,1,1,1984,28,12,14,9,19,31,18,10,13,18
361697,2,1,1984,0,27,0,0,0,0,0,0,0,0
361698,1,1,1984,0,8,0,0,0,0,0,0,0,20
361698,2,1,1984,0,0,0,0,0,0,0,0,0,0
361699,1,1,1984,24,24,24,24,24,24,24,24,24,24
361700,0,1,1984,0,0,0,0,0,0,0,0,0,0
361700,0,2,1984,0,0,0,0,0,0,0,0,0,0
361700,0,3,1984,15,14,0,19,18,32,27,19,0,20
361700,1,1,1984,14,14,17,18,10,7,13,11,10,0
361701,1,1,1984,0,0,0,0,0,0,0,0,0,0
361701,2,1,1984,0,0,0,0,0,0,0,0,0,0
361702,1,1,1984,16,16,16,16,16,16,16,16,16,16
361702,2,1,1984,2,14,0,0,0,0,0,0,0,0
361703,1,1,1984,7,13,15,14,29,25,11,10,18,17
361705,0,1,1984,0,0,0,0,23,0,21,0,0,15
361705,1,1,1984,0,0,25,0,6,0,0,0,4,0
361705,2,1,1984,0,0,19,0,5,7,0,13,25,0
361706,0,1,1984,0,25,0,0,10,33,23,0,27,22
361706,1,1,1984,0,0,0,0,0,19,0,0,0,14
361707,0,1,1984,0,0,0,0,0,0,0,0,0,0
361707,1,1,1984,0,0,0,0,0,0,0,0,0,0
361708,0,1,1984,0,0,0,23,0,0,9,0,18,13
361708,1,1,1984,0,0,0,18,0,13,0,0,0,0
361709,1,1,1984,2,2,2,2,2,2,2,2,2,2
361710,1,1,1984,0,0,0,0,0,14,0,20,0,0
361711,1,1,1984,0,0,0,16,0,0,0,30,24,0
361711,2,1,1984,0,0,0,0,0,0,0,0,0,0
361712,1,1,1984,0,0,0,0,0,0,0,14,0,0
361712,2,1,1984,0,0,0,0,0,0,14,0,0,0
361712,3,1,1984,0,7,0,0,0,0,0,0,0,0
361713,1,1,1984,0,0,18,0,0,0,0,0,0,5
361714,1,1,1984,0,0,0,0,0,19,0,29,0,0
361715,0,1,1984,0,0,0,0,0,0,0,0,0,0
361715,1,1,1984,0,0,0,0,0,0,0,0,0,0
361716,0,1,1984,7,7,7,7,7,7,7,7,7,7
361716,1,1,1984,0,0,0,0,13,0,0,0,0,0
361717,1,1,1984,0,0,0,0,0,0,0,0,0,0
361718,1,1,1984,0,0,0,0,0,0,0,0,0,0
361718,2,1,1984,22,0,0,0,0,0,0,0,0,0
361719,1,1,1984,14,14,13,21,6,19,17,9,12,9
361719,2,1,1984,0,0,0,21,0,0,0,0,0,0
361720,0,1,1984,0,20,18,25,20,13,0,20,4,19
361720,1,1,1984,17,10,10,18,13,4,10,9,22,11
361721,1,1,1984,0,0,0,0,0,0,0,0,0,0
361721,2,1,1984,0,0,0,0,0,0,0,0,0,0
361722,1,1,1984,17,17,17,17,17,17,17,17,17,17
361723,1,1,1984,0,0,0,0,0,0,0,0,0,0
361723,2,1,1984,0,0,0,0,0,0,0,0,0,0
361724,1,1,1984,0,0,0,0,9,51,0,0,0,0
361725,1,1,1984,0,0,0,0,0,0,0,0,0,0
361725,2,1,1984,0,0,0,0,0,0,0,0,0,0
361726,1,1,1984,0,0,0,0,0,0,0,0,0,0
361726,2,1,1984,0,0,9,0,25,0,0,8,0,0
361727,0,1,1984,0,0,0,0,0,0,0,0,0,0
361727,1,1,1984,0,0,0,0,0,0,0,0,0,0
361728,1,1,1984,6,6,6,6,6,6,6,6,6,6
361728,2,1,1984,0,0,19,0,0,0,0,0,0,0
361729,1,1,1984,15,15,15,15,15,15,15,15,15,15
361729,2,1,1984,0,0,0,0,17,0,0,0,0,0
361730,0,1,1984,0,0,0,39,0,26,0,0,0,0
361730,1,1,1984,30,5,13,22,18,4,29,7,21,26
361731,1,1,1984,3,3,3,3,3,3,3,3,3,3
361732,1,1,1984,0,0,0,0,26,0,0,0,0,17
361733,1,1,1984,0,0,0,0,0,0,0,0,0,0
361734,0,1,1984,21,19,30,0,23,0,0,0,7,9
361734,1,1,1984,2,15,35,14,8,7,27,11,13,12
361735,1,1,1984,0,0,0,0,0,0,0,0,0,0
361736,1,1,1984,0,0,0,0,0,0,0,0,0,0
361737,1,1,1984,22,22,22,22,22,22,22,22,22,22
361738,1,1,1984,0,0,19,0,0,0,0,0,10,0
361739,1,1,1984,29,12,25,8,9,26,19,21,13,0
361739,2,1,1984,0,0,0,0,0,0,0,0,0,0
361740,1,1,1984,11,17,29,12,24,24,13,4,19,1
361741,0,1,1984,0,0,0,0,0,0,0,0,0,0
361741,1,1,1984,0,0,0,0,0,0,0,0,0,0
361742,0,1,1984,6,6,6,6,6,6,6,6,6,6
361742,0,2,1984,12,20,0,8,10,32,0,0,13,0
361742,1,1,1984,0,0,0,0,0,0,0,0,0,0
361743,1,1,1984,0,0,0,0,0,0,0,0,0,0
361743,2,1,1984,18,0,0,0,35,0,0,14,23,0
361744,1,1,1984,0,0,0,0,0,0,0,0,0,0
361744,2,1,1984,0,0,0,0,0,0,0,0,0,0
361745,0,1,1984,8,16,30,0,0,0,0,0,0,0
361745,1,1,1984,19,0,0,0,19,0,0,31,0,0
361746,1,1,1984,21,21,21,21,21,21,21,21,21,21
361747,1,1,1984,0,0,0,0,0,0,0,0,0,0
361748,1,1,1984,0,0,0,0,0,0,0,0,0,0
361749,1,1,1984,16,16,16,16,16,16,16,16,16,16
361750,1,1,1984,0,0,0,2,0,12,0,0,0,15
361750,2,1,1984,0,0,9,0,0,0,0,0,10,0
361751,1,1,1984,0,0,0,0,0,0,0,0,0,0
361751,2,1,1984,0,0,0,0,0,0,0,0,0,0
361752,0,1,1984,0,0,0,0,0,0,0,0,0,0
361752,1,1,1984,0,0,0,0,0,0,0,0,0,0
361753,1,1,1984,18,18,18,18,18,18,18,18,18,18
361754,1,1,1984,31,10,6,12,18,14,26,31,27,26
361754,2,1,1984,17,8,18,18,17,23,28,30,23,16
361755,1,1,1984,0,0,0,0,0,0,0,0,0,0
361756,1,1,1984,0,0,0,0,0,0,0,0,0,0
361756,2,1,1984,0,0,0,0,0,0,0,0,0,0
361757,1,1,1984,0,14,0,0,0,0,0,15,0,6
361757,2,1,1984,0,0,34,18,17,25,0,22,0,0
361758,1,1,1984,0,0,0,0,0,0,0,0,0,0
361758,2,1,1984,0,0,0,0,0,0,0,0,0,10
361759,0,1,1984,0,0,0,0,0,0,0,0,0,0
361759,1,1,1984,0,0,0,0,0,0,0,0,0,0
361760,0,1,1984,0,0,0,0,0,0,0,0,0,0
361760,1,1,1984,0,0,0,0,0,0,0,0,0,0
361761,1,1,1984,5,19,14,13,17,15,10,0,4,9
361762,0,1,1984,0,20,0,0,0,16,0,18,7,21
361762,1,1,1984,13,14,25,9,4,9,17,15,28,7
361763,1,1,1984,0,0,0,0,0,0,0,0,0,0
361763,2,1,1984,14,14,14,14,14,14,14,14,14,14
361764,0,1,1984,0,0,0,0,0,0,0,0,0,0
361764,1,1,1984,20,20,20,20,20,20,20,20,20,20
361765,0,1,1984,0,0,0,0,0,0,0,0,0,0
361765,1,1,1984,0,0,0,0,0,0,0,0,0,0
361766,1,1,1984,0,0,8,0,0,0,0,0,0,0
361767,1,1,1984,11,12,15,21,18,17,19,24,3,18
361768,0,1,1984,26,0,0,0,22,22,14,0,0,0
361768,1,1,1984,0,0,0,0,0,0,0,0,0,0
361769,0,1,1984,23,23,23,23,23,23,23,23,23,23
361769,1,1,1984,0,0,0,0,0,0,0,0,0,0
361770,1,1,1984,17,20,0,10,12,21,14,3,13,7
361770,2,1,1984,14,21,10,14,21,16,17,18,15,0
361771,1,1,1984,11,11,11,11,11,11,11,11,11,11
361772,1,1,1984,0,23,0,0,0,18,34,0,0,0
361772,2,1,1984,0,0,0,0,0,0,0,0,0,0
361773,1,1,1984,0,0,0,0,0,0,0,0,0,0
361773,2,1,1984,0,0,0,0,0,0,0,0,0,0
361774,0,1,1984,0,0,0,0,0,0,19,9,0,27
361774,1,1,1984,32,0,0,0,0,0,0,0,6,0
361775,0,1,1984,0,8,0,0,0,0,3,6,0,0
361775,1,1,1984,0,0,0,0,0,0,0,0,0,0
361776,0,1,1984,0,0,0,0,0,0,0,0,0,0
361776,1,1,1984,0,0,0,0,0,0,18,0,0,0
361777,0,1,1984,0,0,0,0,0,0,0,0,0,0
361777,1,1,1984,0,0,0,0,0,38,0,0,0,0
361778,1,1,1984,16,17,15,20,0,25,15,21,26,0
361778,2,1,1984,0,0,0,21,0,0,0,0,14,0
361779,1,1,1984,15,21,0,17,0,0,20,0,5,28
361780,0,1,1984,0,0,0,0,0,0,0,0,0,0
361780,1,1,1984,0,0,0,0,0,0,0,0,0,0
361780,2,1,1984,17,0,0,31,21,0,0,3,12,0
361781,0,1,1984,0,0,27,44,0,0,0,0,0,45
361781,1,1,1984,10,12,0,9,12,18,0,11,7,8
361782,1,1,1984,18,0,13,15,30,0,0,27,27,30
361783,1,1,1984,0,0,15,11,0,0,6,0,11,11
361784,1,1,1984,0,0,0,0,0,16,0,0,0,3
361784,2,1,1984,0,0,0,0,0,0,0,0,0,5
361784,3,1,1984,0,0,0,0,0,0,0,0,0,0
361785,1,1,1984,0,0,0,0,0,0,0,0,0,0
361785,2,1,1984,0,5,0,0,0,0,0,0,0,0
361786,1,1,1984,26,14,17,8,0,7,16,9,12,21
361786,2,1,1984,10,8,0,0,0,0,0,0,0,7
361787,1,1,1984,0,0,0,0,32,16,0,14,0,0
361788,1,1,1984,10,10,10,10,10,10,10,10,10,10
361789,1,1,1984,16,16,16,16,16,16,16,16,16,16
361790,1,1,1984,0,0,0,0,0,0,0,0,0,0
361790,2,1,1984,0,0,0,0,0,0,0,0,0,0
361791,1,1,1984,0,0,0,0,0,23,0,0,0,0
361792,1,1,1984,0,0,0,0,0,0,0,0,0,0
361793,0,1,1984,35,0,14,0,0,0,0,0,0,0
361793,1,1,1984,0,0,0,0,0,0,0,0,0,0
361794,1,1,1984,18,18,16,17,20,34,13,27,29,19
361795,1,1,1984,0,0,0,0,0,0,0,0,0,0
361796,1,1,1984,0,0,0,0,0,0,0,0,0,0
361796,2,1,1984,0,0,5,0,0,0,7,0,9,0
361797,1,1,1984,14,0,0,0,0,0,0,0,0,0
361797,2,1,1984,0,0,0,0,16,0,0,0,0,0
361798,0,1,1984,0,0,0,0,0,21,0,0,13,0
361798,0,2,1984,0,0,0,0,14,0,0,0,4,0
361798,0,3,1984,13,0,8,0,0,0,0,0,0,16
361798,1,1,1984,0,0,0,0,0,0,0,0,0,17
361798,3,1,1984,0,0,0,0,0,0,0,0,0,8
361799,0,1,1984,17,0,22,0,0,0,0,0,0,0
361799,1,1,1984,0,0,0,0,0,0,0,0,14,0
361800,0,1,1984,0,0,0,0,0,0,0,0,0,0
361800,1,1,1984,0,0,0,0,3,0,0,0,0,0
361801,1,1,1984,0,0,19,0,0,0,0,14,0,0
361801,2,1,1984,0,0,0,0,0,0,0,0,0,0
361802,1,1,1984,23,23,23,23,23,23,23,23,23,23
361803,1,1,1984,0,0,0,0,0,0,0,0,0,0
361803,2,1,1984,0,0,0,0,0,0,0,0,0,0
361803,3,1,1984,0,0,0,0,17,0,0,6,0,0
361803,4,1,1984,0,0,0,0,0,0,0,0,0,0
361804,0,1,1984,0,0,0,0,0,12,6,23,0,16
361804,1,1,1984,0,0,0,0,12,0,0,0,0,0
361805,0,1,1984,0,0,0,0,0,0,0,0,0,0
361805,1,1,1984,0,0,0,0,0,0,0,0,0,0
361806,1,1,1984,18,0,0,17,0,0,0,17,0,17
361807,1,1,1984,14,14,14,14,14,14,14,14,14,14
361807,2,1,1984,0,0,0,0,24,0,0,0,0,0
361807,3,1,1984,11,23,0,0,0,0,0,0,0,0
361808,0,1,1984,0,0,0,0,0,0,0,0,0,0
361808,1,1,1984,0,23,21,15,3,15,6,0,23,23
361809,0,1,1984,0,0,0,29,0,0,18,14,19,0
361809,1,1,1984,12,11,17,0,33,16,18,13,27,33
361810,1,1,1984,25,0,46,0,16,18,17,19,21,0
361811,0,1,1984,0,0,0,0,0,0,0,0,0,0
361811,1,1,1984,0,0,0,0,0,0,0,0,0,0
361812,1,1,1984,31,9,31,20,24,7,17,27,20,21
361813,1,1,1984,0,0,0,0,0,0,0,0,0,0
361813,2,1,1984,0,0,0,8,0,0,0,20,0,0
361814,1,1,1984,24,18,14,2,15,20,7,6,30,15
361815,1,1,1984,0,21,12,20,44,19,17,0,12,25
361816,1,1,1984,0,0,0,0,0,0,0,0,0,0
361816,2,1,1984,0,0,0,0,0,0,0,0,0,0
361817,0,1,1984,19,0,18,0,0,0,18,6,0,0
361817,1,1,1984,0,0,0,0,0,0,0,0,0,0
361818,0,1,1984,31,31,31,31,31,31,31,31,31,31
361818,1,1,1984,0,0,0,0,0,0,0,0,0,0
361819,0,1,1984,0,0,0,0,0,0,0,0,0,0
361819,1,1,1984,0,20,0,0,0,0,0,0,0,0
361820,0,1,1984,0,0,6,0,0,0,0,0,0,0
361820,1,1,1984,0,0,0,0,0,0,0,0,0,0
361821,0,1,1984,0,0,0,0,0,0,0,0,0,7
361821,1,1,1984,0,0,0,0,0,0,0,0,0,0
361822,1,1,1984,13,0,0,20,0,14,0,30,0,2
361823,1,1,1984,0,0,0,16,0,0,22,10,18,0
361823,2,1,1984,0,17,0,0,4,15,0,0,24,0
361824,1,1,1984,10,10,10,10,10,10,10,10,10,10
361826,0,1,1984,0,0,0,0,0,0,0,0,0,0
361826,1,1,1984,16,0,0,0,0,15,0,0,0,20
361827,0,1,1984,0,27,0,0,26,26,0,6,0,0
361827,1,1,1984,0,0,0,0,0,0,0,0,0,0
361827,2,1,1984,0,0,0,0,0,0,0,0,13,0
361827,3,1,1984,0,0,0,0,0,0,0,0,0,0
361827,4,1,1984,0,0,0,0,0,0,0,0,0,0
361827,5,1,1984,0,0,0,0,0,0,0,0,0,0
361827,6,1,1984,0,0,0,0,0,0,0,0,13,0
361827,8,1,1984,0,0,0,0,0,0,0,0,0,0
361827,9,1,1984,0,0,0,0,0,0,0,0,0,0
361827,10,1,1984,0,0,0,0,0,0,0,0,0,0
361827,11,1,1984,0,0,0,0,0,0,0,0,0,0
361828,0,1,1984,0,0,0,0,0,0,0,0,0,0
361828,1,1,1984,0,0,0,0,0,0,0,0,0,0
361829,1,1,1984,0,0,0,0,0,0,0,0,0,0
361829,2,1,1984,0,0,0,0,0,0,0,0,0,0
361830,0,1,1984,0,0,0,0,0,0,0,0,0,0
361830,1,1,1984,0,0,14,13,10,11,0,16,7,0
361831,1,1,1984,0,0,0,0,0,0,0,0,0,0
361832,1,1,1984,0,0,0,0,0,0,0,0,0,0
361832,2,1,1984,0,0,0,0,0,0,0,0,0,0
361832,3,1,1984,0,0,0,0,0,0,0,0,0,0
361833,1,1,1984,12,13,17,13,22,12,25,9,0,25
361834,1,1,1984,0,0,0,0,0,0,0,0,0,0
361835,0,1,1984,0,0,0,0,0,0,7,0,0,0
361835,1,1,1984,0,0,0,0,0,0,0,0,0,0
361836,0,1,1984,0,0,0,0,23,0,0,0,0,0
361836,1,1,1984,0,0,0,0,0,28,0,0,0,0
361837,1,1,1984,1,1,1,1,1,1,1,1,1,1
361837,2,1,1984,18,21,7,7,0,0,0,15,0,10
361838,1,1,1984,0,0,0,0,0,0,0,0,0,0
361839,1,1,1984,0,0,0,0,19,0,0,0,0,0
361840,1,1,1984,17,17,17,17,17,17,17,17,17,17
361841,0,1,1984,35,22,23,15,15,20,0,14,0,19
361841,1,1,1984,0,0,13,12,13,0,15,0,0,0
361842,1,1,1984,10,0,21,0,0,0,0,0,0,0
361842,2,1,1984,0,0,0,0,0,0,0,0,0,0
361843,0,1,1984,0,0,0,0,0,14,0,0,0,0
361843,1,1,1984,0,0,0,0,0,21,0,0,0,0
361844,1,1,1984,29,0,0,0,0,0,0,0,0,14
361845,1,1,1984,0,0,0,0,0,0,2,0,0,0
361846,1,1,1984,0,13,10,8,0,0,6,0,14,0
361846,2,1,1984,0,0,0,0,0,0,0,0,0,0
361847,1,1,1984,0,0,8,0,0,8,0,0,0,0
361847,2,1,1984,0,0,0,0,0,0,7,0,14,0
361848,1,1,1984,0,0,0,0,0,0,0,0,0,0
361848,2,1,1984,1,1,1,1,1,1,1,1,1,1
361849,0,1,1984,0,0,0,0,0,0,0,0,0,0
361849,1,1,1984,0,0,0,0,0,0,0,0,0,0
361849,2,1,1984,0,0,0,0,0,0,0,0,0,0
361850,1,1,1984,0,0,0,0,0,0,12,0,0,0
361850,2,1,1984,0,13,0,0,0,0,0,0,0,0
361851,1,1,1984,0,0,0,0,0,0,0,0,0,0
361852,1,1,1984,0,0,0,0,14,0,0,0,0,0
361852,2,1,1984,0,0,9,0,0,0,0,0,0,0
361852,3,1,1984,0,0,0,0,0,0,0,14,0,0
361852,4,1,1984,0,0,0,0,0,0,13,0,0,0
361852,5,1,1984,0,11,4,0,0,0,0,0,16,0
361852,6,1,1984,0,0,0,0,0,0,0,0,0,0
361852,7,1,1984,0,0,0,0,0,0,0,0,0,0
361852,8,1,1984,0,0,0,0,0,0,0,0,0,0
361852,9,1,1984,0,0,0,0,0,0,0,0,0,0
361852,10,1,1984,0,19,24,0,0,0,0,0,0,0
361852,11,1,1984,0,0,0,0,0,0,8,11,7,0
361852,12,1,1984,0,0,0,0,16,0,0,17,0,0
361852,13,1,1984,25,6,0,0,10,0,8,0,0,0
361852,14,1,1984,4,0,0,0,0,0,0,0,0,7
361852,15,1,1984,0,0,0,0,0,21,0,0,9,16
361852,16,1,1984,0,19,0,0,0,0,0,0,34,9
361852,17,1,1984,0,0,0,0,0,13,0,6,3,23
361852,18,1,1984,34,0,0,0,0,0,0,0,0,0
361852,19,1,1984,0,0,0,0,0,0,0,0,0,12
361852,20,1,1984,17,0,0,0,0,0,0,6,0,0
361852,21,1,1984,0,24,0,0,25,0,0,14,0,0
361852,22,1,1984,17,0,0,9,14,0,0,0,26,0
361852,23,1,1984,0,0,0,0,0,0,0,0,0,0
361853,0,1,1984,0,0,0,0,0,0,0,0,0,0
361853,1,1,1984,0,0,0,0,0,0,0,0,0,0
361854,0,1,1984,0,5,25,0,0,0,0,0,0,10
361854,1,1,1984,0,0,0,0,21,16,0,15,0,21
361855,0,1,1984,15,25,18,24,21,0,30,0,13,0
361855,1,1,1984,22,10,8,18,10,23,22,11,17,11
361856,1,1,1984,7,27,24,18,11,15,2,12,13,16
361857,1,1,1984,0,0,0,0,0,0,0,0,0,0
361857,2,1,1984,0,0,0,0,0,0,0,0,0,0
361858,1,1,1984,0,20,0,0,16,21,5,0,13,13
361859,0,1,1984,5,3,0,15,22,18,19,11,13,35
361859,1,1,1984,0,0,0,20,0,0,0,0,0,0
361860,0,1,1984,23,0,0,22,0,0,0,0,12,17
361860,1,1,1984,0,0,8,28,0,0,22,0,0,0
361861,1,1,1984,0,0,0,0,0,0,0,0,0,0
361861,2,1,1984,0,0,0,0,7,0,0,0,0,0
361862,1,1,1984,12,22,15,0,0,25,25,32,5,41
361863,0,1,1984,0,0,17,23,0,0,0,14,11,0
361863,1,1,1984,20,3,0,25,10,4,21,17,24,6
361864,1,1,1984,5,0,0,0,0,0,0,0,4,16
361864,2,1,1984,17,17,17,17,17,17,17,17,17,17
361865,1,1,1984,0,0,0,0,0,27,0,0,0,0
361866,1,1,1984,0,41,31,0,14,19,0,0,0,0
361867,0,1,1984,0,21,0,0,0,0,0,0,0,0
361867,1,1,1984,0,0,0,0,0,0,0,0,0,0
361868,0,1,1984,0,0,0,0,0,0,0,0,0,0
361868,1,1,1984,0,7,0,0,0,0,0,0,0,0
361869,0,1,1984,0,0,0,0,0,0,0,0,0,0
361869,0,2,1984,0,0,20,0,0,0,0,0,0,0
361869,1,1,1984,0,0,0,0,0,7,0,0,0,0
361870,1,1,1984,6,6,6,6,6,6,6,6,6,6
361870,2,1,1984,0,0,0,0,0,0,0,0,0,0
361871,1,1,1984,0,0,0,20,0,0,0,0,20,15
361872,0,1,1984,0,0,0,0,0,0,0,0,0,0
361872,1,1,1984,0,0,0,10,0,0,0,0,0,0
361873,1,1,1984,0,0,0,0,0,0,0,0,0,34
361874,1,1,1984,0,0,0,0,0,0,0,26,0,0
361874,2,1,1984,0,19,0,0,0,0,0,0,0,0
361874,3,1,1984,0,0,0,0,0,0,0,0,0,0
361875,1,1,1984,37,13,13,0,20,8,25,9,23,27
361876,1,1,1984,9,0,0,14,25,0,14,0,0,0
361877,0,1,1984,0,0,0,5,0,27,0,0,0,0
361877,1,1,1984,0,0,0,0,0,0,0,0,0,0
361878,0,1,1984,37,0,0,21,0,0,0,43,0,0
361878,1,1,1984,0,0,0,0,19,0,0,0,0,0
361879,0,1,1984,0,0,0,0,0,0,0,0,0,0
361879,1,1,1984,0,0,0,0,8,5,0,0,0,15
361880,0,1,1984,0,0,0,0,0,0,0,0,0,0
361880,1,1,1984,0,0,0,0,0,0,0,0,0,0
361881,1,1,1984,0,0,16,0,0,0,0,0,0,24
361882,0,1,1984,0,0,0,0,0,0,0,0,0,0
361882,1,1,1984,0,0,36,0,0,0,0,0,0,0
361883,1,1,1984,0,0,0,0,0,0,0,0,18,0
361883,2,1,1984,0,0,0,0,0,0,0,0,0,0
361884,1,1,1984,11,21,14,19,11,9,18,20,9,23
361885,0,1,1984,0,0,0,0,0,0,0,0,0,8
361885,1,1,1984,14,0,0,0,0,0,0,0,0,0
361886,1,1,1984,0,0,0,0,0,15,0,0,0,0
361886,2,1,1984,23,0,18,0,16,25,0,0,17,15
361887,1,1,1984,17,23,16,22,0,0,21,0,19,0
361887,2,1,1984,19,24,0,5,0,6,4,0,9,6
361888,1,1,1984,29,0,0,14,0,35,0,39,0,12
361889,0,1,1984,0,0,12,0,0,0,0,0,0,0
361889,1,1,1984,26,0,0,0,0,0,0,0,0,13
361890,0,1,1984,14,0,0,0,0,0,13,28,0,0
361890,1,1,1984,0,0,0,0,0,0,0,0,0,0
361891,0,1,1984,0,0,0,0,0,0,0,0,23,0
361891,1,1,1984,0,0,0,0,0,0,0,0,0,0
361892,0,1,1984,15,20,18,0,12,0,20,0,14,19
361892,1,1,1984,9,9,9,9,9,9,9,9,9,9
361893,1,1,1984,0,0,0,16,31,14,28,21,19,12
361894,1,1,1984,31,3,14,15,5,20,0,6,0,19
361895,1,1,1984,12,0,0,0,0,0,12,0,0,10
361896,0,1,1984,0,19,0,0,0,0,0,0,0,0
361896,1,1,1984,0,0,0,0,0,18,0,0,0,0
361897,1,1,1984,0,0,0,0,0,0,0,0,0,11
361897,2,1,1984,0,0,0,0,0,0,0,0,0,0
361898,1,1,1984,0,0,11,0,0,0,0,0,0,0
361899,0,1,1984,0,14,14,0,0,0,0,0,6,0
361899,1,1,1984,0,0,0,0,0,0,0,0,0,0
361900,1,1,1984,0,0,0,0,0,0,6,29,0,0
361901,0,1,1984,23,38,23,21,21,62,32,0,0,34
361901,0,2,1984,23,27,33,31,8,19,10,6,0,0
361901,1,1,1984,29,34,0,0,29,16,0,21,21,19
361901,2,1,1984,2,16,10,0,0,0,9,0,9,0
361902,0,1,1984,0,31,0,0,0,0,0,5,0,0
361902,1,1,1984,0,0,0,0,0,0,0,0,0,0
361903,1,1,1984,0,0,0,0,0,0,0,0,0,0
361903,2,1,1984,0,0,0,0,0,0,0,0,0,0
361904,0,1,1984,0,0,0,0,0,0,24,0,22,0
361904,1,1,1984,0,0,0,0,0,0,0,0,0,0
361905,0,1,1984,25,0,0,0,0,0,0,0,0,0
361905,1,1,1984,0,0,0,0,0,0,0,0,0,0
361906,1,1,1984,0,0,17,19,20,0,22,0,0,0
361907,1,1,1984,0,0,0,0,0,0,0,0,0,0
361907,2,1,1984,10,10,0,28,0,23,16,21,24,11
361908,1,1,1984,0,0,0,0,0,0,10,0,18,0
361909,1,1,1984,0,0,0,0,0,0,0,18,26,0
361910,0,1,1984,0,0,0,0,7,0,0,0,0,0
361910,1,1,1984,0,0,0,0,17,0,0,0,0,0
361911,1,1,1984,18,15,15,18,19,0,11,0,0,29
361912,1,1,1984,0,0,0,0,0,0,0,0,0,0
361912,2,1,1984,0,18,9,10,0,7,0,0,2,24
361913,0,1,1984,0,0,0,0,0,0,0,0,0,0
361913,1,1,1984,0,0,0,0,13,0,0,19,10,0
361914,0,1,1984,0,0,0,0,0,0,13,0,0,0
361914,1,1,1984,0,0,0,0,0,0,0,0,0,0
361915,0,1,1984,11,0,0,0,0,0,21,0,24,31
361915,1,1,1984,0,30,11,0,12,22,0,25,0,31
370001,1,1,1984,15,10,0,25,14,0,14,3,6,17
370002,1,1,1984,0,13,0,0,0,0,0,0,0,0
370002,2,1,1984,0,0,0,0,0,0,0,0,0,0
370002,3,1,1984,0,0,0,0,0,0,0,0,0,0
370003,1,1,1984,0,0,0,0,0,0,0,0,0,0
370003,2,1,1984,0,0,22,0,0,0,0,0,0,0
370004,0,1,1984,0,0,0,0,0,0,0,0,0,0
370004,1,1,1984,0,0,0,0,0,15,0,0,18,0
370005,1,1,1984,0,0,0,0,0,0,0,0,0,0
370006,1,1,1984,0,0,0,0,0,0,0,0,0,0
370006,2,1,1984,0,0,0,0,0,0,0,0,0,0
370007,1,1,1984,0,0,0,0,0,0,0,0,0,0
370007,2,1,1984,0,0,0,0,0,0,0,25,0,0
370008,0,1,1984,0,0,0,0,0,0,0,0,0,0
370008,1,1,1984,0,0,0,0,15,17,0,0,0,0
370009,1,1,1984,0,0,0,0,0,0,0,0,0,0
370009,2,1,1984,0,0,0,0,0,0,0,0,0,0
370010,1,1,1984,0,0,0,0,0,0,0,0,0,0
370010,2,1,1984,0,0,0,0,0,0,0,0,0,0
370011,1,1,1984,18,18,18,18,18,18,18,18,18,18
370012,1,1,1984,0,0,0,0,0,0,0,0,0,0
370012,2,1,1984,0,0,0,0,0,0,0,0,0,0
370013,1,1,1984,0,10,18,0,19,8,19,15,13,18
370013,2,1,1984,4,0,12,9,0,0,0,0,0,0
370013,3,1,1984,18,28,17,31,25,29,0,20,0,0
370014,0,1,1984,32,32,32,32,32,32,32,32,32,32
370014,1,1,1984,0,0,0,0,0,0,0,0,0,0
370015,1,1,1984,4,0,0,0,0,0,0,0,0,0
370015,2,1,1984,17,0,0,3,0,5,5,20,20,23
370016,1,1,1984,12,12,12,12,12,12,12,12,12,12
370017,1,1,1984,18,37,0,26,24,22,16,15,17,17
370018,1,1,1984,0,0,0,0,12,0,0,0,0,11
370018,2,1,1984,26,26,26,26,26,26,26,26,26,26
370019,1,1,1984,0,0,0,0,0,0,0,0,0,0
370020,0,1,1984,0,26,0,13,16,23,16,0,0,24
370020,1,1,1984,25,8,0,9,13,17,0,0,12,0
370021,0,1,1984,0,0,0,0,0,0,0,0,0,0
370021,1,1,1984,0,0,0,0,0,0,0,0,0,0
370022,1,1,1984,0,0,8,0,0,0,0,0,0,0
370022,2,1,1984,24,0,0,0,0,0,0,0,0,0
370023,1,1,1984,0,0,0,17,0,0,0,0,0,0
370023,2,1,1984,0,0,13,0,0,0,0,24,0,0
370023,3,1,1984,0,0,0,0,0,12,0,0,0,0
370024,1,1,1984,0,0,0,0,0,0,0,0,0,0
370025,1,1,1984,0,0,0,0,0,0,0,0,0,12
370025,2,1,1984,0,0,0,0,0,0,0,0,0,0
370026,1,1,1984,0,0,0,0,0,0,0,0,0,0
370026,2,1,1984,0,0,0,0,0,0,0,0,0,0
370027,1,1,1984,0,0,0,0,0,0,0,0,0,0
370028,0,1,1984,0,0,0,0,0,0,0,0,0,0
370028,1,1,1984,0,0,0,0,0,0,0,0,0,0