ST_CASE,VEH_NO,PER_NO,YEAR,P1,P2,P3,P4,P5,P6,P7,P8,P9,P10
370307,1,1,1984,0,0,0,0,0,0,0,0,0,0
370307,2,1,1984,0,0,16,0,0,0,0,0,0,0
370308,1,1,1984,19,19,19,19,19,19,19,19,19,19
370309,1,1,1984,4,42,31,20,23,33,28,16,18,20
370310,1,1,1984,13,13,13,13,13,13,13,13,13,13
370311,1,1,1984,24,24,24,24,24,24,24,24,24,24
370312,1,1,1984,9,9,9,9,9,9,9,9,9,9
370313,1,1,1984,32,32,32,32,32,32,32,32,32,32
370314,1,1,1984,18,18,18,18,18,18,18,18,18,18
370315,1,1,1984,25,25,25,25,25,25,25,25,25,25
370316,1,1,1984,0,0,0,0,0,0,0,0,0,20
370316,2,1,1984,7,7,7,7,7,7,7,7,7,7
370317,1,1,1984,0,0,0,0,0,0,0,0,0,0
370317,2,1,1984,0,0,0,0,6,0,0,0,0,0
370318,0,1,1984,23,23,23,23,23,23,23,23,23,23
370318,1,1,1984,0,0,0,0,11,0,0,0,12,27
370319,1,1,1984,2,2,2,2,2,2,2,2,2,2
370320,0,1,1984,0,0,0,0,0,0,0,0,0,0
370320,1,1,1984,0,0,0,0,0,0,0,0,0,0
370321,0,1,1984,0,0,20,0,0,0,0,18,0,0
370321,1,1,1984,0,0,0,0,0,0,0,0,0,0
370322,1,1,1984,0,0,0,0,0,0,0,0,0,0
370323,1,1,1984,0,0,0,0,0,0,0,0,0,0
370324,0,1,1984,0,0,0,0,0,0,0,0,0,0
370324,1,1,1984,0,0,0,0,0,0,0,0,0,0
370325,1,1,1984,25,25,25,25,25,25,25,25,25,25
370325,2,1,1984,0,0,0,0,0,0,0,0,0,0
370326,1,1,1984,28,28,28,28,28,28,28,28,28,28
370327,1,1,1984,0,0,0,0,0,0,0,0,0,0
370327,2,1,1984,0,0,0,0,0,0,0,0,0,0
370328,1,1,1984,0,0,0,0,0,0,0,0,0,0
370329,1,1,1984,13,13,13,13,13,13,13,13,13,13
370330,1,1,1984,21,21,21,21,21,21,21,21,21,21
370331,1,1,1984,0,0,0,0,0,0,0,0,0,0
370332,0,1,1984,0,0,0,0,0,0,0,0,0,0
370332,1,1,1984,0,0,0,0,0,0,0,0,0,0
370332,2,1,1984,0,0,0,0,0,0,0,0,0,0
370333,1,1,1984,12,12,12,12,12,12,12,12,12,12
370333,2,1,1984,0,0,0,0,0,0,0,0,0,0
370334,1,1,1984,19,11,11,12,19,22,16,12,19,16
370335,1,1,1984,0,0,0,0,0,0,0,0,0,0
370335,2,1,1984,0,0,0,0,0,0,0,0,0,0
370336,1,1,1984,27,27,27,27,27,27,27,27,27,27
370337,1,1,1984,28,28,28,28,28,28,28,28,28,28
370338,1,1,1984,4,4,4,4,4,4,4,4,4,4
370338,2,1,1984,0,0,0,0,0,0,0,0,0,0
370339,1,1,1984,0,0,0,0,0,0,0,0,0,0
370339,2,1,1984,24,11,13,33,19,14,21,16,11,34
370340,1,1,1984,0,0,0,0,0,0,0,5,0,0
370341,1,1,1984,0,0,0,0,0,0,0,0,0,0
370341,2,1,1984,0,0,0,0,0,0,0,0,0,0
370342,1,1,1984,0,0,0,0,0,0,0,0,0,0
370342,2,1,1984,0,0,0,0,0,0,0,0,15,0
370343,1,1,1984,20,20,20,20,20,20,20,20,20,20
370344,0,1,1984,0,0,0,0,0,0,0,0,0,0
370344,1,1,1984,0,0,0,0,0,0,0,0,0,0
370345,0,1,1984,36,29,28,0,0,4,0,21,15,26
370345,1,1,1984,0,0,0,0,0,0,0,0,6,0
370346,1,1,1984,10,0,26,14,28,32,19,17,28,31
370347,0,1,1984,31,31,31,31,31,31,31,31,31,31
370347,1,1,1984,0,0,0,0,21,18,0,0,0,0
370348,1,1,1984,0,0,0,0,0,0,0,0,0,0
370349,0,1,1984,25,25,25,25,25,25,25,25,25,25
370349,1,1,1984,28,0,0,0,0,0,21,27,24,0
370350,1,1,1984,0,0,0,0,0,0,0,0,0,0
370350,2,1,1984,10,0,0,0,0,0,10,15,4,0
370351,1,1,1984,16,16,16,16,16,16,16,16,16,16
370352,1,1,1984,0,19,18,38,0,0,0,14,18,0
370352,2,1,1984,23,6,16,8,22,17,10,9,17,8
370353,1,1,1984,0,0,0,0,0,0,0,0,0,0
370353,2,1,1984,0,0,0,0,0,0,0,0,0,0
370354,0,1,1984,0,0,0,0,0,0,0,0,0,0
370354,1,1,1984,0,0,0,0,0,0,0,0,0,19
370355,1,1,1984,0,0,0,0,10,0,0,31,0,0
370355,2,1,1984,0,0,0,0,0,0,0,0,0,0
370356,0,1,1984,22,24,15,0,28,28,17,26,0,9
370356,1,1,1984,0,0,0,0,0,0,38,0,0,0
370357,1,1,1984,0,0,0,0,0,0,0,0,0,0
370358,0,1,1984,18,11,15,7,0,24,16,0,0,17
370358,1,1,1984,16,0,0,0,0,0,0,0,0,0
370359,1,1,1984,0,0,0,0,0,0,0,0,0,0
370359,2,1,1984,26,12,13,19,0,11,9,30,13,14
370360,1,1,1984,0,0,0,0,0,0,0,0,0,0
370360,2,1,1984,0,0,0,0,0,0,0,0,0,0
370361,1,1,1984,7,7,7,7,7,7,7,7,7,7
370361,2,1,1984,17,17,17,17,17,17,17,17,17,17
370361,3,1,1984,0,0,0,0,0,0,0,0,0,0
370362,1,1,1984,0,0,0,0,0,0,0,0,0,0
370363,1,1,1984,11,11,11,11,11,11,11,11,11,11
370363,2,1,1984,4,4,4,4,4,4,4,4,4,4
370364,0,1,1984,0,0,0,0,0,0,0,0,0,0
370364,1,1,1984,0,0,0,0,0,0,0,0,0,0
370365,1,1,1984,9,9,9,9,9,9,9,9,9,9
370366,0,1,1984,0,0,0,0,0,0,0,0,0,0
370366,0,2,1984,0,0,0,0,0,0,0,0,0,0
370366,1,1,1984,0,0,0,0,0,0,0,0,0,0
370367,1,1,1984,0,0,0,0,0,0,0,0,0,0
370367,2,1,1984,0,0,0,0,0,0,0,0,0,0
370368,0,1,1984,0,0,0,0,0,0,0,0,0,0
370368,1,1,1984,0,0,0,0,0,0,0,0,0,0
370369,1,1,1984,0,0,0,0,10,0,0,0,15,0
370370,1,1,1984,6,11,11,21,11,9,0,4,13,11
370371,1,1,1984,18,0,0,0,0,0,0,0,0,0
370372,1,1,1984,0,0,0,0,0,0,3,0,0,0
370372,2,1,1984,0,0,0,0,0,0,0,0,0,0
370373,1,1,1984,14,14,14,14,14,14,14,14,14,14
370373,2,1,1984,0,0,0,0,0,0,0,0,0,0
370374,0,1,1984,22,22,22,22,22,22,22,22,22,22
370374,1,1,1984,22,0,21,15,5,15,6,7,22,21
370375,1,1,1984,25,25,25,25,25,25,25,25,25,25
370376,1,1,1984,0,0,0,0,0,0,0,0,0,0
370376,2,1,1984,22,0,0,0,0,0,0,15,14,0
370377,1,1,1984,4,10,30,16,12,20,21,36,17,18
370377,2,1,1984,0,0,0,0,3,0,19,0,0,0
370378,1,1,1984,0,0,0,0,0,0,0,0,0,0
370378,2,1,1984,16,16,16,16,16,16,16,16,16,16
370379,1,1,1984,0,0,0,0,0,0,0,0,0,0
370379,2,1,1984,0,0,0,0,0,0,0,0,0,0
370380,1,1,1984,10,5,8,19,34,14,17,14,15,29
370380,2,1,1984,0,0,0,0,0,0,0,0,0,0
370381,0,1,1984,16,0,24,11,20,6,14,15,16,18
370381,1,1,1984,0,0,0,0,0,0,0,0,0,0
370383,1,1,1984,0,0,0,0,0,0,0,0,0,0
370383,2,1,1984,0,0,0,0,0,0,0,0,0,0
370386,1,1,1984,20,20,20,20,20,20,20,20,20,20
370386,2,1,1984,0,0,0,0,0,12,16,0,0,0
370386,3,1,1984,0,0,36,0,5,0,0,7,0,0
370387,1,1,1984,0,0,0,0,0,0,0,0,0,0
370387,2,1,1984,0,0,0,0,0,0,0,0,0,0
370388,0,1,1984,0,0,0,0,0,0,0,0,0,0
370388,1,1,1984,0,0,0,0,0,0,0,0,0,0
370389,1,1,1984,0,0,0,0,0,0,0,0,0,0
370389,2,1,1984,0,0,0,0,0,0,0,0,0,0
370390,1,1,1984,12,12,12,12,12,12,12,12,12,12
370391,1,1,1984,10,10,10,10,10,10,10,10,10,10
370392,1,1,1984,16,16,16,16,16,16,16,16,16,16
370393,1,1,1984,9,19,19,25,6,27,20,31,13,9
370393,2,1,1984,0,0,0,23,0,0,0,0,10,23
370394,1,1,1984,4,4,4,4,4,4,4,4,4,4
370395,1,1,1984,28,28,28,28,28,28,28,28,28,28
370396,1,1,1984,26,17,15,12,18,30,13,14,14,6
370397,1,1,1984,26,26,26,26,26,26,26,26,26,26
370398,1,1,1984,13,13,13,13,13,13,13,13,13,13
370399,1,1,1984,13,13,13,13,13,13,13,13,13,13
370400,1,1,1984,3,14,11,14,12,22,13,17,40,12
370401,1,1,1984,20,20,20,20,20,20,20,20,20,20
370402,1,1,1984,19,19,19,19,19,19,19,19,19,19
370403,1,1,1984,0,0,0,0,0,0,0,17,0,0
370403,2,1,1984,0,0,0,0,0,0,0,0,0,0
370404,1,1,1984,4,4,4,4,4,4,4,4,4,4
370405,1,1,1984,0,0,0,0,0,0,0,0,0,0
370405,2,1,1984,0,0,0,0,0,0,0,0,0,0
370406,0,1,1984,0,0,0,12,0,0,0,0,0,0
370406,1,1,1984,0,0,0,0,0,0,0,0,0,0
370407,1,1,1984,0,0,0,0,0,0,0,0,0,0
370407,2,1,1984,0,0,0,0,0,0,0,0,0,0
370408,1,1,1984,0,0,0,0,0,0,0,0,0,0
370408,2,1,1984,0,0,0,0,0,0,0,0,0,0
370409,1,1,1984,21,33,23,50,6,43,11,53,27,35
370410,1,1,1984,10,10,0,0,0,0,10,0,0,20
370410,2,1,1984,0,0,0,0,0,0,0,0,0,0
370411,1,1,1984,20,18,22,0,0,27,0,21,18,8
370412,1,1,1984,0,0,0,0,0,0,0,0,0,0
370412,2,1,1984,0,0,0,0,0,0,0,0,0,0
370412,3,1,1984,0,0,0,0,0,0,0,0,0,0
370412,4,1,1984,0,0,7,0,0,0,0,0,0,0
370413,1,1,1984,12,12,12,12,12,12,12,12,12,12
370414,1,1,1984,15,15,15,15,15,15,15,15,15,15
370415,1,1,1984,0,0,0,0,0,0,0,0,0,0
370415,2,1,1984,0,0,0,0,0,0,0,0,0,0
370416,1,1,1984,0,0,0,10,0,0,0,0,0,0
370416,2,1,1984,0,0,0,0,0,0,0,0,0,0
370417,1,1,1984,11,0,25,0,0,0,10,34,0,20
370417,2,1,1984,13,13,13,13,13,13,13,13,13,13
370418,1,1,1984,0,0,0,0,0,0,0,0,0,0
370418,2,1,1984,0,0,0,0,0,0,0,0,0,0
370419,1,1,1984,16,16,16,16,16,16,16,16,16,16
370419,2,1,1984,0,0,0,0,0,0,0,20,0,7
370419,3,1,1984,0,0,0,0,0,0,0,12,0,0
370420,0,1,1984,0,0,0,0,0,0,0,0,0,0
370420,1,1,1984,9,0,0,0,0,0,0,0,12,17
370421,1,1,1984,22,22,22,22,22,22,22,22,22,22
370422,1,1,1984,0,0,0,0,0,0,0,0,0,0
370422,2,1,1984,0,0,0,15,0,20,0,0,0,0
370423,1,1,1984,10,22,5,17,13,9,11,28,7,10
370424,1,1,1984,0,0,0,0,0,0,0,0,0,0
370424,2,1,1984,0,0,0,0,0,0,0,0,0,0
370425,1,1,1984,0,0,0,0,0,0,0,0,8,0
370425,2,1,1984,0,22,0,0,0,0,0,0,0,0
370426,1,1,1984,31,4,20,16,0,12,16,19,15,27
370427,1,1,1984,0,0,0,0,0,0,0,0,0,5
370427,2,1,1984,0,0,0,0,0,0,0,0,0,0
370428,0,1,1984,0,0,0,0,0,0,17,0,0,0
370428,1,1,1984,0,0,0,24,0,0,0,0,0,0
370429,1,1,1984,16,15,7,15,14,12,5,12,20,20
370432,0,1,1984,0,0,0,0,0,0,0,0,0,15
370432,1,1,1984,0,0,0,0,0,0,0,0,0,0
370433,1,1,1984,2,2,2,2,2,2,2,2,2,2
370433,2,1,1984,0,0,0,0,0,0,0,0,0,0
370434,1,1,1984,0,0,0,0,0,0,18,0,0,0
370434,2,1,1984,0,0,0,0,0,0,0,0,0,0
370435,1,1,1984,14,0,0,0,0,17,0,0,0,0
370436,1,1,1984,18,9,19,10,23,14,26,19,23,25
370437,1,1,1984,7,7,7,7,7,7,7,7,7,7
370438,0,1,1984,12,12,12,12,12,12,12,12,12,12
370438,1,1,1984,0,19,0,22,0,0,0,0,0,12
370439,1,1,1984,12,7,0,15,9,20,20,2,11,9
370440,1,1,1984,0,0,0,0,0,0,0,0,0,0
370440,2,1,1984,19,0,0,0,0,0,0,0,0,0
370441,1,1,1984,22,22,22,22,22,22,22,22,22,22
370442,1,1,1984,0,0,0,0,0,0,0,0,0,0
370443,1,1,1984,0,0,11,0,0,0,0,14,0,0
370443,2,1,1984,0,16,0,0,0,0,0,0,0,0
370444,0,1,1984,0,0,0,0,0,0,0,0,0,0
370444,1,1,1984,0,0,0,0,26,0,0,0,0,0
370445,1,1,1984,3,3,4,5,13,10,7,8,6,13
370445,2,1,1984,0,0,0,11,10,0,0,16,0,0
370446,0,1,1984,0,0,0,0,0,0,0,0,0,0
370446,1,1,1984,0,0,0,0,0,0,0,0,0,0
370447,1,1,1984,0,0,0,0,0,0,0,0,0,0
370448,1,1,1984,18,18,18,18,18,18,18,18,18,18
370449,1,1,1984,0,0,0,0,0,0,0,0,0,0
370449,2,1,1984,0,0,0,0,0,18,0,0,0,0
370450,1,1,1984,19,21,10,22,39,10,7,12,27,27
370451,0,1,1984,0,12,0,9,6,10,0,0,11,9
370451,1,1,1984,0,9,18,15,0,0,0,0,0,12
370452,1,1,1984,0,0,0,0,0,0,0,0,0,0
370452,2,1,1984,0,0,0,0,0,0,0,0,0,0
370453,1,1,1984,19,19,19,19,19,19,19,19,19,19
370453,2,1,1984,0,0,0,0,0,0,0,0,0,0
370454,0,1,1984,0,0,0,0,0,0,0,0,0,0
370454,1,1,1984,0,0,0,0,13,0,0,7,0,0
370455,1,1,1984,0,0,0,0,0,0,0,0,0,0
370455,2,1,1984,0,0,0,0,0,0,0,0,0,0
370456,0,1,1984,0,0,0,0,0,0,0,0,0,0
370456,1,1,1984,11,6,22,14,3,10,0,17,14,14
370457,0,1,1984,0,0,0,0,0,0,0,0,0,0
370457,0,2,1984,0,0,0,0,0,0,0,0,0,0
370457,1,1,1984,0,0,0,0,0,0,0,0,0,0
370458,1,1,1984,0,0,0,0,0,0,0,0,0,0
370458,2,1,1984,8,8,8,8,8,8,8,8,8,8
370459,0,1,1984,13,13,13,13,13,13,13,13,13,13
370459,1,1,1984,9,32,21,16,13,12,26,17,7,33
370460,1,1,1984,15,13,13,9,14,16,11,8,38,21
370461,0,1,1984,0,0,0,0,0,0,0,0,0,0
370461,1,1,1984,0,0,0,0,0,0,0,0,0,0
370462,0,1,1984,9,9,9,9,9,9,9,9,9,9
370462,1,1,1984,14,14,16,21,16,28,11,22,16,11
370462,2,1,1984,0,0,0,38,0,0,0,0,11,0
370463,1,1,1984,0,14,16,15,2,10,22,5,15,9
370463,2,1,1984,47,47,47,47,47,47,47,47,47,47
370464,1,1,1984,0,0,0,0,0,0,0,0,17,0
370464,2,1,1984,0,0,0,0,0,0,0,0,0,0
370465,1,1,1984,17,17,17,17,17,17,17,17,17,17
370466,1,1,1984,13,10,15,16,17,15,6,21,10,18
370467,1,1,1984,0,0,0,0,0,0,0,0,6,14
370468,0,1,1984,0,0,0,0,0,0,0,0,0,0
370468,1,1,1984,0,0,0,0,0,14,0,0,0,0
370469,1,1,1984,0,20,0,22,0,7,19,0,0,0
370470,1,1,1984,27,27,27,27,27,27,27,27,27,27
370470,2,1,1984,0,10,0,0,0,0,0,0,7,0
370471,1,1,1984,10,13,14,16,16,11,12,12,8,22
370471,2,1,1984,0,0,0,0,0,0,0,0,0,0
370472,0,1,1984,29,29,29,29,29,29,29,29,29,29
370472,1,1,1984,0,0,0,0,14,0,0,0,0,0
370473,0,1,1984,10,10,10,10,10,10,10,10,10,10
370473,1,1,1984,0,0,0,0,0,0,0,0,0,0
370474,1,1,1984,16,15,22,6,0,15,16,9,12,15
370475,1,1,1984,5,5,5,5,5,5,5,5,5,5
370476,0,1,1984,0,0,0,0,0,0,0,0,0,0
370476,1,1,1984,0,0,0,0,0,0,0,0,0,0
370477,1,1,1984,0,0,0,0,0,0,0,0,0,0
370478,0,1,1984,0,0,0,0,0,0,0,0,0,0
370478,1,1,1984,9,0,0,0,0,0,0,0,0,11
370479,1,1,1984,0,0,0,19,0,0,0,0,0,0
370479,2,1,1984,15,15,15,15,15,15,15,15,15,15
370480,1,1,1984,0,0,0,0,0,0,0,0,0,0
370480,2,1,1984,0,0,0,0,0,0,0,0,0,0
370481,1,1,1984,23,0,27,13,18,12,14,17,14,25
370482,1,1,1984,0,0,0,0,0,0,0,0,0,0
370483,1,1,1984,31,31,31,31,31,31,31,31,31,31
370484,1,1,1984,0,0,0,0,0,0,0,0,0,0
370484,2,1,1984,0,0,0,0,0,0,0,0,0,0
370485,1,1,1984,4,4,4,4,4,4,4,4,4,4
370486,1,1,1984,0,0,0,0,0,0,0,0,0,0
370486,2,1,1984,28,0,0,0,13,0,0,0,0,15
370487,1,1,1984,6,11,0,15,19,7,23,0,13,13
370487,2,1,1984,0,0,0,0,0,0,5,0,0,0
370487,3,1,1984,0,0,0,0,0,30,0,0,0,0
370488,0,1,1984,0,0,0,0,0,0,0,0,0,0
370488,1,1,1984,0,0,0,15,0,0,0,0,0,0
370489,1,1,1984,0,0,0,0,0,0,0,0,0,0
370489,2,1,1984,0,0,0,0,0,0,0,0,0,0
370490,1,1,1984,3,3,3,3,3,3,3,3,3,3
370491,1,1,1984,6,6,6,6,6,6,6,6,6,6
370492,1,1,1984,10,13,14,13,12,6,10,19,17,7
370492,2,1,1984,12,20,21,16,6,20,25,34,24,17
370493,1,1,1984,0,0,0,0,0,0,0,0,0,0
370493,2,1,1984,0,0,0,0,0,0,0,0,0,0
370494,1,1,1984,19,13,20,6,8,18,14,15,18,0
370495,1,1,1984,0,0,0,0,0,0,0,0,0,0
370495,2,1,1984,0,0,0,0,0,0,0,0,0,0
370496,1,1,1984,0,0,0,0,0,3,0,0,0,0
370496,2,1,1984,20,28,11,25,35,27,0,18,4,23
370497,1,1,1984,0,0,0,0,0,0,0,0,0,0
370497,2,1,1984,0,0,0,0,0,0,0,0,0,0
370498,0,1,1984,0,0,0,0,0,0,0,0,0,0
370498,1,1,1984,0,0,0,0,0,0,0,0,0,0
370499,1,1,1984,0,0,0,0,0,0,0,0,0,0
370499,2,1,1984,0,0,0,0,0,0,0,0,0,0
370500,1,1,1984,0,0,0,0,18,0,0,0,0,0
370500,2,1,1984,0,0,0,0,0,0,0,0,0,0
370500,3,1,1984,0,0,0,0,0,0,0,0,0,0
370501,1,1,1984,0,0,0,0,0,0,0,0,0,0
370502,1,1,1984,12,14,17,18,12,14,14,23,25,9
370503,1,1,1984,0,0,0,0,0,0,0,0,0,0
370503,2,1,1984,0,0,0,0,0,0,0,0,0,0
370503,3,1,1984,0,0,0,0,0,0,0,0,0,0
370504,1,1,1984,0,22,0,0,16,29,39,9,28,0
370505,0,1,1984,0,0,0,0,0,0,0,0,0,0
370505,1,1,1984,0,0,0,0,0,0,0,0,0,0
370506,1,1,1984,0,0,0,0,0,0,0,0,0,0
370506,2,1,1984,0,0,0,0,0,0,0,0,0,0
370507,1,1,1984,0,0,0,0,0,0,0,0,0,0
370507,2,1,1984,0,0,0,0,0,0,0,0,0,0
370508,1,1,1984,0,0,0,0,0,0,0,0,0,0
370508,2,1,1984,0,0,0,0,0,0,0,0,0,0
370509,1,1,1984,0,0,0,0,0,0,0,13,0,0
370509,2,1,1984,0,0,0,0,0,0,0,0,0,0
370510,1,1,1984,0,0,0,0,0,0,0,0,0,0
370511,1,1,1984,0,0,0,0,0,0,0,0,0,0
370511,2,1,1984,0,0,0,0,0,0,0,0,0,0
370512,1,1,1984,8,18,10,18,5,6,23,8,0,12
370512,2,1,1984,0,29,0,0,0,0,0,0,5,23
370513,1,1,1984,0,0,0,0,0,0,0,0,14,0
370514,1,1,1984,6,6,6,6,6,6,6,6,6,6
370514,2,1,1984,0,0,0,0,0,0,0,0,10,0
370515,1,1,1984,13,18,17,15,14,8,5,16,10,19
370516,1,1,1984,0,4,0,0,0,0,0,0,0,0
370516,2,1,1984,0,0,0,0,0,0,0,9,0,0
370517,1,1,1984,0,0,0,0,0,0,0,0,0,0
370517,2,1,1984,17,17,0,12,0,0,6,0,14,0
370518,1,1,1984,0,0,0,0,0,0,0,0,0,0
370518,2,1,1984,0,0,0,0,0,0,0,0,13,0
370519,1,1,1984,15,15,15,15,15,15,15,15,15,15
370520,1,1,1984,11,11,11,11,11,11,11,11,11,11
370521,0,1,1984,19,19,19,19,19,19,19,19,19,19
370521,1,1,1984,0,0,28,0,0,0,0,0,0,0
370522,1,1,1984,0,0,0,0,0,0,0,0,0,0
370523,1,1,1984,15,23,14,12,16,14,14,21,18,21
370524,1,1,1984,0,0,0,0,0,0,0,0,0,0
370524,2,1,1984,0,0,9,0,0,0,0,0,0,0
370525,0,1,1984,0,0,0,0,0,0,0,0,0,0
370525,1,1,1984,0,0,0,7,0,0,0,0,0,0
370526,1,1,1984,0,0,0,0,0,0,0,0,0,0
370526,2,1,1984,0,0,0,0,0,0,6,0,0,0
370527,1,1,1984,0,0,0,0,0,0,0,0,0,0
370528,1,1,1984,0,0,0,0,0,0,0,0,0,0
370528,2,1,1984,0,0,0,0,0,0,0,0,0,0
370529,0,1,1984,0,0,0,0,0,0,0,0,0,0
370529,1,1,1984,0,0,0,0,0,0,0,0,0,0
370530,1,1,1984,21,21,21,21,21,21,21,21,21,21
370530,2,1,1984,0,0,0,0,0,0,0,0,0,0
370531,1,1,1984,0,0,0,0,0,0,0,0,0,0
370532,1,1,1984,0,0,0,0,0,0,0,0,0,0
370533,1,1,1984,0,0,0,0,0,0,0,0,0,0
370534,1,1,1984,0,0,5,0,0,0,0,0,0,0
370534,2,1,1984,0,0,0,0,0,0,0,0,0,0
370535,0,1,1984,17,17,17,17,17,17,17,17,17,17
370535,1,1,1984,22,13,10,9,17,13,4,17,13,24
370536,1,1,1984,31,22,0,17,24,32,21,9,21,14
370537,1,1,1984,0,0,0,0,0,0,0,0,0,0
370537,2,1,1984,0,0,0,0,0,0,0,0,25,0
370537,3,1,1984,0,0,0,0,0,0,0,0,0,0
370538,1,1,1984,0,0,0,0,0,0,0,0,0,0
370538,2,1,1984,0,0,0,0,0,0,0,6,0,0
370539,1,1,1984,17,15,24,21,31,20,22,17,18,30
370540,1,1,1984,18,18,18,18,18,18,18,18,18,18
370541,1,1,1984,0,0,0,0,0,0,0,0,0,0
370542,1,1,1984,10,7,31,18,28,20,10,18,13,12
370543,1,1,1984,20,20,20,20,20,20,20,20,20,20
370544,1,1,1984,0,30,17,0,9,18,26,14,0,18
370544,2,1,1984,10,20,17,11,22,12,13,5,13,17
370545,1,1,1984,0,0,0,0,0,0,0,0,0,0
370546,0,1,1984,20,20,20,20,20,20,20,20,20,20
370546,1,1,1984,10,9,0,11,0,24,0,16,11,0
370547,1,1,1984,0,0,17,0,0,0,0,0,0,0
370547,2,1,1984,0,0,0,0,0,0,0,0,0,0
370547,3,1,1984,0,0,0,0,0,0,0,0,0,0
370548,1,1,1984,0,0,0,0,0,0,0,0,0,0
370548,2,1,1984,0,0,0,0,0,0,0,0,0,0
370549,1,1,1984,0,0,9,0,30,0,30,0,11,0
370550,0,1,1984,0,0,0,0,0,0,0,0,0,0
370550,1,1,1984,0,0,0,0,0,0,0,0,0,0
370551,1,1,1984,8,0,0,0,0,0,0,0,0,0
370551,2,1,1984,0,0,0,0,0,0,0,0,0,0
370552,1,1,1984,22,22,22,22,22,22,22,22,22,22
370552,2,1,1984,0,0,0,0,3,0,0,0,0,0
370553,1,1,1984,0,0,0,0,0,0,0,0,0,0
370553,2,1,1984,0,0,0,8,0,0,0,14,0,0
370554,1,1,1984,20,25,26,21,9,18,17,17,3,0
370555,1,1,1984,0,0,0,0,0,0,0,0,27,0
370555,2,1,1984,0,0,0,0,0,0,0,0,0,0
370556,1,1,1984,0,0,0,0,0,0,0,0,0,0
370556,2,1,1984,0,0,0,0,0,0,0,0,0,0
370557,1,1,1984,0,0,0,0,0,8,0,0,0,0
370557,2,1,1984,0,0,0,0,0,0,0,0,0,0
370558,1,1,1984,0,0,0,0,0,0,0,0,0,0
370558,2,1,1984,0,0,0,7,0,7,0,13,21,0
370560,0,1,1984,22,23,12,14,17,19,0,9,11,41
370560,1,1,1984,0,9,0,0,0,0,27,0,0,0
370561,1,1,1984,16,16,16,16,16,16,16,16,16,16
370562,0,1,1984,3,3,3,3,3,3,3,3,3,3
370562,1,1,1984,0,0,0,0,0,0,10,0,0,0
370563,1,1,1984,0,0,17,0,0,0,0,0,8,0
370564,1,1,1984,20,20,20,20,20,20,20,20,20,20
370565,1,1,1984,24,12,15,14,9,12,15,13,11,24
370566,1,1,1984,0,0,19,21,0,3,0,0,0,0
370566,2,1,1984,0,0,0,0,0,0,0,0,0,0
370567,1,1,1984,0,0,0,0,0,0,0,0,0,0
370567,2,1,1984,0,0,0,0,0,0,0,0,0,0
370568,1,1,1984,0,0,0,0,0,0,0,0,0,0
370569,0,1,1984,14,14,14,14,14,14,14,14,14,14
370569,1,1,1984,9,14,0,11,19,0,8,39,9,12
370570,1,1,1984,13,7,15,21,3,9,5,18,18,20
370570,2,1,1984,22,10,23,16,17,17,15,17,12,0
370571,1,1,1984,0,0,0,0,0,0,0,0,0,0
370571,2,1,1984,0,0,11,0,0,0,7,0,0,0
370572,1,1,1984,0,0,0,0,0,0,0,0,0,0
370572,2,1,1984,3,0,2,11,13,0,15,3,8,8
370572,3,1,1984,0,0,0,0,0,0,0,0,0,0
370573,1,1,1984,18,18,18,18,18,18,18,18,18,18
370574,0,1,1984,0,0,0,0,0,0,0,0,0,0
370574,1,1,1984,0,0,0,0,0,17,0,0,0,0
370575,1,1,1984,0,0,0,0,0,0,0,0,0,0
370575,2,1,1984,0,0,0,0,0,0,11,0,0,0
370576,1,1,1984,0,0,0,0,0,0,0,0,0,0
370576,2,1,1984,0,0,0,0,0,0,0,0,0,0
370577,1,1,1984,0,0,0,0,0,0,0,0,0,0
370577,2,1,1984,0,0,0,0,0,0,0,0,0,0
370577,3,1,1984,0,0,0,0,0,0,0,0,0,0
370578,1,1,1984,0,0,0,0,0,0,0,0,0,0
370579,1,1,1984,20,0,2,10,17,23,0,32,5,0
370579,2,1,1984,0,16,19,7,0,13,19,0,0,0
370580,1,1,1984,20,20,20,20,20,20,20,20,20,20
370581,1,1,1984,0,0,0,0,0,0,0,0,0,0
370581,2,1,1984,0,0,0,0,0,0,0,0,0,0
370582,1,1,1984,0,0,0,0,0,0,0,0,0,23
370583,1,1,1984,0,34,7,4,16,9,10,14,19,18
370583,2,1,1984,0,0,0,0,0,0,0,0,0,0
370584,1,1,1984,0,0,0,0,0,0,0,0,0,0
370584,2,1,1984,0,0,0,0,0,0,0,0,0,0
370584,3,1,1984,0,0,0,0,0,0,0,0,0,0
370585,1,1,1984,0,0,0,0,0,0,0,0,0,0
370586,1,1,1984,19,19,19,19,19,19,19,19,19,19
370587,1,1,1984,3,23,23,0,14,22,11,16,13,22
370588,1,1,1984,0,0,0,0,0,0,0,0,0,0
370588,2,1,1984,0,24,0,25,14,0,9,0,0,0
370589,1,1,1984,13,0,0,0,0,0,0,0,0,0
370589,2,1,1984,0,0,0,0,0,0,0,0,0,0
370590,1,1,1984,0,0,0,0,0,0,0,0,0,0
370590,2,1,1984,0,0,13,0,0,0,26,0,0,0
370591,1,1,1984,0,0,0,0,0,0,0,0,0,0