ST_CASE,VEH_NO,PER_NO,YEAR,P1,P2,P3,P4,P5,P6,P7,P8,P9,P10
370859,0,1,1984,0,0,0,0,0,0,0,0,0,0
370859,1,1,1984,25,0,0,0,0,0,0,0,0,0
370860,1,1,1984,0,0,0,0,0,0,0,4,0,0
370861,1,1,1984,0,0,0,0,0,0,0,0,0,0
370861,2,1,1984,0,0,0,0,0,0,0,0,0,0
370862,1,1,1984,0,0,0,0,0,0,0,0,0,0
370863,0,1,1984,11,11,11,11,11,11,11,11,11,11
370863,1,1,1984,0,0,0,0,0,0,0,0,0,0
370864,1,1,1984,19,0,0,0,0,0,0,0,0,0
370865,1,1,1984,0,0,0,0,0,0,0,0,0,0
370865,2,1,1984,0,0,0,0,12,0,0,0,0,0
370866,1,1,1984,11,0,17,0,0,0,0,0,0,21
370866,2,1,1984,14,14,14,14,14,14,14,14,14,14
370867,0,1,1984,0,0,0,0,0,0,0,0,0,0
370867,0,2,1984,0,0,0,0,0,0,0,0,0,0
370867,1,1,1984,0,18,21,0,0,0,0,0,0,0
370868,1,1,1984,0,0,0,0,0,0,0,0,0,0
370868,2,1,1984,0,0,0,0,0,0,0,0,13,0
370869,0,1,1984,0,0,0,0,0,0,0,0,0,0
370869,1,1,1984,0,0,0,0,0,0,0,0,0,0
370870,1,1,1984,0,0,0,0,0,0,0,0,0,0
370870,2,1,1984,0,0,0,0,0,0,0,0,0,0
370871,1,1,1984,17,17,17,17,17,17,17,17,17,17
370871,2,1,1984,0,0,0,0,0,0,0,0,0,0
370872,1,1,1984,0,0,0,0,0,0,0,0,0,0
370872,2,1,1984,0,0,0,0,0,0,0,0,0,0
370872,3,1,1984,0,0,0,0,0,0,0,0,0,0
370872,4,1,1984,0,0,0,0,0,0,0,0,0,0
370873,1,1,1984,5,5,5,5,5,5,5,5,5,5
370874,1,1,1984,0,0,0,0,0,0,0,0,0,0
370875,1,1,1984,0,0,0,5,0,0,0,0,0,0
370875,2,1,1984,20,23,26,11,27,16,30,14,9,11
370876,1,1,1984,0,0,0,0,0,0,0,16,0,0
370877,1,1,1984,0,0,0,0,0,0,0,0,0,0
370878,1,1,1984,0,0,0,0,0,0,0,0,0,0
370878,2,1,1984,0,0,0,0,0,0,0,0,0,0
370879,1,1,1984,25,25,25,25,25,25,25,25,25,25
370880,1,1,1984,0,0,0,0,0,0,0,0,0,0
370880,2,1,1984,0,0,0,0,0,0,0,0,0,0
370881,1,1,1984,0,0,0,0,0,0,0,0,0,0
370881,2,1,1984,0,0,10,0,0,0,0,0,0,0
370882,1,1,1984,18,18,18,18,18,18,18,18,18,18
370883,1,1,1984,19,19,19,19,19,19,19,19,19,19
370884,0,1,1984,0,0,0,0,0,0,0,0,0,0
370884,1,1,1984,0,0,0,0,0,0,0,0,0,15
370885,1,1,1984,21,21,21,21,21,21,21,21,21,21
370885,2,1,1984,0,0,0,0,11,0,0,0,0,0
370886,1,1,1984,20,20,20,20,20,20,20,20,20,20
370887,0,1,1984,0,0,0,0,0,0,0,0,0,0
370887,1,1,1984,0,0,0,0,12,0,0,0,0,0
370888,1,1,1984,25,25,25,25,25,25,25,25,25,25
370888,2,1,1984,11,0,0,0,0,0,0,0,0,0
370889,0,1,1984,26,26,26,26,26,26,26,26,26,26
370889,1,1,1984,0,0,0,0,0,0,0,0,0,0
370889,2,1,1984,0,0,0,0,4,4,0,0,0,14
370890,1,1,1984,0,7,0,0,14,0,0,0,0,0
370890,2,1,1984,0,0,0,0,0,0,0,0,0,0
370891,0,1,1984,0,0,0,0,0,0,0,0,0,0
370891,1,1,1984,0,0,0,0,0,0,0,0,5,0
370892,1,1,1984,0,26,12,4,13,9,0,8,32,10
370892,2,1,1984,0,0,12,0,0,0,0,0,0,0
370893,1,1,1984,0,0,0,0,0,0,0,0,0,0
370893,2,1,1984,0,0,0,0,0,0,0,0,0,0
370894,1,1,1984,0,0,0,0,0,0,0,0,0,0
370894,2,1,1984,0,0,0,0,0,0,0,0,0,0
370894,3,1,1984,0,0,0,0,0,0,0,0,0,0
370895,1,1,1984,0,0,0,0,0,0,0,0,0,0
370895,2,1,1984,0,0,0,0,0,0,0,0,0,14
370896,1,1,1984,8,8,8,8,8,8,8,8,8,8
370897,1,1,1984,0,0,0,0,0,0,0,0,0,0
370897,2,1,1984,0,0,0,0,0,0,0,0,0,0
370898,1,1,1984,0,0,0,0,0,0,0,0,0,0
370898,2,1,1984,0,0,0,0,0,0,0,0,0,0
370899,1,1,1984,0,0,0,0,0,0,0,0,17,17
370900,1,1,1984,13,13,13,13,13,13,13,13,13,13
370901,1,1,1984,0,0,0,0,0,0,0,0,0,0
370902,1,1,1984,7,7,7,7,7,7,7,7,7,7
370902,2,1,1984,0,0,0,0,0,0,0,0,0,0
370903,1,1,1984,13,13,13,13,13,13,13,13,13,13
370904,1,1,1984,0,0,0,18,0,0,0,0,0,0
370904,2,1,1984,0,0,0,0,0,0,0,0,0,0
370905,1,1,1984,0,0,0,0,0,0,0,0,0,0
370906,1,1,1984,16,4,11,8,2,14,7,12,11,14
370907,0,1,1984,12,12,12,12,12,12,12,12,12,12
370907,1,1,1984,0,0,0,0,0,0,0,0,0,0
370908,0,1,1984,0,0,0,0,0,0,0,0,0,0
370908,1,1,1984,0,0,0,9,0,0,0,0,0,0
370909,1,1,1984,0,23,13,26,26,13,28,13,13,13
370910,1,1,1984,0,0,0,0,0,0,0,0,0,0
370910,2,1,1984,14,14,14,14,14,14,14,14,14,14
370911,0,1,1984,20,20,20,20,20,20,20,20,20,20
370911,1,1,1984,0,10,0,0,0,0,11,17,0,0
370912,1,1,1984,0,0,21,0,0,0,9,0,23,0
370913,1,1,1984,19,19,19,19,19,19,19,19,19,19
370914,1,1,1984,0,0,0,0,0,0,0,0,0,0
370914,2,1,1984,0,0,0,0,21,0,0,0,0,0
370915,1,1,1984,0,0,0,0,0,0,0,0,0,0
370915,2,1,1984,0,0,0,0,0,0,0,0,0,0
370916,1,1,1984,16,16,16,16,16,16,16,16,16,16
370917,1,1,1984,0,0,0,0,0,0,0,0,0,0
370917,2,1,1984,0,0,0,0,0,0,0,0,0,0
370918,1,1,1984,0,0,0,0,0,0,0,0,0,0
370918,2,1,1984,0,0,0,0,0,0,0,0,0,0
370919,1,1,1984,0,0,0,0,0,0,0,0,0,0
370919,2,1,1984,0,0,0,0,0,0,0,0,0,0
370919,3,1,1984,0,0,0,0,0,0,0,0,0,0
370920,0,1,1984,0,0,0,0,0,0,0,0,0,0
370920,1,1,1984,0,0,0,0,0,0,0,0,0,0
370921,0,1,1984,0,0,0,0,0,0,0,0,0,0
370921,1,1,1984,0,0,0,0,0,0,0,0,0,0
370922,1,1,1984,0,0,0,0,0,0,0,0,0,0
370922,2,1,1984,0,0,0,0,0,0,0,0,0,0
370923,1,1,1984,0,0,0,0,0,0,0,0,0,0
370923,2,1,1984,0,0,0,0,0,0,0,0,0,0
370923,3,1,1984,0,0,0,0,0,0,0,0,21,0
370924,1,1,1984,0,7,0,0,0,0,0,0,0,0
370924,2,1,1984,17,17,17,17,17,17,17,17,17,17
370925,0,1,1984,20,20,20,20,20,20,20,20,20,20
370925,1,1,1984,0,19,15,0,0,0,21,16,26,0
370926,1,1,1984,15,24,19,6,23,21,16,28,14,4
370927,0,1,1984,0,0,0,0,0,0,0,0,0,0
370927,1,1,1984,0,0,0,0,0,0,0,0,0,0
370928,1,1,1984,0,0,0,0,0,0,0,0,0,0
370928,2,1,1984,27,0,0,0,0,0,0,0,0,0
370928,3,1,1984,0,0,0,0,0,10,0,0,0,0
370929,1,1,1984,18,18,18,18,18,18,18,18,18,18
370930,1,1,1984,19,19,19,19,19,19,19,19,19,19
370931,1,1,1984,0,0,0,0,0,14,0,0,24,0
370932,1,1,1984,0,0,0,0,0,0,0,0,0,0
370932,2,1,1984,0,0,0,0,0,0,0,0,0,0
370933,1,1,1984,0,0,0,0,0,0,0,0,0,0
370933,2,1,1984,0,0,0,0,0,0,0,0,0,0
370934,0,1,1984,0,0,0,0,0,0,0,0,0,0
370934,1,1,1984,0,0,0,0,0,0,0,0,0,0
370935,0,1,1984,10,10,10,10,10,10,10,10,10,10
370935,1,1,1984,0,0,0,0,0,0,0,0,0,0
370936,0,1,1984,0,0,0,0,0,0,0,0,0,0
370936,1,1,1984,0,0,0,25,0,29,0,0,0,9
370937,1,1,1984,15,15,15,15,15,15,15,15,15,15
370938,1,1,1984,0,0,0,0,0,0,0,0,0,0
370938,2,1,1984,0,0,0,0,0,0,0,0,0,0
370939,1,1,1984,6,6,6,6,6,6,6,6,6,6
370940,0,1,1984,0,0,0,0,0,0,0,0,0,0
370940,1,1,1984,0,0,0,0,0,0,0,0,0,12
370941,1,1,1984,0,0,0,0,0,0,0,0,0,10
370941,2,1,1984,0,0,0,0,0,0,0,0,0,0
370942,1,1,1984,34,30,10,7,6,10,0,17,20,11
370943,1,1,1984,18,0,17,31,9,15,19,25,0,16
370944,0,1,1984,0,0,0,0,0,0,0,0,0,0
370944,1,1,1984,12,21,10,8,5,11,15,0,9,20
370945,1,1,1984,0,0,0,0,0,0,0,0,0,0
370946,1,1,1984,0,0,0,0,0,0,0,0,0,0
370946,2,1,1984,0,0,0,0,0,0,0,0,0,37
370947,0,1,1984,0,0,0,0,0,0,0,0,0,0
370947,1,1,1984,0,0,0,0,0,0,0,0,0,0
370947,2,1,1984,0,0,0,0,0,0,0,0,0,0
370947,3,1,1984,0,0,0,0,0,0,0,0,0,0
370947,4,1,1984,0,0,0,0,0,0,0,0,0,0
370948,1,1,1984,0,0,0,0,0,0,0,0,0,0
370948,2,1,1984,0,0,0,0,0,0,0,0,0,0
370949,1,1,1984,0,0,0,0,0,0,0,0,0,0
370949,2,1,1984,0,0,0,0,0,0,0,0,0,0
370950,0,1,1984,11,11,11,11,11,11,11,11,11,11
370950,0,2,1984,0,0,0,0,0,0,0,0,0,0
370950,1,1,1984,0,0,0,0,0,0,0,0,0,0
370951,0,1,1984,0,0,0,0,0,0,0,0,0,0
370951,1,1,1984,27,9,3,5,10,5,22,12,7,9
370952,1,1,1984,0,0,0,0,0,0,0,0,0,0
370952,2,1,1984,5,20,13,9,1,5,7,29,4,5
370953,1,1,1984,0,0,0,0,0,0,0,0,0,0
370953,2,1,1984,0,0,0,0,0,0,0,0,10,0
370954,0,1,1984,9,9,9,9,9,9,9,9,9,9
370954,1,1,1984,0,0,0,0,0,0,0,0,0,0
370955,1,1,1984,26,26,26,26,26,26,26,26,26,26
370956,1,1,1984,31,9,0,0,0,0,20,0,0,0
370957,1,1,1984,22,10,0,17,21,27,15,0,20,6
370958,1,1,1984,15,12,22,7,17,25,26,31,21,11
370959,0,1,1984,0,0,0,0,0,0,0,0,0,0
370959,1,1,1984,0,0,0,0,0,0,0,0,0,0
370960,1,1,1984,12,17,10,13,30,13,12,20,10,17
370960,2,1,1984,0,0,0,0,0,0,0,0,0,13
370961,1,1,1984,14,14,14,14,14,14,14,14,14,14
370961,2,1,1984,11,0,24,0,0,15,0,0,0,4
370962,1,1,1984,0,0,0,0,0,0,0,0,0,0
370962,2,1,1984,0,0,0,0,0,0,0,0,0,0
370963,1,1,1984,0,0,0,0,0,0,0,0,0,0
370963,2,1,1984,16,16,16,16,16,16,16,16,16,16
370964,1,1,1984,0,0,0,0,0,0,0,0,0,0
370964,2,1,1984,28,0,0,0,0,0,0,0,0,0
370965,1,1,1984,0,0,0,0,0,0,0,0,0,0
370965,2,1,1984,15,15,15,15,15,15,15,15,15,15
370966,1,1,1984,20,20,20,20,20,20,20,20,20,20
370967,1,1,1984,0,0,11,0,0,0,0,0,0,0
370967,2,1,1984,0,0,0,0,0,0,0,0,0,0
370968,1,1,1984,10,10,10,10,10,10,10,10,10,10
370969,1,1,1984,3,0,0,0,0,0,0,0,0,0
370969,2,1,1984,0,0,0,0,0,0,0,0,0,0
370970,1,1,1984,0,0,0,0,0,18,0,11,0,0
370970,2,1,1984,0,0,0,17,0,0,0,0,0,0
370971,1,1,1984,37,21,5,15,26,16,20,9,23,14
370971,2,1,1984,0,0,6,0,0,0,0,0,0,0
370971,3,1,1984,0,0,0,0,0,0,0,18,0,0
370972,1,1,1984,0,0,0,0,0,0,0,9,0,0
370972,2,1,1984,8,8,8,8,8,8,8,8,8,8
370973,1,1,1984,3,0,21,9,7,6,17,13,22,9
370974,1,1,1984,0,0,0,0,0,0,0,0,0,0
370974,2,1,1984,0,0,0,0,0,0,0,0,0,0
370975,1,1,1984,0,0,0,0,0,0,0,0,0,0
370976,1,1,1984,16,9,10,25,8,13,0,16,15,19
370977,1,1,1984,0,0,0,0,0,0,0,0,0,0
370977,2,1,1984,20,0,14,17,19,10,11,18,0,17
370978,0,1,1984,0,0,0,0,0,0,0,0,0,0
370978,1,1,1984,0,0,0,6,0,0,0,0,0,0
370979,0,1,1984,0,0,0,0,0,0,0,0,0,0
370979,1,1,1984,0,0,0,0,0,0,0,0,0,0
370980,1,1,1984,24,10,0,8,3,22,17,0,20,14
370981,1,1,1984,0,0,0,0,0,0,0,0,0,0
370981,2,1,1984,0,0,0,0,0,0,0,0,0,0
370982,1,1,1984,0,0,0,0,0,0,0,27,0,0
370982,2,1,1984,0,0,0,0,0,0,0,0,0,0
370982,3,1,1984,0,11,0,0,0,0,0,0,0,11
370982,4,1,1984,0,0,0,0,0,0,0,0,0,0
370983,1,1,1984,12,12,12,12,12,12,12,12,12,12
370984,1,1,1984,16,16,16,16,16,16,16,16,16,16
370985,1,1,1984,34,14,10,18,19,9,10,13,17,15
370986,1,1,1984,0,14,17,15,19,14,24,14,17,16
370987,1,1,1984,18,14,7,8,8,34,23,4,11,15
370988,0,1,1984,0,0,0,0,0,0,0,0,0,0
370988,1,1,1984,0,0,0,0,0,0,0,0,0,0
370989,1,1,1984,0,0,0,0,0,0,0,21,0,17
370989,2,1,1984,19,28,8,7,24,3,10,12,17,15
370990,1,1,1984,15,15,15,15,15,15,15,15,15,15
370991,0,1,1984,0,0,0,0,0,0,0,0,0,0
370991,1,1,1984,0,0,10,0,0,0,0,0,0,0
370992,0,1,1984,0,0,0,0,17,0,13,20,23,17
370992,1,1,1984,5,0,0,0,0,0,29,10,0,0
370993,1,1,1984,0,0,9,7,2,0,0,0,6,6
370993,2,1,1984,8,29,23,16,22,12,8,15,0,16
370994,0,1,1984,22,22,22,22,22,22,22,22,22,22
370994,1,1,1984,0,0,0,0,0,0,0,0,0,0
370995,1,1,1984,0,0,0,0,0,0,0,0,0,0
370995,2,1,1984,0,0,0,0,0,0,0,0,0,0
370995,3,1,1984,0,0,0,0,0,0,0,0,0,0
370996,1,1,1984,0,0,0,0,0,0,0,0,0,0
370997,1,1,1984,0,11,0,0,0,0,0,0,0,0
370997,2,1,1984,0,0,0,0,0,0,0,0,0,0
370998,1,1,1984,0,0,0,0,0,0,0,0,0,0
370999,1,1,1984,0,0,0,0,0,0,0,0,0,5
370999,2,1,1984,0,0,0,0,0,0,18,0,0,14
371000,1,1,1984,0,0,0,0,0,0,0,0,0,0
371000,2,1,1984,18,18,18,18,18,18,18,18,18,18
371001,1,1,1984,18,18,18,18,18,18,18,18,18,18
371002,1,1,1984,5,5,5,5,5,5,5,5,5,5
371003,1,1,1984,5,9,10,10,15,8,12,12,15,18
371004,1,1,1984,9,19,4,15,28,24,28,7,17,0
371005,0,1,1984,30,30,30,30,30,30,30,30,30,30
371005,1,1,1984,0,0,0,28,0,13,0,0,0,0
371006,0,1,1984,14,24,0,0,0,6,0,0,14,0
371006,1,1,1984,0,0,0,0,0,7,0,0,0,11
371007,1,1,1984,0,0,0,0,0,0,0,0,0,3
371007,2,1,1984,0,0,0,0,0,0,0,0,0,0
371008,1,1,1984,0,0,0,0,0,0,0,0,0,0
371008,2,1,1984,0,0,0,0,0,0,4,0,0,4
371009,0,1,1984,0,0,0,0,0,0,0,0,0,0
371009,1,1,1984,0,0,7,0,0,0,0,0,0,0
371010,0,1,1984,0,0,0,0,0,0,0,0,0,0
371010,1,1,1984,0,0,0,0,0,0,0,0,0,0
371011,0,1,1984,0,0,12,0,0,0,0,0,0,0
371011,1,1,1984,0,0,0,0,0,0,0,0,0,0
371012,0,1,1984,0,8,17,18,12,0,20,17,22,19
371012,1,1,1984,0,0,0,0,0,0,0,0,12,0
371013,1,1,1984,0,0,0,0,0,0,0,0,0,0
371014,1,1,1984,11,19,9,16,20,10,19,21,15,12
371015,0,1,1984,0,0,0,0,0,0,0,0,0,0
371015,1,1,1984,0,0,0,0,0,0,0,0,13,0
371016,1,1,1984,0,0,0,0,0,0,0,0,0,0
371016,2,1,1984,0,0,0,0,0,0,0,0,0,0
371017,0,1,1984,0,0,0,0,0,0,0,0,0,0
371017,1,1,1984,0,0,0,0,0,0,0,0,0,0
371018,0,1,1984,13,13,13,13,13,13,13,13,13,13
371018,1,1,1984,0,0,0,0,0,0,29,0,14,8
371019,1,1,1984,21,21,21,21,21,21,21,21,21,21
371020,1,1,1984,11,16,0,12,13,16,33,9,17,22
371021,1,1,1984,18,18,18,18,18,18,18,18,18,18
371022,1,1,1984,0,0,0,0,0,0,0,0,0,0
371022,2,1,1984,0,0,0,0,24,0,18,19,0,0
371023,1,1,1984,11,11,11,11,11,11,11,11,11,11
371024,0,1,1984,12,0,0,28,6,9,21,0,7,0
371024,1,1,1984,0,13,0,0,35,16,20,0,0,0
371025,1,1,1984,0,0,0,0,0,0,0,0,0,0
371025,2,1,1984,0,0,0,0,0,0,0,0,0,0
371026,1,1,1984,0,0,0,0,0,0,0,0,0,0
371027,1,1,1984,11,11,11,11,11,11,11,11,11,11
371028,0,1,1984,0,0,0,0,0,0,0,0,0,0
371028,1,1,1984,0,0,0,0,0,0,0,17,0,0
371029,1,1,1984,9,9,9,9,9,9,9,9,9,9
371030,1,1,1984,0,0,0,0,0,0,0,0,0,0
371030,2,1,1984,0,8,0,0,0,0,0,0,0,0
371031,1,1,1984,0,7,0,0,0,0,0,0,0,0
371032,1,1,1984,8,8,8,8,8,8,8,8,8,8
371033,0,1,1984,0,0,0,0,0,0,0,0,0,0
371033,1,1,1984,0,0,0,0,0,0,0,0,0,0
371034,1,1,1984,0,0,0,0,0,0,0,0,0,0
371034,2,1,1984,0,0,0,0,18,0,0,0,0,0
371035,1,1,1984,0,0,0,0,0,0,0,0,0,0
371035,2,1,1984,0,0,0,0,0,0,0,0,0,0
371036,1,1,1984,0,0,0,0,0,0,0,0,0,0
371037,1,1,1984,0,0,0,0,0,0,0,0,0,0
371038,1,1,1984,12,22,0,18,23,24,15,23,10,11
371038,2,1,1984,0,0,0,0,0,0,0,0,0,0
371039,1,1,1984,20,20,20,20,20,20,20,20,20,20
371039,2,1,1984,0,0,24,11,22,0,0,0,0,0
371040,1,1,1984,16,16,16,16,16,16,16,16,16,16
371041,1,1,1984,0,0,0,0,0,0,0,0,0,0
371041,2,1,1984,15,9,6,19,18,21,17,17,36,15
371042,1,1,1984,0,0,0,0,17,0,15,0,0,0
371042,2,1,1984,0,0,29,11,0,0,0,0,22,0
371043,1,1,1984,0,0,0,0,0,0,0,0,0,0
371043,2,1,1984,3,31,6,17,12,15,6,7,29,9
371044,1,1,1984,0,0,0,0,0,0,0,0,0,0
371045,1,1,1984,0,0,0,0,0,0,0,0,0,0
371046,1,1,1984,14,0,0,0,0,0,0,0,0,0
371046,2,1,1984,2,2,2,2,2,2,2,2,2,2
371047,0,1,1984,0,0,0,0,0,0,0,0,0,0
371047,1,1,1984,0,0,10,0,0,19,0,0,0,3
371048,0,1,1984,26,26,26,26,26,26,26,26,26,26
371048,1,1,1984,0,0,0,0,0,0,0,0,0,0
371049,1,1,1984,26,26,26,26,26,26,26,26,26,26
371049,2,1,1984,15,0,0,16,0,0,0,0,0,11
371050,1,1,1984,0,0,0,0,0,0,0,0,0,0
371050,2,1,1984,3,0,0,0,0,0,0,0,0,0
371051,1,1,1984,0,0,0,0,0,0,0,0,0,0
371051,2,1,1984,0,0,0,0,0,0,0,0,0,0
371052,1,1,1984,23,13,9,20,20,5,6,17,22,20
371053,1,1,1984,14,14,14,14,14,14,14,14,14,14
371054,1,1,1984,9,12,14,0,16,27,30,9,19,17
371054,2,1,1984,0,0,0,0,0,0,0,0,0,0
371055,1,1,1984,0,0,0,20,0,0,0,0,0,0
371055,2,1,1984,24,24,24,24,24,24,24,24,24,24
371056,0,1,1984,0,0,0,0,0,0,0,0,0,0
371056,1,1,1984,0,0,0,0,0,0,0,0,0,0
371057,1,1,1984,23,13,11,17,0,4,0,5,18,13
371057,2,1,1984,0,0,0,0,0,0,0,0,0,0
371057,3,1,1984,0,0,0,0,0,0,0,0,0,0
371058,1,1,1984,9,9,9,9,9,9,9,9,9,9
371059,1,1,1984,19,4,14,17,12,11,14,14,28,4
371059,2,1,1984,0,0,0,0,0,0,0,0,0,0
371060,1,1,1984,0,0,0,0,0,0,0,0,0,0
371060,2,1,1984,0,0,0,0,0,0,0,0,0,0
371061,0,1,1984,17,17,17,17,17,17,17,17,17,17
371061,1,1,1984,7,10,6,20,19,6,15,0,6,8
371062,1,1,1984,0,0,0,0,0,0,0,0,0,0
371062,2,1,1984,0,0,0,0,0,0,0,0,0,0
371063,0,1,1984,0,0,0,0,0,0,0,0,0,0
371063,1,1,1984,0,0,0,0,0,0,0,0,0,0
371064,0,1,1984,24,24,24,24,24,24,24,24,24,24
371064,1,1,1984,0,0,0,0,0,0,0,0,0,0
371065,1,1,1984,12,12,12,12,12,12,12,12,12,12
371065,2,1,1984,0,0,0,0,0,0,0,0,0,0
371065,3,1,1984,0,0,0,0,0,0,0,0,0,0
371066,1,1,1984,0,7,0,0,28,14,14,0,0,0
371067,1,1,1984,35,10,21,8,16,14,4,13,5,7
371068,1,1,1984,5,0,4,0,0,19,16,0,0,0
371069,1,1,1984,3,3,3,3,3,3,3,3,3,3
371070,1,1,1984,10,10,10,10,10,10,10,10,10,10
371071,1,1,1984,22,22,22,22,22,22,22,22,22,22
371072,1,1,1984,0,0,0,0,0,0,0,0,0,0
371073,1,1,1984,10,14,9,0,15,0,0,10,0,9
371073,2,1,1984,16,16,16,16,16,16,16,16,16,16
371074,1,1,1984,0,0,0,0,0,0,0,0,0,0
371075,1,1,1984,6,6,6,6,6,6,6,6,6,6
371076,1,1,1984,19,19,19,19,19,19,19,19,19,19
371076,2,1,1984,0,0,0,0,0,0,0,0,0,0
371077,0,1,1984,0,0,0,0,0,0,0,0,0,0
371077,1,1,1984,19,13,0,13,23,21,12,6,0,14
371078,1,1,1984,0,0,0,0,0,0,0,0,0,0
371079,1,1,1984,0,0,0,0,0,0,0,0,0,0
371079,2,1,1984,0,0,0,0,0,0,0,0,0,0
371080,1,1,1984,0,0,0,0,0,0,0,0,0,0
371080,2,1,1984,0,0,0,0,0,0,0,0,0,0
371081,1,1,1984,17,17,17,17,17,17,17,17,17,17
371081,2,1,1984,26,0,0,0,0,0,0,0,12,0
371082,1,1,1984,0,0,0,0,9,0,0,0,0,0
371082,2,1,1984,0,0,0,7,0,0,0,0,0,0
371082,3,1,1984,14,0,0,0,0,0,0,0,0,0
371083,0,1,1984,0,0,0,0,0,0,0,0,0,0
371083,1,1,1984,0,0,0,0,0,0,0,0,0,0
371084,1,1,1984,0,0,0,0,0,0,0,0,0,0
371085,1,1,1984,22,22,22,22,22,22,22,22,22,22
371086,0,1,1984,0,0,0,0,0,0,0,0,0,0
371086,1,1,1984,0,0,0,15,0,0,0,0,0,0
371087,0,1,1984,0,0,0,0,0,0,0,0,0,0
371087,1,1,1984,0,0,0,0,0,0,0,0,0,0
371088,1,1,1984,0,0,0,0,0,0,0,0,0,0
371088,2,1,1984,0,0,0,0,0,0,0,0,0,0
371089,0,1,1984,25,25,25,25,25,25,25,25,25,25
371089,1,1,1984,15,13,12,12,8,23,9,16,13,9
371090,0,1,1984,22,22,22,22,22,22,22,22,22,22
371090,1,1,1984,0,0,0,0,0,0,0,0,0,0
371091,1,1,1984,23,23,23,23,23,23,23,23,23,23
371092,1,1,1984,0,0,0,0,0,0,0,0,0,0
371093,1,1,1984,0,0,0,0,0,0,0,0,0,0
371093,2,1,1984,0,0,0,0,0,0,0,0,0,0
371094,1,1,1984,0,0,0,0,11,0,0,0,0,0
371095,0,1,1984,0,0,0,0,0,0,0,0,0,0
371095,1,1,1984,0,0,0,0,0,0,0,0,0,0
371096,0,1,1984,40,40,40,40,40,40,40,40,40,40
371096,1,1,1984,0,0,0,0,0,0,0,0,0,0
371097,1,1,1984,11,11,11,11,11,11,11,11,11,11
371098,1,1,1984,28,28,28,28,28,28,28,28,28,28
371099,1,1,1984,0,0,0,0,0,0,0,0,0,0
371100,1,1,1984,0,0,0,0,0,0,0,0,0,0
371100,2,1,1984,0,0,0,0,0,0,0,13,0,0
371101,1,1,1984,30,30,30,30,30,30,30,30,30,30
371102,1,1,1984,9,9,9,9,9,9,9,9,9,9
371103,1,1,1984,0,0,0,12,0,0,0,0,0,0
371104,1,1,1984,0,0,0,0,0,0,0,0,0,0
371104,2,1,1984,0,0,0,0,0,0,0,0,0,0
371105,0,1,1984,0,0,0,0,0,0,0,0,0,0
371105,1,1,1984,0,0,0,0,0,0,0,0,0,0
371106,1,1,1984,18,18,18,18,18,18,18,18,18,18
371107,1,1,1984,27,27,27,27,27,27,27,27,27,27
371108,0,1,1984,0,0,0,0,0,0,0,0,0,0
371108,1,1,1984,0,0,0,0,0,0,0,0,0,0
371109,1,1,1984,21,6,0,22,31,23,15,16,13,14
371110,1,1,1984,19,7,3,9,9,14,11,25,12,17
371110,2,1,1984,0,0,0,0,0,0,0,0,0,0
371111,1,1,1984,18,18,18,18,18,18,18,18,18,18
371112,1,1,1984,0,0,0,0,6,0,0,0,0,0
371112,2,1,1984,0,0,0,0,0,0,0,0,0,0
371113,1,1,1984,14,13,19,12,29,20,12,31,25,27
371114,1,1,1984,0,0,0,0,0,0,0,0,0,0
371114,2,1,1984,0,0,0,0,0,0,0,0,0,0
371115,1,1,1984,0,0,0,0,0,0,17,0,18,0
371115,2,1,1984,13,15,0,0,0,0,17,0,0,0
371116,1,1,1984,0,0,0,0,0,0,0,0,0,0
371116,2,1,1984,6,27,8,19,33,18,30,25,19,13
371116,3,1,1984,0,0,0,0,0,0,0,0,16,0
371117,1,1,1984,0,0,0,0,0,0,0,0,0,0
371117,2,1,1984,11,9,14,20,19,12,25,0,21,13
371118,0,1,1984,20,20,20,20,20,20,20,20,20,20
371118,1,1,1984,0,0,0,0,0,0,11,0,0,0
371119,0,1,1984,0,0,0,0,0,0,0,0,0,0
371119,1,1,1984,0,0,0,0,0,0,0,0,0,0
371120,1,1,1984,10,10,10,10,10,10,10,10,10,10
371120,2,1,1984,0,0,0,0,0,0,0,0,0,0
371121,1,1,1984,22,11,18,12,10,26,15,11,19,3
371122,1,1,1984,21,21,21,21,21,21,21,21,21,21
371123,1,1,1984,23,0,28,0,0,0,0,19,3,0
371124,1,1,1984,0,0,0,0,0,0,0,0,0,0
371125,0,1,1984,24,24,24,24,24,24,24,24,24,24
371125,1,1,1984,0,0,0,0,0,0,0,0,0,0
371126,1,1,1984,0,10,0,0,17,0,0,0,0,0
371126,2,1,1984,20,20,20,20,20,20,20,20,20,20
371127,0,1,1984,29,29,29,29,29,29,29,29,29,29
371127,1,1,1984,0,0,0,0,0,0,0,0,0,0
371128,0,1,1984,31,31,31,31,31,31,31,31,31,31
371128,1,1,1984,0,0,24,0,24,34,0,0,0,21
371129,1,1,1984,29,29,29,29,29,29,29,29,29,29
371130,1,1,1984,0,0,0,0,0,0,0,0,0,0
371131,1,1,1984,0,0,0,0,0,0,0,0,0,0
371131,2,1,1984,0,0,0,0,0,0,0,0,0,0
371132,1,1,1984,14,14,14,14,14,14,14,14,14,14
371133,1,1,1984,9,9,9,9,9,9,9,9,9,9
371133,2,1,1984,14,0,0,0,0,11,14,0,18,23