ST_CASE,VEH_NO,PER_NO,YEAR,P1,P2,P3,P4,P5,P6,P7,P8,P9,P10
371134,1,1,1984,0,0,0,0,0,0,0,0,0,0
371135,1,1,1984,0,0,22,0,0,0,0,0,0,0
371136,1,1,1984,27,27,27,27,27,27,27,27,27,27
371137,1,1,1984,0,0,0,0,5,0,0,0,0,0
371137,2,1,1984,0,0,0,0,0,0,0,0,0,11
371138,1,1,1984,0,0,0,0,0,0,0,0,0,0
371138,2,1,1984,0,0,0,0,0,0,7,0,0,0
371139,1,1,1984,21,21,21,21,21,21,21,21,21,21
371140,1,1,1984,0,0,0,0,0,0,19,0,0,0
371141,1,1,1984,10,10,10,10,10,10,10,10,10,10
371142,1,1,1984,0,0,0,0,0,0,5,0,0,0
371142,2,1,1984,0,0,0,0,0,0,0,0,0,0
371143,1,1,1984,0,0,0,0,0,0,0,0,0,0
371144,1,1,1984,0,0,0,0,0,0,0,0,0,0
371144,2,1,1984,0,0,0,0,0,0,0,0,0,0
371144,3,1,1984,0,0,0,0,0,0,0,0,0,0
371145,1,1,1984,0,0,0,0,0,0,0,0,0,0
371145,2,1,1984,0,0,0,0,0,0,13,0,24,0
371146,1,1,1984,0,0,0,0,0,0,0,0,0,0
371146,2,1,1984,0,0,0,0,0,0,0,0,0,0
371147,1,1,1984,0,0,22,0,0,0,0,0,0,0
371147,2,1,1984,0,0,0,0,0,0,0,0,0,0
371148,1,1,1984,18,18,18,18,18,18,18,18,18,18
371149,1,1,1984,11,11,11,11,11,11,11,11,11,11
371150,1,1,1984,0,0,0,0,0,0,0,0,0,0
371151,1,1,1984,0,0,0,0,0,0,0,0,0,0
371151,2,1,1984,0,0,0,0,0,0,0,0,0,0
371152,1,1,1984,0,0,0,0,0,0,9,0,0,0
371152,2,1,1984,0,0,0,0,0,0,0,0,0,0
371153,1,1,1984,27,27,27,27,27,27,27,27,27,27
371154,1,1,1984,18,18,18,18,18,18,18,18,18,18
371155,1,1,1984,0,0,0,0,0,0,0,0,0,0
371156,1,1,1984,2,2,2,2,2,2,2,2,2,2
371157,1,1,1984,0,0,0,0,0,0,0,0,0,0
371157,2,1,1984,0,0,0,0,0,0,0,0,0,0
371158,1,1,1984,0,0,0,0,0,0,0,0,0,0
371158,2,1,1984,0,0,0,0,0,0,0,0,0,0
371159,1,1,1984,20,24,22,11,10,12,0,12,8,8
371160,1,1,1984,17,0,0,0,0,0,0,0,0,0
371160,2,1,1984,0,0,0,0,0,0,0,0,0,0
371160,3,1,1984,19,5,0,19,16,13,17,23,8,0
371161,1,1,1984,17,17,17,17,17,17,17,17,17,17
371162,1,1,1984,0,0,0,0,0,0,0,0,0,0
371162,2,1,1984,0,0,0,0,0,0,0,0,0,0
371163,0,1,1984,20,20,20,20,20,20,20,20,20,20
371163,1,1,1984,0,15,5,12,0,0,13,6,16,13
371164,1,1,1984,0,0,0,0,0,0,0,0,0,0
371164,2,1,1984,0,0,0,0,0,0,0,0,0,0
371165,1,1,1984,0,0,0,0,0,0,0,0,0,0
371165,2,1,1984,0,0,0,10,0,0,0,0,0,0
371166,1,1,1984,0,11,0,0,15,0,0,0,0,0
371166,2,1,1984,0,0,0,0,0,0,0,0,0,0
371167,1,1,1984,9,0,0,0,7,0,0,0,7,0
371167,2,1,1984,14,26,0,0,0,0,0,0,0,0
371168,0,1,1984,0,0,0,0,0,0,0,0,0,0
371168,1,1,1984,0,0,0,0,0,0,0,0,0,22
371169,0,1,1984,0,0,0,0,0,0,0,0,0,0
371169,1,1,1984,0,0,0,0,0,0,0,0,0,0
371170,1,1,1984,26,26,26,26,26,26,26,26,26,26
371171,1,1,1984,17,17,17,17,17,17,17,17,17,17
371172,1,1,1984,16,16,16,16,16,16,16,16,16,16
371172,2,1,1984,0,0,0,0,0,0,0,0,0,0
371173,1,1,1984,0,0,0,0,0,0,0,9,0,0
371173,2,1,1984,31,31,31,31,31,31,31,31,31,31
371174,1,1,1984,40,38,14,14,22,8,23,11,0,14
371175,1,1,1984,16,16,16,16,16,16,16,16,16,16
371176,1,1,1984,14,15,14,19,38,18,17,20,22,17
371177,1,1,1984,23,23,23,23,23,23,23,23,23,23
371178,0,1,1984,0,0,0,0,0,0,0,0,0,0
371178,0,2,1984,0,0,30,14,0,0,22,15,20,0
371178,1,1,1984,20,15,31,12,4,18,10,18,8,10
371179,1,1,1984,12,12,12,12,12,12,12,12,12,12
371179,2,1,1984,0,0,10,0,0,0,0,8,0,0
371180,0,1,1984,24,24,24,24,24,24,24,24,24,24
371180,1,1,1984,10,14,10,20,0,19,10,15,8,12
371181,1,1,1984,0,0,0,0,0,0,0,0,0,0
371181,2,1,1984,0,0,0,0,0,0,0,0,0,0
371182,1,1,1984,17,17,17,17,17,17,17,17,17,17
371183,1,1,1984,0,0,0,0,0,0,0,0,0,0
371183,2,1,1984,16,16,16,16,16,16,16,16,16,16
371184,1,1,1984,0,0,0,0,0,0,0,0,0,0
371185,1,1,1984,20,20,20,20,20,20,20,20,20,20
371185,2,1,1984,0,15,0,11,0,0,0,0,12,13
371186,1,1,1984,0,0,0,0,0,0,0,0,0,0
371187,0,1,1984,0,0,0,0,0,0,0,0,0,0
371187,1,1,1984,0,0,0,0,0,0,0,0,0,0
371188,1,1,1984,0,0,0,0,0,0,0,0,0,0
371188,2,1,1984,0,0,0,0,0,0,0,0,0,0
371189,0,1,1984,26,26,26,26,26,26,26,26,26,26
371189,1,1,1984,23,13,21,11,7,19,14,20,8,8
371190,1,1,1984,0,0,0,0,0,0,0,0,0,0
371190,2,1,1984,0,0,0,0,0,0,0,0,0,0
371191,1,1,1984,0,0,0,0,0,0,0,0,0,0
371191,2,1,1984,0,0,0,0,0,0,0,0,0,0
371192,1,1,1984,0,0,0,0,0,8,8,0,0,0
371192,2,1,1984,0,0,0,0,0,0,0,0,0,0
371193,1,1,1984,0,0,0,0,0,0,0,0,0,0
371193,2,1,1984,0,0,0,0,0,0,0,0,0,0
371194,1,1,1984,0,0,0,0,0,0,0,0,0,0
371194,2,1,1984,0,0,0,0,0,0,0,0,0,0
371195,1,1,1984,25,14,5,17,17,23,25,16,13,11
371195,2,1,1984,0,0,0,0,0,0,0,0,0,0
371196,1,1,1984,0,0,0,0,0,0,0,0,27,12
371196,2,1,1984,17,10,15,21,3,16,10,19,15,11
371196,3,1,1984,26,26,26,26,26,26,26,26,26,26
371197,0,1,1984,13,24,0,0,0,0,0,0,0,0
371197,1,1,1984,0,0,0,0,0,0,0,0,0,0
371198,1,1,1984,0,0,0,21,0,0,0,0,0,0
371198,2,1,1984,31,31,31,31,31,31,31,31,31,31
371199,0,1,1984,0,0,0,0,0,0,0,0,0,0
371199,1,1,1984,3,0,14,0,0,0,0,0,0,0
371200,1,1,1984,0,0,0,0,0,0,0,0,0,0
371201,1,1,1984,14,14,14,14,14,14,14,14,14,14
371201,2,1,1984,4,4,4,4,4,4,4,4,4,4
371202,0,1,1984,0,0,0,0,0,0,0,0,0,0
371202,1,1,1984,0,0,0,0,0,0,0,0,0,0
371203,1,1,1984,21,21,21,21,21,21,21,21,21,21
371204,1,1,1984,0,0,0,0,0,0,0,0,0,0
371204,2,1,1984,0,0,0,0,0,0,0,0,0,0
371205,1,1,1984,27,26,19,23,15,10,9,24,12,14
371206,1,1,1984,0,0,0,0,0,0,0,0,0,0
371206,2,1,1984,0,0,0,0,0,0,0,0,0,0
371207,1,1,1984,8,22,13,19,14,26,18,17,18,26
371208,1,1,1984,0,0,0,0,0,0,0,0,0,0
371209,0,1,1984,0,0,0,0,0,0,0,0,0,0
371209,1,1,1984,0,0,0,0,0,0,0,0,0,0
371210,1,1,1984,0,0,0,0,0,0,0,0,0,0
371211,0,1,1984,0,0,0,0,0,0,0,0,0,0
371211,1,1,1984,0,0,0,0,0,0,0,0,0,0
371212,1,1,1984,19,19,19,19,19,19,19,19,19,19
371213,1,1,1984,0,0,0,0,0,0,0,0,0,0
371213,2,1,1984,0,0,0,0,0,0,0,0,0,0
371214,0,1,1984,0,0,0,0,0,0,0,0,0,0
371214,1,1,1984,0,0,0,0,0,0,0,0,0,0
371215,1,1,1984,0,0,0,0,0,0,0,0,0,0
371215,2,1,1984,0,0,0,0,0,0,0,0,0,0
371216,1,1,1984,0,0,0,0,0,0,0,0,0,0
371217,1,1,1984,0,0,0,0,0,0,0,0,0,0
371217,2,1,1984,0,0,0,16,0,0,0,0,5,0
371218,1,1,1984,0,0,12,0,0,0,0,0,0,0
371218,2,1,1984,0,6,0,0,0,0,0,0,0,0
371219,1,1,1984,0,0,0,0,0,0,0,0,0,0
371219,2,1,1984,0,0,0,0,0,0,0,0,0,0
371220,0,1,1984,22,22,22,22,22,22,22,22,22,22
371220,1,1,1984,9,0,0,10,0,0,0,11,20,7
371221,1,1,1984,0,0,0,0,0,0,0,0,0,0
371222,1,1,1984,0,0,0,0,0,0,0,0,0,0
371222,2,1,1984,17,7,12,21,0,0,6,0,6,15
371223,0,1,1984,0,0,0,0,0,0,0,0,0,0
371223,1,1,1984,0,0,0,0,0,0,0,0,0,0
371224,0,1,1984,18,18,18,18,18,18,18,18,18,18
371224,1,1,1984,0,0,0,0,0,0,0,0,0,0
371225,1,1,1984,0,0,0,0,0,0,0,0,0,0
371225,2,1,1984,5,0,0,0,0,0,0,0,0,0
371226,1,1,1984,0,0,0,0,0,0,0,0,0,0
371226,2,1,1984,0,0,0,0,0,0,0,0,0,0
371227,0,1,1984,0,0,0,0,0,14,0,0,0,0
371227,1,1,1984,0,0,0,0,15,0,0,10,0,0
371228,1,1,1984,0,0,0,0,0,0,0,0,0,0
371229,1,1,1984,18,0,6,26,0,19,38,9,25,21
371231,1,1,1984,18,20,23,13,26,28,28,26,2,16
371232,1,1,1984,0,0,0,0,0,0,0,0,0,0
371232,2,1,1984,0,0,0,0,0,0,0,0,0,0
371233,0,1,1984,0,0,18,27,22,16,0,0,6,0
371233,1,1,1984,0,0,0,0,0,0,0,0,0,15
371234,1,1,1984,0,0,0,0,0,0,0,0,0,0
371234,2,1,1984,0,0,11,0,0,0,0,0,0,0
371235,1,1,1984,0,0,0,0,0,0,0,0,0,0
371236,0,1,1984,0,0,0,0,0,0,0,0,0,0
371236,0,2,1984,0,0,0,0,0,0,0,0,0,0
371236,1,1,1984,11,8,13,13,19,32,11,11,15,10
371237,1,1,1984,0,0,0,0,0,0,0,0,0,0
371237,2,1,1984,0,0,0,0,0,0,0,0,0,0
371239,1,1,1984,0,0,0,0,0,0,0,0,0,0
371240,1,1,1984,16,16,16,16,16,16,16,16,16,16
371241,1,1,1984,20,20,20,20,20,20,20,20,20,20
371242,1,1,1984,0,0,0,0,0,0,0,0,0,0
371243,1,1,1984,0,0,0,0,0,0,0,0,0,0
371243,2,1,1984,0,0,0,0,0,0,0,0,0,0
371244,0,1,1984,0,0,0,0,0,0,0,0,0,0
371244,1,1,1984,0,0,0,0,12,0,0,0,0,0
371245,1,1,1984,21,21,21,21,21,21,21,21,21,21
371246,1,1,1984,0,0,0,0,0,0,0,0,0,0
371247,1,1,1984,5,0,11,7,15,14,0,7,14,23
371248,0,1,1984,20,20,20,20,20,20,20,20,20,20
371248,1,1,1984,0,13,0,0,0,5,0,0,0,0
371248,2,1,1984,0,0,0,0,0,0,0,0,0,0
371249,0,1,1984,0,0,0,0,0,0,0,0,0,0
371249,1,1,1984,0,16,13,0,0,0,0,0,11,0
371250,1,1,1984,14,11,9,9,21,29,10,10,6,9
371250,2,1,1984,0,0,0,0,0,0,0,0,0,0
371250,3,1,1984,0,0,0,0,0,0,0,20,0,0
371251,1,1,1984,0,0,0,0,0,0,0,0,0,0
371252,1,1,1984,19,26,19,22,23,11,32,10,25,25
371252,2,1,1984,0,0,0,0,0,0,0,0,17,0
371253,1,1,1984,0,0,0,0,0,0,0,0,0,0
371253,2,1,1984,0,0,0,0,0,12,0,0,19,0
371254,1,1,1984,18,18,18,18,18,18,18,18,18,18
371255,1,1,1984,10,9,5,23,12,2,13,6,15,13
371256,1,1,1984,13,13,13,13,13,13,13,13,13,13
371257,1,1,1984,23,23,23,23,23,23,23,23,23,23
371258,1,1,1984,0,0,0,0,0,0,0,0,0,0
371259,1,1,1984,0,0,0,0,0,0,0,0,0,0
371259,2,1,1984,0,0,0,0,0,0,0,0,0,0
371260,1,1,1984,18,18,18,18,18,18,18,18,18,18
371261,1,1,1984,13,13,13,13,13,13,13,13,13,13
371262,0,1,1984,0,0,0,0,0,0,0,0,0,0
371262,1,1,1984,22,9,12,18,9,4,7,15,10,11
371263,1,1,1984,0,0,0,0,18,0,0,0,0,0
371264,1,1,1984,15,15,15,15,15,15,15,15,15,15
371265,1,1,1984,0,0,0,0,0,0,0,0,0,0
371265,2,1,1984,0,0,0,0,0,0,0,0,0,0
371266,0,1,1984,27,27,27,27,27,27,27,27,27,27
371266,1,1,1984,0,8,7,24,17,20,14,29,8,11
371267,1,1,1984,31,16,0,5,15,10,19,12,20,17
371268,1,1,1984,4,4,4,4,4,4,4,4,4,4
371269,0,1,1984,22,22,22,22,22,22,22,22,22,22
371269,1,1,1984,22,15,16,14,19,7,15,24,0,16
371270,0,1,1984,0,0,0,0,0,0,0,0,0,0
371270,1,1,1984,6,11,26,17,0,20,14,15,0,17
371271,1,1,1984,0,0,0,0,0,0,0,0,0,0
371272,1,1,1984,4,4,4,4,4,4,4,4,4,4
371272,2,1,1984,14,7,3,7,16,7,6,9,9,13
371273,1,1,1984,0,0,0,0,0,0,0,0,0,0
371273,2,1,1984,0,0,0,0,0,0,0,0,0,0
371274,1,1,1984,19,19,19,19,19,19,19,19,19,19
371275,1,1,1984,16,16,16,16,16,16,16,16,16,16
371276,1,1,1984,15,13,9,13,24,14,9,17,0,15
371276,2,1,1984,10,10,10,10,10,10,10,10,10,10
371277,0,1,1984,0,0,0,0,0,0,0,0,0,0
371277,1,1,1984,0,0,0,0,0,0,0,0,0,0
371278,1,1,1984,0,0,0,0,0,0,0,0,0,0
371279,0,1,1984,10,10,10,10,10,10,10,10,10,10
371279,1,1,1984,0,0,0,0,0,13,0,0,0,0
371280,1,1,1984,9,9,9,9,9,9,9,9,9,9
371280,2,1,1984,0,0,0,0,20,0,0,0,0,0
371281,1,1,1984,23,23,23,23,23,23,23,23,23,23
371282,0,1,1984,9,20,0,34,14,17,29,41,19,25
371282,1,1,1984,0,0,0,0,8,0,0,0,0,0
371283,1,1,1984,0,0,0,0,0,0,0,0,0,0
371283,2,1,1984,0,0,0,0,0,0,0,0,0,0
371284,1,1,1984,3,0,8,18,16,3,19,27,0,16
371285,1,1,1984,3,3,3,3,3,3,3,3,3,3
371285,2,1,1984,0,0,0,0,0,0,0,0,0,0
371286,1,1,1984,0,0,0,0,0,0,0,0,0,26
371286,2,1,1984,0,0,0,0,0,0,0,0,0,0
371287,1,1,1984,0,0,0,0,0,0,0,0,0,0
371287,2,1,1984,0,0,0,0,0,0,0,0,0,0
371288,1,1,1984,0,0,0,0,0,0,0,0,0,0
371288,2,1,1984,0,0,0,0,0,0,0,0,0,0
371289,0,1,1984,0,0,0,0,0,0,0,0,0,0
371289,1,1,1984,0,0,0,0,18,0,0,16,0,0
371290,1,1,1984,0,9,0,0,0,0,13,25,0,0
371290,2,1,1984,0,0,0,0,0,0,0,0,0,0
371291,0,1,1984,0,0,0,0,0,0,0,0,0,0
371291,1,1,1984,0,0,0,0,0,0,0,23,0,0
371292,1,1,1984,27,27,27,27,27,27,27,27,27,27
371293,1,1,1984,0,0,0,0,0,0,0,0,0,0
371294,0,1,1984,0,0,0,0,0,0,11,8,0,0
371294,1,1,1984,0,0,0,0,0,0,0,0,0,0
371295,1,1,1984,0,0,0,0,0,0,0,0,0,0
371295,2,1,1984,0,0,0,0,0,0,0,0,0,0
371295,3,1,1984,0,0,0,0,0,0,0,0,0,0
371295,4,1,1984,0,0,0,0,0,0,0,0,0,0
371296,1,1,1984,0,0,0,0,0,0,0,0,0,0
371296,2,1,1984,0,0,0,0,0,0,0,0,0,0
371297,0,1,1984,0,0,4,3,0,0,15,0,0,17
371297,1,1,1984,0,21,0,16,0,0,0,0,0,0
371299,1,1,1984,0,13,0,0,0,0,0,0,0,0
371299,2,1,1984,0,0,0,0,0,0,0,0,0,0
371300,0,1,1984,19,0,23,0,0,0,23,13,15,5
371300,1,1,1984,0,0,0,0,0,0,0,0,0,0
371301,1,1,1984,9,21,13,21,28,18,15,23,33,31
380001,1,1,1984,11,11,11,11,11,11,11,11,11,11
380001,2,1,1984,0,11,0,16,16,13,13,14,0,0
380002,1,1,1984,0,0,0,0,0,0,0,0,0,0
380002,2,1,1984,30,0,0,0,0,0,0,0,23,0
380003,1,1,1984,0,0,0,0,0,24,0,0,0,13
380004,1,1,1984,18,28,14,24,0,17,10,22,26,26
380005,1,1,1984,0,0,0,0,0,0,0,0,0,0
380005,2,1,1984,3,0,0,0,0,0,0,0,0,0
380005,3,1,1984,0,17,0,0,0,0,0,0,0,0
380006,1,1,1984,0,14,0,22,0,0,0,0,0,16
380007,1,1,1984,17,17,17,17,17,17,17,17,17,17
380007,2,1,1984,13,13,13,13,13,13,13,13,13,13
380008,0,1,1984,0,0,0,0,0,0,0,0,0,25
380008,1,1,1984,0,3,0,0,0,0,26,0,0,0
380008,2,1,1984,22,0,7,26,38,12,0,14,0,0
380009,1,1,1984,19,19,19,19,19,19,19,19,19,19
380010,1,1,1984,23,11,13,22,18,19,0,7,14,11
380010,2,1,1984,9,6,25,17,19,35,18,21,13,10
380011,1,1,1984,18,3,34,10,22,31,2,6,14,9
380012,1,1,1984,0,0,0,0,0,0,0,0,0,0
380012,2,1,1984,0,0,0,0,0,0,0,0,0,0
380013,1,1,1984,0,0,0,0,0,13,0,0,0,11
380014,1,1,1984,0,0,2,0,0,0,0,0,0,0
380014,2,1,1984,0,0,0,0,0,0,0,0,0,0
380015,0,1,1984,0,0,0,0,0,0,0,0,0,0
380015,1,1,1984,0,0,0,0,0,0,0,0,0,0
380016,0,1,1984,0,0,0,0,17,0,13,25,0,18
380016,1,1,1984,5,5,5,5,5,5,5,5,5,5
380017,1,1,1984,0,0,0,0,0,0,0,0,0,0
380017,2,1,1984,11,4,20,22,10,3,5,16,21,16
380018,1,1,1984,20,0,0,0,0,0,0,0,0,0
380018,2,1,1984,0,0,0,0,0,0,0,0,9,0
380019,1,1,1984,0,0,27,0,15,0,0,11,0,0
380020,1,1,1984,0,0,0,0,0,0,0,0,0,0
380021,1,1,1984,0,0,0,0,0,0,0,0,18,15
380021,2,1,1984,0,0,0,0,0,0,0,0,0,0
380022,1,1,1984,18,20,0,0,0,20,0,0,0,21
380023,1,1,1984,11,11,11,11,11,11,11,11,11,11
380024,1,1,1984,0,0,0,0,0,0,0,0,0,0
380024,2,1,1984,0,5,0,0,0,0,18,6,0,0
380025,1,1,1984,28,28,28,28,28,28,28,28,28,28
380025,2,1,1984,17,17,17,17,17,17,17,17,17,17
380026,1,1,1984,12,12,12,12,12,12,12,12,12,12
380027,1,1,1984,23,32,4,13,18,26,15,12,14,37
380028,1,1,1984,0,0,0,0,0,0,0,0,0,0
380028,2,1,1984,0,0,0,0,0,0,0,0,0,0
380029,1,1,1984,0,0,0,0,3,0,0,0,0,0
380029,2,1,1984,0,22,22,18,18,0,0,0,0,23
380030,1,1,1984,0,0,0,0,0,0,0,0,0,0
380030,2,1,1984,0,0,0,0,0,0,0,0,0,0
380030,3,1,1984,0,0,0,0,0,0,0,15,0,0
380030,4,1,1984,0,0,0,0,0,0,0,0,0,0
380031,1,1,1984,0,14,0,0,0,0,0,0,0,0
380032,1,1,1984,12,22,14,18,18,7,14,8,18,0
380033,1,1,1984,13,0,17,16,12,16,0,9,25,17
380034,1,1,1984,23,23,23,23,23,23,23,23,23,23
380034,2,1,1984,0,0,0,0,0,0,0,0,0,0
380035,1,1,1984,0,0,0,0,0,5,0,0,0,0
380035,2,1,1984,0,0,0,0,0,0,0,0,8,0
380036,0,1,1984,0,0,0,0,0,0,0,0,0,0
380036,1,1,1984,0,0,0,0,0,0,0,0,0,0
380037,1,1,1984,0,0,0,0,0,0,0,0,0,0
380037,2,1,1984,0,0,0,0,0,0,12,0,7,0
380038,1,1,1984,33,11,0,21,10,23,15,21,4,8
380039,1,1,1984,10,0,17,0,0,26,0,19,11,0
380039,2,1,1984,0,0,0,0,0,0,0,0,0,0
380040,1,1,1984,25,11,30,22,14,4,0,8,8,15
380041,0,1,1984,0,0,0,0,0,0,0,0,0,0
380041,1,1,1984,0,0,0,0,0,0,0,0,0,0
380043,1,1,1984,0,0,0,0,0,0,28,0,0,0
380043,2,1,1984,0,0,16,0,0,0,0,0,0,15
380044,1,1,1984,0,6,26,23,14,17,26,5,17,16
380045,0,1,1984,0,0,0,0,0,16,0,0,0,0
380045,0,2,1984,0,0,0,0,0,0,0,0,0,0
380045,1,1,1984,0,0,0,0,0,0,0,0,0,0
380046,1,1,1984,21,27,18,19,11,27,18,14,12,9
380047,1,1,1984,27,15,19,2,13,19,17,23,4,0
380048,1,1,1984,17,10,22,29,32,3,3,19,10,17
380049,1,1,1984,0,0,20,0,22,36,18,24,0,16
380050,1,1,1984,21,17,0,6,3,10,13,10,13,8
380051,1,1,1984,0,0,23,0,0,0,0,0,0,0
380052,1,1,1984,21,7,18,12,17,24,23,10,21,8
380054,1,1,1984,19,0,0,0,17,16,0,23,0,22
380055,1,1,1984,0,0,0,0,0,0,0,0,0,0
380055,2,1,1984,0,0,0,0,0,0,0,0,0,0
380056,1,1,1984,19,8,16,22,0,14,17,7,19,24
380057,0,1,1984,19,0,30,17,16,20,25,17,17,17
380057,1,1,1984,9,0,0,0,30,0,0,8,0,12
380058,1,1,1984,0,0,0,0,0,0,0,0,0,0
380058,2,1,1984,0,0,0,0,0,0,0,0,0,0
380059,1,1,1984,0,0,0,0,0,0,29,0,15,0
380060,1,1,1984,22,14,23,16,23,22,50,17,18,22
380061,1,1,1984,0,0,0,0,0,0,0,0,0,0
380062,1,1,1984,0,0,17,0,3,0,0,0,0,0
380062,2,1,1984,0,0,0,0,0,0,0,0,0,0
380063,1,1,1984,0,0,0,0,0,0,0,0,0,0
380063,2,1,1984,0,0,0,0,0,0,0,0,0,0
380063,3,1,1984,0,0,0,0,0,0,0,0,0,0
380064,1,1,1984,0,16,0,0,0,0,0,0,0,21
380065,1,1,1984,0,0,0,0,0,0,0,0,0,0
380066,1,1,1984,0,0,0,18,0,0,0,0,26,0
380066,2,1,1984,0,0,0,0,0,0,0,0,0,0
380067,0,1,1984,0,0,0,0,0,0,0,0,0,0
380067,1,1,1984,0,0,0,0,0,0,0,0,0,0
380068,0,1,1984,0,0,0,0,0,0,0,0,0,0
380068,1,1,1984,15,0,0,0,0,0,0,0,0,0
380069,1,1,1984,18,18,38,15,19,18,15,0,0,20
380070,1,1,1984,0,0,0,0,0,0,0,0,0,0
380070,2,1,1984,0,0,16,0,0,0,0,0,0,0
380071,1,1,1984,34,34,34,34,34,34,34,34,34,34
380072,1,1,1984,26,10,9,28,23,22,21,28,20,24
380073,1,1,1984,0,0,29,0,0,0,0,0,11,0
380074,1,1,1984,0,0,10,0,0,0,0,0,0,0
380074,2,1,1984,13,0,5,17,19,3,7,21,18,13
380075,1,1,1984,30,23,24,20,34,19,4,14,0,27
380076,1,1,1984,5,7,14,29,37,22,0,9,9,7
380077,1,1,1984,0,0,0,0,0,0,0,0,0,0
380078,1,1,1984,27,28,15,15,15,13,19,5,43,0
380079,1,1,1984,0,0,0,0,0,0,0,0,0,0
380079,2,1,1984,0,0,0,0,0,0,0,0,0,0
380080,1,1,1984,4,0,0,11,0,0,0,0,0,0
380080,2,1,1984,0,0,0,0,10,0,0,0,0,0
380081,1,1,1984,0,0,0,0,0,0,0,0,0,0
380082,1,1,1984,28,0,0,24,0,0,0,0,0,0
380083,1,1,1984,0,0,0,0,0,0,0,0,0,0
380084,1,1,1984,0,0,0,0,13,0,0,0,0,0
380084,2,1,1984,0,0,0,0,0,5,0,0,0,0
380084,3,1,1984,0,0,0,0,0,8,0,0,0,0
380085,1,1,1984,31,31,31,31,31,31,31,31,31,31
380085,2,1,1984,0,0,0,0,0,15,0,0,9,0
380086,1,1,1984,0,0,0,0,0,17,0,0,0,0
380086,2,1,1984,0,0,0,0,0,0,0,0,0,0
380087,1,1,1984,9,14,14,12,16,13,18,9,20,8
380088,1,1,1984,13,13,13,13,13,13,13,13,13,13
380089,0,1,1984,0,0,0,0,0,0,0,0,0,0
380089,1,1,1984,5,0,0,10,0,20,0,0,0,26
380090,0,1,1984,0,0,0,0,0,28,0,0,0,0
380090,1,1,1984,18,16,0,0,19,0,18,0,12,0
390001,1,1,1984,10,10,10,10,10,10,10,10,10,10
390002,1,1,1984,0,10,0,0,0,0,0,0,0,0
390002,2,1,1984,0,0,0,0,0,0,0,0,0,0
390003,0,1,1984,13,13,13,13,13,13,13,13,13,13
390003,1,1,1984,3,3,3,3,3,3,3,3,3,3
390004,1,1,1984,0,0,0,5,0,0,0,0,0,0
390004,2,1,1984,0,0,0,0,56,0,0,0,0,0
390004,3,1,1984,16,16,16,16,16,16,16,16,16,16
390005,0,1,1984,23,0,2,20,0,0,0,16,0,0
390005,1,1,1984,0,0,0,0,0,0,0,8,0,0
390005,2,1,1984,0,0,0,0,0,0,0,0,0,0
390006,0,1,1984,1,1,1,1,1,1,1,1,1,1
390006,1,1,1984,0,9,0,0,0,0,0,0,0,0
390007,0,1,1984,0,0,0,0,0,0,0,0,0,0
390007,1,1,1984,0,0,0,0,0,0,0,0,0,0
390008,0,1,1984,0,0,0,0,0,0,0,0,0,0
390008,1,1,1984,0,0,0,0,0,0,0,0,0,0
390009,1,1,1984,17,14,4,6,17,15,11,30,20,14
390010,0,1,1984,0,28,21,22,20,0,19,29,0,0
390010,1,1,1984,0,17,0,0,0,0,30,0,0,0
390010,2,1,1984,0,0,6,0,0,0,0,0,0,0
390011,1,1,1984,22,11,16,8,15,13,26,8,13,23
390012,1,1,1984,21,10,19,17,18,21,8,20,28,23
390013,0,1,1984,21,45,31,21,17,25,19,19,16,28
390013,1,1,1984,0,0,0,15,5,0,0,0,0,0
390014,1,1,1984,5,5,5,5,5,5,5,5,5,5
390015,1,1,1984,18,18,18,18,18,18,18,18,18,18
390016,1,1,1984,0,0,12,4,3,15,0,18,0,0
390017,0,1,1984,0,0,0,0,0,0,0,0,0,0
390017,1,1,1984,0,0,0,0,0,0,0,0,0,0
390018,1,1,1984,0,0,0,0,0,0,0,21,17,0
390018,2,1,1984,0,0,0,0,17,0,0,0,0,0
390018,3,1,1984,0,0,0,0,0,0,10,0,0,0
390019,1,1,1984,0,0,0,0,6,0,0,0,19,0
390019,2,1,1984,0,5,0,0,0,0,0,0,0,0
390020,1,1,1984,10,10,10,10,10,10,10,10,10,10
390021,0,1,1984,30,30,30,30,30,30,30,30,30,30
390021,1,1,1984,15,15,15,15,15,15,15,15,15,15
390021,2,1,1984,0,0,34,17,0,0,0,0,0,0
390021,3,1,1984,0,0,0,0,8,0,0,0,8,0
390021,4,1,1984,0,0,0,0,0,19,6,0,0,3
390021,5,1,1984,0,0,0,0,0,0,0,0,0,0
390022,0,1,1984,22,0,35,0,9,0,0,0,0,0
390022,1,1,1984,0,0,14,0,23,0,0,0,9,0
390023,1,1,1984,0,0,0,0,0,0,0,0,0,0
390023,2,1,1984,0,0,0,0,0,0,0,0,0,0
390024,1,1,1984,0,13,18,0,0,0,20,0,11,19
390025,0,1,1984,0,0,0,0,0,0,8,0,0,0
390025,2,1,1984,0,0,0,0,0,0,0,0,0,0
390026,1,1,1984,19,19,19,19,19,19,19,19,19,19