ST_CASE,VEH_NO,PER_NO,YEAR,P1,P2,P3,P4,P5,P6,P7,P8,P9,P10
390027,1,1,1984,17,17,17,17,17,17,17,17,17,17
390028,1,1,1984,0,0,0,0,27,0,0,0,0,0
390028,2,1,1984,0,0,0,0,0,0,0,0,0,0
390029,1,1,1984,0,0,0,0,0,0,0,0,0,0
390029,2,1,1984,23,23,23,23,23,23,23,23,23,23
390030,1,1,1984,0,0,0,0,0,12,0,10,0,15
390031,1,1,1984,0,0,0,0,0,0,0,0,0,0
390031,2,1,1984,0,0,0,0,0,0,0,0,0,0
390031,3,1,1984,0,0,0,0,0,0,0,0,0,0
390032,1,1,1984,0,0,0,0,0,0,0,0,0,0
390032,2,1,1984,15,0,0,0,0,0,0,23,0,0
390033,1,1,1984,0,0,0,0,0,10,0,0,0,0
390033,2,1,1984,0,0,0,0,0,0,0,0,0,0
390034,1,1,1984,23,23,23,23,23,23,23,23,23,23
390035,1,1,1984,11,9,14,2,15,0,16,15,8,14
390035,2,1,1984,14,0,0,0,0,0,0,0,8,0
390036,1,1,1984,32,32,32,32,32,32,32,32,32,32
390037,1,1,1984,13,28,0,20,0,29,21,0,12,0
390038,1,1,1984,0,0,0,0,0,0,0,0,0,0
390038,2,1,1984,0,0,0,0,0,0,0,0,0,0
390039,0,1,1984,0,0,0,0,0,0,17,0,0,0
390039,1,1,1984,0,0,0,0,0,0,0,0,0,0
390040,1,1,1984,0,0,0,0,0,0,0,0,0,0
390040,2,1,1984,0,0,0,0,0,0,0,0,0,0
390041,0,1,1984,14,0,0,0,0,5,0,0,10,0
390041,1,1,1984,0,0,20,13,0,25,14,0,0,0
390042,1,1,1984,0,0,0,0,0,0,0,18,0,0
390042,2,1,1984,4,20,8,10,18,11,31,0,5,13
390043,1,1,1984,24,17,31,3,4,12,9,13,0,11
390043,2,1,1984,9,26,18,12,31,10,0,13,0,25
390043,3,1,1984,9,13,13,12,15,0,2,17,17,8
390044,1,1,1984,20,20,20,20,20,20,20,20,20,20
390045,1,1,1984,0,0,0,0,0,0,0,0,0,0
390046,0,1,1984,0,0,0,0,0,0,0,0,0,0
390046,1,1,1984,0,0,0,0,0,0,0,0,0,0
390047,1,1,1984,25,25,25,25,25,25,25,25,25,25
390048,1,1,1984,21,21,21,21,21,21,21,21,21,21
390049,1,1,1984,0,0,0,0,0,0,0,0,0,0
390049,2,1,1984,7,0,0,0,0,0,0,0,0,0
390050,0,1,1984,0,0,3,0,0,25,20,0,0,0
390050,1,1,1984,0,9,0,0,0,0,0,19,0,0
390051,1,1,1984,15,4,9,6,0,17,12,11,8,29
390052,1,1,1984,0,21,0,28,19,2,17,6,8,11
390053,1,1,1984,21,21,21,21,21,21,21,21,21,21
390054,1,1,1984,0,0,0,0,0,0,0,0,0,0
390054,2,1,1984,0,0,0,0,0,0,0,0,0,0
390055,1,1,1984,32,25,12,22,4,22,17,11,8,7
390056,1,1,1984,16,16,16,16,16,16,16,16,16,16
390056,2,1,1984,40,40,40,40,40,40,40,40,40,40
390057,1,1,1984,0,0,19,20,11,24,12,17,0,19
390058,1,1,1984,25,25,25,25,25,25,25,25,25,25
390059,1,1,1984,14,14,14,14,14,14,14,14,14,14
390060,1,1,1984,0,0,0,0,0,0,0,0,6,0
390060,2,1,1984,0,0,0,0,0,0,0,0,0,0
390061,1,1,1984,0,0,0,0,0,0,0,0,0,0
390061,2,1,1984,0,0,0,0,0,0,0,0,0,0
390062,1,1,1984,0,0,0,0,0,0,21,19,0,0
390063,1,1,1984,0,17,0,0,0,0,0,0,20,0
390064,0,1,1984,10,16,0,12,0,22,0,23,23,0
390064,1,1,1984,0,15,0,0,0,0,0,0,0,5
390065,1,1,1984,0,0,0,0,0,0,0,0,0,0
390065,2,1,1984,0,0,0,0,0,0,0,0,0,0
390066,1,1,1984,0,29,0,9,25,0,0,0,0,0
390067,1,1,1984,18,18,18,18,18,18,18,18,18,18
390068,1,1,1984,25,25,25,25,25,25,25,25,25,25
390069,1,1,1984,5,5,5,5,5,5,5,5,5,5
390070,1,1,1984,0,0,0,19,0,0,0,0,0,0
390071,0,1,1984,11,0,0,0,10,0,0,0,4,0
390071,1,1,1984,0,0,0,0,0,19,0,0,0,0
390072,1,1,1984,14,0,0,0,0,0,0,0,0,0
390072,2,1,1984,2,2,2,2,2,2,2,2,2,2
390073,1,1,1984,14,14,14,14,14,14,14,14,14,14
390074,1,1,1984,0,0,0,0,0,0,0,0,0,0
390075,1,1,1984,0,0,0,0,0,0,0,0,0,0
390076,1,1,1984,6,6,6,6,6,6,6,6,6,6
390076,2,1,1984,0,0,0,0,0,0,0,15,0,0
390078,1,1,1984,0,9,23,0,0,0,0,25,0,17
390079,1,1,1984,0,0,0,0,0,0,0,0,0,0
390079,2,1,1984,0,0,0,0,0,0,0,0,0,0
390080,1,1,1984,0,0,0,0,0,0,0,0,0,0
390080,2,1,1984,0,0,0,0,0,0,0,0,0,0
390081,1,1,1984,24,24,24,24,24,24,24,24,24,24
390082,1,1,1984,0,0,0,0,0,32,0,21,26,0
390083,1,1,1984,0,0,0,0,0,0,0,0,0,0
390083,2,1,1984,0,0,0,0,0,0,0,0,0,0
390084,1,1,1984,0,0,0,0,0,0,0,0,0,0
390084,2,1,1984,0,0,0,0,0,0,0,0,0,0
390085,0,1,1984,45,20,16,23,13,17,0,21,10,35
390085,1,1,1984,19,0,0,0,8,16,19,10,0,0
390086,1,1,1984,0,0,0,0,0,0,0,0,0,0
390086,2,1,1984,0,0,0,0,0,0,0,0,0,0
390087,0,1,1984,0,0,0,0,22,0,6,0,0,0
390087,0,2,1984,5,0,9,0,8,4,21,0,18,0
390087,0,3,1984,0,0,9,0,0,0,0,0,0,18
390087,1,1,1984,12,0,0,0,0,5,0,0,0,0
390088,1,1,1984,14,0,15,17,16,0,15,21,7,17
390088,2,1,1984,0,0,0,0,0,0,0,0,0,0
390089,1,1,1984,34,34,34,34,34,34,34,34,34,34
390090,1,1,1984,0,0,0,0,0,0,0,0,0,0
390090,2,1,1984,0,0,0,0,0,0,0,0,0,0
390091,1,1,1984,16,16,16,16,16,16,16,16,16,16
390091,2,1,1984,0,0,0,12,0,0,0,0,0,18
390092,1,1,1984,0,0,0,0,0,0,0,0,0,0
390092,2,1,1984,0,0,0,0,0,0,0,0,0,23
390093,1,1,1984,26,26,26,26,26,26,26,26,26,26
390094,0,1,1984,28,28,28,28,28,28,28,28,28,28
390094,1,1,1984,0,18,0,18,0,0,0,0,0,0
390095,1,1,1984,8,8,8,8,8,8,8,8,8,8
390096,0,1,1984,4,11,32,0,26,37,31,37,21,0
390096,1,1,1984,0,0,11,0,0,0,0,0,28,0
390097,1,1,1984,0,0,0,0,0,0,0,13,43,0
390098,1,1,1984,4,4,4,4,4,4,4,4,4,4
390099,1,1,1984,16,23,25,24,6,23,30,6,6,18
390101,1,1,1984,0,0,0,0,0,0,0,0,0,0
390101,2,1,1984,14,0,0,0,0,0,0,0,0,0
390102,1,1,1984,32,32,32,32,32,32,32,32,32,32
390103,1,1,1984,23,17,2,5,21,33,29,12,9,26
390104,1,1,1984,29,27,0,22,21,33,14,17,31,12
390105,1,1,1984,0,0,0,0,0,0,6,0,0,0
390105,2,1,1984,3,3,3,3,3,3,3,3,3,3
390106,1,1,1984,0,0,0,0,0,0,0,0,0,0
390106,2,1,1984,0,0,0,0,0,0,0,0,0,0
390108,1,1,1984,6,6,6,6,6,6,6,6,6,6
390108,2,1,1984,0,0,7,0,31,0,0,0,0,0
390109,1,1,1984,10,0,0,0,0,0,0,0,0,0
390109,2,1,1984,9,9,9,9,9,9,9,9,9,9
390109,3,1,1984,10,0,0,0,0,9,0,13,0,0
390110,0,1,1984,25,0,0,0,32,0,0,0,0,0
390110,1,1,1984,0,0,0,0,0,0,0,0,0,0
390111,1,1,1984,0,0,19,0,0,21,0,21,0,8
390112,1,1,1984,31,14,7,0,0,23,0,0,0,0
390113,1,1,1984,0,0,4,0,0,0,0,0,0,0
390113,2,1,1984,0,0,0,0,0,0,0,0,0,0
390114,1,1,1984,24,24,24,24,24,24,24,24,24,24
390114,2,1,1984,0,0,11,0,0,25,0,0,0,0
390114,3,1,1984,0,0,0,0,0,0,0,0,0,0
390115,1,1,1984,17,17,17,17,17,17,17,17,17,17
390116,1,1,1984,18,18,18,18,18,18,18,18,18,18
390117,1,1,1984,21,21,21,21,21,21,21,21,21,21
390118,1,1,1984,0,0,0,0,0,0,0,0,0,0
390118,2,1,1984,0,0,0,0,0,0,0,0,0,0
390118,3,1,1984,0,0,0,0,0,0,0,0,0,0
390119,1,1,1984,0,0,0,0,0,0,0,0,0,0
390119,2,1,1984,0,14,0,11,0,0,0,0,0,24
390120,0,1,1984,0,0,0,0,0,26,0,0,0,0
390120,0,2,1984,0,0,0,0,0,11,0,11,0,0
390120,1,1,1984,0,0,0,10,0,7,0,0,0,0
390121,1,1,1984,0,0,0,0,0,0,0,0,0,0
390122,0,1,1984,0,0,0,0,0,0,0,0,0,0
390122,1,1,1984,0,9,0,0,15,0,0,0,0,0
390123,1,1,1984,25,25,25,25,25,25,25,25,25,25
390124,1,1,1984,18,18,18,18,18,18,18,18,18,18
390128,1,1,1984,3,0,0,0,0,0,0,0,0,0
390128,2,1,1984,0,0,0,0,0,13,5,12,0,0
390129,1,1,1984,0,0,0,0,0,29,0,21,0,15
390130,1,1,1984,10,10,10,10,10,10,10,10,10,10
390131,0,1,1984,0,0,0,0,8,0,0,0,0,0
390131,1,1,1984,22,22,22,22,22,22,22,22,22,22
390131,2,1,1984,0,0,8,0,0,0,0,0,27,0
390132,1,1,1984,0,23,0,16,26,15,0,0,0,7
390134,1,1,1984,0,19,0,26,32,7,0,36,0,16
390135,0,1,1984,9,0,0,0,0,0,0,0,0,0
390135,1,1,1984,0,0,0,0,0,0,0,0,0,0
390136,1,1,1984,0,0,20,0,0,0,0,0,0,12
390136,2,1,1984,0,0,0,20,0,0,0,36,0,10
390137,0,1,1984,0,0,0,0,0,0,0,0,0,0
390137,1,1,1984,0,0,0,0,0,0,0,0,0,0
390138,1,1,1984,0,0,0,0,0,0,0,0,0,0
390138,2,1,1984,22,0,0,0,0,0,0,0,4,0
390139,0,1,1984,17,0,21,0,21,0,0,0,0,0
390139,1,1,1984,0,0,0,0,0,0,0,0,0,0
390140,1,1,1984,0,26,0,15,13,0,0,22,0,0
390140,2,1,1984,18,18,18,18,18,18,18,18,18,18
390141,1,1,1984,27,27,27,27,27,27,27,27,27,27
390142,1,1,1984,0,0,0,0,20,0,0,21,0,0
390142,2,1,1984,0,0,0,0,0,27,0,0,17,0
390143,1,1,1984,0,0,0,0,0,0,0,0,24,0
390143,2,1,1984,0,0,0,0,0,0,0,8,0,0
390144,1,1,1984,20,0,15,0,12,7,55,9,15,7
390145,1,1,1984,22,22,22,22,22,22,22,22,22,22
390145,2,1,1984,0,0,0,0,0,0,0,0,0,0
390146,1,1,1984,0,0,0,0,0,10,0,0,7,0
390146,2,1,1984,14,12,21,13,15,15,25,23,0,4
390147,0,1,1984,0,0,0,0,0,0,0,0,0,0
390147,1,1,1984,0,0,0,0,0,0,0,0,0,0
390148,1,1,1984,22,22,22,22,22,22,22,22,22,22
390149,1,1,1984,8,0,0,0,0,0,0,0,0,0
390149,2,1,1984,0,0,0,0,0,0,0,13,0,0
390149,3,1,1984,0,0,0,0,0,0,0,0,0,0
390149,4,1,1984,0,0,0,0,0,0,0,0,0,0
390150,1,1,1984,0,0,0,0,0,0,21,0,0,0
390150,2,1,1984,0,0,0,0,0,0,0,0,0,0
390150,3,1,1984,0,0,0,0,0,0,0,0,0,0
390151,0,1,1984,0,0,0,0,0,0,0,10,0,0
390151,1,1,1984,0,0,4,19,0,0,0,0,0,0
390152,1,1,1984,0,0,0,0,0,11,15,21,0,35
390153,1,1,1984,0,0,0,0,25,0,0,0,0,0
390154,0,1,1984,0,0,19,0,0,0,9,0,0,0
390154,1,1,1984,0,0,12,0,31,0,0,0,0,0
390155,1,1,1984,13,32,13,15,10,33,27,27,20,4
390156,1,1,1984,0,0,0,0,0,0,0,0,0,0
390156,2,1,1984,0,0,0,0,0,0,0,0,0,0
390157,1,1,1984,18,18,18,18,18,18,18,18,18,18
390158,1,1,1984,22,22,22,22,22,22,22,22,22,22
390159,0,1,1984,0,0,0,0,0,0,0,0,0,0
390159,1,1,1984,0,0,0,23,0,0,0,0,0,0
390160,1,1,1984,27,27,27,27,27,27,27,27,27,27
390161,1,1,1984,0,0,0,0,0,0,0,0,0,0
390161,2,1,1984,0,0,0,0,0,0,0,0,28,0
390162,1,1,1984,0,0,0,0,0,0,0,0,0,0
390162,2,1,1984,0,0,0,0,0,4,0,0,0,0
390163,1,1,1984,0,0,0,0,0,0,0,0,0,0
390163,2,1,1984,0,0,0,0,0,0,0,0,0,0
390164,0,1,1984,0,0,0,0,0,0,0,20,0,0
390164,1,1,1984,8,9,17,19,11,8,26,8,7,32
390165,1,1,1984,10,0,0,0,0,0,0,0,0,0
390165,2,1,1984,0,0,0,6,0,0,0,0,0,0
390166,1,1,1984,17,0,0,0,0,0,0,0,0,0
390166,2,1,1984,15,0,0,0,0,0,0,0,0,0
390167,1,1,1984,14,44,23,37,11,38,13,18,13,25
390168,0,1,1984,33,33,33,33,33,33,33,33,33,33
390168,1,1,1984,12,12,12,12,12,12,12,12,12,12
390169,1,1,1984,0,0,0,0,0,0,0,13,13,0
390170,1,1,1984,0,0,0,0,0,0,0,0,0,0
390170,2,1,1984,0,0,0,0,0,0,0,0,0,0
390171,1,1,1984,0,0,0,0,0,0,0,0,0,19
390172,1,1,1984,0,0,0,0,0,0,0,0,0,0
390172,2,1,1984,0,0,0,0,0,0,0,14,0,0
390173,0,1,1984,0,0,0,0,0,0,0,0,0,0
390173,1,1,1984,0,0,0,0,0,0,0,0,0,0
390174,1,1,1984,0,0,0,0,0,0,0,0,0,0
390174,2,1,1984,0,0,0,0,0,0,0,0,0,0
390176,0,1,1984,0,0,21,13,13,0,0,0,0,0
390176,1,1,1984,0,0,0,0,0,0,0,0,0,0
390177,1,1,1984,25,16,0,0,0,26,0,18,19,0
390178,0,1,1984,0,0,0,0,0,0,0,0,0,0
390178,0,2,1984,0,0,0,0,0,0,0,0,0,0
390178,1,1,1984,0,0,0,0,0,0,0,0,0,0
390179,1,1,1984,0,0,0,0,0,0,0,0,6,3
390179,2,1,1984,0,0,0,0,0,0,0,0,0,0
390180,0,1,1984,0,0,0,0,0,0,0,0,0,0
390180,1,1,1984,0,0,0,0,0,0,0,0,0,0
390181,1,1,1984,0,0,0,0,0,0,0,0,29,0
390181,2,1,1984,0,0,18,20,0,0,0,0,0,0
390183,1,1,1984,0,0,0,0,0,0,0,0,0,0
390183,2,1,1984,0,0,0,0,0,0,0,0,0,0
390184,1,1,1984,0,0,0,0,0,0,0,0,0,0
390184,2,1,1984,0,0,0,0,0,0,0,0,0,0
390186,1,1,1984,0,12,0,0,0,0,17,0,0,0
390186,2,1,1984,13,19,33,9,25,24,14,19,18,25
390188,1,1,1984,0,0,0,0,0,0,0,0,15,0
390188,2,1,1984,0,0,0,0,0,0,0,0,0,0
390189,1,1,1984,0,0,12,12,13,17,0,0,11,21
390190,1,1,1984,0,0,0,0,0,0,0,0,0,0
390190,2,1,1984,0,0,0,0,0,0,0,25,0,0
390191,0,1,1984,20,20,20,20,20,20,20,20,20,20
390191,1,1,1984,0,0,0,0,0,0,0,0,0,0
390192,1,1,1984,16,6,26,22,12,32,14,22,21,13
390193,1,1,1984,0,0,0,0,0,0,0,0,0,0
390193,2,1,1984,0,0,0,0,0,0,0,0,0,0
390194,1,1,1984,0,0,0,0,0,0,0,0,0,26
390194,2,1,1984,0,0,0,0,0,0,0,0,3,0
390195,1,1,1984,13,13,13,13,13,13,13,13,13,13
390196,1,1,1984,0,0,0,15,11,0,0,0,0,0
390196,2,1,1984,0,13,13,14,0,17,0,0,0,0
390197,1,1,1984,25,20,0,0,23,0,0,16,0,0
390199,1,1,1984,11,25,0,0,0,22,0,9,31,0
390201,1,1,1984,13,26,0,0,0,0,18,19,0,0
390201,2,1,1984,0,0,0,0,0,0,0,0,9,0
390202,1,1,1984,12,12,12,12,12,12,12,12,12,12
390203,0,1,1984,9,0,0,0,0,0,14,24,27,26
390203,1,1,1984,0,0,0,0,0,0,0,16,0,0
390204,0,1,1984,0,0,0,0,0,0,32,0,22,33
390204,1,1,1984,0,0,0,0,0,0,0,0,0,0
390205,1,1,1984,0,0,0,0,0,0,0,0,0,0
390205,2,1,1984,0,0,0,0,0,0,0,0,0,0
390206,1,1,1984,0,0,0,0,0,24,0,0,0,0
390206,2,1,1984,0,0,0,0,0,0,0,0,0,0
390207,0,1,1984,0,0,0,0,0,0,0,0,0,0
390207,1,1,1984,0,0,0,0,0,0,0,0,0,0
390208,1,1,1984,10,0,26,0,0,15,0,21,17,18
390209,1,1,1984,19,19,19,19,19,19,19,19,19,19
390210,1,1,1984,0,0,3,0,4,17,0,0,0,9
390210,2,1,1984,0,0,0,0,0,0,0,0,20,0
390210,3,1,1984,0,0,0,0,0,0,0,0,0,6
390211,1,1,1984,0,0,0,0,0,0,0,0,0,0
390212,0,1,1984,15,15,15,15,15,15,15,15,15,15
390212,1,1,1984,19,19,19,19,19,19,19,19,19,19
390213,1,1,1984,23,10,13,19,11,23,2,22,29,4
390213,2,1,1984,22,22,22,22,22,22,22,22,22,22
390214,1,1,1984,14,30,32,23,18,41,29,26,14,31
390215,1,1,1984,0,0,15,0,0,0,0,0,0,0
390216,0,1,1984,0,0,0,0,0,0,0,0,0,0
390216,1,1,1984,25,6,0,0,0,34,0,0,0,0
390218,1,1,1984,0,0,0,0,0,0,0,0,0,0
390218,2,1,1984,0,0,0,0,0,0,0,0,0,0
390219,1,1,1984,0,0,0,0,0,0,0,0,0,0
390219,2,1,1984,0,0,0,0,0,0,0,0,0,0
390220,1,1,1984,18,0,0,0,0,0,0,0,0,0
390220,2,1,1984,0,0,0,0,0,0,0,0,0,0
390221,0,1,1984,0,0,0,0,0,0,0,11,0,0
390221,1,1,1984,0,0,0,9,0,0,0,0,0,0
390222,1,1,1984,27,4,4,12,6,2,19,19,10,13
390222,2,1,1984,0,11,0,19,0,0,0,0,0,0
390223,1,1,1984,0,0,0,0,0,0,0,0,0,0
390223,2,1,1984,0,22,0,0,8,0,0,0,0,0
390224,0,1,1984,0,27,0,15,0,0,0,14,13,0
390224,1,1,1984,0,0,0,0,0,12,0,0,0,0
390225,0,1,1984,0,0,0,0,20,0,0,0,0,0
390225,1,1,1984,0,8,18,16,17,0,12,12,4,18
390225,2,1,1984,0,0,0,0,0,0,0,0,0,0
390226,1,1,1984,0,0,3,0,0,12,0,10,0,0
390226,2,1,1984,0,0,0,0,0,0,5,0,0,0
390226,3,1,1984,0,0,0,0,0,0,0,0,0,0
390227,1,1,1984,24,30,12,17,43,19,0,0,19,13
390229,1,1,1984,19,19,19,19,19,19,19,19,19,19
390231,1,1,1984,14,22,9,11,19,5,8,0,13,0
390231,2,1,1984,7,30,0,5,18,8,19,9,19,10
390232,1,1,1984,21,0,0,9,0,0,0,0,0,0
390233,1,1,1984,6,5,12,18,19,0,21,20,15,16
390233,2,1,1984,0,0,0,0,0,0,0,0,0,0
390234,1,1,1984,21,21,11,10,13,0,36,9,27,20
390234,2,1,1984,0,0,0,0,0,0,0,0,0,0
390235,1,1,1984,0,0,0,0,0,0,0,0,0,0
390235,2,1,1984,0,0,0,0,0,0,0,0,0,0
390236,1,1,1984,10,13,36,20,7,20,33,16,8,2
390237,1,1,1984,0,0,0,0,0,0,15,0,0,0
390237,2,1,1984,2,2,2,2,2,2,2,2,2,2
390239,1,1,1984,3,3,3,3,3,3,3,3,3,3
390240,1,1,1984,26,26,26,26,26,26,26,26,26,26
390241,1,1,1984,0,0,0,0,0,0,0,0,0,0
390241,2,1,1984,0,0,0,0,0,0,0,0,0,0
390241,3,1,1984,0,0,12,0,0,0,0,0,0,0
390241,4,1,1984,0,0,6,0,0,0,0,0,0,0
390242,1,1,1984,19,19,19,19,19,19,19,19,19,19
390243,1,1,1984,0,0,0,0,0,0,0,0,0,0
390243,2,1,1984,0,0,0,0,0,0,0,0,0,0
390244,1,1,1984,0,0,0,0,0,0,0,0,0,0
390244,2,1,1984,0,15,0,0,0,0,0,0,0,0
390245,1,1,1984,0,0,0,6,0,30,10,0,0,17
390245,2,1,1984,0,0,0,0,0,0,0,0,0,0
390246,0,1,1984,25,0,12,0,0,20,26,0,0,11
390246,1,1,1984,0,0,0,0,0,0,0,0,0,0
390247,1,1,1984,0,0,0,0,0,0,0,0,0,0
390247,2,1,1984,0,0,16,0,0,0,0,0,0,0
390248,1,1,1984,28,0,0,0,29,0,0,0,0,0
390248,2,1,1984,0,0,0,0,0,6,0,0,0,0
390249,1,1,1984,2,0,21,21,12,18,15,6,23,7
390250,1,1,1984,0,0,29,0,14,25,25,0,0,0
390251,1,1,1984,29,29,29,29,29,29,29,29,29,29
390253,1,1,1984,0,0,0,0,0,0,0,0,0,0
390253,2,1,1984,9,0,0,0,0,0,0,0,0,0
390253,3,1,1984,0,0,11,0,0,0,0,0,0,0
390254,1,1,1984,0,0,0,0,0,0,0,0,0,0
390254,2,1,1984,0,0,0,0,0,0,0,0,0,0
390255,1,1,1984,19,4,0,22,16,13,14,0,18,9
390255,2,1,1984,0,19,0,0,12,12,11,0,0,0
390256,1,1,1984,0,0,0,16,0,0,0,0,0,0
390256,2,1,1984,15,0,0,0,0,0,9,18,0,0
390257,1,1,1984,0,0,22,23,0,0,0,0,0,0
390258,1,1,1984,0,0,0,0,0,0,0,0,0,0
390258,2,1,1984,0,0,0,0,0,0,0,0,0,0
390260,1,1,1984,17,12,24,11,19,25,0,17,11,17
390260,2,1,1984,13,3,11,9,19,16,6,2,5,23
390260,3,1,1984,11,11,5,16,0,0,0,0,24,27
390261,1,1,1984,0,14,0,0,16,0,0,21,13,18
390262,1,1,1984,0,18,0,0,0,0,0,0,0,0
390262,2,1,1984,0,0,0,0,0,0,0,0,0,0
390263,1,1,1984,31,17,0,0,0,0,29,31,26,0
390264,1,1,1984,0,23,0,0,0,0,0,0,0,0
390264,2,1,1984,25,25,25,25,25,25,25,25,25,25
390265,1,1,1984,0,0,0,0,0,0,0,0,0,0
390266,1,1,1984,12,0,16,25,0,0,0,0,21,0
390267,0,1,1984,0,0,0,0,19,0,26,0,0,18
390267,1,1,1984,0,0,0,0,0,0,0,0,0,0
390268,1,1,1984,17,17,17,17,17,17,17,17,17,17
390269,0,1,1984,6,14,0,0,0,0,0,0,0,0
390269,1,1,1984,0,0,0,4,0,0,0,24,9,0
390270,1,1,1984,16,16,16,16,16,16,16,16,16,16
390271,1,1,1984,0,37,0,0,0,0,0,0,0,0
390272,1,1,1984,28,18,12,30,10,10,12,16,8,11
390274,1,1,1984,0,0,0,20,0,0,0,0,0,0
390274,2,1,1984,0,0,0,0,0,0,0,0,0,0
390274,3,1,1984,0,0,0,0,0,0,0,0,0,0
390275,1,1,1984,17,17,17,17,17,17,17,17,17,17
390276,1,1,1984,20,20,20,20,20,20,20,20,20,20
390277,1,1,1984,9,0,19,0,9,0,8,19,17,28
390278,1,1,1984,10,10,10,10,10,10,10,10,10,10
390279,1,1,1984,27,13,17,12,12,6,11,9,3,15
390279,2,1,1984,0,0,0,0,0,0,0,12,0,0
390280,0,1,1984,0,18,0,0,0,0,0,0,14,0
390280,1,1,1984,0,0,0,0,0,0,0,0,0,0
390281,1,1,1984,0,0,0,0,0,4,0,0,0,0
390281,2,1,1984,0,0,0,0,0,0,0,0,0,0
390282,1,1,1984,0,0,0,0,0,0,0,0,0,0
390282,2,1,1984,0,0,0,0,0,0,0,0,10,0
390284,1,1,1984,0,0,0,0,0,0,0,0,0,0
390284,2,1,1984,0,0,0,0,0,0,0,0,0,0
390284,3,1,1984,0,0,0,0,0,0,0,0,0,0
390284,4,1,1984,0,0,0,0,0,0,0,0,0,0
390284,5,1,1984,25,18,37,20,25,16,0,19,21,21
390285,1,1,1984,0,0,12,0,0,15,0,0,0,0
390286,1,1,1984,0,0,0,0,0,0,0,0,0,0
390286,2,1,1984,12,0,0,7,0,14,0,28,17,0
390287,1,1,1984,27,7,25,10,17,24,16,22,15,18
390288,1,1,1984,0,15,0,14,0,0,0,0,0,0
390289,1,1,1984,0,0,0,0,0,0,0,0,0,11
390289,2,1,1984,0,0,0,27,0,0,0,26,0,0
390289,3,1,1984,0,0,0,0,0,0,0,0,0,0
390290,1,1,1984,16,7,8,15,6,35,29,22,12,19
390290,2,1,1984,17,24,11,24,11,13,15,27,8,24
390291,1,1,1984,16,0,28,0,15,0,0,0,0,0
390291,2,1,1984,0,11,0,0,21,0,0,0,0,0
390293,0,1,1984,0,0,56,14,17,0,0,16,0,0
390293,1,1,1984,0,0,0,0,0,0,0,0,0,0
390294,1,1,1984,0,0,13,0,0,0,0,0,0,0
390295,1,1,1984,0,0,0,0,0,0,0,0,0,0
390295,2,1,1984,16,0,32,15,11,13,8,8,0,13
390296,1,1,1984,29,15,30,19,16,15,27,0,25,18
390298,1,1,1984,26,0,24,0,9,34,5,6,25,27
390299,1,1,1984,30,17,22,25,8,53,33,10,18,6
390300,1,1,1984,10,10,10,10,10,10,10,10,10,10
390300,2,1,1984,18,0,0,22,0,0,0,30,0,28
390301,1,1,1984,0,0,0,0,0,0,0,0,0,0
390301,2,1,1984,0,0,0,0,0,0,0,0,0,0
390302,1,1,1984,35,14,0,0,0,0,0,36,0,0
390302,2,1,1984,0,0,0,0,0,0,0,0,0,0
390303,1,1,1984,0,0,0,0,0,26,24,28,0,18
390304,1,1,1984,20,14,0,0,0,0,0,0,12,0
390305,1,1,1984,0,0,0,23,0,6,7,22,0,14
390308,1,1,1984,0,11,0,0,0,21,0,0,0,0
390309,1,1,1984,15,15,15,15,15,15,15,15,15,15
390310,1,1,1984,10,13,5,9,20,13,18,8,0,12
390312,1,1,1984,18,9,25,12,0,12,10,19,24,16
390313,1,1,1984,13,31,12,15,8,16,20,11,11,5
390313,2,1,1984,13,27,18,15,21,9,26,19,15,7
390314,1,1,1984,12,27,11,12,6,0,0,0,0,22
390315,1,1,1984,16,25,14,12,9,26,9,15,6,9
390315,2,1,1984,15,0,0,0,0,0,17,11,0,0
390317,1,1,1984,0,0,0,0,0,0,0,0,0,0
390317,2,1,1984,16,0,0,0,0,0,0,0,0,0
390317,3,1,1984,0,0,0,0,0,0,0,0,0,0
390318,1,1,1984,34,34,34,34,34,34,34,34,34,34
390319,1,1,1984,31,31,31,31,31,31,31,31,31,31
390320,0,1,1984,6,0,0,0,0,0,0,0,0,0
390320,1,1,1984,26,11,0,19,25,0,0,0,0,0
390320,2,1,1984,0,0,0,0,20,0,0,15,0,0
390321,1,1,1984,0,0,0,20,0,0,0,0,0,0
390322,1,1,1984,0,0,0,0,0,0,0,0,0,0
390322,2,1,1984,0,0,0,0,0,0,0,0,0,0
390323,1,1,1984,0,10,8,0,0,6,0,0,0,27
390324,1,1,1984,0,0,0,0,0,0,0,0,0,0
390324,2,1,1984,0,0,0,0,0,0,0,0,0,0
390325,1,1,1984,24,29,10,8,11,29,31,31,13,12
390326,1,1,1984,0,0,0,0,0,0,0,0,0,0
390326,2,1,1984,0,0,0,0,0,0,0,0,0,0
390327,0,1,1984,0,0,0,0,0,0,0,0,0,0
390327,1,1,1984,0,0,0,20,0,0,0,0,0,0
390328,1,1,1984,9,9,9,9,9,9,9,9,9,9
390328,2,1,1984,0,0,0,0,0,0,0,0,9,0
390329,1,1,1984,24,24,24,24,24,24,24,24,24,24
390329,2,1,1984,0,0,0,0,0,0,0,0,0,0