ST_CASE,VEH_NO,PER_NO,YEAR,P1,P2,P3,P4,P5,P6,P7,P8,P9,P10
390330,1,1,1984,9,9,9,9,9,9,9,9,9,9
390330,2,1,1984,0,0,0,0,0,0,0,0,0,0
390331,1,1,1984,0,20,13,9,13,0,23,22,5,0
390332,1,1,1984,16,16,16,16,16,16,16,16,16,16
390333,1,1,1984,18,21,17,0,12,11,21,12,18,20
390334,1,1,1984,22,22,22,22,22,22,22,22,22,22
390335,1,1,1984,24,0,28,0,0,0,0,0,5,18
390337,1,1,1984,14,14,14,14,14,14,14,14,14,14
390337,2,1,1984,12,16,20,5,15,24,21,14,16,8
390338,1,1,1984,0,0,0,0,0,13,15,0,0,0
390338,2,1,1984,8,7,14,13,18,9,26,22,0,0
390339,0,1,1984,0,0,0,0,0,0,0,0,0,0
390339,1,1,1984,0,33,0,0,0,0,0,0,0,0
390340,1,1,1984,0,0,0,0,0,0,0,0,0,0
390341,1,1,1984,16,18,25,20,18,13,19,14,18,19
390343,1,1,1984,0,8,10,18,15,0,14,0,19,28
390344,0,1,1984,0,0,0,0,0,0,0,0,0,22
390344,1,1,1984,0,0,0,0,0,0,0,0,0,0
390345,1,1,1984,0,0,0,0,13,0,0,0,0,0
390345,2,1,1984,29,8,16,14,15,8,10,7,8,10
390346,0,1,1984,0,0,0,0,0,0,0,0,0,0
390346,1,1,1984,0,0,0,0,0,0,0,0,0,0
390347,0,1,1984,6,6,6,6,6,6,6,6,6,6
390347,1,1,1984,0,0,23,16,0,0,0,0,0,0
390348,1,1,1984,3,3,3,3,3,3,3,3,3,3
390349,1,1,1984,3,8,23,21,17,13,27,16,16,19
390350,1,1,1984,0,6,0,0,0,0,0,0,0,0
390351,0,1,1984,0,0,0,0,0,0,0,0,0,0
390351,1,1,1984,0,0,0,14,0,0,9,0,9,0
390352,1,1,1984,0,0,0,0,0,14,18,0,0,0
390353,1,1,1984,0,0,0,0,0,0,0,0,0,0
390353,2,1,1984,0,0,0,0,0,0,0,0,0,0
390354,1,1,1984,0,0,0,0,0,0,0,0,0,0
390354,2,1,1984,0,27,0,26,0,0,16,30,0,23
390355,1,1,1984,0,0,0,0,0,0,0,0,0,0
390355,2,1,1984,0,6,0,0,12,0,0,22,0,0
390356,1,1,1984,14,0,12,17,0,20,8,14,28,0
390357,1,1,1984,14,18,24,24,25,6,18,0,14,0
390358,1,1,1984,7,7,7,7,7,7,7,7,7,7
390359,1,1,1984,0,0,0,0,0,0,0,0,0,0
390359,2,1,1984,0,0,0,0,0,0,0,0,0,0
390359,3,1,1984,0,6,0,0,12,0,0,0,16,7
390360,1,1,1984,18,18,21,16,9,17,24,15,10,11
390361,0,1,1984,0,26,21,10,38,18,0,0,9,33
390361,0,2,1984,0,19,20,0,22,0,11,0,0,26
390361,1,1,1984,0,0,0,0,14,10,0,0,0,14
390362,1,1,1984,11,23,5,20,19,9,13,21,39,36
390363,1,1,1984,21,21,21,21,21,21,21,21,21,21
390364,1,1,1984,28,28,28,28,28,28,28,28,28,28
390365,1,1,1984,0,0,0,0,0,0,0,0,0,0
390366,1,1,1984,0,0,0,17,0,0,17,0,0,0
390366,2,1,1984,0,15,0,0,0,0,0,0,0,0
390367,1,1,1984,24,17,18,16,27,20,24,7,14,23
390368,1,1,1984,0,0,11,0,0,0,0,0,10,0
390369,1,1,1984,21,24,11,19,10,10,29,13,10,5
390369,2,1,1984,0,0,0,0,0,14,0,0,0,0
390369,3,1,1984,0,0,0,0,0,0,0,0,0,0
390369,4,1,1984,2,0,0,0,0,0,0,0,0,0
390370,1,1,1984,20,20,20,20,20,20,20,20,20,20
390371,1,1,1984,0,0,0,0,5,0,7,27,4,9
390372,1,1,1984,9,26,25,14,13,15,8,15,11,24
390373,1,1,1984,17,26,26,23,23,16,11,10,23,11
390374,1,1,1984,19,19,19,19,19,19,19,19,19,19
390375,1,1,1984,0,0,0,0,0,0,0,0,0,0
390377,1,1,1984,0,0,0,0,6,0,0,0,0,0
390377,2,1,1984,0,0,0,0,0,0,0,0,0,0
390378,1,1,1984,0,0,0,0,0,0,0,0,0,11
390378,2,1,1984,0,0,0,0,0,0,0,0,0,0
390379,1,1,1984,21,0,16,0,14,0,0,0,0,0
390380,1,1,1984,0,0,0,12,0,0,0,0,0,0
390380,2,1,1984,13,20,0,0,0,0,0,0,0,0
390381,1,1,1984,28,28,28,28,28,28,28,28,28,28
390382,1,1,1984,24,25,20,18,5,34,20,5,26,7
390384,1,1,1984,25,25,25,25,25,25,25,25,25,25
390385,1,1,1984,26,7,18,21,12,13,7,18,17,12
390386,1,1,1984,0,0,20,6,17,9,0,16,13,0
390386,2,1,1984,0,0,0,0,11,0,0,0,0,0
390387,1,1,1984,18,6,19,12,9,16,11,21,20,27
390388,1,1,1984,15,15,15,15,15,15,15,15,15,15
390389,1,1,1984,0,0,0,0,0,0,19,0,0,0
390389,2,1,1984,0,0,0,0,20,0,13,0,8,0
390390,1,1,1984,11,13,27,16,10,23,24,10,18,12
390391,1,1,1984,15,13,32,0,15,12,22,0,0,0
390392,1,1,1984,0,0,9,0,0,0,0,7,0,0
390392,2,1,1984,0,0,0,0,0,0,0,0,0,0
390393,1,1,1984,15,7,0,0,0,0,8,0,0,0
390394,1,1,1984,0,0,0,0,0,0,0,0,0,0
390394,2,1,1984,0,0,0,0,0,0,0,0,0,0
390395,0,1,1984,15,15,15,15,15,15,15,15,15,15
390395,1,1,1984,0,0,0,0,0,0,0,0,0,0
390396,1,1,1984,19,19,19,19,19,19,19,19,19,19
390397,0,1,1984,0,0,0,0,0,0,0,0,0,0
390397,1,1,1984,0,0,0,0,0,5,0,0,0,0
390398,0,1,1984,19,30,13,0,18,12,43,23,6,22
390398,1,1,1984,0,9,29,0,0,0,20,0,0,13
390399,1,1,1984,23,23,23,23,23,23,23,23,23,23
390400,0,1,1984,0,17,0,24,0,0,8,0,15,10
390400,1,1,1984,0,13,12,23,9,12,12,8,9,5
390401,1,1,1984,0,0,0,0,0,0,0,0,0,0
390401,2,1,1984,0,0,0,0,0,0,0,0,0,0
390402,1,1,1984,0,0,14,0,17,0,0,0,14,0
390403,1,1,1984,19,24,19,0,0,0,5,0,0,34
390404,1,1,1984,0,0,0,0,0,0,0,0,0,0
390404,2,1,1984,0,0,0,0,0,0,18,0,0,0
390405,1,1,1984,0,0,21,0,0,0,24,13,0,0
390406,0,1,1984,23,23,23,23,23,23,23,23,23,23
390406,1,1,1984,6,20,9,9,21,25,21,20,7,13
390407,1,1,1984,0,0,0,0,0,16,0,0,0,0
390407,2,1,1984,0,0,0,0,3,0,0,0,0,0
390408,1,1,1984,0,0,17,0,0,0,0,0,0,0
390408,2,1,1984,0,0,17,0,0,0,0,0,0,0
390409,1,1,1984,10,10,10,10,10,10,10,10,10,10
390410,1,1,1984,0,0,0,0,0,0,0,28,0,0
390410,2,1,1984,0,0,0,0,0,0,0,0,0,0
390411,1,1,1984,0,0,0,0,0,0,0,0,0,7
390411,2,1,1984,0,0,0,0,0,0,0,0,0,0
390411,3,1,1984,15,6,5,12,11,9,9,14,11,26
390412,1,1,1984,0,0,0,0,0,0,0,0,0,15
390412,2,1,1984,0,0,0,0,0,0,0,0,0,0
390413,0,1,1984,16,8,0,8,0,13,0,0,0,0
390413,1,1,1984,15,13,10,27,17,13,2,22,16,14
390414,0,1,1984,0,0,0,0,0,0,0,0,0,0
390414,1,1,1984,0,0,0,0,0,0,20,0,0,0
390415,1,1,1984,0,19,0,0,0,0,0,20,0,0
390416,1,1,1984,12,24,15,12,12,15,15,22,26,18
390417,1,1,1984,0,0,0,0,0,0,0,11,0,0
390418,1,1,1984,0,0,0,0,0,0,0,0,0,0
390419,1,1,1984,0,0,0,0,0,0,0,0,0,0
390419,2,1,1984,0,0,0,0,0,32,0,0,0,0
390420,1,1,1984,0,0,0,0,0,0,0,0,0,0
390420,2,1,1984,0,0,0,0,40,0,0,0,0,0
390421,1,1,1984,0,0,0,0,0,0,0,0,0,0
390421,2,1,1984,0,0,0,0,0,0,0,0,0,0
390422,1,1,1984,29,21,0,14,18,15,11,14,12,19
390423,1,1,1984,16,4,20,21,32,25,12,3,11,16
390424,1,1,1984,0,0,0,0,0,0,0,0,0,0
390424,2,1,1984,30,10,27,34,0,0,12,17,0,10
390425,1,1,1984,21,21,21,21,21,21,21,21,21,21
390426,0,1,1984,0,0,0,0,0,0,0,0,0,0
390426,1,1,1984,0,0,0,0,0,0,8,0,0,0
390427,1,1,1984,0,0,0,0,0,0,0,0,0,0
390427,2,1,1984,0,0,0,0,0,7,0,0,0,0
390428,1,1,1984,18,7,0,3,20,0,12,0,9,0
390429,1,1,1984,18,18,18,18,18,18,18,18,18,18
390430,1,1,1984,0,0,0,0,0,0,0,0,0,0
390430,2,1,1984,27,0,0,8,5,16,0,8,19,0
390430,3,1,1984,5,18,0,26,0,8,6,17,9,0
390431,1,1,1984,0,0,0,0,0,0,0,0,0,0
390431,2,1,1984,0,0,0,0,10,0,0,0,0,0
390432,1,1,1984,27,0,0,10,0,7,0,16,0,23
390433,1,1,1984,0,11,20,0,7,0,6,0,0,0
390434,0,1,1984,0,0,0,0,0,0,0,0,0,0
390434,1,1,1984,0,0,0,0,0,0,0,0,0,0
390435,1,1,1984,0,0,0,0,10,16,0,0,0,0
390435,2,1,1984,18,5,21,26,10,12,27,13,29,31
390436,1,1,1984,3,3,3,3,3,3,3,3,3,3
390437,0,1,1984,0,10,15,40,0,42,0,2,19,0
390437,2,1,1984,0,0,0,24,0,13,0,0,0,0
390438,1,1,1984,21,21,21,21,21,21,21,21,21,21
390438,2,1,1984,0,0,0,0,0,0,0,0,0,0
390439,1,1,1984,25,28,14,14,25,0,29,19,9,11
390440,1,1,1984,0,0,0,0,0,0,0,0,0,0
390440,2,1,1984,0,0,0,0,0,0,15,0,0,0
390441,1,1,1984,0,0,0,0,0,0,0,0,0,0
390441,2,1,1984,0,0,0,0,0,0,0,0,0,5
390442,1,1,1984,0,0,0,0,0,0,0,0,0,12
390443,2,1,1984,0,0,0,0,21,18,0,0,0,0
390444,1,1,1984,0,10,22,24,10,42,0,28,10,12
390445,1,1,1984,9,21,14,19,0,13,18,7,16,16
390446,1,1,1984,30,18,21,34,18,31,24,15,18,28
390447,1,1,1984,0,0,0,0,4,0,0,0,0,13
390448,0,1,1984,0,0,0,0,0,0,0,0,0,0
390448,1,1,1984,0,0,0,0,0,0,0,0,0,0
390449,1,1,1984,14,14,14,14,14,14,14,14,14,14
390450,2,1,1984,10,15,11,18,0,13,11,7,18,20
390451,1,1,1984,20,0,0,23,22,0,25,23,26,0
390452,1,1,1984,25,25,25,25,25,25,25,25,25,25
390453,1,1,1984,9,9,9,9,9,9,9,9,9,9
390453,2,1,1984,0,0,0,0,0,0,0,0,0,0
390454,1,1,1984,14,14,14,14,14,14,14,14,14,14
390455,0,1,1984,0,0,0,0,0,0,0,0,0,0
390455,1,1,1984,0,0,0,0,0,0,0,0,0,0
390456,1,1,1984,20,20,20,20,20,20,20,20,20,20
390457,1,1,1984,0,0,0,0,0,0,0,0,0,0
390457,2,1,1984,0,0,0,0,0,0,0,0,0,12
390458,1,1,1984,19,19,19,19,19,19,19,19,19,19
390458,2,1,1984,0,0,0,0,0,0,0,0,0,0
390459,1,1,1984,0,0,0,0,0,0,0,0,0,0
390459,2,1,1984,0,0,11,0,0,0,0,0,0,0
390461,1,1,1984,0,0,0,0,0,0,0,0,0,0
390461,2,1,1984,0,0,0,9,0,0,0,0,0,0
390462,1,1,1984,0,0,0,16,12,0,0,0,0,0
390462,2,1,1984,0,0,0,0,0,0,0,0,0,0
390462,3,1,1984,0,0,0,0,0,9,8,0,0,0
390463,1,1,1984,0,0,0,0,0,0,0,0,0,0
390463,2,1,1984,0,0,15,0,0,0,0,0,0,0
390464,1,1,1984,20,20,20,20,20,20,20,20,20,20
390465,1,1,1984,7,17,13,9,25,18,15,16,6,18
390466,1,1,1984,0,0,0,0,0,0,0,0,14,0
390466,2,1,1984,23,0,0,0,0,0,0,0,0,0
390467,1,1,1984,21,16,17,19,12,18,16,26,22,37
390468,1,1,1984,23,21,37,18,6,22,18,12,28,3
390469,0,1,1984,0,0,0,0,0,0,0,0,0,0
390469,1,1,1984,0,0,0,0,0,0,0,0,0,0
390470,1,1,1984,0,0,0,11,0,0,27,0,0,20
390471,1,1,1984,0,0,0,0,0,0,0,0,0,0
390471,2,1,1984,0,0,0,0,0,0,0,0,0,0
390472,1,1,1984,31,0,31,0,0,25,9,17,9,34
390473,1,1,1984,0,0,0,0,0,0,0,0,0,0
390473,2,1,1984,0,0,0,0,0,0,0,0,0,0
390474,1,1,1984,0,0,0,0,34,31,0,0,0,0
390475,1,1,1984,4,4,4,4,4,4,4,4,4,4
390475,2,1,1984,0,0,0,0,6,0,0,0,0,11
390476,1,1,1984,0,0,0,0,0,0,0,0,0,0
390476,2,1,1984,0,0,0,0,0,0,0,0,0,0
390476,3,1,1984,0,0,0,0,0,0,0,0,0,0
390477,1,1,1984,13,13,13,13,13,13,13,13,13,13
390478,1,1,1984,3,3,3,3,3,3,3,3,3,3
390479,1,1,1984,0,0,0,0,0,0,0,0,0,0
390479,2,1,1984,0,0,0,0,0,0,0,0,0,0
390480,1,1,1984,0,0,0,14,0,0,0,0,0,12
390480,2,1,1984,9,0,13,0,22,0,0,0,0,0
390481,0,1,1984,18,18,18,18,18,18,18,18,18,18
390481,0,2,1984,14,0,5,29,40,10,0,0,0,13
390481,1,1,1984,0,0,0,9,0,0,0,0,6,0
390482,1,1,1984,0,0,0,0,0,0,0,0,0,0
390482,2,1,1984,14,0,0,0,0,0,0,0,0,0
390484,1,1,1984,0,0,0,4,0,0,0,0,9,0
390484,2,1,1984,14,8,28,14,16,3,38,37,27,2
390485,1,1,1984,11,11,11,11,11,11,11,11,11,11
390486,1,1,1984,16,0,28,0,0,6,14,0,18,0
390487,1,1,1984,0,0,0,0,0,0,0,0,22,0
390487,2,1,1984,12,0,0,0,0,0,0,32,0,16
390487,3,1,1984,2,0,0,0,0,0,0,0,0,0
390487,4,1,1984,0,0,5,16,0,0,0,0,0,0
390487,5,1,1984,0,0,0,0,0,16,15,0,0,0
390487,6,1,1984,0,0,0,0,0,0,0,0,0,0
390488,1,1,1984,0,0,0,0,0,0,0,0,0,0
390488,2,1,1984,28,28,28,28,28,28,28,28,28,28
390489,1,1,1984,22,22,22,22,22,22,22,22,22,22
390490,1,1,1984,28,28,28,28,28,28,28,28,28,28
390491,1,1,1984,27,27,27,27,27,27,27,27,27,27
390491,2,1,1984,0,0,0,14,0,0,0,32,17,0
390492,1,1,1984,25,25,25,25,25,25,25,25,25,25
390493,1,1,1984,0,0,7,0,0,0,0,0,0,0
390493,2,1,1984,0,0,0,0,0,0,0,0,0,0
390494,1,1,1984,22,12,21,18,19,7,16,13,16,28
390495,1,1,1984,20,20,20,20,20,20,20,20,20,20
390496,1,1,1984,0,0,0,17,0,0,0,0,0,0
390496,2,1,1984,0,0,0,0,0,0,0,0,0,0
390497,1,1,1984,0,10,0,0,0,0,0,0,0,0
390498,0,1,1984,36,4,9,16,0,20,8,19,18,11
390498,1,1,1984,29,30,18,18,20,3,13,11,15,7
390499,1,1,1984,23,0,0,0,0,35,0,0,27,16
390500,1,1,1984,0,0,0,0,0,0,0,0,0,0
390500,2,1,1984,0,0,0,0,8,0,0,0,0,0
390501,1,1,1984,0,0,0,0,0,0,0,0,0,0
390501,2,1,1984,0,0,15,0,0,0,0,0,0,0
390502,1,1,1984,0,0,0,0,0,0,0,0,0,0
390502,2,1,1984,9,0,0,0,0,0,0,0,0,0
390503,1,1,1984,0,0,0,19,0,0,0,0,0,0
390503,2,1,1984,0,0,0,0,0,0,0,0,0,0
390504,2,1,1984,0,0,0,0,0,0,0,0,0,0
390505,1,1,1984,23,0,0,0,0,11,0,0,0,0
390505,2,1,1984,14,24,16,0,11,14,20,0,0,0
390506,1,1,1984,14,8,19,17,0,35,15,32,18,27
390507,0,1,1984,0,18,0,0,0,13,32,9,32,30
390507,2,1,1984,0,0,21,0,0,0,0,0,0,0
390508,1,1,1984,4,4,4,4,4,4,4,4,4,4
390509,1,1,1984,20,0,0,0,0,15,22,0,0,0
390510,1,1,1984,0,0,12,0,0,0,1,0,0,0
390510,2,1,1984,0,0,0,0,0,0,0,0,0,0
390511,1,1,1984,30,0,0,0,21,15,0,11,0,0
390511,2,1,1984,0,0,14,0,0,0,0,0,0,0
390512,1,1,1984,0,0,0,0,0,0,0,0,0,0
390512,2,1,1984,0,0,0,0,0,0,0,0,0,0
390513,1,1,1984,0,0,0,0,0,0,0,0,0,0
390513,2,1,1984,0,0,0,0,0,0,0,0,0,0
390514,0,1,1984,0,0,14,14,0,0,22,14,0,0
390514,1,1,1984,0,0,0,0,0,0,45,0,0,0
390515,1,1,1984,23,23,23,23,23,23,23,23,23,23
390516,1,1,1984,1,12,22,0,14,0,10,9,5,11
390516,2,1,1984,5,5,5,5,5,5,5,5,5,5
390517,1,1,1984,24,24,24,24,24,24,24,24,24,24
390518,1,1,1984,8,15,11,11,26,15,18,25,16,10
390518,2,1,1984,13,13,13,13,13,13,13,13,13,13
390519,1,1,1984,0,0,0,0,0,0,0,0,0,0
390520,1,1,1984,12,13,17,0,16,25,26,10,9,11
390521,1,1,1984,11,0,13,7,12,12,3,5,8,7
390521,2,1,1984,0,0,0,0,0,0,0,0,0,0
390522,1,1,1984,14,14,14,14,14,14,14,14,14,14
390523,1,1,1984,0,0,0,0,0,21,0,0,0,16
390523,2,1,1984,23,0,0,0,0,0,7,5,0,6
390524,0,1,1984,22,0,0,0,0,26,0,9,0,0
390524,1,1,1984,0,0,0,0,0,0,23,0,0,0
390525,1,1,1984,0,0,0,0,0,0,0,0,0,0
390525,2,1,1984,0,0,0,0,0,0,0,0,0,0
390526,1,1,1984,0,0,0,0,0,0,0,0,0,0
390526,2,1,1984,0,0,0,0,0,0,0,0,0,0
390527,1,1,1984,26,0,0,0,0,25,26,0,0,18
390528,1,1,1984,10,10,10,10,10,10,10,10,10,10
390529,1,1,1984,17,15,26,13,0,12,7,15,17,7
390530,1,1,1984,3,3,3,3,3,3,3,3,3,3
390530,2,1,1984,0,0,0,0,19,0,0,0,0,22
390531,1,1,1984,12,12,12,12,12,12,12,12,12,12
390532,1,1,1984,10,21,3,0,0,0,24,0,0,22
390533,1,1,1984,19,19,19,19,19,19,19,19,19,19
390534,1,1,1984,14,0,0,0,0,0,0,0,0,0
390534,2,1,1984,0,0,0,0,0,0,0,0,0,0
390535,1,1,1984,12,12,0,27,19,17,9,0,13,26
390536,0,1,1984,0,0,0,0,0,0,0,0,0,0
390536,0,2,1984,0,0,0,0,0,0,0,0,0,0
390536,0,3,1984,0,0,0,0,0,0,0,0,0,0
390536,1,1,1984,0,0,0,0,0,0,0,0,0,0
390537,1,1,1984,0,0,0,0,0,0,0,0,0,0
390538,0,1,1984,0,0,0,0,0,0,0,10,5,0
390539,1,1,1984,0,35,21,0,0,25,0,14,33,0
390540,1,1,1984,18,18,18,18,18,18,18,18,18,18
390541,1,1,1984,21,21,21,21,21,21,21,21,21,21
390541,2,1,1984,0,0,0,22,0,0,0,0,0,0
390542,0,1,1984,0,0,0,0,0,0,0,8,0,0
390542,1,1,1984,26,0,15,9,14,10,13,18,21,12
390543,1,1,1984,0,0,0,20,0,0,0,0,0,0
390543,2,1,1984,0,0,0,0,0,0,0,0,0,0
390544,1,1,1984,9,9,9,9,9,9,9,9,9,9
390545,1,1,1984,0,0,0,0,0,0,0,0,0,0
390546,1,1,1984,12,0,3,25,5,8,6,18,10,9
390547,1,1,1984,0,0,18,25,0,8,18,24,26,24
390547,2,1,1984,25,25,25,25,25,25,25,25,25,25
390548,1,1,1984,17,17,17,17,17,17,17,17,17,17
390549,0,1,1984,0,0,0,0,32,0,8,0,0,0
390549,1,1,1984,0,0,0,0,0,0,0,0,0,0
390550,1,1,1984,8,13,0,8,12,24,26,7,24,21
390551,1,1,1984,23,23,23,23,23,23,23,23,23,23
390552,1,1,1984,18,18,18,18,18,18,18,18,18,18
390552,2,1,1984,0,0,0,0,0,0,0,0,0,0
390553,1,1,1984,22,22,22,22,22,22,22,22,22,22
390554,1,1,1984,12,12,12,12,12,12,12,12,12,12
390555,1,1,1984,2,2,2,2,2,2,2,2,2,2
390555,2,1,1984,0,0,0,0,0,0,0,0,0,0
390555,3,1,1984,0,0,0,18,0,27,0,0,10,0
390556,1,1,1984,19,19,19,19,19,19,19,19,19,19
390557,1,1,1984,17,17,17,17,17,17,17,17,17,17
390557,2,1,1984,0,0,0,0,0,0,0,0,0,0
390557,3,1,1984,0,0,0,0,0,0,0,0,0,0
390558,1,1,1984,0,0,0,0,0,0,0,0,0,0
390559,1,1,1984,32,7,5,6,8,21,14,9,11,11
390559,2,1,1984,0,0,12,3,0,0,0,0,0,0
390560,1,1,1984,7,7,7,7,7,7,7,7,7,7
390561,1,1,1984,10,10,10,10,10,10,10,10,10,10
390562,1,1,1984,0,0,13,14,0,0,0,8,24,0
390563,1,1,1984,0,0,23,0,14,0,13,0,0,0
390563,2,1,1984,0,0,0,0,0,0,0,0,0,10
390564,1,1,1984,13,13,13,13,13,13,13,13,13,13
390565,1,1,1984,13,13,13,13,13,13,13,13,13,13
390566,0,1,1984,27,0,0,27,0,0,0,16,28,0
390566,1,1,1984,0,23,22,0,0,0,0,0,0,0
390568,1,1,1984,0,0,0,0,0,0,0,4,0,23
390569,1,1,1984,0,0,0,0,0,0,0,0,15,0
390569,2,1,1984,0,0,0,0,0,0,0,0,0,0
390570,1,1,1984,19,19,19,19,19,19,19,19,19,19
390571,1,1,1984,21,21,21,21,21,21,21,21,21,21
390572,1,1,1984,0,0,9,0,20,0,0,0,14,13
390572,2,1,1984,0,0,0,0,0,0,0,12,0,12
390573,1,1,1984,0,0,0,0,0,0,19,19,4,17
390574,1,1,1984,0,0,0,0,0,0,0,0,0,0
390574,2,1,1984,0,19,0,0,0,0,0,0,0,0
390575,1,1,1984,0,0,0,0,0,0,0,0,0,0
390575,2,1,1984,0,0,0,0,0,8,0,0,0,0
390576,1,1,1984,25,25,25,25,25,25,25,25,25,25
390577,1,1,1984,22,22,4,15,0,17,22,17,4,24
390578,1,1,1984,0,0,0,0,0,14,0,0,0,0
390578,2,1,1984,0,0,0,0,0,12,0,0,0,0
390579,1,1,1984,0,9,0,0,0,0,0,0,0,0
390579,2,1,1984,0,0,0,0,0,0,0,0,0,0
390580,0,1,1984,0,0,0,0,0,0,0,0,0,0
390580,1,1,1984,0,0,0,0,0,0,0,0,0,0
390581,1,1,1984,0,0,0,0,7,0,0,0,14,0
390582,1,1,1984,11,1,9,17,26,0,5,37,8,14
390583,1,1,1984,0,0,0,0,0,0,0,0,0,0
390583,2,1,1984,0,0,0,0,0,0,0,0,27,0
390583,3,1,1984,0,0,0,0,0,0,0,0,0,0
390584,1,1,1984,0,0,0,0,0,0,0,0,0,0
390585,1,1,1984,0,0,0,18,35,0,0,27,0,0
390585,2,1,1984,0,0,0,0,0,0,0,0,21,0
390586,1,1,1984,0,26,9,8,0,0,26,0,0,0
390587,1,1,1984,0,0,20,0,0,0,0,0,0,0
390587,2,1,1984,28,28,28,28,28,28,28,28,28,28
390588,1,1,1984,19,0,0,0,13,0,27,0,15,0
390590,1,1,1984,16,14,0,0,0,0,0,15,0,0
390591,1,1,1984,0,0,0,0,19,21,0,0,0,0
390591,2,1,1984,5,0,0,0,0,0,0,0,0,0
390592,0,1,1984,0,0,0,0,0,0,0,0,0,0
390592,1,1,1984,27,0,0,0,0,0,0,0,0,0
390593,1,1,1984,22,22,22,22,22,22,22,22,22,22
390594,1,1,1984,10,0,0,0,0,0,0,0,0,0
390595,0,1,1984,0,0,0,0,0,0,0,0,0,0
390595,1,1,1984,0,0,0,0,0,0,5,0,0,11
390596,1,1,1984,0,0,0,0,0,0,0,0,0,0
390597,0,1,1984,9,9,9,9,9,9,9,9,9,9
390597,2,1,1984,22,24,10,8,22,8,14,8,7,46
390598,0,1,1984,0,0,0,0,0,0,0,0,0,0
390598,1,1,1984,0,0,0,25,0,0,0,14,0,0
390599,1,1,1984,0,0,0,0,0,0,0,0,0,0
390600,0,1,1984,26,26,26,26,26,26,26,26,26,26
390600,1,1,1984,0,0,0,0,18,22,26,0,0,0
390601,1,1,1984,31,0,21,27,16,17,5,12,27,23
390602,1,1,1984,0,8,0,13,0,11,23,0,10,0
390603,1,1,1984,14,14,14,14,14,14,14,14,14,14
390604,1,1,1984,26,26,26,26,26,26,26,26,26,26
390605,1,1,1984,13,13,13,13,13,13,13,13,13,13
390605,2,1,1984,0,0,0,0,0,0,0,0,0,0
390606,1,1,1984,13,13,13,13,13,13,13,13,13,13
390606,2,1,1984,0,17,0,0,0,0,17,11,19,0
390607,1,1,1984,0,0,0,0,0,0,0,0,0,0
390607,2,1,1984,21,21,21,21,21,21,21,21,21,21
390607,3,1,1984,0,0,10,0,0,0,0,0,0,0
390608,1,1,1984,10,8,15,13,27,17,10,17,4,8
390609,1,1,1984,23,13,7,23,6,15,21,16,20,14
390609,2,1,1984,8,6,22,37,15,9,16,17,9,40
390610,1,1,1984,0,0,7,0,0,0,0,0,0,0
390610,2,1,1984,16,15,10,21,12,27,19,21,0,15
390611,1,1,1984,3,3,3,3,3,3,3,3,3,3
390612,0,1,1984,0,0,0,0,0,0,0,0,0,0
390612,0,2,1984,0,0,0,0,0,0,0,0,0,0
390612,0,3,1984,0,0,0,0,0,0,0,0,0,0
390612,0,4,1984,0,0,0,0,0,0,0,0,0,0
390612,1,1,1984,0,0,0,0,0,0,0,0,0,0
390612,2,1,1984,0,0,0,0,0,0,0,0,13,0
390613,0,1,1984,0,0,0,0,26,0,0,0,0,0
390613,1,1,1984,0,0,0,0,23,0,0,0,0,24
390614,1,1,1984,18,18,18,18,18,18,18,18,18,18
390615,1,1,1984,10,10,10,10,10,10,10,10,10,10
390616,0,1,1984,19,19,19,19,19,19,19,19,19,19
390616,1,1,1984,0,12,0,0,0,0,0,18,0,0
390617,1,1,1984,0,15,25,23,16,22,22,13,18,11
390618,1,1,1984,0,0,0,0,0,0,0,0,0,0
390618,2,1,1984,0,0,0,0,0,0,5,0,0,0
390619,0,1,1984,11,22,0,0,0,27,0,35,38,0
390619,0,2,1984,18,0,0,13,0,0,0,0,0,0
390619,1,1,1984,0,0,0,0,0,0,0,0,0,0
390620,0,1,1984,0,0,0,0,0,0,19,0,0,7
390620,1,1,1984,0,0,0,0,0,0,0,0,0,0
390621,0,1,1984,16,16,16,16,16,16,16,16,16,16
390621,1,1,1984,14,19,15,13,16,14,18,7,14,10
390622,1,1,1984,0,0,0,0,0,0,11,17,0,0
390622,2,1,1984,6,23,14,13,6,19,0,15,11,36
390623,1,1,1984,8,13,12,33,22,19,33,13,19,21
390623,2,1,1984,0,0,0,0,0,0,0,0,0,0
390624,1,1,1984,13,13,13,13,13,13,13,13,13,13
390625,1,1,1984,0,0,0,0,0,0,19,0,0,0
390626,1,1,1984,14,17,35,24,34,21,0,11,13,11
390627,1,1,1984,6,6,6,6,6,6,6,6,6,6
390627,2,1,1984,0,0,0,0,0,0,0,0,0,0
390627,3,1,1984,0,0,0,0,0,0,0,0,13,0
390628,1,1,1984,14,14,14,14,14,14,14,14,14,14