ST_CASE,VEH_NO,PER_NO,YEAR,P1,P2,P3,P4,P5,P6,P7,P8,P9,P10
390629,0,1,1984,8,8,8,8,8,8,8,8,8,8
390629,1,1,1984,21,0,14,0,0,0,13,0,0,0
390630,1,1,1984,14,14,14,14,14,14,14,14,14,14
390631,1,1,1984,15,14,27,23,12,30,24,0,21,22
390632,1,1,1984,37,0,13,0,0,18,0,15,0,0
390633,1,1,1984,0,0,0,0,0,0,0,0,0,0
390634,1,1,1984,0,0,0,0,0,0,0,0,0,0
390634,2,1,1984,0,0,0,0,0,0,0,0,0,0
390634,3,1,1984,26,17,0,0,15,0,0,0,0,0
390634,4,1,1984,0,0,0,0,0,11,0,0,0,0
390634,5,1,1984,0,0,0,0,0,0,0,0,0,0
390635,1,1,1984,11,11,11,11,11,11,11,11,11,11
390636,1,1,1984,0,0,0,0,0,0,0,0,0,0
390636,2,1,1984,0,0,6,0,0,0,0,0,0,0
390637,1,1,1984,14,0,0,18,0,0,0,0,21,13
390638,1,1,1984,0,0,32,0,0,0,0,0,0,12
390638,2,1,1984,17,17,17,17,17,17,17,17,17,17
390639,0,1,1984,0,11,0,0,28,0,0,0,0,0
390639,1,1,1984,0,0,0,0,12,0,0,10,10,0
390640,1,1,1984,0,0,0,0,0,0,0,0,0,0
390641,1,1,1984,18,18,18,18,18,18,18,18,18,18
390642,1,1,1984,18,18,18,18,18,18,18,18,18,18
390643,0,1,1984,0,0,0,0,0,0,0,0,0,0
390643,1,1,1984,0,0,0,0,0,0,0,0,0,0
390644,1,1,1984,20,0,0,0,15,21,0,0,0,0
390644,2,1,1984,0,0,0,0,0,0,0,0,0,0
390645,1,1,1984,16,11,20,20,20,0,0,20,13,14
390646,1,1,1984,0,0,12,10,0,0,7,0,0,0
390646,2,1,1984,0,5,4,0,0,0,10,0,0,0
390647,1,1,1984,0,0,0,0,0,0,0,0,0,0
390647,2,1,1984,0,0,0,0,0,0,0,0,0,0
390648,1,1,1984,25,25,25,25,25,25,25,25,25,25
390649,0,1,1984,0,0,0,0,0,0,0,0,0,0
390649,1,1,1984,0,11,0,0,0,0,0,0,0,0
390650,1,1,1984,41,8,20,9,18,13,20,21,12,16
390651,1,1,1984,21,21,21,21,21,21,21,21,21,21
390652,0,1,1984,0,0,0,0,0,0,0,0,0,0
390652,1,1,1984,20,20,20,20,20,20,20,20,20,20
390653,1,1,1984,0,0,0,0,0,0,0,0,0,0
390653,2,1,1984,4,0,0,0,0,0,0,0,0,0
390654,1,1,1984,0,0,0,0,15,0,0,0,0,0
390654,2,1,1984,0,0,0,0,0,0,0,0,0,0
390655,1,1,1984,19,19,19,19,19,19,19,19,19,19
390656,1,1,1984,33,28,23,16,24,35,26,16,4,27
390657,0,1,1984,0,0,12,0,0,0,0,0,0,28
390657,1,1,1984,0,0,0,0,0,0,0,0,18,0
390658,1,1,1984,0,0,0,0,0,0,0,0,0,3
390658,2,1,1984,0,0,0,0,0,0,0,0,0,32
390659,1,1,1984,0,0,9,22,0,0,0,0,0,0
390659,2,1,1984,0,0,0,0,0,0,0,0,0,0
390660,0,1,1984,0,0,0,0,0,0,0,0,0,0
390660,1,1,1984,0,0,0,0,0,0,0,0,0,0
390661,1,1,1984,10,10,10,10,10,10,10,10,10,10
390661,2,1,1984,1,1,1,1,1,1,1,1,1,1
390662,1,1,1984,0,0,0,0,0,0,0,0,0,0
390662,2,1,1984,0,14,0,0,0,0,0,0,0,0
390663,1,1,1984,0,18,20,0,47,33,0,0,14,0
390664,1,1,1984,22,14,32,9,11,9,37,16,13,11
390664,2,1,1984,0,17,16,0,0,0,0,0,0,0
390665,1,1,1984,18,18,18,18,18,18,18,18,18,18
390666,1,1,1984,0,0,0,0,0,0,0,0,0,0
390666,2,1,1984,3,3,3,3,3,3,3,3,3,3
390667,1,1,1984,0,0,0,0,0,0,0,0,0,0
390667,2,1,1984,19,0,0,0,0,0,0,0,0,0
390668,1,1,1984,19,15,28,20,14,17,8,5,31,36
390669,1,1,1984,23,23,23,23,23,23,23,23,23,23
390669,2,1,1984,0,0,0,0,40,0,0,0,0,0
390670,1,1,1984,18,18,18,18,18,18,18,18,18,18
390671,1,1,1984,23,23,23,23,23,23,23,23,23,23
390671,2,1,1984,5,5,5,5,5,5,5,5,5,5
390672,1,1,1984,0,0,0,0,0,0,0,0,0,0
390672,2,1,1984,0,0,0,0,0,0,0,0,0,0
390673,1,1,1984,5,5,5,5,5,5,5,5,5,5
390673,2,1,1984,0,0,0,0,0,0,0,0,0,0
390674,1,1,1984,18,18,18,18,18,18,18,18,18,18
390675,1,1,1984,0,0,0,0,0,0,19,0,0,0
390675,2,1,1984,0,0,0,0,0,0,0,0,0,0
390676,1,1,1984,0,0,0,0,0,0,0,0,0,0
390676,2,1,1984,23,23,23,23,23,23,23,23,23,23
390677,1,1,1984,0,0,0,0,16,9,0,0,10,0
390677,2,1,1984,0,0,0,0,0,0,0,0,0,17
390678,1,1,1984,23,27,4,0,40,29,0,16,17,8
390679,0,1,1984,0,30,9,0,0,17,20,26,37,20
390679,1,1,1984,0,0,0,0,11,0,0,0,0,10
390680,1,1,1984,15,15,15,15,15,15,15,15,15,15
390681,1,1,1984,21,21,21,21,21,21,21,21,21,21
390682,1,1,1984,11,11,11,11,11,11,11,11,11,11
390683,1,1,1984,0,0,0,0,0,0,0,0,0,0
390684,1,1,1984,0,0,0,0,0,0,0,15,10,0
390684,2,1,1984,19,2,13,15,0,7,0,0,10,19
390685,1,1,1984,33,33,33,33,33,33,33,33,33,33
390686,1,1,1984,26,26,26,26,26,26,26,26,26,26
390687,1,1,1984,13,13,13,13,13,13,13,13,13,13
390687,2,1,1984,0,7,17,11,0,0,7,32,38,12
390688,0,1,1984,0,18,0,28,17,18,23,15,17,16
390688,1,1,1984,15,17,12,13,29,7,26,18,11,33
390689,1,1,1984,27,18,13,14,0,4,0,0,0,0
390690,1,1,1984,0,11,0,0,0,0,0,0,0,0
390691,1,1,1984,9,12,0,0,0,0,0,0,16,0
390691,2,1,1984,0,0,0,0,0,0,0,0,0,0
390691,3,1,1984,0,0,0,0,0,0,0,0,0,0
390692,0,1,1984,0,0,0,0,0,10,0,0,31,0
390692,1,1,1984,0,0,0,0,0,0,0,0,0,0
390693,1,1,1984,21,19,8,22,25,21,11,3,2,13
390694,1,1,1984,0,0,0,0,0,0,0,0,0,0
390694,2,1,1984,0,0,0,0,0,0,0,0,0,0
390695,1,1,1984,20,20,20,20,20,20,20,20,20,20
390696,1,1,1984,10,0,0,0,0,10,0,0,0,0
390696,2,1,1984,16,24,9,10,20,4,18,10,17,10
390697,1,1,1984,0,0,0,16,0,16,0,13,36,0
390698,1,1,1984,24,24,14,34,37,14,7,26,12,8
390699,1,1,1984,0,0,0,0,0,18,0,0,0,0
390699,2,1,1984,1,1,1,1,1,1,1,1,1,1
390700,1,1,1984,12,20,10,19,23,24,21,24,20,16
390701,1,1,1984,0,0,0,0,0,23,0,0,0,10
390701,2,1,1984,12,12,12,12,12,12,12,12,12,12
390702,1,1,1984,0,0,21,0,0,12,17,0,15,0
390702,2,1,1984,0,0,0,37,0,0,13,15,9,0
390702,3,1,1984,0,0,0,0,0,0,0,0,0,0
390703,1,1,1984,12,17,6,18,8,17,34,13,20,0
390704,1,1,1984,0,0,0,0,0,0,0,0,0,0
390705,1,1,1984,0,0,0,0,0,0,0,0,12,0
390705,2,1,1984,0,0,0,0,0,0,0,0,0,17
390705,3,1,1984,0,0,0,0,0,0,0,0,0,0
390705,4,1,1984,0,0,0,0,0,0,0,0,0,0
390705,5,1,1984,0,0,0,0,0,0,0,0,0,0
390706,1,1,1984,8,37,14,34,0,11,22,19,8,22
390707,1,1,1984,18,23,18,19,24,18,14,20,18,19
390708,1,1,1984,20,20,20,20,20,20,20,20,20,20
390709,1,1,1984,21,0,0,0,0,4,0,0,0,0
390709,2,1,1984,0,0,0,0,0,0,0,0,0,13
390710,1,1,1984,0,0,13,0,0,0,33,17,0,0
390710,2,1,1984,9,29,19,16,11,4,20,24,16,17
390711,1,1,1984,22,22,22,22,22,22,22,22,22,22
390712,1,1,1984,16,16,16,16,16,16,16,16,16,16
390713,1,1,1984,0,0,0,13,0,0,0,0,0,0
390714,0,1,1984,0,0,0,0,0,0,0,0,0,0
390714,1,1,1984,0,0,0,0,0,0,0,0,0,0
390715,1,1,1984,0,0,0,0,0,26,14,22,27,35
390716,1,1,1984,8,14,14,0,10,0,17,0,22,20
390717,1,1,1984,0,0,0,0,0,0,0,0,0,0
390717,2,1,1984,0,0,0,0,0,13,0,0,0,9
390718,1,1,1984,19,0,15,20,13,14,17,16,12,0
390719,1,1,1984,0,0,10,9,0,0,14,18,12,0
390720,1,1,1984,21,25,7,9,22,17,26,8,0,22
390721,1,1,1984,20,20,20,20,20,20,20,20,20,20
390722,1,1,1984,0,0,0,0,0,0,0,0,16,0
390722,2,1,1984,0,0,30,17,0,16,0,0,0,0
390722,3,1,1984,0,0,0,0,0,0,19,0,0,0
390723,1,1,1984,7,7,19,18,15,26,21,10,27,25
390724,1,1,1984,20,20,20,20,20,20,20,20,20,20
390724,2,1,1984,0,0,0,0,0,0,0,0,0,0
390725,1,1,1984,16,0,6,6,1,17,9,11,11,11
390725,2,1,1984,16,23,14,15,14,9,17,5,21,13
390726,1,1,1984,16,5,13,19,15,19,15,9,12,0
390727,1,1,1984,31,22,19,13,36,10,20,32,9,15
390728,1,1,1984,0,0,0,0,0,0,0,0,0,0
390729,1,1,1984,0,0,0,0,0,0,0,0,0,0
390729,2,1,1984,0,0,0,0,0,0,0,0,0,0
390730,1,1,1984,0,10,0,0,11,0,0,0,0,15
390731,1,1,1984,14,21,22,19,2,9,12,10,0,12
390732,1,1,1984,16,12,0,0,7,24,12,11,0,19
390733,1,1,1984,9,12,9,24,16,21,17,22,18,14
390734,1,1,1984,31,10,17,11,27,36,12,32,33,13
390735,1,1,1984,10,6,17,8,9,30,23,0,10,6
390736,0,1,1984,0,0,0,0,0,0,0,0,0,0
390736,1,1,1984,0,0,0,0,0,0,0,0,0,0
390737,1,1,1984,21,19,37,16,19,0,0,2,0,0
390738,1,1,1984,4,4,4,4,4,4,4,4,4,4
390739,1,1,1984,0,0,0,0,0,25,0,0,0,0
390740,1,1,1984,0,0,8,0,0,0,0,0,0,0
390740,2,1,1984,0,0,0,0,0,0,0,10,0,0
390741,1,1,1984,15,31,8,9,14,24,21,0,7,8
390742,1,1,1984,0,0,0,0,0,0,0,0,0,0
390742,2,1,1984,0,0,0,0,0,0,0,0,0,0
390743,1,1,1984,16,16,16,16,16,16,16,16,16,16
390744,1,1,1984,26,10,13,17,27,0,35,0,20,14
390745,1,1,1984,0,14,4,0,18,0,0,0,0,0
390746,1,1,1984,0,0,0,0,0,0,0,0,0,0
390746,2,1,1984,0,0,0,0,0,0,0,0,0,0
390747,1,1,1984,0,0,0,0,0,0,0,0,0,0
390748,0,1,1984,0,0,0,0,0,0,0,0,0,0
390748,1,1,1984,0,0,0,0,0,0,0,0,0,0
390749,1,1,1984,0,0,0,0,0,0,0,0,0,0
390749,2,1,1984,0,0,0,20,0,0,0,0,0,0
390750,1,1,1984,26,26,26,26,26,26,26,26,26,26
390751,1,1,1984,29,29,29,29,29,29,29,29,29,29
390752,1,1,1984,26,0,0,0,0,25,0,0,0,0
390753,1,1,1984,0,0,0,0,0,0,0,0,0,0
390754,1,1,1984,0,0,0,0,0,0,0,0,0,0
390754,2,1,1984,0,0,0,0,0,0,0,0,0,0
390755,1,1,1984,0,0,0,0,0,0,0,0,0,0
390755,2,1,1984,25,25,25,25,25,25,25,25,25,25
390756,1,1,1984,18,0,5,13,0,0,10,0,0,5
390756,2,1,1984,24,22,15,0,0,0,23,9,19,18
390757,1,1,1984,28,16,14,0,3,14,10,14,0,16
390757,2,1,1984,0,0,0,0,0,0,6,0,0,0
390758,0,1,1984,0,0,0,18,0,0,0,0,0,0
390758,1,1,1984,0,0,0,0,0,0,0,0,0,0
390759,1,1,1984,17,0,0,0,0,0,0,7,0,13
390759,2,1,1984,0,0,0,0,0,0,0,0,0,0
390760,1,1,1984,0,0,0,0,0,0,0,0,0,0
390760,2,1,1984,0,0,0,0,0,0,0,0,0,0
390761,1,1,1984,13,13,13,13,13,13,13,13,13,13
390762,1,1,1984,0,8,0,0,0,0,0,0,23,0
390763,1,1,1984,18,18,18,18,18,18,18,18,18,18
390764,1,1,1984,6,6,6,6,6,6,6,6,6,6
390764,2,1,1984,0,33,0,0,0,0,0,36,0,0
390765,1,1,1984,0,0,0,0,0,0,0,0,0,11
390766,0,1,1984,0,0,0,0,0,0,0,0,0,0
390766,1,1,1984,0,0,12,5,8,0,0,0,0,7
390767,1,1,1984,0,0,0,0,0,0,0,0,0,0
390767,2,1,1984,22,22,22,22,22,22,22,22,22,22
390768,1,1,1984,0,0,0,0,0,0,3,9,11,0
390768,2,1,1984,15,15,15,15,15,15,15,15,15,15
390769,0,1,1984,24,0,28,25,36,28,11,11,42,20
390769,1,1,1984,16,8,9,18,30,18,19,18,10,0
390770,0,1,1984,13,12,4,14,29,11,15,22,14,17
390770,1,1,1984,0,0,0,0,0,0,0,0,0,0
390771,1,1,1984,14,14,14,14,14,14,14,14,14,14
390771,2,1,1984,0,0,0,0,0,0,0,0,0,0
390772,1,1,1984,0,0,7,4,22,13,10,0,9,9
390773,1,1,1984,18,18,18,17,8,10,10,6,11,4
390773,2,1,1984,17,21,17,0,14,0,0,0,0,31
390773,3,1,1984,18,0,0,0,0,0,0,0,0,0
390773,4,1,1984,0,0,0,0,0,0,0,0,0,0
390773,5,1,1984,0,0,0,0,0,0,0,0,0,0
390774,1,1,1984,0,0,0,0,0,0,0,0,0,0
390774,2,1,1984,0,0,0,0,0,0,0,0,0,0
390775,1,1,1984,20,20,20,20,20,20,20,20,20,20
390776,1,1,1984,20,16,0,11,25,22,0,0,23,0
390777,0,1,1984,27,27,27,27,27,27,27,27,27,27
390777,1,1,1984,25,10,0,0,15,14,0,20,22,0
390778,1,1,1984,0,0,0,0,0,0,0,0,0,0
390778,2,1,1984,0,0,8,0,0,0,0,0,0,0
390779,0,1,1984,12,12,12,12,12,12,12,12,12,12
390779,1,1,1984,21,4,10,7,21,0,8,33,2,0
390780,1,1,1984,23,23,23,20,14,15,15,17,12,12
390781,1,1,1984,0,0,0,0,0,0,0,0,0,0
390781,2,1,1984,24,24,24,24,24,24,24,24,24,24
390782,1,1,1984,21,14,7,11,26,34,14,3,7,31
390784,1,1,1984,15,0,0,0,0,12,0,0,21,4
390785,0,1,1984,0,0,0,0,0,0,0,0,0,0
390785,1,1,1984,0,0,0,0,0,0,0,0,0,0
390786,1,1,1984,0,0,17,0,0,0,0,0,10,0
390786,2,1,1984,0,0,0,0,0,0,0,0,0,0
390787,1,1,1984,0,0,0,0,0,0,0,0,0,0
390787,2,1,1984,17,19,8,17,17,21,13,21,26,13
390788,1,1,1984,12,14,11,0,9,18,23,0,0,20
390789,1,1,1984,0,0,0,0,0,0,0,0,0,0
390789,2,1,1984,0,0,0,0,0,0,0,0,0,0
390789,3,1,1984,0,0,0,0,0,22,0,0,0,0
390790,1,1,1984,0,0,9,0,0,6,0,16,0,0
390791,1,1,1984,7,7,7,7,7,7,7,7,7,7
390791,2,1,1984,0,0,7,0,0,0,0,0,0,0
390792,1,1,1984,32,32,32,32,32,32,32,32,32,32
390792,2,1,1984,0,0,0,0,0,0,0,0,0,0
390793,1,1,1984,0,0,15,7,35,0,0,0,0,0
390793,2,1,1984,0,0,0,0,0,0,0,0,0,0
390794,1,1,1984,9,17,18,16,10,20,18,12,12,23
390795,1,1,1984,0,0,0,12,0,0,0,8,0,0
390796,1,1,1984,0,0,0,0,0,0,0,0,16,9
390796,2,1,1984,0,0,0,0,0,0,0,4,0,0
390797,0,1,1984,0,0,29,7,0,0,17,0,39,0
390797,0,2,1984,18,0,0,0,0,0,33,0,14,12
390797,1,1,1984,9,9,9,9,9,9,9,9,9,9
390798,1,1,1984,0,0,0,0,0,0,0,0,0,0
390799,1,1,1984,11,11,11,11,11,11,11,11,11,11
390800,1,1,1984,12,12,12,12,12,12,12,12,12,12
390801,1,1,1984,19,0,0,17,10,31,0,0,11,8
390802,1,1,1984,20,6,21,0,24,0,0,0,8,0
390803,1,1,1984,0,0,0,0,0,0,0,0,0,0
390803,2,1,1984,8,8,8,8,8,8,8,8,8,8
390804,1,1,1984,0,0,0,0,0,0,0,0,0,0
390804,2,1,1984,0,0,0,3,0,9,0,0,0,0
390805,0,1,1984,25,0,0,16,13,18,41,39,8,24
390805,1,1,1984,20,0,0,0,0,0,0,0,0,0
390806,1,1,1984,17,17,17,17,17,17,17,17,17,17
390807,1,1,1984,19,13,17,26,22,7,15,10,17,23
390808,1,1,1984,10,0,0,0,0,0,0,0,0,0
390808,2,1,1984,0,0,0,0,0,0,0,0,0,0
390809,1,1,1984,12,11,5,12,14,3,4,23,13,8
390809,2,1,1984,4,13,14,17,22,0,4,0,13,14
390810,1,1,1984,13,0,0,0,9,18,15,0,0,0
390811,1,1,1984,17,0,19,25,17,0,0,0,23,0
390812,1,1,1984,0,0,0,0,0,0,0,0,0,0
390812,2,1,1984,0,0,0,0,0,0,0,0,0,0
390813,1,1,1984,0,0,0,0,0,0,0,0,0,0
390814,1,1,1984,0,0,0,0,0,0,0,0,0,0
390814,2,1,1984,0,0,22,13,0,0,21,0,0,9
390815,1,1,1984,11,11,11,11,11,11,11,11,11,11
390816,1,1,1984,0,0,0,0,0,0,0,13,18,0
390816,2,1,1984,15,15,15,15,15,15,15,15,15,15
390817,1,1,1984,19,19,19,19,19,19,19,19,19,19
390818,1,1,1984,11,11,11,11,11,11,11,11,11,11
390819,1,1,1984,0,0,0,0,0,0,0,0,0,0
390819,2,1,1984,0,0,0,0,0,0,0,0,0,0
390820,1,1,1984,0,0,0,0,0,0,0,10,0,0
390820,2,1,1984,0,0,0,0,0,0,9,0,0,3
390821,1,1,1984,0,0,0,0,0,0,0,0,0,0
390822,1,1,1984,0,0,0,0,0,0,0,0,11,0
390823,1,1,1984,0,0,0,0,0,7,0,0,0,0
390823,2,1,1984,0,0,0,0,0,0,0,0,0,0
390823,3,1,1984,0,0,0,0,0,0,0,0,0,0
390824,1,1,1984,0,0,0,0,0,0,0,0,0,0
390824,2,1,1984,36,14,13,33,19,21,6,7,17,20
390825,1,1,1984,9,0,0,0,14,19,15,0,11,7
390826,1,1,1984,0,0,0,0,0,0,0,0,0,0
390826,2,1,1984,0,0,0,0,0,0,0,0,0,0
390827,1,1,1984,11,11,11,11,11,11,11,11,11,11
390828,1,1,1984,0,0,0,0,0,0,0,0,0,0
390828,2,1,1984,0,0,0,0,0,0,0,0,0,0
390829,1,1,1984,0,0,0,0,0,0,0,0,0,0
390829,2,1,1984,0,0,0,0,0,0,0,0,0,0
390830,0,1,1984,0,0,11,0,0,0,0,0,0,0
390830,0,2,1984,30,0,0,0,0,0,0,0,16,0
390830,0,3,1984,0,0,6,0,0,0,0,0,0,0
390830,0,4,1984,0,0,2,0,0,7,0,0,0,38
390830,1,1,1984,0,4,0,0,0,0,0,0,0,6
390831,1,1,1984,3,3,3,3,3,3,3,3,3,3
390832,1,1,1984,1,1,1,1,1,1,1,1,1,1
390832,2,1,1984,0,0,0,0,0,0,0,0,0,0
390833,1,1,1984,14,14,14,14,14,14,14,14,14,14
390834,0,1,1984,0,8,0,12,0,15,0,8,0,18
390834,1,1,1984,0,0,0,0,0,14,0,0,9,20
390835,1,1,1984,28,28,28,28,28,28,28,28,28,28
390836,1,1,1984,19,19,19,19,19,19,19,19,19,19
390837,1,1,1984,16,13,11,21,16,11,24,0,20,0
390838,1,1,1984,28,28,0,21,15,0,0,15,11,11
390839,1,1,1984,8,8,8,8,8,8,8,8,8,8
390839,2,1,1984,3,3,3,3,3,3,3,3,3,3
390840,1,1,1984,0,0,0,0,0,0,0,0,0,0
390840,2,1,1984,0,0,0,0,0,0,0,0,0,0
390841,1,1,1984,0,0,0,0,0,0,0,0,0,0
390841,2,1,1984,0,0,0,0,0,0,0,0,0,0
390841,3,1,1984,0,0,0,0,0,0,0,0,0,0
390842,1,1,1984,0,0,25,0,0,25,19,20,26,13
390843,1,1,1984,0,0,0,0,0,0,0,0,0,0
390843,2,1,1984,0,11,0,0,0,0,0,0,0,0
390844,1,1,1984,0,0,0,0,0,0,0,0,0,0
390844,2,1,1984,0,0,0,0,0,0,0,0,0,0
390845,1,1,1984,0,0,0,0,0,0,0,0,0,0
390846,1,1,1984,0,0,0,0,0,0,0,0,0,0
390846,2,1,1984,0,0,0,0,0,0,0,0,0,0
390847,1,1,1984,0,0,0,12,11,0,11,13,33,13
390848,1,1,1984,11,9,9,15,8,27,18,13,5,25
390849,1,1,1984,0,0,0,0,0,0,0,0,0,0
390849,2,1,1984,0,0,0,2,0,0,0,0,0,0
390850,1,1,1984,13,13,13,13,13,13,13,13,13,13
390851,1,1,1984,3,3,3,3,3,3,3,3,3,3
390852,1,1,1984,0,0,0,0,26,0,0,0,0,0
390853,1,1,1984,0,0,0,0,0,0,0,0,0,0
390853,2,1,1984,12,0,0,0,9,0,0,0,0,0
390855,0,1,1984,36,36,36,36,36,36,36,36,36,36
390855,1,1,1984,0,0,0,0,0,0,0,0,0,0
390856,1,1,1984,37,12,23,10,6,17,12,31,15,11
390856,2,1,1984,0,0,0,0,0,0,0,0,0,0
390857,1,1,1984,0,0,0,0,0,0,0,7,0,0
390857,2,1,1984,0,0,0,7,0,0,0,0,0,11
390858,1,1,1984,25,17,17,7,11,33,28,8,28,20
390859,1,1,1984,27,40,10,34,7,35,22,14,21,22
390860,0,1,1984,32,15,0,13,37,29,17,17,29,0
390860,1,1,1984,0,0,0,0,0,0,0,0,0,11
390862,1,1,1984,0,0,0,0,0,0,0,0,0,0
390863,1,1,1984,0,0,0,0,0,0,0,0,0,0
390863,2,1,1984,0,0,0,0,0,0,0,0,0,0
390864,1,1,1984,0,0,0,0,0,0,0,0,0,0
390864,2,1,1984,6,11,13,10,9,6,19,13,15,8
390865,1,1,1984,5,5,5,5,5,5,5,5,5,5
390865,2,1,1984,5,5,5,5,5,5,5,5,5,5
390866,1,1,1984,0,0,25,0,0,0,0,0,0,0
390867,1,1,1984,0,0,0,0,0,31,0,0,0,0
390867,2,1,1984,0,0,0,0,0,0,0,0,0,11
390868,1,1,1984,0,0,0,0,0,0,0,0,0,0
390868,2,1,1984,0,0,0,0,0,0,0,0,0,0
390869,1,1,1984,0,0,0,0,0,0,0,0,0,0
390869,2,1,1984,0,0,0,14,0,9,0,0,0,10
390869,3,1,1984,0,0,0,0,19,0,0,0,0,0
390870,1,1,1984,0,12,0,0,0,0,21,0,0,0
390871,1,1,1984,0,16,0,0,19,0,0,15,12,16
390872,1,1,1984,0,26,0,0,21,0,0,0,0,0
390873,1,1,1984,0,27,20,17,0,0,0,0,0,18
390874,0,1,1984,0,0,0,0,0,0,0,0,0,0
390874,1,1,1984,0,0,0,0,0,0,0,0,0,0
390875,1,1,1984,9,0,0,0,21,0,6,0,0,24
390876,0,1,1984,24,26,30,0,13,3,20,16,29,28
390876,1,1,1984,9,15,28,39,8,25,0,19,10,31
390877,1,1,1984,0,0,0,0,0,0,0,0,0,0
390877,2,1,1984,0,0,0,0,0,0,0,0,0,0
390878,1,1,1984,20,20,20,20,20,20,20,20,20,20
390879,1,1,1984,20,20,22,19,21,31,24,15,34,14
390880,1,1,1984,15,22,16,21,8,19,17,25,10,6
390881,0,1,1984,13,13,20,0,22,10,13,16,0,6
390881,1,1,1984,0,9,0,0,0,0,0,0,0,0
390882,1,1,1984,25,13,6,20,11,21,0,21,19,20
390883,1,1,1984,14,24,12,25,16,19,10,23,35,25
390884,1,1,1984,0,0,10,0,9,0,0,0,11,9
390885,0,1,1984,0,0,0,0,0,0,0,0,0,0
390885,1,1,1984,0,0,0,0,0,0,0,0,0,0
390886,0,1,1984,0,0,0,21,0,0,0,0,0,0
390886,1,1,1984,0,0,0,0,0,0,0,0,0,0
390887,1,1,1984,15,0,0,0,0,0,0,0,0,0
390887,2,1,1984,12,9,14,2,3,11,7,16,0,18
390888,1,1,1984,18,17,14,29,18,12,17,16,14,30
390889,1,1,1984,0,0,0,0,0,0,0,0,0,0
390889,2,1,1984,0,0,0,0,17,0,0,0,0,0
390890,0,1,1984,0,0,17,0,0,0,12,4,0,0
390890,1,1,1984,0,0,0,0,0,0,0,0,0,0
390891,1,2,1984,0,0,0,0,0,0,0,0,0,0
390891,2,1,1984,0,0,18,0,0,0,0,0,0,0
390892,1,1,1984,17,22,5,18,18,34,27,9,35,19
390892,2,1,1984,3,8,12,5,12,10,3,3,6,0
390893,1,1,1984,19,26,10,12,10,13,9,19,31,8
390894,1,1,1984,22,22,22,22,22,22,22,22,22,22
390895,1,1,1984,23,23,23,23,23,23,23,23,23,23
390896,1,1,1984,0,0,5,0,0,0,19,0,0,33
390897,1,1,1984,23,23,23,23,23,23,23,23,23,23
390898,1,1,1984,13,10,5,23,23,20,21,14,8,9
390899,1,1,1984,7,7,7,7,7,7,7,7,7,7
390900,1,1,1984,10,25,9,44,20,5,17,20,15,20
390900,2,1,1984,14,13,7,24,28,6,8,11,14,15
390901,1,1,1984,0,0,0,0,0,0,0,0,15,0
390901,2,1,1984,0,0,0,0,0,0,0,0,0,0
390902,1,1,1984,0,0,0,0,0,0,0,0,0,0
390902,2,1,1984,1,1,1,1,1,1,1,1,1,1
390903,0,1,1984,13,13,13,13,13,13,13,13,13,13
390903,0,2,1984,0,16,0,17,21,11,0,0,22,30
390903,0,3,1984,25,24,21,23,14,28,0,11,20,0
390903,0,4,1984,0,0,0,0,0,0,0,0,0,0
390903,1,1,1984,14,14,14,14,14,14,14,14,14,14
390904,1,1,1984,12,10,0,13,5,16,14,34,14,0
390905,1,1,1984,0,0,0,0,11,0,0,0,0,0
390906,1,1,1984,20,20,20,20,20,20,20,20,20,20
390907,1,1,1984,10,7,14,16,0,15,7,0,0,0
390907,2,1,1984,0,0,0,0,0,0,0,0,0,4
390908,1,1,1984,0,0,0,0,0,0,0,0,0,0
390909,1,1,1984,0,0,0,0,0,0,0,0,0,0
390909,2,1,1984,9,23,9,4,11,9,15,5,12,16
390910,0,1,1984,0,0,11,0,17,0,0,0,11,0
390911,1,1,1984,13,23,5,0,14,12,21,21,6,12
390912,1,1,1984,21,21,21,21,21,21,21,21,21,21
390913,0,1,1984,0,0,0,0,0,0,0,0,0,0
390913,1,1,1984,0,0,0,0,0,0,0,0,0,0
390914,1,1,1984,10,15,5,0,12,14,7,27,11,5
390915,1,1,1984,0,0,0,0,0,0,0,0,11,0
390915,2,1,1984,0,0,0,0,0,0,0,0,0,0
390916,0,1,1984,13,19,19,0,10,16,0,14,24,0
390916,1,1,1984,0,0,0,0,0,0,0,0,0,0
390917,1,1,1984,23,14,20,31,13,19,7,0,20,29
390918,1,1,1984,29,21,7,42,23,14,17,30,15,19
390919,1,1,1984,22,29,19,32,18,22,24,15,24,21
390919,2,1,1984,0,0,0,0,0,0,7,0,0,0
390920,1,1,1984,6,6,6,6,6,6,6,6,6,6
390921,0,1,1984,0,0,0,0,0,21,0,0,0,11
390921,1,1,1984,0,24,0,27,9,0,0,0,0,0
390922,1,1,1984,0,0,20,2,0,0,0,12,0,3