ST_CASE,VEH_NO,PER_NO,YEAR,P1,P2,P3,P4,P5,P6,P7,P8,P9,P10
390923,1,1,1984,0,0,0,0,0,0,0,0,0,0
390923,2,1,1984,0,0,0,0,0,0,0,0,0,0
390924,1,1,1984,0,0,0,0,17,0,0,0,0,0
390925,1,1,1984,0,0,0,0,0,0,0,0,0,0
390926,1,1,1984,0,0,0,0,0,0,0,0,0,0
390926,2,1,1984,0,0,0,0,0,0,0,0,0,0
390927,1,1,1984,3,3,3,3,3,3,3,3,3,3
390927,2,1,1984,8,0,0,0,0,13,0,12,14,0
390928,1,1,1984,15,19,19,14,4,12,17,12,0,11
390928,2,1,1984,0,0,21,0,0,0,8,0,0,0
390929,1,1,1984,11,0,0,0,0,0,0,0,0,8
390930,1,1,1984,14,14,14,14,14,14,14,14,14,14
390931,1,1,1984,14,0,5,0,12,18,0,0,0,18
390931,2,1,1984,8,19,17,13,6,12,21,0,0,7
390932,1,1,1984,13,18,17,0,0,0,13,0,0,0
390933,1,1,1984,0,20,21,20,12,22,16,12,10,5
390934,1,1,1984,0,0,0,0,0,0,0,0,0,0
390934,2,1,1984,0,9,0,0,0,0,0,0,0,0
390935,1,1,1984,21,0,0,0,0,0,0,0,0,0
390936,1,1,1984,0,0,0,0,0,0,0,0,0,0
390936,2,1,1984,0,0,0,0,0,0,0,0,0,0
390937,1,1,1984,20,6,15,14,0,38,12,0,11,12
390938,1,1,1984,26,0,0,25,0,12,0,8,11,25
390939,1,1,1984,18,12,3,23,14,20,16,18,13,12
390940,1,1,1984,0,0,0,0,0,0,0,0,0,0
390941,1,1,1984,6,6,6,6,6,6,6,6,6,6
390941,2,1,1984,14,21,13,21,14,17,25,20,0,20
390942,1,1,1984,0,0,0,0,0,0,0,0,0,0
390942,2,1,1984,22,19,22,0,0,13,14,17,14,0
390943,1,1,1984,17,17,17,17,17,17,17,17,17,17
390944,1,1,1984,27,27,27,27,27,27,27,27,27,27
390945,1,1,1984,0,0,0,0,0,0,0,0,0,0
390945,2,1,1984,0,0,0,0,0,0,0,0,0,17
390945,3,1,1984,0,0,0,0,0,0,0,0,0,0
390946,1,1,1984,0,0,0,0,0,0,0,0,14,0
390947,1,1,1984,0,0,0,16,0,37,0,0,0,0
390948,1,1,1984,0,0,0,0,0,0,7,0,0,0
390948,2,1,1984,0,0,0,0,0,0,0,0,0,0
390949,1,1,1984,0,0,0,19,0,0,0,0,0,0
390949,2,1,1984,0,0,0,13,0,8,0,0,0,0
390950,1,1,1984,3,3,3,3,3,3,3,3,3,3
390951,0,1,1984,0,0,0,0,0,0,0,0,0,0
390951,1,1,1984,0,0,0,0,0,0,0,0,0,0
390952,1,1,1984,25,7,9,18,13,26,21,19,21,15
390953,1,1,1984,10,20,23,10,8,14,24,14,26,20
390954,0,1,1984,36,0,14,46,0,0,26,26,34,0
390954,1,1,1984,0,0,0,15,0,14,28,0,5,0
390955,1,1,1984,0,0,0,0,0,0,0,0,0,0
390955,2,1,1984,0,0,19,0,0,0,0,0,0,0
390956,0,1,1984,21,18,20,16,33,17,29,22,22,0
390956,1,1,1984,0,0,0,0,0,0,0,0,0,0
390957,1,1,1984,0,0,0,29,14,0,0,0,8,0
390958,1,1,1984,0,0,0,0,0,0,0,0,8,0
390959,1,1,1984,8,19,14,21,7,33,17,18,9,30
390959,2,1,1984,23,14,11,18,14,23,23,17,15,16
390959,3,1,1984,15,22,24,6,24,8,30,9,22,16
390960,1,1,1984,10,23,12,15,16,7,11,10,20,10
390960,2,1,1984,0,0,0,0,0,0,0,0,0,0
390961,1,1,1984,21,21,21,21,21,21,21,21,21,21
390961,2,1,1984,0,0,0,0,0,0,0,0,0,0
390962,1,1,1984,17,17,17,17,17,17,17,17,17,17
390963,1,1,1984,10,16,0,0,6,34,0,19,8,22
390964,1,1,1984,0,0,0,0,0,0,0,0,0,0
390964,2,1,1984,0,7,0,35,0,0,0,0,0,0
390965,1,1,1984,0,0,16,14,0,9,0,0,0,14
390966,1,1,1984,13,24,10,6,17,14,14,30,9,30
390967,1,1,1984,0,0,0,17,0,10,0,0,0,0
390968,1,1,1984,0,0,0,0,0,0,0,0,0,0
390968,2,1,1984,3,0,2,17,6,13,14,14,11,15
390969,1,1,1984,0,0,0,0,0,0,0,0,0,0
390969,2,1,1984,0,0,0,0,0,0,0,0,0,0
390970,1,1,1984,12,12,12,12,12,12,12,12,12,12
390971,1,1,1984,23,15,11,11,21,22,7,15,14,23
390971,2,1,1984,10,26,22,11,0,0,0,0,0,0
390972,0,1,1984,16,16,16,16,16,16,16,16,16,16
390972,1,1,1984,0,0,0,0,18,0,0,0,0,0
390973,1,1,1984,0,0,7,0,0,0,0,0,0,0
390973,2,1,1984,21,21,21,21,21,21,21,21,21,21
390974,1,1,1984,12,15,10,10,30,16,18,18,21,18
390975,1,1,1984,0,0,0,0,0,0,0,0,0,0
390975,2,1,1984,0,0,0,0,0,0,0,0,0,0
390975,3,1,1984,0,0,0,0,0,0,0,0,0,0
390976,1,1,1984,0,0,0,0,0,0,0,0,0,0
390977,1,1,1984,11,12,19,13,16,13,17,0,23,13
390978,1,1,1984,5,5,5,5,5,5,5,5,5,5
390978,2,1,1984,8,8,8,8,8,8,8,8,8,8
390979,1,1,1984,0,0,0,0,0,0,0,0,0,0
390979,2,1,1984,0,0,0,0,0,0,2,0,0,0
390980,1,1,1984,24,24,24,24,24,24,24,24,24,24
390981,1,1,1984,0,0,0,0,0,0,0,0,0,0
390982,1,1,1984,25,6,0,8,39,0,0,0,0,0
390983,1,1,1984,14,14,14,14,14,14,14,14,14,14
390983,2,1,1984,4,13,0,13,0,6,0,0,0,7
390984,1,1,1984,7,7,17,16,16,32,18,19,15,12
390985,1,1,1984,5,18,6,19,14,21,11,21,16,13
390986,1,1,1984,8,8,8,8,8,8,8,8,8,8
390986,2,1,1984,20,7,9,11,9,21,17,9,13,15
390987,1,1,1984,21,21,21,21,21,21,21,21,21,21
390988,1,1,1984,0,0,0,0,0,14,0,0,0,0
390988,2,1,1984,0,0,12,0,5,0,0,0,0,0
390989,1,1,1984,13,22,11,21,10,9,20,12,20,11
390989,2,1,1984,20,28,15,18,19,12,0,9,10,24
390990,1,1,1984,0,0,2,0,0,0,0,0,0,0
390990,2,1,1984,0,10,0,0,0,0,0,0,0,0
390990,3,1,1984,0,0,0,0,0,0,0,0,0,0
390991,1,1,1984,0,0,0,0,0,0,0,0,0,0
390991,2,1,1984,0,0,0,0,0,0,0,0,0,0
390992,1,1,1984,32,16,5,0,32,7,0,10,12,13
390993,1,1,1984,0,0,0,0,0,0,0,0,0,0
390993,2,1,1984,0,0,0,0,0,0,0,0,0,0
390994,1,1,1984,0,12,8,10,17,14,16,9,12,18
390995,1,1,1984,19,26,10,14,11,15,14,16,19,25
390996,1,1,1984,15,25,13,24,9,5,8,12,7,16
390997,1,1,1984,9,9,9,9,9,9,9,9,9,9
390997,2,1,1984,13,4,0,0,0,0,0,0,0,0
390998,1,1,1984,0,0,0,0,0,0,0,0,0,0
390998,2,1,1984,0,0,0,0,0,0,0,0,0,0
390999,2,1,1984,19,20,13,9,14,12,30,12,10,15
391000,1,1,1984,0,0,0,0,0,0,0,0,0,0
391000,2,1,1984,0,0,0,20,0,0,0,0,0,0
391001,1,1,1984,0,0,0,0,0,0,0,0,0,0
391001,2,1,1984,0,0,0,0,0,0,0,0,0,0
391002,1,1,1984,26,26,26,26,26,26,26,26,26,26
391002,2,1,1984,0,0,0,0,0,0,11,0,0,0
391003,1,1,1984,0,0,0,0,0,0,0,0,0,0
391003,2,1,1984,0,0,0,0,0,0,0,0,0,0
391004,0,1,1984,0,0,0,0,0,0,0,0,0,0
391004,1,1,1984,0,0,0,0,0,0,17,0,0,0
391005,1,1,1984,15,15,15,15,15,15,15,15,15,15
391005,2,1,1984,0,12,0,23,0,14,0,0,0,0
391005,3,1,1984,15,0,0,0,9,10,9,0,0,19
391006,1,1,1984,19,19,19,19,19,19,19,19,19,19
391007,1,1,1984,4,4,4,4,4,4,4,4,4,4
391008,0,1,1984,0,0,0,12,0,0,10,10,0,0
391008,1,1,1984,0,0,0,0,0,0,0,0,0,0
391009,0,1,1984,19,19,19,19,19,19,19,19,19,19
391009,1,1,1984,6,13,0,19,19,3,17,15,7,9
391010,1,1,1984,0,0,0,0,0,0,0,0,0,0
391010,2,1,1984,19,6,0,8,5,29,28,0,0,22
391010,3,1,1984,4,0,0,0,0,0,0,4,0,0
391011,1,1,1984,28,8,0,0,0,0,0,0,0,0
391011,2,1,1984,0,0,0,0,0,0,0,0,0,0
391012,0,1,1984,0,8,0,0,0,0,21,0,32,0
391012,1,1,1984,0,10,0,0,0,0,0,0,0,12
391013,1,1,1984,15,25,18,24,12,24,8,12,9,14
391014,1,1,1984,0,0,0,0,0,0,0,0,0,0
391014,2,1,1984,0,0,0,0,0,0,0,0,0,0
391015,1,1,1984,0,0,6,0,0,0,0,0,0,0
391015,2,1,1984,0,0,0,0,0,0,12,0,0,0
391016,0,1,1984,0,0,0,0,0,0,0,0,0,0
391016,0,2,1984,0,0,0,16,0,23,0,0,0,26
391016,1,1,1984,0,0,0,0,0,0,0,0,0,0
391017,1,1,1984,11,0,13,15,0,22,18,36,0,0
391017,2,1,1984,7,6,18,10,11,15,13,19,6,23
391018,1,1,1984,15,15,15,15,15,15,15,15,15,15
391018,2,1,1984,0,0,0,0,0,0,13,0,0,0
391018,3,1,1984,0,0,0,0,0,0,0,0,0,0
391018,4,1,1984,0,0,0,0,0,0,0,0,0,0
391018,5,1,1984,0,0,0,0,0,6,0,0,0,0
391018,6,1,1984,0,0,0,0,0,0,0,0,0,0
391019,1,1,1984,15,15,15,15,15,15,15,15,15,15
391020,1,1,1984,15,15,15,15,15,15,15,15,15,15
391021,0,1,1984,0,0,0,0,0,0,0,0,0,0
391021,1,1,1984,0,0,0,0,0,0,0,0,0,0
391022,1,1,1984,0,0,0,0,6,12,0,0,0,0
391023,1,1,1984,0,0,12,0,0,0,0,0,0,0
391024,1,1,1984,0,0,22,0,16,15,22,18,18,17
391025,1,1,1984,10,18,14,10,19,13,20,0,15,26
391026,1,1,1984,0,0,0,0,0,0,0,0,0,0
391026,2,1,1984,0,0,0,0,0,0,0,0,0,0
391027,1,1,1984,19,19,19,19,19,19,19,19,19,19
391028,1,1,1984,0,0,0,0,0,0,0,0,0,0
391028,2,1,1984,23,0,0,0,0,0,0,0,0,0
391029,0,1,1984,0,17,0,0,27,7,0,24,14,21
391029,1,1,1984,0,0,0,0,0,28,21,4,0,0
391030,1,1,1984,0,0,0,0,0,12,0,0,23,0
391030,2,1,1984,0,0,0,0,0,10,0,0,0,0
391030,3,1,1984,0,0,0,0,0,0,0,0,0,0
391031,1,1,1984,0,0,0,24,0,0,0,8,0,0
391032,1,1,1984,22,0,16,4,20,21,21,17,0,40
391033,1,1,1984,7,7,7,7,7,7,7,7,7,7
391034,1,1,1984,0,17,19,0,0,16,22,0,15,19
391035,1,1,1984,0,0,0,0,0,0,0,0,0,0
391035,2,1,1984,0,0,0,0,0,0,0,0,0,15
391036,1,1,1984,5,5,5,5,5,5,5,5,5,5
391037,0,1,1984,0,0,0,0,0,0,0,0,0,0
391037,1,1,1984,0,0,0,0,0,0,0,21,0,0
391038,1,1,1984,9,24,12,17,19,16,24,0,8,14
391039,1,1,1984,37,28,16,15,4,26,20,2,24,10
391040,1,1,1984,10,0,0,0,0,0,28,6,0,0
391041,1,1,1984,0,0,0,0,8,18,0,0,0,0
391041,2,1,1984,0,0,0,0,0,0,0,0,0,5
391042,1,1,1984,5,5,5,5,5,5,5,5,5,5
391042,2,1,1984,16,16,16,16,16,16,16,16,16,16
391043,1,1,1984,0,0,0,0,0,0,0,0,0,0
391043,2,1,1984,0,0,0,0,0,0,0,0,0,0
391044,1,1,1984,0,0,0,0,0,0,0,0,0,0
391044,2,1,1984,0,0,0,0,0,0,0,0,0,0
391045,1,1,1984,10,11,15,24,14,16,0,18,12,22
391046,1,1,1984,0,0,0,0,0,11,0,0,0,0
391046,2,1,1984,0,0,0,0,0,0,0,0,0,0
391047,1,1,1984,0,0,0,0,0,0,0,0,5,0
391047,2,1,1984,0,0,0,0,0,0,0,0,0,16
391048,1,1,1984,14,37,19,16,14,20,14,15,14,22
391049,1,1,1984,0,34,0,0,7,0,0,24,0,0
391050,1,1,1984,0,0,0,0,0,16,0,0,7,0
391050,2,1,1984,0,0,22,0,0,0,0,0,0,0
391050,3,1,1984,0,0,0,0,0,0,0,0,36,0
391051,0,1,1984,0,7,0,0,0,12,0,0,0,0
391051,1,1,1984,12,0,0,8,0,0,0,0,0,0
391052,0,1,1984,0,21,39,18,17,21,0,0,19,0
391052,1,1,1984,0,0,0,18,0,0,0,0,0,0
391053,0,1,1984,0,15,0,0,21,0,19,0,0,14
391053,1,1,1984,15,15,15,15,15,15,15,15,15,15
391054,1,1,1984,10,27,5,13,5,6,21,9,21,13
391055,0,1,1984,0,13,12,0,3,26,24,12,0,0
391055,1,1,1984,0,0,0,0,0,0,0,0,0,0
391056,1,1,1984,0,0,0,0,0,0,0,0,0,0
391056,2,1,1984,0,0,0,0,0,0,0,0,0,0
391057,1,1,1984,0,0,0,0,14,0,0,0,11,0
391058,1,1,1984,21,21,21,21,21,21,21,21,21,21
391059,1,1,1984,11,0,6,20,20,7,14,24,26,18
391060,1,1,1984,17,17,17,17,17,17,17,17,17,17
391061,1,1,1984,0,0,0,0,0,23,14,0,0,28
391062,1,1,1984,0,0,0,0,0,0,0,0,0,0
391062,2,1,1984,0,0,0,0,0,0,0,0,0,0
391062,3,1,1984,0,0,20,0,0,0,0,0,0,0
391063,1,1,1984,17,18,9,23,19,19,14,13,27,12
391064,1,1,1984,0,0,0,0,0,0,0,0,17,0
391064,2,1,1984,0,0,0,0,0,0,0,0,0,0
391065,1,1,1984,0,0,0,0,0,0,0,0,0,0
391066,1,1,1984,9,9,9,9,9,9,9,9,9,9
391067,1,1,1984,0,0,0,0,0,0,0,6,0,10
391067,2,1,1984,19,18,0,21,0,13,24,13,0,21
391068,1,1,1984,0,0,0,0,0,0,0,0,0,0
391068,2,1,1984,17,13,10,12,0,15,18,15,6,10
391069,1,1,1984,13,11,15,19,14,31,10,8,23,14
391070,1,1,1984,18,18,18,18,18,18,18,18,18,18
391071,1,1,1984,5,5,5,5,5,5,5,5,5,5
391072,1,1,1984,0,0,0,0,0,7,0,0,0,0
391073,1,1,1984,26,26,26,26,26,26,26,26,26,26
391074,0,1,1984,3,3,3,3,3,3,3,3,3,3
391074,1,1,1984,0,0,7,0,16,0,16,0,0,0
391075,0,1,1984,0,0,0,0,0,0,0,0,0,0
391075,1,1,1984,0,0,0,0,0,0,0,0,0,0
391076,1,1,1984,15,21,19,21,7,19,21,27,6,7
391076,2,1,1984,0,9,20,0,0,23,0,0,0,0
391077,1,1,1984,25,25,25,25,25,25,25,25,25,25
391078,0,1,1984,29,29,29,29,29,29,29,29,29,29
391078,1,1,1984,14,14,14,14,14,14,14,14,14,14
391079,0,1,1984,0,0,0,0,0,0,0,0,0,0
391079,1,1,1984,20,0,0,0,0,27,0,0,14,0
391080,1,1,1984,25,25,25,25,25,25,25,25,25,25
391081,1,1,1984,24,24,24,24,24,24,24,24,24,24
391082,1,1,1984,0,0,0,0,0,0,0,0,0,5
391082,2,1,1984,0,0,0,0,0,0,0,0,0,0
391083,1,1,1984,13,25,12,23,29,18,19,0,15,10
391083,2,1,1984,0,0,0,0,0,0,0,0,0,0
391084,1,1,1984,0,0,13,0,0,9,4,0,0,0
391084,2,1,1984,0,17,0,0,0,0,21,0,0,0
391085,1,1,1984,9,0,0,16,0,0,19,0,0,23
391087,1,1,1984,0,0,0,0,0,33,0,0,16,0
391088,1,1,1984,19,19,19,19,19,19,19,19,19,19
391088,2,1,1984,0,0,0,0,0,0,0,0,0,15
391089,1,1,1984,0,0,0,0,11,0,0,0,0,0
391089,2,1,1984,0,0,0,0,0,0,0,0,0,0
391090,1,1,1984,20,27,16,20,0,16,23,32,27,23
391091,1,1,1984,13,13,13,13,13,13,13,13,13,13
391092,1,1,1984,20,20,20,20,20,20,20,20,20,20
391093,0,1,1984,15,25,20,18,18,35,18,20,7,16
391093,1,1,1984,1,1,1,1,1,1,1,1,1,1
391094,1,1,1984,22,12,5,25,14,26,28,20,31,24
391095,1,1,1984,0,0,0,0,0,0,0,0,0,0
391095,2,1,1984,0,0,0,0,13,11,0,0,0,0
391096,1,1,1984,15,0,0,0,0,0,24,0,24,0
391097,1,1,1984,6,0,0,18,0,0,11,14,0,12
391097,2,1,1984,0,0,0,0,0,0,0,0,0,0
391098,1,1,1984,6,0,0,35,0,31,0,19,18,7
391099,0,1,1984,0,0,0,19,17,0,0,0,0,0
391099,1,1,1984,0,0,0,0,0,0,10,0,0,0
391100,1,1,1984,0,22,0,21,0,21,17,0,12,0
391100,2,1,1984,7,0,6,0,6,0,0,0,0,4
391100,3,1,1984,0,0,0,0,0,0,0,0,0,0
391101,1,1,1984,18,0,0,0,0,0,0,0,0,0
391102,1,1,1984,0,0,0,0,0,0,0,0,0,0
391102,2,1,1984,0,0,0,0,0,0,0,0,17,16
391103,1,1,1984,0,0,0,16,0,0,0,0,0,0
391104,1,1,1984,2,2,2,2,2,2,2,2,2,2
391105,1,1,1984,16,16,16,16,16,16,16,16,16,16
391106,1,1,1984,0,0,0,0,0,0,0,0,0,0
391106,2,1,1984,0,0,0,0,0,0,0,0,0,0
391107,1,1,1984,0,0,0,10,0,0,0,0,0,0
391107,2,1,1984,8,12,9,0,12,19,19,22,0,11
391108,1,1,1984,0,0,0,0,0,0,0,0,0,0
391109,1,1,1984,16,16,16,16,16,16,16,16,16,16
391110,1,1,1984,0,0,0,0,0,0,0,0,0,0
391110,2,1,1984,0,0,0,12,0,0,0,0,0,0
391111,0,1,1984,0,0,0,0,0,0,0,16,34,0
391111,1,1,1984,0,0,0,0,0,0,0,0,0,0
391112,1,1,1984,15,15,15,15,15,15,15,15,15,15
391113,1,1,1984,14,14,14,14,14,14,14,14,14,14
391114,1,1,1984,0,0,8,35,0,23,21,0,11,0
391114,2,1,1984,0,0,0,0,0,0,2,22,0,0
391114,3,1,1984,0,0,0,0,0,0,0,0,0,0
391115,1,1,1984,0,0,0,0,0,9,23,0,0,0
391115,2,1,1984,0,0,5,0,0,0,0,10,0,0
391116,1,1,1984,0,0,0,0,0,17,0,0,0,0
391116,2,1,1984,7,0,0,9,4,9,0,9,8,0
391117,0,1,1984,0,35,0,23,0,0,0,0,0,0
391117,1,1,1984,0,0,0,0,0,0,0,0,0,0
391118,1,1,1984,12,9,7,23,13,11,28,7,8,7
391119,1,1,1984,22,22,22,22,22,22,22,22,22,22
391120,1,1,1984,12,12,12,12,12,12,12,12,12,12
391121,0,1,1984,9,9,9,9,9,9,9,9,9,9
391121,1,1,1984,2,2,2,2,2,2,2,2,2,2
391122,1,1,1984,8,8,8,8,8,8,8,8,8,8
391123,1,1,1984,0,0,10,0,0,0,0,0,0,0
391123,2,1,1984,0,0,0,0,0,0,0,0,0,0
391123,3,1,1984,29,0,0,0,0,0,0,0,0,0
391124,1,1,1984,8,8,8,8,8,8,8,8,8,8
391125,1,1,1984,0,25,36,0,15,0,18,0,0,0
391126,1,1,1984,0,0,0,0,0,0,0,0,0,19
391127,1,1,1984,0,0,0,0,0,0,0,0,0,0
391127,2,1,1984,0,0,0,11,0,0,0,0,0,0
391128,0,1,1984,9,9,9,9,9,9,9,9,9,9
391128,1,1,1984,0,0,0,0,0,0,0,0,0,0
391129,1,1,1984,0,0,0,0,0,0,0,0,0,0
391129,2,1,1984,0,0,0,0,0,0,0,0,0,0
391129,3,1,1984,0,0,0,0,0,0,0,0,0,0
391130,1,1,1984,20,20,20,20,20,20,20,20,20,20
391131,1,1,1984,0,0,0,0,0,0,0,0,0,0
391131,2,1,1984,0,0,0,0,0,0,0,0,0,0
391132,1,1,1984,0,0,0,0,0,0,0,0,0,0
391132,2,1,1984,0,13,0,22,13,0,0,27,0,0
391133,1,1,1984,30,30,30,30,30,30,30,30,30,30
391134,1,1,1984,24,24,24,24,24,24,24,24,24,24
391135,1,1,1984,28,0,0,0,0,0,0,0,0,0
391135,2,1,1984,0,0,0,0,0,17,0,0,0,0
391136,1,1,1984,33,33,33,33,33,33,33,33,33,33
391136,2,1,1984,24,24,24,24,24,24,24,24,24,24
391137,1,1,1984,14,14,14,14,14,14,14,14,14,14
391138,1,1,1984,15,0,16,34,9,16,12,26,4,11
391139,1,1,1984,13,13,13,13,13,13,13,13,13,13
391139,2,1,1984,0,0,0,0,0,0,0,0,0,0
391140,0,1,1984,0,0,0,0,18,14,0,0,27,0
391140,1,1,1984,10,20,9,18,21,13,22,21,22,19
391141,1,1,1984,0,0,0,0,0,0,0,0,0,10
391141,2,1,1984,0,0,0,0,0,0,0,0,0,0
391142,1,1,1984,20,20,20,20,20,20,20,20,20,20
391142,2,1,1984,0,0,0,0,0,0,0,0,0,0
391143,1,1,1984,12,11,4,17,12,8,24,17,8,9
391143,2,1,1984,30,30,30,30,30,30,30,30,30,30
391143,3,1,1984,14,19,19,12,6,16,13,0,11,0
391144,1,1,1984,0,2,17,0,9,15,19,15,9,16
391144,2,1,1984,0,0,0,0,0,17,0,0,0,0
391145,1,1,1984,22,22,22,22,22,22,22,22,22,22
391145,2,1,1984,16,0,0,0,14,13,0,11,10,0
391146,1,1,1984,11,8,20,6,31,18,26,15,8,7
391147,1,1,1984,0,0,0,0,0,0,0,18,0,0
391147,2,1,1984,0,0,0,0,0,0,0,0,0,0
391148,1,1,1984,4,4,4,4,4,4,4,4,4,4
391149,1,1,1984,0,8,0,0,20,0,0,0,0,14
391150,1,1,1984,0,0,0,0,0,0,0,0,0,0
391150,2,1,1984,0,0,0,0,0,0,0,0,0,14
391151,1,1,1984,20,17,16,7,22,20,10,35,19,9
391152,1,1,1984,0,0,0,0,0,20,0,0,0,0
391153,1,1,1984,18,21,18,15,8,17,18,13,10,23
391154,1,1,1984,0,0,0,0,0,0,0,0,0,0
391154,2,1,1984,0,0,0,0,0,0,0,0,0,0
391155,1,1,1984,0,0,0,0,18,0,0,0,0,0
391155,2,1,1984,0,0,0,0,0,32,0,0,0,0
391155,3,1,1984,0,0,0,0,0,11,0,0,0,0
391155,4,1,1984,0,0,29,0,0,0,13,0,0,0
391156,1,1,1984,0,0,0,0,0,0,15,0,0,0
391157,1,1,1984,19,19,19,19,19,19,19,19,19,19
391158,1,1,1984,0,0,0,0,0,0,17,0,0,19
391158,2,1,1984,15,15,15,15,15,15,15,15,15,15
391159,1,1,1984,20,20,20,20,20,20,20,20,20,20
391160,1,1,1984,23,23,23,23,23,23,23,23,23,23
391161,1,1,1984,0,0,0,22,0,0,0,0,0,0
391161,2,1,1984,0,0,0,0,0,0,0,0,0,0
391162,1,1,1984,18,18,18,18,18,18,18,18,18,18
391163,1,1,1984,14,14,14,14,14,14,14,14,14,14
391164,1,1,1984,28,28,28,28,28,28,28,28,28,28
391165,0,1,1984,0,0,0,0,0,0,0,0,0,0
391165,1,1,1984,0,0,8,0,0,0,0,0,8,0
391166,0,1,1984,0,0,0,0,0,0,0,0,0,0
391166,1,1,1984,0,0,0,0,0,0,0,0,0,0
391167,1,1,1984,20,20,20,20,20,20,20,20,20,20
391168,1,1,1984,0,0,11,0,0,0,0,0,0,0
391169,1,1,1984,4,4,4,4,4,4,4,4,4,4
391170,1,1,1984,21,0,0,0,0,0,0,0,0,15
391171,1,1,1984,0,23,0,27,4,10,7,24,0,0
391171,2,1,1984,0,0,0,0,0,0,0,0,0,0
391172,0,1,1984,0,0,0,0,0,0,0,0,0,0
391172,1,1,1984,0,0,26,0,0,0,0,0,0,0
391173,1,1,1984,15,15,15,15,15,15,15,15,15,15
391174,1,1,1984,0,0,0,0,0,0,0,0,0,0
391174,2,1,1984,0,0,0,0,0,0,0,0,0,0
391175,0,1,1984,33,6,23,18,9,21,20,31,14,19
391175,1,1,1984,7,0,0,11,27,0,0,0,0,0
391176,1,1,1984,16,0,0,0,0,0,0,0,5,0
391176,2,1,1984,10,10,10,10,10,10,10,10,10,10
391177,1,1,1984,0,0,0,0,0,0,0,0,0,0
391177,2,1,1984,24,24,24,24,24,24,24,24,24,24
391177,3,1,1984,0,0,0,0,0,0,0,0,0,0
391178,0,1,1984,0,0,0,0,0,0,0,0,0,0
391178,1,1,1984,0,0,0,0,0,0,0,0,0,0
391179,1,1,1984,0,0,0,0,0,0,0,0,0,9
391179,2,1,1984,0,0,0,0,0,0,0,0,0,0
391180,1,1,1984,4,4,4,4,4,4,4,4,4,4
391180,2,1,1984,0,0,0,0,0,3,0,0,0,0
391181,1,1,1984,0,0,0,0,0,0,0,0,0,0
391182,1,1,1984,0,0,0,0,0,0,0,0,0,0
391183,1,1,1984,0,0,0,0,0,0,0,0,0,0
391183,2,1,1984,10,10,10,10,10,10,10,10,10,10
391184,0,1,1984,0,21,0,0,0,0,0,0,0,0
391184,1,1,1984,4,0,0,0,14,0,0,0,0,0
391185,1,1,1984,15,18,0,5,0,0,0,15,0,15
391185,2,1,1984,3,3,3,3,3,3,3,3,3,3
391186,1,1,1984,0,0,0,0,0,0,0,0,0,0
391186,2,1,1984,0,0,0,11,11,0,8,0,0,0
391187,1,1,1984,16,16,16,16,16,16,16,16,16,16
391188,1,1,1984,26,26,26,26,26,26,26,26,26,26
391189,1,1,1984,15,15,15,15,15,15,15,15,15,15
391190,1,1,1984,0,0,0,0,0,0,0,0,0,0
391190,2,1,1984,5,5,5,5,5,5,5,5,5,5
391191,1,1,1984,14,14,14,14,14,14,14,14,14,14
391192,1,1,1984,0,0,0,0,0,0,0,0,0,0
391192,2,1,1984,0,0,0,0,0,0,0,0,0,0
391193,1,1,1984,0,0,0,0,0,36,21,0,0,0
391194,1,1,1984,12,12,12,12,12,12,12,12,12,12
391195,1,1,1984,11,11,11,11,11,11,11,11,11,11
391196,1,1,1984,0,0,0,0,0,0,0,0,0,0
391196,2,1,1984,0,0,0,0,0,0,0,0,0,0
391197,1,1,1984,0,0,0,0,0,9,0,0,0,0
391197,2,1,1984,0,0,0,0,0,0,0,0,0,0
391198,0,1,1984,0,0,0,0,0,0,0,0,0,0
391198,1,1,1984,0,0,0,0,0,0,0,0,0,0
391198,2,1,1984,0,0,0,0,0,0,0,0,0,0
391199,1,1,1984,0,0,0,0,0,0,0,0,0,15
391200,1,1,1984,0,30,0,0,7,0,0,0,0,0
391201,1,1,1984,0,0,0,22,16,8,11,0,0,0
391202,1,1,1984,23,23,23,23,23,23,23,23,23,23
391203,1,1,1984,27,19,9,18,0,19,16,16,25,29
391204,1,1,1984,5,5,5,5,5,5,5,5,5,5
391204,2,1,1984,0,0,0,0,0,0,0,0,0,0
391205,1,1,1984,0,0,0,0,0,0,16,0,0,0
391205,2,1,1984,0,0,0,0,0,0,0,0,0,0
391206,1,1,1984,0,6,0,0,0,0,0,0,8,0
391206,2,1,1984,8,8,8,8,8,8,8,8,8,8
391207,0,1,1984,0,0,31,13,0,29,0,15,0,0
391207,1,1,1984,14,14,14,14,14,14,14,14,14,14
391208,1,1,1984,0,0,0,0,0,0,0,0,0,0
391208,2,1,1984,0,10,0,18,0,13,0,0,0,19
391210,0,1,1984,17,17,17,17,17,17,17,17,17,17
391210,1,1,1984,4,0,11,10,0,0,0,0,6,13