ST_CASE,VEH_NO,PER_NO,YEAR,P1,P2,P3,P4,P5,P6,P7,P8,P9,P10
391211,1,1,1984,16,16,16,16,16,16,16,16,16,16
391211,2,1,1984,0,0,0,0,0,0,0,0,0,0
391212,1,1,1984,0,0,0,0,0,0,0,0,0,0
391212,2,1,1984,0,0,0,0,0,0,0,0,0,0
391213,1,1,1984,0,6,19,0,0,0,0,0,0,0
391214,0,1,1984,0,0,0,0,0,0,0,0,0,0
391214,1,1,1984,0,0,0,9,0,0,0,0,18,0
391215,1,1,1984,2,11,6,20,14,4,19,20,12,8
391215,2,1,1984,0,0,0,0,0,0,0,0,0,0
391215,3,1,1984,0,0,0,0,0,0,0,0,0,0
391216,1,1,1984,23,23,23,23,23,23,23,23,23,23
391217,1,1,1984,16,16,16,16,16,16,16,16,16,16
391218,1,1,1984,17,17,17,17,17,17,17,17,17,17
391219,1,1,1984,0,0,0,0,0,0,10,26,23,0
391220,1,1,1984,0,0,0,0,0,0,0,0,0,0
391220,2,1,1984,0,0,0,0,0,0,0,0,0,0
391221,1,1,1984,11,0,0,28,0,0,0,9,0,0
391221,2,1,1984,0,0,0,0,0,0,0,0,0,0
391222,1,1,1984,11,11,11,11,11,11,11,11,11,11
391223,1,1,1984,12,12,12,12,12,12,12,12,12,12
391224,1,1,1984,0,16,16,37,22,25,0,13,22,17
391224,2,1,1984,19,0,0,0,0,0,0,0,0,0
391225,1,1,1984,25,25,25,25,25,25,25,25,25,25
391226,1,1,1984,0,0,0,0,0,0,0,0,0,0
391226,2,1,1984,0,0,0,0,0,5,0,0,0,0
391227,1,1,1984,14,14,14,14,14,14,14,14,14,14
391228,1,1,1984,18,10,31,10,12,11,14,21,18,35
391228,2,1,1984,9,0,4,27,0,9,11,9,24,5
391229,1,1,1984,0,0,0,0,0,0,0,0,0,0
391229,2,1,1984,0,0,0,0,0,0,0,0,0,0
391229,3,1,1984,0,0,0,0,0,0,0,0,0,25
391230,1,1,1984,30,30,30,30,30,30,30,30,30,30
391231,0,1,1984,30,30,30,30,30,30,30,30,30,30
391231,1,1,1984,0,0,0,0,0,0,0,0,0,0
391232,1,1,1984,14,14,14,14,14,14,14,14,14,14
391232,2,1,1984,0,10,0,23,0,0,12,22,18,34
391233,1,1,1984,14,14,14,14,14,14,14,14,14,14
391234,0,1,1984,2,2,2,2,2,2,2,2,2,2
391234,1,1,1984,11,13,18,37,4,9,17,8,17,12
391235,1,1,1984,0,0,14,0,0,0,0,0,0,0
391235,2,1,1984,9,0,15,0,13,0,0,0,0,10
391236,1,1,1984,19,19,19,19,19,19,19,19,19,19
391237,0,1,1984,0,0,0,0,0,0,0,0,0,0
391237,1,1,1984,0,0,0,0,0,0,0,8,0,0
391238,1,1,1984,4,4,4,4,4,4,4,4,4,4
391239,1,1,1984,0,0,0,0,0,0,0,33,0,0
391239,2,1,1984,4,0,0,0,0,0,0,0,26,0
391240,1,1,1984,10,0,14,20,0,0,0,0,0,0
391240,2,1,1984,0,0,0,0,0,0,0,0,0,0
391241,1,1,1984,8,8,8,8,8,8,8,8,8,8
391242,1,1,1984,0,0,0,32,0,0,0,0,25,0
391242,2,1,1984,0,0,0,0,7,0,0,0,0,0
391243,1,1,1984,18,16,13,10,19,27,23,16,0,13
391244,1,1,1984,0,0,0,0,0,0,0,0,0,0
391244,2,1,1984,0,0,0,0,0,0,0,0,0,0
391245,0,1,1984,0,0,0,0,0,0,0,0,0,0
391245,1,1,1984,23,0,6,0,1,25,10,12,13,14
391246,1,1,1984,0,0,0,0,0,0,0,0,0,0
391247,1,1,1984,14,14,14,14,14,14,14,14,14,14
391247,2,1,1984,0,0,0,0,0,0,0,0,0,0
391248,1,1,1984,22,22,22,22,22,22,22,22,22,22
391249,1,1,1984,0,0,0,3,0,0,0,0,0,0
391249,2,1,1984,0,0,0,0,0,0,0,0,0,8
391250,1,1,1984,0,0,0,6,0,0,0,0,0,25
391250,2,1,1984,0,0,13,0,18,0,0,13,0,0
391251,0,1,1984,0,0,0,0,0,0,0,0,0,0
391251,1,1,1984,0,30,0,44,26,5,0,0,0,0
391252,1,1,1984,0,0,22,0,0,0,0,9,0,0
391253,1,1,1984,21,0,0,0,0,0,0,0,0,0
391253,2,1,1984,0,0,16,0,0,0,0,0,16,0
391254,0,1,1984,0,0,0,0,0,0,0,0,0,9
391254,1,1,1984,0,0,0,0,0,0,0,0,0,13
391255,1,1,1984,0,0,0,0,0,0,0,0,0,0
391255,2,1,1984,0,0,0,0,0,0,0,0,0,0
391255,3,1,1984,0,0,0,0,0,0,0,0,0,0
391256,1,1,1984,13,13,13,13,13,13,13,13,13,13
391257,1,1,1984,0,0,0,0,0,0,0,0,0,0
391258,1,1,1984,14,14,14,14,14,14,14,14,14,14
391259,1,1,1984,22,22,22,22,22,22,22,22,22,22
391260,0,1,1984,18,0,28,0,0,8,0,0,0,0
391260,0,2,1984,0,0,0,11,33,0,0,26,17,19
391260,1,1,1984,0,0,0,0,0,0,0,0,0,0
391261,1,1,1984,4,17,13,15,6,24,19,28,10,13
391262,1,1,1984,32,32,32,32,32,32,32,32,32,32
391263,1,1,1984,0,0,0,0,0,0,0,0,0,0
391263,2,1,1984,0,0,0,0,0,0,0,0,0,0
391264,1,1,1984,0,0,0,0,0,25,0,0,0,0
391264,2,1,1984,15,15,15,15,15,15,15,15,15,15
391265,1,1,1984,0,0,0,0,0,0,0,0,0,0
391265,2,1,1984,0,0,0,0,0,0,0,0,0,0
391266,1,1,1984,0,0,0,0,0,0,0,0,0,0
391266,2,1,1984,0,0,0,0,0,0,14,0,0,0
391266,3,1,1984,4,0,0,0,0,0,0,0,0,0
391267,1,1,1984,0,0,0,20,0,0,0,21,0,0
391267,2,1,1984,0,0,0,0,0,0,0,0,0,0
391296,1,1,1984,24,24,24,24,24,24,24,24,24,24
391297,1,1,1984,13,13,13,13,13,13,13,13,13,13
391298,1,1,1984,0,0,0,0,0,0,0,20,14,0
391298,2,1,1984,0,0,0,0,0,0,0,0,16,9
391298,3,1,1984,4,0,0,0,0,0,0,0,4,0
391298,4,1,1984,0,0,0,0,0,0,0,0,0,0
391299,1,1,1984,28,28,28,28,28,28,28,28,28,28
391300,1,1,1984,16,16,16,16,16,16,16,16,16,16
391301,1,1,1984,21,21,21,21,21,21,21,21,21,21
391301,2,1,1984,0,0,0,0,0,0,0,0,3,0
391302,0,1,1984,0,0,0,0,0,0,0,0,0,0
391302,1,1,1984,0,0,0,0,0,29,0,0,0,0
391303,1,1,1984,16,11,12,26,9,0,20,12,21,21
391304,0,1,1984,23,23,23,23,23,23,23,23,23,23
391304,1,1,1984,0,0,0,0,0,0,0,0,0,0
391304,2,1,1984,0,0,0,0,0,0,0,0,0,0
391305,1,1,1984,18,0,0,0,0,0,13,0,0,0
391305,2,1,1984,13,12,18,5,6,8,20,15,15,16
391306,1,1,1984,23,23,23,23,23,23,23,23,23,23
391306,2,1,1984,0,10,0,0,0,0,11,0,0,0
391307,1,1,1984,0,0,0,0,0,0,0,0,0,0
391307,2,1,1984,0,0,0,0,0,0,0,0,0,0
391308,1,1,1984,19,19,19,19,19,19,19,19,19,19
391310,1,1,1984,13,13,13,13,13,13,13,13,13,13
391311,0,1,1984,0,0,0,0,0,0,0,0,0,32
391311,1,1,1984,0,0,0,0,0,0,20,28,15,0
391312,1,1,1984,13,13,13,13,13,13,13,13,13,13
391312,2,1,1984,2,2,2,2,2,2,2,2,2,2
391313,0,1,1984,21,27,48,9,46,41,26,37,12,13
391313,1,1,1984,13,0,0,0,0,0,0,0,0,11
391314,1,1,1984,0,0,0,0,0,0,0,0,0,0
391314,2,1,1984,0,0,0,0,0,11,0,0,0,0
391315,1,1,1984,27,27,27,27,27,27,27,27,27,27
391316,0,1,1984,0,0,0,0,0,0,0,0,0,0
391316,0,2,1984,0,19,0,25,0,17,30,0,0,0
391316,1,1,1984,0,0,0,0,11,0,0,6,0,0
391317,1,1,1984,0,0,0,12,0,0,0,0,0,0
391317,2,1,1984,0,0,0,0,0,0,0,0,0,0
391317,3,1,1984,0,0,0,18,0,0,0,0,0,0
391317,4,1,1984,0,0,0,0,0,0,5,0,0,0
391318,1,1,1984,5,0,0,0,0,0,0,0,0,0
391319,1,1,1984,0,0,0,0,0,0,0,0,0,0
391319,2,1,1984,0,0,0,0,0,0,0,0,0,0
391320,1,1,1984,0,0,0,0,0,0,0,0,0,0
391321,1,1,1984,0,0,0,0,0,0,0,0,0,0
391321,2,1,1984,0,0,0,0,0,0,0,0,0,0
391322,1,1,1984,16,16,16,16,16,16,16,16,16,16
391323,1,1,1984,0,0,0,0,0,0,0,0,0,0
391324,1,1,1984,0,0,0,0,0,0,0,11,0,0
391325,1,1,1984,0,0,0,0,0,0,0,0,0,0
391325,2,1,1984,19,0,7,6,32,9,18,4,14,3
391326,1,1,1984,0,0,0,0,0,0,0,0,0,0
391326,2,1,1984,0,0,0,0,14,0,0,10,0,0
391327,0,1,1984,0,0,0,0,0,0,0,0,0,0
391327,1,1,1984,0,0,0,0,0,0,0,0,0,0
391328,0,1,1984,31,31,31,31,31,31,31,31,31,31
391328,1,1,1984,0,24,0,0,3,0,0,0,0,34
391329,1,1,1984,11,11,11,11,11,11,11,11,11,11
391329,2,1,1984,0,0,0,16,0,0,0,0,10,0
391330,1,1,1984,11,0,0,7,4,0,0,0,0,0
391330,2,1,1984,0,0,0,27,0,13,0,0,0,0
391331,1,1,1984,14,14,14,14,14,14,14,14,14,14
391331,2,1,1984,9,9,9,9,9,9,9,9,9,9
391332,0,1,1984,0,0,0,25,0,0,0,0,0,0
391332,1,1,1984,24,24,24,24,24,24,24,24,24,24
391333,0,1,1984,31,32,24,10,15,15,46,3,18,32
391333,1,1,1984,0,0,0,0,0,0,0,0,0,0
391334,1,1,1984,0,0,0,0,0,0,0,0,0,0
391334,2,1,1984,9,9,9,9,9,9,9,9,9,9
391335,1,1,1984,23,23,23,23,23,23,23,23,23,23
391335,2,1,1984,0,0,0,0,0,0,0,0,0,0
391336,1,1,1984,0,0,0,0,0,0,26,0,0,12
391336,2,1,1984,0,20,0,0,0,0,10,0,0,0
391337,1,1,1984,0,0,0,0,0,0,0,19,0,0
391337,2,1,1984,0,0,0,17,0,0,0,0,0,0
391337,3,1,1984,0,0,0,0,0,0,0,0,0,0
391337,4,1,1984,19,0,0,0,0,0,0,9,0,0
391337,5,1,1984,0,0,0,0,0,0,0,0,0,0
391338,1,1,1984,0,0,0,0,0,0,0,0,0,0
391338,2,1,1984,19,19,19,19,19,19,19,19,19,19
391339,1,1,1984,17,26,16,32,14,10,32,13,18,11
391339,2,1,1984,0,0,9,0,0,0,0,0,0,0
391340,1,1,1984,0,0,0,0,0,0,0,0,0,0
391340,2,1,1984,0,20,0,0,0,0,12,0,0,0
391341,1,1,1984,16,16,16,16,16,16,16,16,16,16
391341,2,1,1984,7,7,7,7,7,7,7,7,7,7
391342,1,1,1984,0,0,0,0,0,0,0,0,0,0
391343,0,1,1984,0,0,0,0,36,0,0,0,0,0
391343,1,1,1984,0,0,0,0,0,0,0,0,0,0
391344,1,1,1984,0,4,5,0,0,0,0,0,0,0
391345,0,1,1984,0,0,31,0,0,0,0,0,0,0
391345,0,2,1984,0,0,0,0,0,0,0,0,0,0
391345,1,1,1984,0,0,0,0,0,0,0,0,0,0
391345,2,1,1984,0,0,0,0,0,0,0,0,0,0
391345,3,1,1984,0,0,0,0,0,0,0,0,0,0
391346,1,1,1984,0,0,0,0,0,0,0,0,0,0
391346,2,1,1984,0,0,0,0,0,0,0,0,0,0
391346,3,1,1984,0,0,0,0,0,0,0,0,0,0
391347,0,1,1984,0,0,0,0,0,0,0,14,0,0
391347,1,1,1984,10,0,0,0,0,0,0,0,0,0
391348,0,1,1984,0,0,0,14,0,0,0,4,0,27
391348,1,1,1984,0,0,0,0,0,0,0,0,0,0
391349,1,1,1984,11,8,7,16,0,0,35,4,22,14
391349,2,1,1984,0,0,0,19,0,0,0,0,10,0
391350,0,1,1984,8,8,8,8,8,8,8,8,8,8
391350,1,1,1984,23,23,0,0,12,0,40,11,0,17
391351,1,1,1984,0,0,0,0,0,0,0,0,0,0
391351,2,1,1984,16,0,0,0,0,17,0,0,0,0
391352,1,1,1984,16,16,16,16,16,16,16,16,16,16
391353,1,1,1984,17,17,17,17,17,17,17,17,17,17
391354,1,1,1984,21,18,10,6,10,22,25,20,22,35
391355,1,1,1984,9,0,0,0,0,0,19,0,0,0
391356,0,1,1984,0,0,0,0,5,0,0,0,0,0
391356,1,1,1984,15,0,0,0,0,0,0,12,0,0
391357,0,1,1984,0,0,0,0,0,0,0,0,0,0
391357,1,1,1984,0,0,0,0,0,0,0,0,0,0
391358,0,1,1984,0,0,0,0,0,0,0,0,0,0
391358,1,1,1984,0,0,0,0,0,0,0,0,0,0
391359,1,1,1984,0,0,0,0,0,0,0,0,0,0
391360,1,1,1984,0,0,25,0,13,0,18,0,15,8
391361,1,1,1984,0,0,0,0,0,0,0,0,0,0
391361,2,1,1984,31,31,31,31,31,31,31,31,31,31
391362,1,1,1984,0,0,0,0,0,0,14,0,0,0
391363,1,1,1984,25,25,25,25,25,25,25,25,25,25
391364,1,1,1984,0,0,0,0,0,0,0,0,0,0
391364,2,1,1984,0,0,0,0,0,0,21,0,0,0
391365,1,1,1984,0,0,0,0,0,0,0,0,0,0
391365,2,1,1984,16,16,13,27,25,10,9,18,13,26
391366,1,1,1984,16,0,0,0,0,0,0,0,0,0
391366,2,1,1984,5,5,5,5,5,5,5,5,5,5
391367,0,1,1984,20,20,20,20,20,20,20,20,20,20
391367,1,1,1984,0,0,0,0,0,0,17,0,0,0
391368,1,1,1984,0,0,0,0,0,0,0,3,0,0
391368,2,1,1984,0,0,0,0,0,0,23,0,0,0
391369,0,1,1984,18,0,6,16,46,44,20,40,24,0
391369,1,1,1984,19,13,29,12,16,6,10,9,6,14
391370,1,1,1984,0,0,0,0,0,0,0,0,0,0
391370,2,1,1984,11,5,16,18,4,0,15,10,16,7
391371,1,1,1984,0,0,0,9,11,0,15,0,21,0
391372,1,1,1984,18,20,9,45,18,16,16,24,23,14
391373,1,1,1984,0,0,0,0,0,0,0,0,0,0
391373,2,1,1984,27,24,19,26,0,25,10,17,22,11
391374,1,1,1984,0,0,0,0,0,0,0,0,0,0
391374,2,1,1984,0,0,0,0,0,0,0,0,0,17
391374,3,1,1984,24,23,0,5,0,0,0,16,11,0
391374,4,1,1984,0,0,0,0,0,0,0,0,0,0
391374,5,1,1984,0,0,0,0,0,0,0,0,0,0
391375,1,1,1984,11,11,11,11,11,11,11,11,11,11
391376,1,1,1984,0,0,0,0,0,0,0,0,0,0
391376,2,1,1984,0,0,0,0,0,0,0,0,11,0
391377,0,1,1984,23,0,0,0,0,14,0,29,0,27
391377,1,1,1984,0,0,0,0,0,0,0,0,0,0
391377,2,1,1984,0,0,0,0,0,0,0,0,0,0
391378,1,1,1984,0,0,0,0,0,0,0,0,0,0
391378,2,1,1984,0,0,0,0,0,0,0,0,0,0
391379,1,1,1984,0,0,0,0,0,0,0,0,0,0
391379,2,1,1984,0,0,0,0,0,0,0,0,0,0
391380,1,1,1984,0,0,0,0,0,0,0,0,0,0
391380,2,1,1984,0,0,0,0,0,0,0,0,0,0
391381,1,1,1984,0,0,0,11,0,0,0,0,0,0
391381,2,1,1984,0,0,0,0,0,0,0,7,0,0
391381,3,1,1984,0,0,0,0,0,0,0,0,0,10
391382,1,1,1984,15,15,15,15,15,15,15,15,15,15
391383,1,1,1984,21,21,21,21,21,21,21,21,21,21
391384,1,1,1984,0,17,0,10,0,0,0,0,20,11
391385,1,1,1984,17,16,0,17,10,25,20,20,9,25
391386,0,1,1984,0,0,0,0,0,0,0,0,0,0
391386,1,1,1984,0,0,0,0,0,0,0,0,0,0
391387,1,1,1984,28,12,12,11,17,12,7,19,26,9
391388,0,1,1984,0,0,0,0,0,0,9,0,0,24
391388,1,1,1984,0,0,0,0,0,0,0,0,0,0
391389,0,1,1984,0,0,17,0,0,0,20,0,0,0
391389,1,1,1984,0,0,0,0,0,0,0,0,0,0
391390,1,1,1984,0,9,16,0,14,21,25,14,5,18
391391,1,1,1984,0,0,0,0,0,0,0,0,0,0
391391,2,1,1984,0,0,0,0,0,22,9,0,7,0
391392,1,1,1984,0,0,0,0,0,0,0,0,0,0
391393,0,1,1984,21,21,21,21,21,21,21,21,21,21
391393,1,1,1984,0,0,0,0,0,0,0,0,0,0
391393,2,1,1984,0,0,0,0,0,5,0,0,11,0
391394,1,1,1984,0,0,0,0,0,0,0,0,0,0
391394,2,1,1984,0,0,0,0,0,0,0,0,0,0
391395,1,1,1984,20,20,20,20,20,20,20,20,20,20
391396,1,1,1984,0,0,0,0,0,0,0,0,0,0
391396,2,1,1984,0,11,0,0,0,0,0,0,12,0
391397,1,1,1984,22,7,9,7,10,22,11,12,13,6
391397,2,1,1984,24,14,22,12,19,0,25,10,4,6
391398,1,1,1984,0,0,0,0,0,0,0,0,0,0
391399,1,1,1984,21,35,14,0,11,0,15,0,0,0
391400,1,1,1984,0,0,0,0,0,0,0,0,0,0
391400,2,1,1984,15,0,0,0,0,0,0,0,0,0
391401,1,1,1984,16,0,0,0,0,0,0,0,0,0
391401,2,1,1984,3,3,3,3,3,3,3,3,3,3
391402,0,1,1984,0,0,14,0,0,22,20,13,0,13
391402,0,2,1984,12,20,21,15,14,31,33,28,7,8
391402,1,1,1984,0,0,2,0,0,0,39,0,0,0
391403,1,1,1984,0,0,0,0,0,0,0,0,0,0
391404,0,1,1984,13,13,13,13,13,13,13,13,13,13
391404,1,1,1984,23,7,13,18,14,19,11,8,10,11
391405,0,1,1984,17,28,14,17,20,0,22,22,16,35
391405,1,1,1984,0,0,19,0,7,12,31,25,0,0
391406,1,1,1984,20,20,20,20,20,20,20,20,20,20
391407,1,1,1984,0,0,0,0,0,0,0,0,0,0
391407,2,1,1984,0,0,0,0,0,0,0,0,0,0
391408,1,1,1984,0,13,0,0,0,0,0,0,8,0
391408,2,1,1984,9,9,9,9,9,9,9,9,9,9
391409,1,1,1984,24,24,24,24,24,24,24,24,24,24
391410,0,1,1984,0,15,0,0,11,25,37,11,0,28
391410,1,1,1984,34,34,34,34,34,34,34,34,34,34
391411,1,1,1984,0,0,0,0,0,0,0,0,0,0
391412,1,1,1984,11,16,10,30,15,22,15,16,19,12
391412,2,1,1984,23,23,23,23,23,23,23,23,23,23
391413,1,1,1984,30,15,4,16,12,19,21,16,19,20
391414,1,1,1984,4,15,18,16,16,20,16,0,17,12
391414,2,1,1984,0,0,0,0,0,0,0,0,0,0
391415,1,1,1984,0,0,0,2,0,0,0,0,0,0
391415,2,1,1984,12,12,12,12,12,12,12,12,12,12
391416,0,1,1984,24,24,24,24,24,24,24,24,24,24
391416,1,1,1984,0,0,0,0,0,0,0,0,0,0
391417,0,1,1984,0,0,0,0,0,0,0,0,0,0
391417,1,1,1984,0,0,0,0,0,0,0,0,0,0
391418,1,1,1984,0,0,17,22,15,0,0,17,0,0
391419,1,1,1984,16,39,16,7,15,20,13,29,16,21
391419,2,1,1984,0,0,13,0,0,0,0,0,0,13
391420,0,1,1984,13,0,0,0,13,0,0,19,0,0
391420,1,1,1984,0,0,0,0,0,0,10,0,0,0
391421,1,1,1984,0,0,0,0,0,0,0,0,0,0
391421,2,1,1984,0,0,0,0,0,0,0,0,0,0
391422,1,1,1984,0,0,0,0,0,0,0,0,0,14
391422,2,1,1984,2,2,2,2,2,2,2,2,2,2
391423,1,1,1984,14,14,14,14,14,14,14,14,14,14
391424,1,1,1984,34,34,34,34,34,34,34,34,34,34
391425,1,1,1984,6,6,6,6,6,6,6,6,6,6
391426,1,1,1984,0,0,0,11,0,0,0,27,0,0
391426,2,1,1984,0,0,0,0,0,0,13,0,0,0
391427,1,1,1984,23,23,23,23,23,23,23,23,23,23
391428,1,1,1984,10,10,10,10,10,10,10,10,10,10
391428,2,1,1984,0,0,0,12,0,0,0,0,6,0
391429,1,1,1984,17,17,17,17,17,17,17,17,17,17
391430,1,1,1984,0,0,0,0,0,0,0,0,0,0
391431,1,1,1984,0,0,0,0,0,0,0,0,0,0
391431,2,1,1984,0,0,0,0,0,0,30,0,0,0
391432,1,1,1984,0,0,10,0,0,0,0,0,0,0
391434,1,1,1984,16,16,16,16,16,16,16,16,16,16
391435,1,1,1984,0,0,0,0,0,0,0,0,0,0
391435,2,1,1984,0,0,0,0,0,0,0,0,0,0
391436,1,1,1984,19,19,19,19,19,19,19,19,19,19
391437,1,1,1984,0,0,0,0,0,0,0,0,0,0
391437,2,1,1984,0,0,0,0,0,0,0,0,0,0
391438,1,1,1984,20,20,20,20,20,20,20,20,20,20
391439,1,1,1984,0,0,0,0,0,0,0,0,0,0
391439,2,1,1984,0,24,0,0,0,13,0,0,0,0
391439,3,1,1984,0,0,0,0,0,0,0,0,0,0
391439,4,1,1984,6,12,16,10,7,11,0,18,8,21
391440,1,1,1984,13,13,13,13,13,13,13,13,13,13
391441,1,1,1984,0,0,0,0,0,0,0,0,0,0
391441,2,1,1984,0,0,0,0,0,0,0,0,0,0
391441,3,1,1984,0,0,0,0,0,0,0,0,0,6
391442,0,1,1984,0,0,0,0,0,0,0,0,0,0
391442,1,1,1984,0,0,0,0,0,0,0,0,0,0
391443,1,1,1984,14,14,14,14,14,14,14,14,14,14
391443,2,1,1984,0,0,0,0,0,0,0,0,0,0
391444,1,1,1984,0,0,19,0,0,0,0,0,0,0
391444,2,1,1984,12,0,0,0,0,0,0,0,0,0
391445,0,1,1984,27,27,27,27,27,27,27,27,27,27
391445,1,1,1984,12,0,16,14,5,16,0,0,0,0
391446,1,1,1984,0,0,0,0,0,0,0,0,0,0
391446,2,1,1984,0,0,0,0,0,0,0,0,0,0
391447,1,1,1984,0,0,0,0,0,0,0,5,0,0
391447,2,1,1984,0,0,0,0,0,0,0,0,0,0
391448,1,1,1984,15,15,15,15,15,15,15,15,15,15
391449,1,1,1984,9,15,0,0,8,11,8,0,3,6
391449,2,1,1984,0,0,0,0,0,0,10,0,18,0
391450,1,1,1984,10,14,30,6,33,11,11,7,13,0
391451,1,1,1984,15,6,9,5,11,7,6,0,14,20
391452,1,1,1984,0,0,0,0,0,0,0,0,0,0
391453,0,1,1984,0,0,0,0,0,7,0,0,0,10
391453,0,2,1984,0,0,0,0,0,7,4,11,12,3
391453,1,1,1984,22,17,14,22,18,21,0,27,0,13
391454,1,1,1984,15,15,15,15,15,15,15,15,15,15
391455,1,1,1984,0,0,0,21,0,6,0,0,0,0
391456,1,1,1984,0,0,0,0,0,0,0,0,0,0
391456,2,1,1984,0,4,0,0,0,0,0,0,0,0
391457,1,1,1984,0,21,18,0,0,0,0,27,9,15
391457,2,1,1984,0,21,0,0,0,0,0,0,0,0
391457,3,1,1984,0,0,8,0,0,0,0,0,0,0
391458,1,1,1984,18,14,21,21,28,12,13,24,0,17
391458,2,1,1984,22,0,15,0,0,0,19,12,0,16
391458,3,1,1984,0,0,0,9,0,0,0,0,0,0
391459,1,1,1984,14,14,14,14,14,14,14,14,14,14
391460,1,1,1984,11,0,0,0,0,0,0,0,0,0
391460,2,1,1984,0,0,0,0,0,0,0,0,0,0
391461,1,1,1984,12,4,7,0,0,14,14,0,21,20
391461,2,1,1984,0,12,0,0,9,34,16,7,0,8
391462,1,1,1984,0,0,0,0,0,0,0,0,0,0
391462,2,1,1984,13,0,0,20,0,0,0,0,0,0
391463,1,1,1984,0,23,15,10,0,6,0,0,20,0
391463,2,1,1984,0,0,0,5,0,3,0,0,17,0
391464,1,1,1984,12,12,12,12,12,12,12,12,12,12
391465,1,1,1984,0,0,0,0,0,0,0,0,7,0
391465,2,1,1984,0,7,0,6,0,0,0,0,0,0
391466,1,1,1984,0,9,0,21,12,17,0,22,7,13
391467,1,1,1984,0,0,0,0,0,0,0,0,0,16
391467,2,1,1984,22,0,0,0,0,0,0,0,0,0
391468,1,1,1984,16,16,16,16,16,16,16,16,16,16
391469,1,1,1984,0,0,0,0,0,0,0,0,0,0
391469,2,1,1984,0,0,0,0,0,0,0,0,0,0
391470,0,1,1984,0,0,0,9,13,0,0,20,0,0
391470,1,1,1984,0,0,0,0,0,0,0,0,0,0
391471,1,1,1984,9,11,15,0,20,16,12,15,15,12
391472,1,1,1984,0,0,0,0,0,0,0,0,7,0
391472,2,1,1984,22,22,22,22,22,22,22,22,22,22
391473,1,1,1984,0,0,0,0,0,3,0,0,0,0
391474,1,1,1984,0,0,0,0,0,0,0,0,0,0
391474,2,1,1984,0,0,0,0,0,22,0,0,0,0
391475,1,1,1984,13,21,14,22,27,27,0,22,14,6
391476,1,1,1984,0,0,0,0,0,0,0,0,0,0
391476,2,1,1984,0,0,0,0,0,0,0,0,0,0
391477,1,1,1984,9,9,9,9,9,9,9,9,9,9
391478,1,1,1984,0,0,16,0,0,25,5,0,0,0
391479,1,1,1984,15,15,15,15,15,15,15,15,15,15
391480,1,1,1984,0,0,0,0,0,0,0,0,0,0
391480,2,1,1984,0,0,0,0,0,0,0,0,0,0
391481,0,1,1984,16,16,16,16,16,16,16,16,16,16
391481,1,1,1984,0,0,0,17,0,0,0,8,11,0
391481,2,1,1984,0,0,0,0,0,0,0,0,0,0
391482,1,1,1984,0,0,0,8,0,0,18,0,28,0
391482,2,1,1984,27,27,27,27,27,27,27,27,27,27
391483,1,1,1984,0,24,13,19,11,15,17,7,18,10
391484,1,1,1984,10,7,21,11,14,14,14,21,25,7
391486,1,1,1984,0,0,0,0,5,0,0,15,0,0
391487,1,1,1984,0,0,19,0,0,25,0,0,0,0
391488,1,1,1984,0,0,0,0,0,0,0,0,0,0
391488,2,1,1984,0,0,0,0,0,0,0,0,0,0
391489,1,1,1984,19,19,7,27,10,23,35,22,21,21
391489,2,1,1984,0,8,0,0,16,0,31,0,0,17
391490,1,1,1984,0,0,0,0,4,8,0,0,0,0
391491,0,1,1984,0,0,0,0,0,0,0,0,0,0
391491,1,1,1984,19,5,0,0,12,9,17,13,9,3
391492,1,1,1984,20,20,20,20,20,20,20,20,20,20
391493,1,1,1984,0,0,0,0,0,0,0,0,0,0
391494,0,1,1984,13,0,0,25,16,0,0,0,0,0
391494,1,1,1984,23,10,14,26,22,20,18,0,25,19
391495,1,1,1984,0,0,14,7,0,0,0,0,0,17
391496,1,1,1984,15,17,6,15,3,24,22,10,8,6
391497,0,1,1984,30,30,30,30,30,30,30,30,30,30
391497,1,1,1984,0,0,0,0,12,0,17,0,0,20
391498,1,1,1984,0,0,0,0,0,0,8,0,0,0
391498,2,1,1984,0,0,0,0,0,0,0,0,0,0
391499,1,1,1984,0,0,0,0,24,0,0,0,15,35
391500,1,1,1984,12,15,13,3,6,23,10,20,9,25
391500,2,1,1984,16,31,0,0,7,0,0,0,0,0
391501,1,1,1984,0,0,0,7,0,27,0,0,0,0
391502,1,1,1984,37,37,37,37,37,37,37,37,37,37
391503,1,1,1984,27,27,25,22,16,17,15,23,6,29
391504,1,1,1984,0,0,0,0,0,0,0,0,0,0
391504,2,1,1984,0,0,0,8,15,0,0,0,14,0
391505,1,1,1984,17,17,17,17,17,17,17,17,17,17
391505,2,1,1984,0,0,17,0,0,0,13,0,0,0
391506,1,1,1984,0,0,0,0,0,0,0,0,0,0
391506,2,1,1984,0,0,0,0,0,0,0,0,0,0
391507,1,1,1984,22,0,0,0,0,0,0,0,0,30
391507,2,1,1984,5,5,5,5,5,5,5,5,5,5