ST_CASE,VEH_NO,PER_NO,YEAR,P1,P2,P3,P4,P5,P6,P7,P8,P9,P10
391508,1,1,1984,17,33,0,12,0,13,8,0,16,25
391509,1,1,1984,11,16,9,0,8,14,21,35,0,22
391510,1,1,1984,0,0,0,0,0,0,0,0,0,0
391510,2,1,1984,6,6,6,6,6,6,6,6,6,6
391511,1,1,1984,0,2,0,0,0,0,0,0,0,0
391511,2,1,1984,18,0,0,12,0,0,21,0,0,23
391512,1,1,1984,0,0,0,0,0,0,0,0,0,0
391512,2,1,1984,29,0,27,15,15,0,17,0,13,0
391513,1,1,1984,1,1,1,1,1,1,1,1,1,1
391514,1,1,1984,10,0,15,26,19,3,0,0,0,0
391514,2,1,1984,0,0,0,11,5,14,0,14,0,16
391515,1,1,1984,0,0,0,0,0,0,0,0,0,0
391515,2,1,1984,13,0,0,0,0,0,0,0,0,21
391516,0,1,1984,0,0,0,0,0,22,0,0,0,0
391516,1,1,1984,0,0,0,0,0,0,0,0,0,0
391517,0,1,1984,0,0,0,0,0,0,0,0,0,0
391517,1,1,1984,0,0,0,0,43,0,16,0,0,0
391518,1,1,1984,28,28,28,28,28,28,28,28,28,28
391519,1,1,1984,0,0,0,0,0,0,0,0,0,0
391520,1,1,1984,0,30,0,23,0,0,13,0,0,19
391521,0,1,1984,0,0,0,12,11,0,0,0,0,0
391521,0,2,1984,0,0,0,0,0,0,0,0,0,0
391521,1,1,1984,3,3,3,3,3,3,3,3,3,3
391522,0,1,1984,0,13,0,3,0,0,0,0,0,0
391522,1,1,1984,0,0,0,0,0,0,0,0,0,0
391523,1,1,1984,19,19,19,19,19,19,19,19,19,19
391524,1,1,1984,0,13,24,0,31,0,0,9,13,0
391525,1,1,1984,10,0,0,0,0,0,0,0,0,7
391526,1,1,1984,0,0,0,0,0,16,11,0,0,0
391526,2,1,1984,0,0,0,0,0,0,0,0,0,0
391527,1,1,1984,8,10,14,0,0,16,0,0,17,23
391528,0,1,1984,0,0,0,0,0,0,0,23,0,0
391528,1,1,1984,0,0,0,0,9,0,0,0,0,0
391529,1,1,1984,0,10,0,0,0,0,0,0,0,0
391530,1,1,1984,0,0,26,0,0,0,0,0,0,0
391531,1,1,1984,14,14,14,14,14,14,14,14,14,14
391532,1,1,1984,0,0,0,0,0,0,0,0,0,0
391532,2,1,1984,5,0,17,0,11,0,0,0,0,23
391533,1,1,1984,0,0,0,0,0,0,0,0,0,11
391534,1,1,1984,20,20,20,20,20,20,20,20,20,20
391534,2,1,1984,0,0,0,8,0,0,0,0,0,0
391535,0,1,1984,8,15,30,0,9,16,14,28,16,20
391535,0,2,1984,16,16,16,16,16,16,16,16,16,16
391535,1,1,1984,19,19,19,19,19,19,19,19,19,19
391535,2,1,1984,0,0,0,0,0,0,0,0,0,0
391536,1,1,1984,23,0,19,28,0,7,0,23,0,29
391537,1,1,1984,0,0,0,0,14,0,18,0,12,0
391538,1,1,1984,0,0,0,8,0,23,0,0,0,0
391538,2,1,1984,0,5,12,16,0,7,17,0,0,0
391539,1,1,1984,5,21,13,36,12,14,8,28,16,24
391540,1,1,1984,0,0,0,0,0,0,0,0,0,0
391540,2,1,1984,0,0,0,0,0,0,0,0,0,0
391541,1,1,1984,15,17,11,33,9,21,25,31,28,26
391542,1,1,1984,0,0,0,0,0,0,0,0,0,0
391543,1,1,1984,0,0,0,0,0,0,0,0,18,0
391543,2,1,1984,0,0,0,0,0,0,0,0,0,0
391544,1,1,1984,0,0,0,11,0,0,0,0,0,0
391544,2,1,1984,0,0,0,0,0,0,0,0,0,0
391545,0,1,1984,38,38,38,38,38,38,38,38,38,38
391545,1,1,1984,0,0,0,0,0,0,0,0,0,0
391546,1,1,1984,0,0,0,0,0,0,0,0,0,0
391546,2,1,1984,0,25,0,10,0,0,0,0,0,0
391547,1,1,1984,0,0,0,0,0,0,0,0,0,0
391547,2,1,1984,20,0,0,0,0,0,0,0,0,0
391548,1,1,1984,0,0,0,10,0,0,0,0,3,0
391548,2,1,1984,0,0,0,0,0,0,0,0,0,0
391549,0,1,1984,28,28,28,28,28,28,28,28,28,28
391549,1,1,1984,0,0,0,0,0,0,0,0,0,0
391550,1,1,1984,0,0,6,0,0,0,0,0,0,0
391550,2,1,1984,14,14,14,14,14,14,14,14,14,14
400001,1,1,1984,27,0,14,10,23,16,31,8,13,14
400001,2,1,1984,0,0,0,0,0,0,0,0,0,0
400002,1,1,1984,26,26,26,26,26,26,26,26,26,26
400003,1,1,1984,0,0,0,0,0,0,0,0,0,0
400003,2,1,1984,0,0,0,0,0,0,0,0,0,0
400004,1,1,1984,0,0,0,0,0,0,0,0,0,0
400004,2,1,1984,0,0,0,0,0,0,0,0,0,0
400005,1,1,1984,0,0,0,0,0,0,0,0,0,0
400005,2,1,1984,0,0,0,0,7,0,0,0,0,0
400006,0,1,1984,20,20,20,20,20,20,20,20,20,20
400006,1,1,1984,0,0,0,0,0,0,0,0,0,0
400007,1,1,1984,0,0,0,0,0,0,0,0,0,0
400007,2,1,1984,13,0,0,0,0,0,0,0,0,0
400008,0,1,1984,0,0,0,0,0,0,0,0,0,0
400008,1,1,1984,0,16,0,8,11,0,0,0,0,0
400009,1,1,1984,0,0,0,0,0,0,0,0,10,0
400009,2,1,1984,0,0,0,0,0,0,0,0,0,0
400010,1,1,1984,0,0,0,0,0,0,0,0,0,8
400010,2,1,1984,0,0,0,0,0,0,0,0,0,0
400011,1,1,1984,0,0,0,0,5,0,13,0,0,0
400011,2,1,1984,0,0,0,0,0,0,0,0,0,0
400012,1,1,1984,0,0,0,0,0,0,0,0,0,0
400013,1,1,1984,0,0,0,0,0,0,0,0,0,0
400014,1,1,1984,0,0,0,0,0,0,0,0,0,0
400014,2,1,1984,0,0,0,0,0,0,0,0,0,0
400015,1,1,1984,0,0,0,0,0,0,0,0,0,0
400015,2,1,1984,0,0,0,0,0,0,0,0,0,0
400016,1,1,1984,17,17,17,17,17,17,17,17,17,17
400017,0,1,1984,0,0,0,0,15,13,0,0,0,0
400017,1,1,1984,0,0,0,0,0,0,0,0,0,0
400018,1,1,1984,0,0,0,0,0,0,0,0,0,0
400018,2,1,1984,0,0,0,0,0,0,0,0,0,0
400019,1,1,1984,0,15,0,0,0,0,0,0,0,0
400019,2,1,1984,0,0,0,12,0,12,0,0,0,0
400020,1,1,1984,0,0,0,0,0,0,0,0,0,0
400020,2,1,1984,0,0,0,20,0,0,0,0,0,0
400021,1,1,1984,12,12,12,12,12,12,12,12,12,12
400022,1,1,1984,19,28,0,8,17,24,11,2,6,18
400022,2,1,1984,0,0,0,18,0,0,0,0,0,11
400023,1,1,1984,23,23,23,23,23,23,23,23,23,23
400024,1,1,1984,16,16,16,16,16,16,16,16,16,16
400024,2,1,1984,0,0,21,15,0,0,0,0,0,18
400025,0,1,1984,0,0,0,0,0,0,0,0,0,0
400025,1,1,1984,0,0,0,0,0,0,0,0,0,9
400026,1,1,1984,0,0,0,0,0,0,0,0,0,0
400026,2,1,1984,0,0,0,0,0,0,0,0,0,0
400027,1,1,1984,12,12,12,12,12,12,12,12,12,12
400028,1,1,1984,15,0,0,0,8,0,21,0,0,0
400029,1,1,1984,0,0,0,0,0,0,0,0,0,0
400029,2,1,1984,0,0,0,0,0,0,0,0,0,0
400030,1,1,1984,0,0,0,0,0,0,0,0,0,0
400030,2,1,1984,0,0,0,0,0,0,0,0,0,0
400031,1,1,1984,17,17,17,17,17,17,17,17,17,17
400032,1,1,1984,0,0,0,0,0,0,0,0,0,0
400033,1,1,1984,16,16,16,16,16,16,16,16,16,16
400033,2,1,1984,0,0,0,0,0,0,0,0,0,0
400034,1,1,1984,15,15,15,15,15,15,15,15,15,15
400035,1,1,1984,0,0,0,0,0,0,0,0,0,0
400036,1,1,1984,28,0,8,0,0,0,0,0,0,11
400037,1,1,1984,13,12,28,18,16,20,19,14,36,27
400038,1,1,1984,7,7,7,7,7,7,7,7,7,7
400038,2,1,1984,0,0,0,21,13,9,23,9,0,13
400039,1,1,1984,0,0,0,0,0,0,23,0,0,0
400040,1,1,1984,0,0,0,0,0,0,0,0,0,0
400040,2,1,1984,0,0,0,0,0,0,0,0,0,0
400041,1,1,1984,25,25,25,25,25,25,25,25,25,25
400041,2,1,1984,0,0,0,0,0,0,0,0,0,0
400042,1,1,1984,20,20,20,20,20,20,20,20,20,20
400043,1,1,1984,16,16,16,16,16,16,16,16,16,16
400043,2,1,1984,0,0,0,0,0,0,0,0,0,0
400044,0,1,1984,22,22,22,22,22,22,22,22,22,22
400044,1,1,1984,0,0,0,0,0,0,0,0,0,0
400044,2,1,1984,0,0,12,0,0,0,0,0,0,0
400045,1,1,1984,2,2,2,2,2,2,2,2,2,2
400046,0,1,1984,25,25,25,25,25,25,25,25,25,25
400046,1,1,1984,0,0,0,0,0,0,0,0,0,0
400047,1,1,1984,15,15,15,15,15,15,15,15,15,15
400048,1,1,1984,3,3,3,3,3,3,3,3,3,3
400048,2,1,1984,0,0,0,0,0,0,0,0,0,0
400049,1,1,1984,0,0,0,0,0,0,0,0,0,0
400049,2,1,1984,0,0,0,0,0,0,0,0,0,0
400050,1,1,1984,9,9,9,9,9,9,9,9,9,9
400051,1,1,1984,8,0,0,0,0,14,0,0,0,0
400051,2,1,1984,0,0,0,0,0,0,0,0,0,0
400051,3,1,1984,0,0,0,17,0,0,0,0,0,0
400051,4,1,1984,0,0,0,0,0,0,0,0,0,0
400051,5,1,1984,0,0,0,0,0,0,0,0,0,0
400051,6,1,1984,0,0,0,0,0,0,0,0,0,0
400051,7,1,1984,0,0,0,0,0,0,0,0,0,0
400051,8,1,1984,14,0,0,0,0,0,0,0,0,0
400051,9,1,1984,0,0,0,0,0,0,0,0,0,0
400051,10,1,1984,0,0,0,0,0,0,0,0,8,0
400052,1,1,1984,0,0,0,0,0,0,0,0,0,0
400052,2,1,1984,0,0,0,0,0,0,0,0,0,0
400053,1,1,1984,0,0,0,0,0,0,0,8,0,0
400054,1,1,1984,0,0,0,18,0,0,0,10,0,0
400055,1,1,1984,0,0,0,0,0,0,0,0,0,0
400055,2,1,1984,0,0,0,0,0,0,0,0,0,0
400056,1,1,1984,0,0,0,0,0,0,0,0,0,0
400056,2,1,1984,0,0,0,0,0,0,0,0,0,0
400057,1,1,1984,0,0,0,0,0,0,0,0,0,0
400057,2,1,1984,0,0,0,0,0,0,0,0,28,0
400058,1,1,1984,16,17,16,16,14,5,27,18,32,21
400058,2,1,1984,0,0,0,0,0,0,0,0,0,0
400059,1,1,1984,24,24,24,24,24,24,24,24,24,24
400060,1,1,1984,17,17,17,17,17,17,17,17,17,17
400061,1,1,1984,0,0,0,0,0,0,0,0,0,0
400061,2,1,1984,0,0,0,0,0,0,0,0,0,0
400062,1,1,1984,20,20,20,20,20,20,20,20,20,20
400062,2,1,1984,22,0,0,0,0,0,0,0,0,0
400063,0,1,1984,0,0,0,0,0,0,0,0,0,0
400063,0,2,1984,0,0,0,0,2,0,17,0,0,0
400063,1,1,1984,0,13,0,0,0,0,0,6,0,0
400064,1,1,1984,0,0,0,0,0,0,0,0,0,0
400065,1,1,1984,0,0,0,0,0,0,0,0,0,0
400065,2,1,1984,0,17,0,0,0,0,0,0,18,7
400066,1,1,1984,34,21,14,18,22,21,9,22,30,15
400067,1,1,1984,19,19,19,19,19,19,19,19,19,19
400068,1,1,1984,22,22,22,22,22,22,22,22,22,22
400069,1,1,1984,12,17,0,0,22,9,29,0,0,0
400070,1,1,1984,0,0,0,0,0,0,0,0,0,0
400070,2,1,1984,0,0,0,0,0,0,0,0,0,0
400071,1,1,1984,17,17,17,17,17,17,17,17,17,17
400072,1,1,1984,27,27,27,27,27,27,27,27,27,27
400073,1,1,1984,18,0,0,0,0,0,0,0,4,22
400074,1,1,1984,0,18,0,0,0,29,0,0,17,0
400075,1,1,1984,0,0,0,0,0,10,0,0,12,0
400076,0,1,1984,15,0,0,0,0,0,0,25,3,0
400076,0,2,1984,15,34,0,9,18,23,25,19,0,0
400076,0,3,1984,0,0,0,0,0,0,0,0,0,0
400076,0,4,1984,0,0,0,0,0,0,0,0,0,0
400076,0,5,1984,8,0,21,0,0,0,25,0,0,0
400076,1,1,1984,0,0,0,0,0,0,0,0,0,0
400077,1,1,1984,19,17,35,18,14,14,30,11,16,8
400077,2,1,1984,0,0,0,0,0,0,0,0,0,0
400078,1,1,1984,23,23,23,23,23,23,23,23,23,23
400078,2,1,1984,0,0,0,0,0,0,0,0,0,0
400079,1,1,1984,19,0,0,0,0,0,0,0,0,20
400079,2,1,1984,0,0,0,0,0,0,0,0,0,0
400080,1,1,1984,13,0,14,6,27,0,15,7,20,12
400081,1,1,1984,18,18,18,18,18,18,18,18,18,18
400081,2,1,1984,0,0,0,0,0,18,0,0,19,0
400082,1,1,1984,0,3,0,0,0,0,0,0,0,0
400082,2,1,1984,0,0,0,0,0,0,0,0,0,0
400083,1,1,1984,2,2,2,2,2,2,2,2,2,2
400084,1,1,1984,0,0,0,0,0,0,0,0,0,0
400084,2,1,1984,0,0,0,0,0,0,0,0,0,6
400085,1,1,1984,25,25,25,25,25,25,25,25,25,25
400085,2,1,1984,8,0,9,0,0,0,0,0,0,0
400086,1,1,1984,17,17,17,17,17,17,17,17,17,17
400086,2,1,1984,39,0,0,0,0,0,0,0,39,0
400087,1,1,1984,12,12,12,12,12,12,12,12,12,12
400088,1,1,1984,0,0,0,0,0,0,0,0,0,0
400088,2,1,1984,0,0,0,0,0,0,0,0,0,0
400089,1,1,1984,19,21,6,12,35,19,22,40,21,15
400090,1,1,1984,0,0,0,0,0,0,0,0,0,0
400090,2,1,1984,9,0,0,0,0,0,0,0,0,0
400091,1,1,1984,0,0,0,0,0,0,0,0,0,0
400092,1,1,1984,0,0,16,0,0,0,0,0,25,0
400093,1,1,1984,16,44,11,8,16,10,14,15,17,25
400094,0,1,1984,17,17,17,17,17,17,17,17,17,17
400094,1,1,1984,0,0,4,0,0,0,0,0,0,0
400095,1,1,1984,6,19,12,17,6,18,18,24,10,12
400096,1,1,1984,0,0,0,0,0,0,0,0,0,0
400096,2,1,1984,0,0,0,0,0,0,0,0,19,9
400097,0,1,1984,27,27,27,27,27,27,27,27,27,27
400097,1,1,1984,0,0,0,0,0,0,0,0,0,0
400098,1,1,1984,0,0,0,0,0,0,0,0,0,0
400099,1,1,1984,0,0,0,0,0,0,0,0,0,0
400099,2,1,1984,0,11,0,0,0,0,0,0,0,0
400100,1,1,1984,7,0,21,0,26,0,0,21,0,0
400100,2,1,1984,0,0,0,0,0,0,0,0,0,36
400101,1,1,1984,0,0,0,0,0,0,0,0,0,0
400102,1,1,1984,12,12,12,12,12,12,12,12,12,12
400103,1,1,1984,19,19,19,19,19,19,19,19,19,19
400104,1,1,1984,22,22,22,22,22,22,22,22,22,22
400104,2,1,1984,0,0,0,0,0,0,0,0,0,0
400105,1,1,1984,0,0,0,0,0,0,0,0,0,0
400105,2,1,1984,0,0,0,0,0,0,0,0,0,0
400106,1,1,1984,0,0,0,0,0,0,0,0,0,0
400106,2,1,1984,0,0,0,0,0,0,0,0,0,0
400106,3,1,1984,0,0,0,0,0,0,0,0,0,0
400107,0,1,1984,12,12,12,12,12,12,12,12,12,12
400107,1,1,1984,0,0,0,0,0,0,0,0,34,0
400108,0,1,1984,0,0,0,0,0,0,0,0,0,0
400108,1,1,1984,0,0,0,15,0,17,0,0,0,0
400109,1,1,1984,7,19,0,0,0,0,0,0,0,0
400110,1,1,1984,0,0,0,0,0,0,0,0,0,0
400110,2,1,1984,0,0,0,0,0,0,0,0,0,0
400110,3,1,1984,0,0,0,0,0,0,0,0,0,0
400111,1,1,1984,20,20,20,20,20,20,20,20,20,20
400112,1,1,1984,0,0,0,0,0,0,0,0,0,0
400112,2,1,1984,0,0,0,0,0,0,0,0,0,0
400113,0,1,1984,0,0,0,0,0,0,0,0,0,0
400113,1,1,1984,19,0,0,0,0,0,0,14,0,0
400114,1,1,1984,23,23,23,23,23,23,23,23,23,23
400115,1,1,1984,16,16,16,16,16,16,16,16,16,16
400115,2,1,1984,0,0,0,0,0,12,0,0,0,22
400116,1,1,1984,0,0,0,0,0,0,0,0,0,0
400116,2,1,1984,0,0,0,0,0,0,0,0,0,0
400117,1,1,1984,14,14,14,14,14,14,14,14,14,14
400117,2,1,1984,0,0,0,0,0,0,0,0,0,0
400118,1,1,1984,27,27,27,27,27,27,27,27,27,27
400118,2,1,1984,0,0,0,0,0,0,0,0,0,0
400119,1,1,1984,14,14,14,14,14,14,14,14,14,14
400120,1,1,1984,0,0,24,19,0,0,0,15,0,25
400120,2,1,1984,0,0,0,0,0,0,0,0,0,0
400121,1,1,1984,0,0,0,0,0,0,0,0,0,0
400121,2,1,1984,0,0,22,0,0,0,0,0,0,0
400122,1,1,1984,0,0,0,0,0,0,0,0,0,0
400122,2,1,1984,0,0,0,0,0,0,0,0,0,0
400123,1,1,1984,23,23,23,23,23,23,23,23,23,23
400123,2,1,1984,0,0,0,0,0,0,0,0,0,0
400124,1,1,1984,0,0,0,0,0,0,0,0,0,0
400125,1,1,1984,0,0,0,0,0,0,0,0,0,0
400125,2,1,1984,0,0,0,0,0,0,0,0,0,19
400126,1,1,1984,18,0,0,0,0,0,0,0,0,0
400126,2,1,1984,0,0,0,0,0,0,0,0,0,0
400127,1,1,1984,19,19,19,19,19,19,19,19,19,19
400128,1,1,1984,0,0,0,0,15,11,4,0,18,0
400128,2,1,1984,0,0,0,0,0,0,0,0,0,24
400129,1,1,1984,11,11,11,11,11,11,11,11,11,11
400130,1,1,1984,21,14,0,7,16,10,9,7,8,14
400130,2,1,1984,0,0,0,0,0,0,0,0,0,0
400131,1,1,1984,0,0,15,19,10,0,0,0,0,0
400131,2,1,1984,21,0,0,0,0,0,0,0,0,0
400132,1,1,1984,6,0,0,19,18,17,12,11,0,0
400132,2,1,1984,0,0,0,0,0,0,0,0,0,0
400133,1,1,1984,15,15,15,15,15,15,15,15,15,15
400134,1,1,1984,4,4,4,4,4,4,4,4,4,4
400135,1,1,1984,0,0,0,0,0,0,0,0,0,0
400135,2,1,1984,0,0,0,0,0,0,0,0,0,0
400136,1,1,1984,4,4,4,4,4,4,4,4,4,4
400136,2,1,1984,0,0,0,0,0,0,0,0,0,0
400137,1,1,1984,0,0,5,0,21,16,19,0,26,23
400137,2,1,1984,0,0,0,0,0,26,0,0,0,0
400138,1,1,1984,0,0,0,0,0,0,0,0,0,0
400138,2,1,1984,0,0,0,0,0,0,0,0,0,0
400139,1,1,1984,16,12,5,7,6,17,30,4,20,17
400139,2,1,1984,28,28,28,28,28,28,28,28,28,28
400140,1,1,1984,0,0,0,0,0,13,0,0,0,14
400140,2,1,1984,18,11,0,0,0,0,14,0,0,0
400141,0,1,1984,11,11,11,11,11,11,11,11,11,11
400141,1,1,1984,0,0,0,0,0,0,0,0,0,0
400142,1,1,1984,7,19,20,10,14,17,27,5,18,17
400143,1,1,1984,0,0,0,0,0,0,0,0,0,0
400143,2,1,1984,0,0,0,0,0,15,0,0,0,0
400144,1,1,1984,15,15,15,15,15,15,15,15,15,15
400145,1,1,1984,0,0,0,0,0,0,0,0,0,0
400145,2,1,1984,0,0,0,0,0,0,0,0,0,0
400146,1,1,1984,0,0,0,16,0,0,0,0,0,0
400146,2,1,1984,0,0,0,0,0,0,0,0,0,0
400147,1,1,1984,28,28,28,28,28,28,28,28,28,28
400147,2,1,1984,0,0,0,0,0,0,0,0,0,0
400148,1,1,1984,0,0,0,0,0,0,0,0,0,0
400148,2,1,1984,0,0,0,0,0,7,0,0,0,0
400149,1,1,1984,0,0,0,0,0,0,0,0,0,0
400149,2,1,1984,0,0,0,0,0,0,0,0,0,0
400149,3,1,1984,0,0,0,0,0,0,9,0,0,0
400150,1,1,1984,0,0,0,0,0,0,0,0,0,0
400150,2,1,1984,0,0,0,0,0,0,0,0,0,0
400151,1,1,1984,0,0,0,0,0,0,0,0,0,0
400152,0,1,1984,10,0,0,0,0,0,0,0,0,0
400153,1,1,1984,0,0,0,0,0,0,0,0,0,0
400153,2,1,1984,0,0,0,0,0,0,0,0,0,0
400154,1,1,1984,0,0,0,0,0,0,0,0,0,0
400155,1,1,1984,0,0,0,0,0,0,0,0,0,0
400155,2,1,1984,0,0,0,0,0,0,0,0,0,0
400156,1,1,1984,20,18,21,20,0,0,19,6,0,4
400156,2,1,1984,0,0,0,0,0,0,0,0,14,0
400157,1,1,1984,0,0,0,0,0,0,0,0,0,0
400158,1,1,1984,0,0,0,0,0,0,0,0,0,0
400159,1,1,1984,0,0,0,0,0,0,0,0,0,0
400159,2,1,1984,0,0,0,0,0,0,0,0,20,0
400160,1,1,1984,0,0,0,0,0,0,0,0,0,0
400160,2,1,1984,0,0,0,0,0,0,0,0,0,0
400161,1,1,1984,29,29,29,29,29,29,29,29,29,29
400161,2,1,1984,19,19,19,19,19,19,19,19,19,19
400162,1,1,1984,16,4,16,25,16,16,32,18,14,26
400163,1,1,1984,0,0,0,0,0,0,0,0,0,0
400163,2,1,1984,0,0,0,0,0,0,0,0,0,0
400164,0,1,1984,22,14,30,0,26,0,29,0,25,29
400164,1,1,1984,0,0,0,0,0,0,0,0,0,0
400165,1,1,1984,27,27,27,27,27,27,27,27,27,27
400165,2,1,1984,0,0,0,0,0,0,0,0,0,0
400165,3,1,1984,0,0,0,0,0,0,0,0,0,0
400166,1,1,1984,0,0,0,0,0,0,0,0,0,0
400166,2,1,1984,0,0,0,0,0,0,0,0,0,0
400167,1,1,1984,0,0,0,0,0,0,0,0,0,0
400167,2,1,1984,0,0,0,0,0,0,0,0,0,0
400168,1,1,1984,0,0,0,0,0,0,0,18,0,0
400168,2,1,1984,0,0,0,0,0,0,0,0,0,0
400169,1,1,1984,0,0,0,0,0,0,0,0,0,0
400169,2,1,1984,0,0,0,0,0,9,0,0,0,0
400170,1,1,1984,8,8,8,8,8,8,8,8,8,8
400170,2,1,1984,2,2,2,2,2,2,2,2,2,2
400171,1,1,1984,15,15,15,15,15,15,15,15,15,15
400172,1,1,1984,20,20,20,20,20,20,20,20,20,20
400172,2,1,1984,12,12,12,12,12,12,12,12,12,12
400173,1,1,1984,14,26,32,9,30,19,18,23,30,17
400174,1,1,1984,0,0,0,0,0,0,0,0,0,0
400175,1,1,1984,0,0,0,0,0,0,0,0,0,0
400175,2,1,1984,0,0,0,0,0,0,0,0,0,0
400175,3,1,1984,0,0,0,0,0,0,0,0,0,0
400175,4,1,1984,0,0,0,0,0,0,0,0,0,0
400175,5,1,1984,0,0,0,0,28,0,0,0,0,0
400175,6,1,1984,0,0,0,0,0,0,0,0,0,0
400176,1,1,1984,0,14,0,0,29,0,0,0,11,19
400177,1,1,1984,0,0,0,0,0,0,0,0,0,0
400177,2,1,1984,0,0,0,0,0,0,0,0,0,0
400178,1,1,1984,14,15,26,10,12,29,24,9,7,19
400179,1,1,1984,12,0,0,0,0,0,6,0,0,16
400180,1,1,1984,16,16,16,16,16,16,16,16,16,16
400181,1,1,1984,0,0,0,5,0,0,0,0,0,0
400181,2,1,1984,12,22,0,0,0,0,0,0,0,21
400182,1,1,1984,0,13,0,0,0,0,15,0,0,0
400183,1,1,1984,0,0,0,24,18,0,0,0,0,0
400184,1,1,1984,25,25,25,25,25,25,25,25,25,25
400184,2,1,1984,0,0,0,10,0,0,0,0,0,15
400184,3,1,1984,0,0,0,28,0,20,19,0,0,0
400185,1,1,1984,18,18,18,18,18,18,18,18,18,18
400186,1,1,1984,19,19,19,19,19,19,19,19,19,19
400187,1,1,1984,0,0,0,0,0,0,0,0,0,0
400187,2,1,1984,0,0,0,0,0,0,0,0,0,0
400188,1,1,1984,0,0,0,0,0,0,0,0,0,0
400189,1,1,1984,0,0,0,0,0,0,0,0,0,0
400189,2,1,1984,8,0,0,0,0,0,0,0,0,0
400190,0,1,1984,36,36,36,36,36,36,36,36,36,36
400190,1,1,1984,0,0,0,0,0,0,0,0,0,0
400191,1,1,1984,20,20,20,20,20,20,20,20,20,20
400191,2,1,1984,0,0,0,8,0,0,0,0,6,0
400192,1,1,1984,0,0,0,0,0,0,0,0,0,0
400192,2,1,1984,0,0,0,0,0,0,0,0,21,0
400193,1,1,1984,28,11,0,0,0,0,0,0,0,0
400193,2,1,1984,7,0,0,0,0,0,0,0,0,0
400194,1,1,1984,0,14,12,0,0,0,0,0,0,0
400195,1,1,1984,28,0,0,0,0,0,0,0,0,0
400196,1,1,1984,0,0,0,0,0,0,0,0,0,0
400196,2,1,1984,0,0,0,0,0,0,0,0,0,0
400197,1,1,1984,0,0,0,0,0,0,0,0,0,0
400197,2,1,1984,0,0,0,0,0,0,0,0,0,0
400198,1,1,1984,0,0,0,0,0,0,0,0,0,0
400198,2,1,1984,0,0,0,0,0,0,0,0,0,0
400199,1,1,1984,26,26,26,26,26,26,26,26,26,26
400200,1,1,1984,32,32,32,32,32,32,32,32,32,32
400201,1,1,1984,18,18,18,18,18,18,18,18,18,18
400202,1,1,1984,0,0,0,0,0,0,0,0,0,0
400202,2,1,1984,0,0,0,0,0,0,0,0,0,0
400203,0,1,1984,13,9,36,11,15,38,44,14,0,11
400203,1,1,1984,0,14,0,13,0,3,0,14,0,9
400204,1,1,1984,0,0,0,0,0,0,0,0,0,0
400204,2,1,1984,0,0,0,0,0,0,0,0,0,0
400205,1,1,1984,0,0,0,0,0,0,0,19,0,0
400206,1,1,1984,0,0,0,0,0,0,0,0,0,0
400207,1,1,1984,0,0,0,0,0,0,0,0,8,0
400207,2,1,1984,0,0,0,0,15,0,0,12,0,0
400208,1,1,1984,0,0,0,0,0,0,0,0,0,0
400209,1,1,1984,17,10,14,13,16,0,21,28,0,16
400209,2,1,1984,12,14,11,0,19,22,0,20,16,8
400210,1,1,1984,0,0,0,0,0,23,0,0,0,0
400210,2,1,1984,0,0,0,0,0,0,0,0,0,0
400211,0,1,1984,0,0,0,0,0,0,0,0,0,0
400211,1,1,1984,0,0,5,0,0,0,0,9,0,0
400212,0,1,1984,0,0,0,0,0,0,0,0,0,0
400212,1,1,1984,18,18,18,18,18,18,18,18,18,18
400213,0,1,1984,0,0,0,0,0,0,0,0,0,0
400213,1,1,1984,0,0,0,0,0,0,0,0,0,0
400214,0,1,1984,22,22,22,22,22,22,22,22,22,22
400214,1,1,1984,0,0,0,0,0,0,0,16,0,0
400215,1,1,1984,0,0,0,0,0,0,0,0,0,0
400215,2,1,1984,0,0,0,0,0,0,0,0,0,0
400216,1,1,1984,10,10,10,10,10,10,10,10,10,10
400217,1,1,1984,11,11,11,11,11,11,11,11,11,11
400218,1,1,1984,12,0,0,14,0,14,0,0,0,0
400219,1,1,1984,13,13,13,13,13,13,13,13,13,13
400219,2,1,1984,14,0,10,10,15,24,8,19,0,12
400220,1,1,1984,0,0,0,0,0,0,0,0,0,0
400221,1,1,1984,0,0,0,0,0,0,0,0,0,0
400221,2,1,1984,0,0,0,0,0,0,0,0,0,0
400222,1,1,1984,0,0,0,0,0,0,0,0,0,0
400222,2,1,1984,0,0,0,0,40,0,0,0,0,0
400223,1,1,1984,0,0,0,0,0,0,0,0,0,16
400223,2,1,1984,0,0,0,0,0,0,0,0,0,0
400224,1,1,1984,0,0,18,0,16,20,0,0,0,0
400224,2,1,1984,0,0,0,0,0,20,0,15,0,0
400225,1,1,1984,0,0,0,0,0,0,0,0,17,0
400226,1,1,1984,15,15,15,15,15,15,15,15,15,15
400226,2,1,1984,0,0,0,0,0,0,0,0,0,0
400226,3,1,1984,0,0,0,0,0,0,0,0,8,0
400227,1,1,1984,17,17,17,17,17,17,17,17,17,17
400228,1,1,1984,0,0,0,0,0,0,0,0,0,0
400228,2,1,1984,0,0,0,0,0,0,0,0,7,0
400229,1,1,1984,15,15,15,15,15,15,15,15,15,15
400230,1,1,1984,0,0,0,0,0,0,0,0,0,0
400230,2,1,1984,0,0,0,0,0,0,0,0,0,0