ST_CASE,VEH_NO,PER_NO,YEAR,P1,P2,P3,P4,P5,P6,P7,P8,P9,P10
400231,1,1,1984,21,30,27,15,21,0,9,15,19,14
400232,1,1,1984,0,0,0,0,0,0,0,0,0,0
400232,2,1,1984,0,0,0,0,0,0,0,0,0,0
400233,1,1,1984,0,0,0,0,0,0,0,0,0,0
400233,2,1,1984,0,0,0,16,0,0,18,25,0,8
400233,3,1,1984,0,0,0,0,0,0,0,0,0,0
400234,1,1,1984,0,0,0,0,0,0,0,0,0,0
400234,2,1,1984,0,0,6,0,0,0,0,0,0,0
400234,3,1,1984,0,0,0,0,0,0,0,0,0,0
400235,1,1,1984,23,0,0,28,0,0,0,0,0,11
400236,0,1,1984,0,0,0,0,0,0,0,0,0,0
400236,1,1,1984,0,0,0,0,0,24,0,15,0,0
400236,2,1,1984,30,11,0,0,0,17,0,0,37,0
400237,0,1,1984,0,0,0,0,0,0,0,0,0,0
400237,1,1,1984,22,0,0,9,19,10,0,0,11,23
400238,1,1,1984,0,0,0,0,0,0,0,0,0,0
400238,2,1,1984,7,7,7,7,7,7,7,7,7,7
400239,1,1,1984,0,0,0,0,0,0,0,0,0,0
400240,1,1,1984,0,0,0,0,0,0,0,0,0,0
400240,2,1,1984,0,0,0,0,0,0,0,0,0,0
400241,1,1,1984,13,13,13,13,13,13,13,13,13,13
400242,0,1,1984,2,2,2,2,2,2,2,2,2,2
400243,1,1,1984,0,0,0,0,0,0,0,0,8,6
400243,2,1,1984,21,3,10,14,16,5,0,12,7,0
400244,1,1,1984,15,2,12,15,11,13,21,0,6,4
400244,2,1,1984,0,0,0,0,0,0,0,0,0,0
400245,1,1,1984,0,0,0,0,0,0,0,0,0,0
400246,1,1,1984,0,0,0,0,0,0,0,0,0,0
400247,1,1,1984,23,23,23,23,23,23,23,23,23,23
400248,1,1,1984,22,22,22,22,22,22,22,22,22,22
400248,2,1,1984,0,0,0,0,0,0,0,0,0,0
400249,1,1,1984,0,0,0,0,0,0,0,0,0,0
400250,1,1,1984,0,0,7,0,0,0,9,0,0,0
400250,2,1,1984,0,0,0,0,0,0,0,0,0,0
400251,1,1,1984,0,0,0,0,0,0,0,0,0,0
400251,2,1,1984,0,0,0,0,0,0,0,0,0,0
400252,1,1,1984,21,21,21,21,21,21,21,21,21,21
400253,1,1,1984,21,21,21,21,21,21,21,21,21,21
400254,1,1,1984,0,0,0,13,0,0,0,0,0,0
400254,2,1,1984,0,0,0,0,0,0,0,0,0,0
400255,1,1,1984,0,0,0,0,0,0,0,0,0,0
400256,1,1,1984,0,0,0,0,0,0,14,0,0,0
400256,2,1,1984,0,0,0,0,0,0,0,0,0,0
400257,1,1,1984,0,0,0,0,0,0,0,0,0,0
400257,2,1,1984,0,0,0,0,0,0,0,0,0,0
400258,1,1,1984,0,0,0,0,0,0,0,0,0,0
400258,2,1,1984,0,0,0,0,13,0,0,0,0,0
400259,1,1,1984,15,18,9,12,23,28,11,6,8,13
400260,1,1,1984,26,5,13,16,11,18,29,28,29,26
400260,2,1,1984,22,14,7,0,0,0,24,7,17,16
400261,1,1,1984,20,10,0,22,11,17,6,0,10,20
400262,1,1,1984,0,0,0,0,0,0,0,0,0,0
400263,1,1,1984,4,4,4,4,4,4,4,4,4,4
400263,2,1,1984,0,0,0,0,0,0,0,0,0,0
400264,0,1,1984,0,0,0,0,0,0,0,0,0,0
400264,1,1,1984,0,0,0,0,0,0,0,0,0,0
400265,0,1,1984,10,10,10,10,10,10,10,10,10,10
400265,1,1,1984,10,0,0,52,17,0,0,0,15,0
400266,0,1,1984,21,21,21,21,21,21,21,21,21,21
400267,1,1,1984,0,0,0,0,0,0,0,0,0,0
400267,2,1,1984,0,0,0,0,7,0,0,0,0,0
400268,1,1,1984,0,0,12,16,0,15,0,24,18,0
400268,2,1,1984,0,0,0,0,0,0,0,0,0,0
400269,1,1,1984,0,0,0,0,0,0,0,0,0,0
400270,0,1,1984,32,32,32,32,32,32,32,32,32,32
400270,1,1,1984,0,0,0,0,0,0,0,0,0,0
400271,1,1,1984,0,0,0,0,0,22,0,0,22,13
400272,0,1,1984,0,0,0,0,0,0,0,0,0,0
400272,2,1,1984,0,0,0,12,0,0,17,0,0,0
400272,3,1,1984,0,0,0,0,0,0,0,0,0,0
400273,1,1,1984,1,1,1,1,1,1,1,1,1,1
400274,1,1,1984,0,0,0,0,0,0,0,0,0,0
400274,2,1,1984,0,0,0,0,0,0,0,0,0,0
400275,1,1,1984,8,8,8,8,8,8,8,8,8,8
400276,1,1,1984,0,0,20,0,0,0,0,0,12,0
400277,1,1,1984,0,0,0,0,0,0,0,0,0,12
400277,2,1,1984,0,0,0,0,0,0,0,0,0,10
400278,1,1,1984,0,0,0,0,0,0,0,0,0,0
400278,2,1,1984,0,0,0,0,0,0,0,0,26,0
400279,1,1,1984,0,0,0,0,0,0,0,0,0,0
400279,2,1,1984,0,0,0,0,0,0,0,0,0,0
400280,1,1,1984,0,0,0,0,0,0,0,0,0,0
400280,2,1,1984,0,0,0,0,0,0,0,0,0,0
400281,1,1,1984,0,0,0,0,0,0,0,0,10,0
400281,2,1,1984,0,0,0,0,0,0,0,0,0,0
400282,1,1,1984,0,0,0,0,0,0,0,0,0,0
400283,1,1,1984,17,19,26,25,14,19,15,8,33,10
400283,2,1,1984,0,0,0,0,0,0,0,0,0,0
400284,0,1,1984,0,0,0,0,0,0,0,0,0,0
400284,1,1,1984,20,23,16,39,0,21,24,0,0,0
400285,1,1,1984,0,0,0,0,0,0,0,0,0,0
400286,1,1,1984,0,0,0,0,0,0,0,0,0,0
400286,2,1,1984,0,0,0,0,0,0,0,0,0,0
400287,1,1,1984,0,0,0,0,0,0,0,0,0,0
400288,1,1,1984,14,16,0,0,0,12,20,7,19,13
400288,2,1,1984,0,0,0,0,0,0,0,4,0,17
400289,1,1,1984,14,0,13,4,0,24,0,0,15,0
400290,0,1,1984,0,0,0,0,0,0,0,0,0,0
400290,1,1,1984,0,0,0,0,0,0,0,0,0,0
400291,1,1,1984,0,11,0,0,0,0,0,0,0,24
400291,2,1,1984,0,7,0,0,0,0,0,4,0,0
400292,1,1,1984,5,5,5,5,5,5,5,5,5,5
400292,2,1,1984,0,0,0,0,0,4,0,0,0,0
400293,1,1,1984,0,0,0,0,0,0,0,0,0,0
400293,2,1,1984,0,0,0,0,0,0,0,0,0,0
400294,1,1,1984,0,0,0,0,0,0,0,0,0,0
400294,2,1,1984,0,0,0,0,0,0,0,0,0,0
400294,3,1,1984,0,0,0,0,0,0,0,0,0,0
400295,1,1,1984,0,0,0,0,0,0,0,0,0,0
400295,2,1,1984,0,0,0,0,0,0,0,0,0,0
400295,3,1,1984,0,3,0,0,0,0,0,0,0,0
400297,1,1,1984,0,0,0,0,0,0,0,0,0,0
400298,1,1,1984,15,15,15,15,15,15,15,15,15,15
400298,2,1,1984,15,15,15,15,15,15,15,15,15,15
400299,1,1,1984,26,26,26,26,26,26,26,26,26,26
400299,2,1,1984,0,0,0,0,0,0,0,0,0,0
400300,1,1,1984,14,14,14,14,14,14,14,14,14,14
400300,2,1,1984,0,0,0,0,0,0,0,0,0,0
400301,1,1,1984,0,0,0,0,0,0,0,0,0,0
400301,2,1,1984,17,11,16,12,0,0,0,0,0,0
400302,1,1,1984,0,0,0,0,0,0,0,0,0,0
400302,2,1,1984,11,0,8,0,0,0,28,0,0,0
400303,0,1,1984,26,11,22,22,18,21,23,8,15,32
400303,1,1,1984,10,11,0,0,0,0,8,0,0,0
400304,1,1,1984,0,0,0,0,0,0,0,0,0,0
400304,2,1,1984,0,0,0,0,0,0,0,0,0,0
400305,1,1,1984,22,22,22,22,22,22,22,22,22,22
400306,1,1,1984,21,4,13,19,21,32,14,16,24,9
400306,2,1,1984,13,0,0,0,0,0,0,0,0,20
400307,1,1,1984,2,2,2,2,2,2,2,2,2,2
400307,2,1,1984,0,0,0,0,0,0,0,0,0,0
400308,1,1,1984,0,25,21,0,0,0,0,20,0,12
400308,2,1,1984,0,0,0,0,0,0,0,0,0,0
400309,1,1,1984,0,0,0,0,0,0,0,0,0,0
400309,2,1,1984,0,0,0,0,0,0,0,0,0,0
400310,1,1,1984,18,22,24,0,0,0,7,14,0,23
400311,1,1,1984,0,0,0,0,0,0,0,0,0,0
400312,1,1,1984,0,0,0,0,0,0,0,0,0,0
400312,2,1,1984,15,15,15,15,15,15,15,15,15,15
400313,1,1,1984,0,0,0,0,7,0,0,31,0,0
400314,1,1,1984,38,38,38,38,38,38,38,38,38,38
400315,1,1,1984,19,19,19,19,19,19,19,19,19,19
400315,2,1,1984,14,0,0,0,0,0,0,0,0,0
400316,1,1,1984,27,27,27,27,27,27,27,27,27,27
400316,2,1,1984,0,0,0,0,0,0,0,0,0,2
400317,1,1,1984,0,0,0,0,0,0,0,0,0,0
400317,2,1,1984,0,0,0,0,0,0,10,0,0,0
400318,0,1,1984,4,4,4,4,4,4,4,4,4,4
400318,1,1,1984,0,15,16,0,20,0,4,3,4,0
400319,1,1,1984,18,18,18,18,18,18,18,18,18,18
400320,1,1,1984,7,32,0,0,16,0,22,0,15,0
400321,1,1,1984,26,26,26,26,26,26,26,26,26,26
400322,1,1,1984,21,21,21,21,21,21,21,21,21,21
400322,2,1,1984,26,16,0,0,19,0,0,0,0,0
400323,1,1,1984,0,0,8,0,0,0,0,0,0,0
400323,2,1,1984,0,0,0,0,0,0,0,0,0,0
400324,1,1,1984,0,0,0,0,0,0,0,0,0,0
400324,2,1,1984,13,0,0,0,0,0,0,0,0,0
400325,1,1,1984,17,17,17,17,17,17,17,17,17,17
400326,1,1,1984,13,17,13,29,23,7,13,24,18,9
400327,0,1,1984,13,13,13,13,13,13,13,13,13,13
400327,1,1,1984,0,0,0,0,0,0,0,0,0,0
400328,0,1,1984,0,0,0,0,0,0,0,0,0,0
400328,1,1,1984,0,0,0,0,0,0,0,0,0,9
400329,1,1,1984,7,29,16,25,9,21,31,12,17,18
400329,2,1,1984,0,0,0,0,0,0,0,0,0,0
400329,3,1,1984,0,0,13,18,0,0,0,4,0,0
400330,1,1,1984,0,0,0,0,0,0,0,0,0,0
400330,2,1,1984,0,0,0,0,0,0,0,0,0,0
400330,3,1,1984,0,0,0,0,0,0,0,0,0,0
400331,1,1,1984,0,0,0,0,0,0,0,0,0,0
400332,0,1,1984,0,0,0,0,0,0,0,0,0,0
400332,1,1,1984,0,23,8,0,0,0,4,0,0,0
400333,1,1,1984,26,26,26,26,26,26,26,26,26,26
400333,2,1,1984,0,0,0,0,0,0,0,0,13,0
400334,1,1,1984,0,0,0,0,0,0,0,0,0,0
400334,2,1,1984,0,0,0,0,7,0,0,0,0,0
400335,0,1,1984,16,0,0,25,3,0,0,7,0,0
400335,1,1,1984,23,15,12,20,11,15,27,21,9,14
400336,1,1,1984,0,16,0,0,0,0,27,33,21,0
400337,0,1,1984,21,17,7,27,30,0,13,0,24,15
400337,1,1,1984,0,0,0,0,0,0,0,0,0,0
400338,1,1,1984,0,0,0,0,0,0,0,0,0,0
400338,2,1,1984,0,0,0,0,0,0,0,0,0,0
400339,1,1,1984,0,0,0,0,0,0,0,0,0,0
400340,1,1,1984,31,31,31,31,31,31,31,31,31,31
400341,1,1,1984,0,0,0,0,0,0,0,0,0,0
400341,2,1,1984,0,0,0,0,0,0,0,0,27,0
400342,1,1,1984,0,0,0,0,0,0,0,0,0,0
400343,1,1,1984,0,7,0,0,0,0,7,0,0,0
400343,2,1,1984,0,0,0,0,0,0,19,0,0,0
400344,1,1,1984,0,0,0,0,0,0,0,0,0,0
400344,2,1,1984,0,0,0,0,0,0,0,0,0,0
400345,1,1,1984,10,10,10,10,10,10,10,10,10,10
400345,2,1,1984,0,8,0,12,11,14,0,0,6,0
400346,1,1,1984,11,11,11,11,11,11,11,11,11,11
400347,1,1,1984,17,17,17,17,17,17,17,17,17,17
400348,0,1,1984,35,35,35,35,35,35,35,35,35,35
400348,1,1,1984,0,0,0,0,0,0,0,0,0,0
400349,1,1,1984,12,12,12,12,12,12,12,12,12,12
400349,2,1,1984,19,0,0,0,0,0,0,0,0,0
400350,1,1,1984,0,0,0,0,0,0,0,0,0,0
400350,2,1,1984,0,0,0,0,0,0,0,0,0,0
400351,1,1,1984,4,4,4,4,4,4,4,4,4,4
400352,1,1,1984,0,0,0,0,0,0,0,0,0,0
400353,1,1,1984,0,0,0,0,22,0,0,0,0,0
400353,2,1,1984,0,0,0,0,0,0,0,0,0,0
400353,3,1,1984,0,0,0,13,0,0,0,0,0,0
400353,4,1,1984,0,0,0,0,0,13,0,0,0,0
400353,5,1,1984,0,0,0,0,0,0,0,0,0,0
400354,1,1,1984,0,0,0,0,0,13,0,0,0,0
400354,2,1,1984,0,0,0,0,0,0,0,0,0,0
400355,1,1,1984,0,0,0,0,0,0,0,0,0,0
400355,2,1,1984,0,0,0,0,0,0,0,0,0,0
400356,1,1,1984,0,0,0,0,0,0,0,0,0,0
400357,1,1,1984,17,17,17,17,17,17,17,17,17,17
400358,0,1,1984,0,0,0,0,0,0,0,0,0,0
400358,0,2,1984,33,21,16,22,9,0,24,0,26,0
400358,0,3,1984,0,37,23,16,9,21,27,29,0,0
400358,0,4,1984,20,11,19,21,10,0,32,34,12,0
400358,0,5,1984,17,14,0,0,11,0,19,19,15,11
400358,0,6,1984,17,11,21,0,6,19,34,10,17,21
400358,0,7,1984,30,19,24,22,13,35,0,17,20,14
400358,1,1,1984,0,0,0,0,0,18,0,2,0,0
400359,1,1,1984,0,0,16,0,0,0,0,47,0,0
400360,1,1,1984,12,8,19,13,14,6,8,7,20,29
400361,0,1,1984,0,0,0,0,7,0,0,0,0,0
400361,1,1,1984,0,0,0,0,0,0,0,0,0,0
400362,1,1,1984,22,22,22,22,22,22,22,22,22,22
400362,2,1,1984,0,0,0,0,0,0,0,0,0,0
400363,1,1,1984,0,0,0,0,0,0,0,0,0,0
400363,2,1,1984,0,0,0,0,0,0,0,0,0,0
400364,1,1,1984,16,8,16,11,5,22,15,9,14,7
400364,2,1,1984,0,0,0,0,0,0,0,0,0,0
400365,1,1,1984,0,0,0,0,0,0,0,0,0,0
400365,2,1,1984,0,0,0,0,0,0,0,0,0,0
400366,0,1,1984,0,0,0,0,0,0,0,0,0,0
400366,1,1,1984,0,0,0,0,15,0,0,0,0,0
400367,1,1,1984,0,0,5,0,0,0,0,0,0,0
400367,2,1,1984,0,0,0,0,0,0,0,0,0,0
400368,0,1,1984,19,19,19,19,19,19,19,19,19,19
400368,1,1,1984,0,0,0,0,0,0,0,0,10,18
400369,1,1,1984,0,0,0,0,0,5,0,0,0,0
400369,2,1,1984,0,0,0,0,0,0,0,0,0,0
400369,3,1,1984,0,0,0,0,0,0,13,0,0,0
400370,1,2,1984,2,6,33,0,25,0,0,0,17,9
400370,2,1,1984,0,0,0,0,31,0,40,7,17,0
400371,1,1,1984,0,0,0,0,0,0,0,0,0,0
400371,2,1,1984,23,0,17,13,16,0,9,0,14,20
400372,1,1,1984,28,28,28,28,28,28,28,28,28,28
400373,1,1,1984,23,27,19,7,12,20,19,7,31,0
400374,1,1,1984,0,0,0,0,0,0,0,0,0,0
400374,2,1,1984,0,0,0,0,9,0,0,0,0,0
400375,0,1,1984,0,0,0,0,30,12,28,18,9,22
400375,1,1,1984,13,0,0,0,0,22,28,0,14,0
400376,1,1,1984,19,17,7,0,0,0,0,0,16,0
400377,1,1,1984,0,0,0,0,0,0,0,0,0,0
400378,1,1,1984,0,0,0,0,0,0,0,0,31,0
400378,2,1,1984,0,0,0,0,0,0,0,0,0,0
400379,1,1,1984,0,0,0,0,0,0,0,0,0,0
400380,1,1,1984,31,0,8,0,17,0,10,10,19,18
400380,2,1,1984,0,0,0,0,0,0,0,0,0,0
400381,1,1,1984,0,0,0,0,0,0,0,0,0,0
400381,2,1,1984,0,0,0,0,0,0,0,0,0,12
400382,1,1,1984,0,0,0,0,0,0,0,0,0,0
400382,2,1,1984,0,0,0,0,0,0,0,0,0,0
400383,1,1,1984,27,27,27,27,27,27,27,27,27,27
400384,1,1,1984,0,0,0,0,0,0,0,0,0,0
400385,1,1,1984,0,0,0,9,0,0,0,0,35,18
400386,1,1,1984,0,0,0,0,0,0,8,0,0,0
400386,2,1,1984,0,0,0,0,0,0,0,0,0,0
400387,1,1,1984,0,13,0,0,0,0,0,0,0,0
400387,2,1,1984,0,27,0,0,0,0,0,0,0,0
400388,0,1,1984,0,0,0,0,0,0,0,0,0,0
400388,1,1,1984,12,24,6,26,5,15,12,17,10,14
400389,0,1,1984,0,0,0,0,0,0,0,0,0,0
400389,1,1,1984,0,0,0,0,0,0,18,0,0,0
400390,1,1,1984,22,22,22,22,22,22,22,22,22,22
400390,2,1,1984,0,5,0,0,0,0,16,0,0,0
400391,1,1,1984,0,0,0,0,10,0,0,0,0,0
400391,2,1,1984,0,0,0,0,0,0,0,0,0,0
400392,1,1,1984,0,0,0,0,0,0,0,0,0,0
400392,2,1,1984,0,0,0,0,0,0,0,0,0,0
400393,1,1,1984,26,26,26,26,26,26,26,26,26,26
400394,0,1,1984,0,0,0,0,0,0,0,0,0,0
400394,1,1,1984,29,29,29,29,29,29,29,29,29,29
400395,1,1,1984,0,0,0,0,0,0,0,0,0,0
400395,2,1,1984,0,0,0,0,0,0,0,0,0,0
400396,0,1,1984,0,0,0,0,0,0,0,0,0,0
400396,1,1,1984,0,0,0,0,0,0,0,0,0,0
400397,1,1,1984,6,6,6,6,6,6,6,6,6,6
400398,1,1,1984,23,23,23,23,23,23,23,23,23,23
400399,1,1,1984,0,0,0,0,0,0,0,0,0,0
400399,2,1,1984,0,0,0,0,0,0,0,0,0,0
400400,1,1,1984,0,0,0,0,0,0,0,0,0,0
400400,2,1,1984,0,0,0,0,0,0,0,0,0,0
400401,1,1,1984,0,0,0,3,0,0,0,0,9,0
400401,2,1,1984,0,0,0,0,0,0,0,0,0,0
400402,1,1,1984,9,9,9,9,9,9,9,9,9,9
400403,1,1,1984,0,0,0,26,0,0,0,0,0,0
400404,1,1,1984,0,0,0,0,0,0,0,0,0,0
400405,1,1,1984,10,10,10,10,10,10,10,10,10,10
400405,2,1,1984,24,24,24,24,24,24,24,24,24,24
400406,1,1,1984,24,24,0,25,44,31,13,29,15,0
400407,1,1,1984,0,0,0,0,0,0,0,0,0,0
400407,2,1,1984,13,0,0,0,6,0,0,0,0,13
400408,1,1,1984,0,0,0,0,0,0,0,0,0,0
400409,0,1,1984,0,0,0,0,0,0,0,0,0,0
400409,1,1,1984,0,0,0,0,0,0,0,0,0,16
400410,1,1,1984,21,19,16,8,12,11,16,7,2,19
400411,1,1,1984,12,12,12,12,12,12,12,12,12,12
400412,1,1,1984,0,0,0,0,0,0,0,10,0,0
400412,2,1,1984,0,0,0,0,0,0,0,0,0,0
400413,1,1,1984,0,0,0,0,4,0,0,0,0,0
400413,2,1,1984,0,0,0,0,0,0,16,0,0,32
400414,1,1,1984,0,0,0,8,0,0,0,0,0,0
400414,2,1,1984,3,10,2,15,22,21,5,10,14,15
400415,1,1,1984,0,20,0,12,0,0,0,0,0,0
400415,2,1,1984,0,0,0,0,2,0,11,0,0,0
400416,1,1,1984,0,0,0,0,0,0,0,0,0,0
400416,2,1,1984,0,0,0,0,0,0,0,0,0,0
400417,1,1,1984,20,20,20,20,20,20,20,20,20,20
400418,1,1,1984,10,10,10,10,10,10,10,10,10,10
400418,2,1,1984,0,0,19,0,0,0,0,0,0,0
400419,1,1,1984,0,0,0,0,0,0,0,0,0,0
400419,2,1,1984,0,0,0,0,0,0,0,0,0,0
400420,1,1,1984,0,0,0,0,0,0,0,0,0,0
400420,2,1,1984,0,0,0,8,0,0,0,0,0,0
400421,1,1,1984,0,7,0,21,0,20,29,0,14,0
400422,1,1,1984,18,18,18,18,18,18,18,18,18,18
400423,1,1,1984,14,26,10,25,15,6,15,17,31,0
400424,1,1,1984,6,6,6,6,6,6,6,6,6,6
400425,1,1,1984,22,0,10,18,3,9,0,0,0,0
400425,2,1,1984,17,0,0,0,0,0,0,0,0,0
400426,1,1,1984,0,16,22,36,15,9,0,18,27,24
400427,1,1,1984,23,23,23,23,23,23,23,23,23,23
400428,1,1,1984,18,32,8,12,18,21,40,0,13,20
400429,1,1,1984,22,19,16,23,22,17,10,5,12,8
400430,1,1,1984,24,16,6,22,6,18,15,28,27,16
400431,1,1,1984,14,21,9,9,39,3,23,27,12,15
400432,1,1,1984,0,0,0,0,0,6,0,0,0,0
400433,1,1,1984,21,21,21,21,21,21,21,21,21,21
400434,1,1,1984,0,0,0,0,0,0,0,0,0,0
400434,2,1,1984,0,20,0,0,0,12,23,9,0,0
400435,1,1,1984,14,28,0,16,32,17,13,17,6,13
400436,1,1,1984,20,20,20,20,20,20,20,20,20,20
400437,1,1,1984,16,7,21,20,13,5,14,22,20,23
400437,2,1,1984,16,19,16,26,28,23,21,20,24,14
400438,1,1,1984,22,22,22,22,22,22,22,22,22,22
400438,2,1,1984,0,0,0,0,0,0,0,0,0,0
400439,0,1,1984,0,0,0,0,0,0,0,31,0,0
400439,0,2,1984,12,16,15,16,6,38,0,9,0,0
400439,1,1,1984,0,0,0,16,0,0,0,0,0,0
400440,1,1,1984,0,12,0,14,0,0,0,0,0,0
400440,2,1,1984,0,0,0,20,0,0,0,0,0,0
400441,1,1,1984,15,15,15,15,15,15,15,15,15,15
400442,1,1,1984,20,20,20,20,20,20,20,20,20,20
400442,2,1,1984,0,0,0,0,0,0,0,0,0,0
400443,1,1,1984,18,18,18,18,18,18,18,18,18,18
400443,2,1,1984,0,0,0,0,0,0,0,0,0,0
400444,1,1,1984,23,23,23,23,23,23,23,23,23,23
400445,1,1,1984,0,13,9,8,0,21,13,5,10,10
400446,1,1,1984,0,0,0,0,0,0,0,0,0,0
400446,2,1,1984,0,0,0,0,0,0,0,14,23,0
400447,1,1,1984,0,0,0,0,0,0,0,0,0,0
400447,2,1,1984,0,0,0,0,0,0,0,0,0,0
400448,1,1,1984,0,11,0,0,13,0,0,0,27,0
400449,1,1,1984,0,0,0,0,0,0,0,0,0,0
400449,2,1,1984,30,15,0,12,21,15,0,11,12,0
400450,1,1,1984,38,12,0,17,0,0,20,39,34,14
400451,1,1,1984,9,9,9,9,9,9,9,9,9,9
400452,1,1,1984,26,26,26,26,26,26,26,26,26,26
400453,1,1,1984,0,0,0,0,0,0,0,0,0,0
400453,2,1,1984,0,0,0,0,0,0,0,0,0,0
400454,1,1,1984,33,33,33,33,33,33,33,33,33,33
400454,2,1,1984,0,0,0,0,0,0,0,0,0,0
400455,0,1,1984,0,0,0,0,0,0,0,14,0,0
400455,0,2,1984,0,0,0,0,0,15,22,0,10,0
400455,1,1,1984,0,15,0,0,0,0,0,0,0,0
400456,1,1,1984,0,0,0,0,0,0,0,0,0,18
400456,2,1,1984,0,0,0,0,0,0,0,0,0,0
400457,1,1,1984,0,0,0,0,0,0,0,0,0,0
400458,0,1,1984,0,0,0,0,0,0,0,0,13,0
400458,1,1,1984,0,0,0,0,0,0,0,0,0,0
400459,1,1,1984,0,0,0,0,0,0,0,0,0,0
400460,1,1,1984,0,0,0,0,0,0,0,0,0,0
400461,1,1,1984,0,0,0,0,0,11,0,17,0,0
400461,2,1,1984,0,0,0,0,0,0,18,0,0,0
400462,1,1,1984,0,0,0,0,0,0,0,0,0,0
400463,1,1,1984,7,24,12,9,16,24,7,13,30,26
400464,1,1,1984,0,0,0,0,0,0,0,0,0,0
400464,2,1,1984,2,2,2,2,2,2,2,2,2,2
400465,1,1,1984,0,0,0,0,0,0,0,0,0,0
400466,1,1,1984,13,13,13,13,13,13,13,13,13,13
400466,2,1,1984,0,0,0,0,0,0,0,0,0,0
400467,1,1,1984,0,0,0,9,0,22,0,0,25,28
400468,1,1,1984,16,16,16,16,16,16,16,16,16,16
400469,1,1,1984,19,21,11,0,0,0,0,15,0,26
400469,2,1,1984,19,0,18,14,0,19,0,0,25,0
400470,1,1,1984,0,0,0,0,0,0,0,0,0,0
400471,1,1,1984,26,29,29,11,35,23,17,21,17,24
400472,1,1,1984,0,0,0,0,0,0,0,0,0,0
400472,2,1,1984,14,0,0,0,0,3,0,0,0,0
400473,0,1,1984,17,17,17,17,17,17,17,17,17,17
400473,1,1,1984,0,0,0,0,34,0,0,0,0,0
400474,1,1,1984,0,0,0,0,0,0,0,0,0,0
400475,1,1,1984,0,0,0,0,0,0,0,0,0,0
400476,1,1,1984,6,6,6,6,6,6,6,6,6,6
400477,1,1,1984,0,0,0,0,0,0,0,0,0,0
400478,1,1,1984,12,12,12,12,12,12,12,12,12,12
400479,1,1,1984,0,0,0,0,0,0,0,0,7,0
400479,2,1,1984,0,0,0,0,0,0,0,0,0,0
400480,1,1,1984,0,0,0,0,0,0,0,0,0,0
400481,1,1,1984,0,0,0,0,0,0,0,0,0,0
400481,2,1,1984,0,0,0,0,0,0,0,0,0,0
400482,1,1,1984,18,18,18,18,18,18,18,18,18,18
400483,1,1,1984,11,11,11,11,11,11,11,11,11,11
400484,1,1,1984,0,0,0,0,0,0,0,0,0,0
400484,2,1,1984,0,0,0,0,0,0,0,0,0,24
400484,3,1,1984,0,0,0,0,0,0,18,0,0,9
400485,1,1,1984,0,0,0,0,0,0,0,0,0,0
400485,2,1,1984,0,0,0,0,0,0,0,0,0,0
400486,1,1,1984,0,7,7,6,11,14,0,0,13,10
400487,1,1,1984,0,0,0,0,0,0,0,0,0,0
400488,1,1,1984,19,19,19,19,19,19,19,19,19,19
400489,1,1,1984,10,10,10,10,10,10,10,10,10,10
400489,2,1,1984,0,0,0,0,0,0,0,0,0,0
400490,1,1,1984,0,0,0,0,4,0,0,0,0,0
400490,2,1,1984,0,0,0,0,0,0,0,0,0,0
400491,1,1,1984,5,5,5,5,5,5,5,5,5,5
400493,0,1,1984,24,24,24,24,24,24,24,24,24,24
400493,1,1,1984,0,0,0,0,0,0,0,0,0,0
400494,1,1,1984,0,0,0,0,0,0,0,0,0,0
400495,1,1,1984,23,23,23,23,23,23,23,23,23,23
400496,1,1,1984,0,0,0,0,0,0,0,0,0,0
400496,2,1,1984,0,0,0,0,0,0,0,0,0,0
400497,1,1,1984,0,0,0,0,0,0,0,0,0,0
400497,2,1,1984,0,0,0,0,0,0,0,0,0,0
400498,1,1,1984,0,0,0,0,0,0,0,0,0,0
400498,2,1,1984,0,0,0,0,0,0,0,0,0,0
400499,1,1,1984,16,13,21,12,3,18,17,0,13,18
400499,2,1,1984,0,0,0,0,0,0,0,0,0,0
400500,1,1,1984,19,19,19,19,19,19,19,19,19,19
400501,1,1,1984,16,16,16,16,16,16,16,16,16,16
400501,2,1,1984,0,0,0,0,0,0,0,0,0,0
400502,1,1,1984,0,0,0,0,0,0,0,0,0,0
400502,2,1,1984,0,0,0,0,0,0,0,0,0,0
400503,0,1,1984,25,25,25,25,25,25,25,25,25,25
400503,1,1,1984,25,25,25,25,25,25,25,25,25,25
400504,1,1,1984,0,0,0,0,0,0,0,0,0,0
400504,2,1,1984,0,0,0,0,0,0,0,0,0,0
400505,1,1,1984,8,8,8,8,8,8,8,8,8,8
400506,1,1,1984,0,0,0,0,3,0,0,0,0,0
400506,2,1,1984,0,0,0,0,0,0,0,0,0,0
400507,1,1,1984,0,0,0,0,0,0,15,0,0,0
400507,2,1,1984,2,2,2,2,2,2,2,2,2,2
400508,1,1,1984,11,11,11,11,11,11,11,11,11,11
400509,1,1,1984,0,0,0,0,0,0,0,0,0,0
400509,2,1,1984,3,0,0,0,12,5,0,0,0,0
400510,1,1,1984,25,25,25,25,25,25,25,25,25,25
400510,2,1,1984,0,3,0,0,0,0,0,0,0,0
400511,1,1,1984,0,0,0,0,0,0,0,0,0,0
400511,2,1,1984,0,0,0,0,0,0,0,0,0,0