ST_CASE,VEH_NO,PER_NO,YEAR,P1,P2,P3,P4,P5,P6,P7,P8,P9,P10
400512,1,1,1984,0,0,0,0,0,8,0,0,0,0
400513,1,1,1984,0,0,0,0,0,0,0,0,0,0
400513,2,1,1984,0,0,0,0,0,0,0,0,0,0
400514,0,1,1984,0,0,0,0,0,0,0,0,0,0
400514,1,1,1984,0,0,0,0,0,0,0,0,0,0
400515,1,1,1984,19,19,19,19,19,19,19,19,19,19
400516,0,1,1984,0,0,0,0,0,0,0,0,0,0
400516,1,1,1984,0,0,0,0,0,0,0,0,0,0
400517,1,1,1984,13,20,13,18,5,25,22,29,16,14
400518,0,1,1984,10,10,10,10,10,10,10,10,10,10
400518,0,2,1984,24,29,16,3,22,22,17,24,27,15
400518,1,1,1984,0,0,19,3,21,0,18,15,32,7
400518,2,1,1984,9,0,23,0,0,0,0,0,32,0
400519,1,1,1984,10,0,0,0,16,16,0,0,0,0
400520,1,1,1984,16,14,19,4,12,0,20,11,19,9
400520,2,1,1984,12,12,12,12,12,12,12,12,12,12
400521,1,1,1984,0,0,0,0,0,0,0,0,0,0
400521,2,1,1984,0,0,0,0,0,0,0,0,0,0
400522,1,1,1984,18,21,12,7,10,8,7,16,18,26
400523,1,1,1984,0,0,0,0,0,0,0,0,0,0
400523,2,1,1984,0,9,0,0,0,0,0,0,0,0
400524,1,1,1984,0,0,0,0,0,0,0,0,0,0
400525,1,1,1984,0,0,0,0,0,0,0,0,0,0
400525,2,1,1984,0,0,0,0,0,0,0,0,0,0
400525,3,1,1984,0,0,0,0,0,0,0,0,0,0
400526,1,1,1984,0,0,0,0,0,0,0,0,0,0
400526,2,1,1984,0,0,0,0,18,0,0,0,0,0
400527,1,1,1984,14,14,14,14,14,14,14,14,14,14
400527,2,1,1984,0,0,0,0,0,4,0,0,20,16
400528,1,1,1984,0,0,0,0,0,0,0,0,0,0
400528,2,1,1984,0,0,0,0,0,0,0,0,0,0
400529,0,1,1984,28,28,28,28,28,28,28,28,28,28
400529,1,1,1984,17,9,7,11,28,11,22,9,20,14
400530,0,1,1984,0,0,0,0,0,0,0,0,0,0
400530,0,2,1984,0,0,0,0,0,0,0,0,0,0
400530,0,3,1984,0,0,0,0,0,0,0,0,0,0
400530,1,1,1984,18,18,18,18,18,18,18,18,18,18
400531,1,1,1984,28,28,28,28,28,28,28,28,28,28
400532,1,1,1984,0,17,0,0,6,0,0,0,0,0
400532,2,1,1984,0,0,0,0,0,13,0,0,0,0
400533,1,1,1984,0,0,0,0,0,0,0,0,0,0
400533,2,1,1984,0,0,0,0,0,0,0,0,0,27
400534,1,1,1984,0,0,0,0,0,0,0,0,0,0
400535,0,1,1984,0,0,0,0,0,0,0,0,0,0
400535,1,1,1984,0,0,0,0,0,0,0,0,0,0
400536,1,1,1984,0,0,0,0,0,0,0,0,0,0
400536,2,1,1984,0,0,0,0,0,0,0,0,0,0
400536,3,1,1984,0,0,0,0,0,0,0,0,0,0
400537,1,1,1984,0,0,0,0,0,0,0,0,0,0
400537,2,1,1984,0,0,0,0,0,0,15,0,0,0
400537,3,1,1984,0,0,12,0,0,0,0,0,0,0
400538,1,1,1984,19,22,20,14,25,16,24,7,20,13
400539,0,1,1984,0,0,0,0,0,0,0,0,0,0
400539,1,1,1984,0,0,0,0,0,0,0,0,0,0
400540,1,1,1984,0,14,29,0,0,10,25,17,12,24
400540,2,1,1984,0,0,0,0,0,0,0,0,0,0
400541,1,1,1984,0,0,0,0,0,0,0,0,0,0
400542,1,1,1984,0,0,0,0,0,0,0,0,0,0
400542,2,1,1984,0,0,0,0,0,0,0,0,0,0
400543,1,1,1984,0,0,15,19,0,0,0,29,23,24
400544,1,1,1984,0,0,0,0,0,0,0,0,0,0
400544,2,1,1984,0,0,0,0,12,0,0,0,0,0
400545,1,1,1984,0,0,0,0,0,0,0,0,0,0
400546,1,1,1984,0,0,0,0,0,0,0,0,0,0
400546,2,1,1984,0,0,0,0,0,0,8,0,0,0
400546,3,1,1984,0,0,0,0,0,0,0,0,0,0
400547,1,1,1984,0,0,0,0,29,0,10,0,0,13
400548,0,1,1984,20,20,20,20,20,20,20,20,20,20
400548,1,1,1984,14,0,0,29,0,4,0,26,28,0
400549,1,1,1984,22,22,22,22,22,22,22,22,22,22
400550,1,1,1984,29,29,29,29,29,29,29,29,29,29
400550,2,1,1984,0,0,0,0,0,0,0,0,0,0
400550,3,1,1984,0,0,0,0,0,0,0,0,0,0
400551,1,1,1984,0,0,0,0,0,31,0,0,0,0
400551,2,1,1984,0,0,0,0,0,0,0,0,0,0
400552,0,1,1984,26,26,26,26,26,26,26,26,26,26
400552,1,1,1984,7,0,16,12,8,15,23,15,0,22
400553,1,1,1984,0,0,0,0,0,0,0,15,0,0
400554,1,1,1984,0,20,0,0,19,0,0,0,0,0
400554,2,1,1984,0,0,0,0,0,0,0,0,0,0
400555,1,1,1984,0,0,0,0,0,0,0,0,0,0
400555,2,1,1984,29,29,29,29,29,29,29,29,29,29
400556,1,1,1984,30,30,30,30,30,30,30,30,30,30
400556,2,1,1984,0,0,0,0,0,0,0,0,0,0
400557,1,1,1984,0,0,0,0,0,0,0,0,0,0
400558,1,1,1984,10,0,0,5,0,0,0,0,0,20
400559,0,1,1984,0,0,0,0,0,0,0,12,0,0
400559,1,1,1984,0,0,0,0,0,0,0,0,0,0
400560,1,1,1984,34,34,34,34,34,34,34,34,34,34
400561,1,1,1984,0,24,27,0,19,14,0,0,0,0
400561,2,1,1984,0,0,0,0,0,0,0,0,0,0
400562,1,1,1984,0,0,0,0,0,0,0,0,0,0
400562,2,1,1984,0,0,0,0,0,0,0,0,0,0
400563,0,1,1984,0,0,0,0,0,0,0,0,0,0
400563,1,1,1984,0,0,0,0,0,0,14,0,0,0
400564,1,1,1984,17,17,17,17,17,17,17,17,17,17
400565,1,1,1984,14,19,31,16,14,23,7,14,23,14
400566,1,1,1984,0,0,0,0,0,0,0,0,0,0
400567,1,1,1984,0,0,0,0,0,0,0,0,0,0
400567,2,1,1984,0,0,0,0,0,0,0,0,0,0
400568,0,1,1984,19,19,19,19,19,19,19,19,19,19
400568,1,1,1984,0,0,16,19,7,0,0,0,6,0
400569,1,1,1984,0,0,0,0,0,0,0,0,0,0
400569,2,1,1984,0,0,0,0,0,0,0,0,0,0
400570,1,1,1984,0,0,5,0,0,0,0,1,0,0
400570,2,1,1984,0,0,0,0,0,0,0,0,0,0
400571,0,1,1984,0,0,0,0,0,0,0,0,0,0
400571,1,1,1984,0,0,0,0,0,0,0,0,0,0
400572,1,1,1984,0,0,0,0,0,0,0,0,0,0
400572,2,1,1984,0,0,0,0,0,0,0,0,0,0
400573,1,1,1984,0,0,0,0,0,0,0,0,0,0
400573,2,1,1984,0,0,0,0,0,0,0,0,0,0
400574,1,1,1984,22,22,22,22,22,22,22,22,22,22
400574,2,1,1984,0,0,0,0,0,0,0,0,0,0
400575,1,1,1984,14,14,14,14,14,14,14,14,14,14
400576,1,1,1984,0,0,0,0,0,0,0,0,0,0
400576,2,1,1984,0,0,0,0,0,0,0,0,0,0
400577,1,1,1984,0,0,0,0,0,0,0,0,0,0
400577,2,1,1984,0,0,0,0,0,0,0,0,0,0
400577,3,1,1984,0,0,0,0,0,0,0,0,0,0
400578,0,1,1984,0,0,0,0,0,0,0,0,0,0
400578,1,1,1984,0,0,0,0,0,0,0,0,0,7
400579,1,1,1984,0,6,0,0,0,16,0,0,0,0
400580,1,1,1984,14,14,14,14,14,14,14,14,14,14
400581,0,1,1984,0,0,0,0,0,0,0,0,0,0
400581,1,1,1984,0,0,0,0,0,0,0,0,0,0
400582,1,1,1984,13,13,13,13,13,13,13,13,13,13
400582,2,1,1984,0,0,0,0,0,0,0,0,0,0
400583,1,1,1984,0,0,0,23,0,0,0,0,0,0
400583,2,1,1984,0,0,0,0,0,0,0,0,0,0
400584,1,1,1984,0,0,0,0,0,0,0,0,0,0
400584,2,1,1984,0,0,0,0,0,0,0,0,0,0
400585,1,1,1984,17,17,17,17,17,17,17,17,17,17
400586,1,1,1984,0,0,0,0,0,13,0,0,0,0
400587,1,1,1984,0,0,0,16,0,0,0,18,0,8
400588,0,1,1984,0,0,0,0,0,0,0,0,0,0
400588,1,1,1984,3,3,3,3,3,3,3,3,3,3
400589,1,1,1984,0,0,0,0,0,0,0,0,0,0
400590,0,1,1984,22,22,22,22,22,22,22,22,22,22
400590,1,1,1984,0,0,0,0,0,0,0,0,0,7
400591,1,1,1984,0,0,0,0,0,0,0,0,0,0
400591,2,1,1984,0,0,0,0,0,0,0,0,0,0
400592,1,1,1984,0,0,0,0,0,0,0,0,0,0
400593,1,1,1984,21,0,0,0,0,0,0,0,0,0
400593,2,1,1984,0,0,0,0,0,0,0,0,0,0
400594,1,1,1984,13,13,13,13,13,13,13,13,13,13
400595,1,1,1984,0,0,0,0,0,0,0,0,0,0
400595,2,1,1984,0,0,0,0,0,0,0,0,0,0
400596,0,1,1984,25,25,25,25,25,25,25,25,25,25
400596,1,1,1984,0,0,0,0,0,0,0,0,0,0
400597,0,1,1984,0,0,0,0,0,0,0,0,0,0
400597,1,1,1984,0,0,0,0,0,0,0,0,0,0
400598,1,1,1984,0,0,0,0,0,0,0,0,0,0
400598,2,1,1984,0,0,0,0,0,0,0,0,0,0
400599,1,2,1984,24,4,24,26,21,7,12,11,16,12
400600,1,1,1984,0,0,0,0,0,0,0,0,0,0
400600,2,1,1984,0,0,0,0,0,11,0,0,0,4
400601,1,1,1984,29,29,29,29,29,29,29,29,29,29
400601,2,1,1984,7,0,0,0,0,0,0,0,0,0
400602,1,2,1984,0,0,0,0,0,0,0,0,0,0
400602,2,2,1984,0,0,0,0,0,0,0,0,0,0
400603,0,1,1984,0,0,0,0,0,0,0,0,0,0
400603,1,1,1984,0,0,0,0,0,19,0,0,0,26
400604,1,1,1984,0,17,0,0,0,0,0,0,0,0
400604,2,1,1984,0,0,0,0,0,0,0,0,0,0
400605,1,1,1984,11,11,11,11,11,11,11,11,11,11
400606,1,1,1984,0,0,0,0,0,0,0,0,0,0
400607,1,1,1984,6,13,31,8,21,25,13,25,0,7
400608,1,1,1984,0,0,0,0,0,0,0,0,0,0
400608,2,1,1984,2,2,2,2,2,2,2,2,2,2
400609,1,1,1984,0,0,0,0,20,0,0,0,12,24
400610,1,1,1984,0,0,0,0,0,0,0,0,0,0
400611,1,1,1984,0,0,0,0,0,0,0,0,0,0
400611,2,1,1984,0,0,0,0,0,0,0,0,0,0
400612,1,1,1984,0,0,0,0,0,0,0,0,0,0
400613,1,1,1984,14,14,14,14,14,14,14,14,14,14
400614,1,1,1984,0,0,0,0,0,0,0,0,0,0
400615,1,1,1984,0,0,0,0,0,0,0,0,0,0
400615,2,1,1984,0,0,0,0,0,0,0,0,0,0
400616,1,1,1984,13,0,0,0,0,0,0,0,0,0
400616,2,1,1984,0,0,0,0,0,0,0,0,0,0
400617,1,1,1984,0,0,17,12,0,14,0,0,0,0
400617,2,1,1984,0,0,0,0,0,0,0,0,0,0
400617,3,1,1984,0,0,0,0,0,0,0,0,0,20
400618,1,1,1984,17,17,17,17,17,17,17,17,17,17
400619,1,1,1984,16,16,16,16,16,16,16,16,16,16
400620,0,1,1984,22,22,22,22,22,22,22,22,22,22
400620,1,1,1984,0,0,0,0,17,0,0,0,0,0
400621,1,1,1984,0,0,0,0,0,0,0,0,0,0
400621,2,1,1984,0,0,0,0,0,0,0,0,0,0
400622,0,1,1984,0,0,0,0,0,0,0,0,0,0
400622,1,1,1984,0,0,0,0,0,0,0,0,0,0
400623,1,1,1984,0,0,0,0,0,0,0,0,0,0
400623,2,1,1984,13,0,0,21,19,0,20,0,16,0
400624,1,1,1984,0,0,0,0,19,0,0,0,0,0
400624,2,1,1984,0,0,0,0,0,0,0,0,0,13
400625,0,1,1984,12,4,28,22,27,24,20,0,0,24
400625,1,1,1984,0,0,0,0,0,0,0,0,0,0
400626,1,1,1984,25,25,25,25,25,25,25,25,25,25
400626,2,1,1984,4,4,4,4,4,4,4,4,4,4
400627,1,1,1984,0,0,0,0,0,0,0,0,0,0
400627,2,1,1984,0,0,28,0,0,0,0,0,0,16
400628,1,1,1984,0,0,0,0,0,0,0,0,0,0
400628,2,1,1984,0,0,0,0,0,0,0,0,0,0
400629,0,1,1984,0,0,0,0,0,0,0,0,0,0
400629,1,1,1984,0,24,0,24,15,0,19,0,0,0
400630,1,1,1984,0,0,0,0,0,0,0,0,0,0
400630,2,1,1984,0,0,0,0,0,0,0,0,0,0
400631,1,1,1984,23,23,23,23,23,23,23,23,23,23
400631,2,1,1984,0,0,0,0,0,0,0,0,0,0
400632,1,1,1984,25,25,25,25,25,25,25,25,25,25
400633,1,1,1984,0,0,0,0,0,0,0,0,0,0
400633,2,1,1984,0,0,0,0,0,0,2,0,0,0
400634,0,1,1984,0,0,16,0,0,0,26,0,0,0
400634,1,1,1984,0,0,0,0,0,0,0,0,0,0
400635,0,1,1984,0,0,0,0,0,0,0,0,0,0
400635,1,1,1984,0,0,0,0,0,0,0,0,0,0
400636,1,1,1984,0,0,5,19,18,11,22,9,10,27
400637,1,1,1984,24,13,14,11,9,3,25,15,15,16
400639,1,1,1984,0,0,0,0,0,0,0,0,0,0
400640,1,1,1984,20,20,20,20,20,20,20,20,20,20
400641,1,1,1984,19,19,19,19,19,19,19,19,19,19
400642,1,1,1984,14,13,4,16,0,7,6,16,0,16
400642,2,1,1984,8,8,8,8,8,8,8,8,8,8
400643,1,1,1984,22,22,22,22,22,22,22,22,22,22
400644,1,1,1984,0,0,0,0,0,0,0,0,0,0
400644,2,1,1984,0,0,0,0,0,0,0,0,0,0
400645,1,1,1984,0,0,0,0,0,0,0,0,0,0
400645,2,1,1984,0,0,0,0,0,0,0,0,0,0
400646,1,1,1984,34,34,34,34,34,34,34,34,34,34
400647,1,1,1984,18,9,6,13,24,2,4,9,24,23
400647,2,1,1984,0,0,0,0,0,0,0,0,0,0
400648,1,1,1984,0,0,0,0,0,0,0,0,0,0
400648,2,1,1984,37,16,15,17,8,0,13,23,28,18
400648,3,1,1984,20,0,0,0,0,0,0,0,0,0
400649,1,1,1984,23,23,23,23,23,23,23,23,23,23
400649,2,1,1984,0,19,0,0,0,0,0,0,0,0
400650,1,1,1984,0,0,0,0,23,16,0,11,0,9
400650,2,1,1984,18,0,0,0,0,0,0,0,0,0
400651,1,1,1984,13,13,13,13,13,13,13,13,13,13
400652,0,1,1984,0,0,0,0,0,0,0,0,0,0
400652,1,1,1984,0,0,0,0,0,0,0,0,0,0
400653,1,1,1984,0,0,0,0,0,0,0,0,0,0
400653,2,1,1984,0,0,0,0,0,0,0,0,0,0
400654,1,1,1984,18,18,18,18,18,18,18,18,18,18
400654,2,1,1984,0,0,0,0,0,0,0,0,0,0
400655,1,1,1984,0,0,0,0,0,0,0,0,0,0
400655,2,1,1984,0,0,0,0,0,0,0,21,0,0
400656,1,1,1984,8,41,5,34,19,14,0,17,6,7
400657,0,1,1984,0,0,0,0,0,0,0,0,0,0
400657,1,1,1984,0,0,0,0,0,0,0,0,0,0
400658,0,1,1984,0,0,0,0,0,0,17,0,0,0
400658,1,1,1984,0,0,0,0,0,0,0,0,0,0
400659,1,1,1984,8,4,0,3,14,15,8,0,24,17
400659,2,1,1984,0,0,0,0,0,0,0,0,0,0
400659,3,1,1984,0,0,0,0,0,0,0,0,0,0
400660,0,1,1984,0,0,0,0,0,0,0,0,0,0
400660,1,1,1984,0,0,0,0,0,0,0,0,0,0
400660,2,1,1984,26,0,0,0,0,0,0,14,0,0
400661,1,1,1984,22,0,0,26,0,0,5,11,18,17
400661,2,1,1984,19,19,19,19,19,19,19,19,19,19
400662,1,1,1984,14,0,0,0,0,0,0,0,0,0
400662,2,1,1984,0,0,0,0,0,0,0,0,0,0
400663,0,1,1984,0,0,0,0,0,0,0,0,0,0
400663,1,1,1984,0,0,0,7,0,0,0,0,0,0
400664,1,1,1984,0,0,0,0,0,0,0,0,0,0
400664,2,1,1984,27,14,15,12,11,16,15,29,14,25
400665,1,1,1984,23,5,14,0,0,0,13,0,22,6
400665,2,1,1984,7,7,7,7,7,7,7,7,7,7
400666,1,1,1984,0,0,0,0,0,0,0,0,0,0
400666,2,1,1984,19,15,21,20,12,12,22,14,17,30
400667,1,1,1984,0,0,0,0,0,0,0,0,0,0
400667,2,1,1984,0,17,0,0,0,0,0,0,0,0
400668,1,1,1984,10,10,10,10,10,10,10,10,10,10
400668,2,1,1984,13,13,13,13,13,13,13,13,13,13
400669,1,1,1984,20,20,20,20,20,20,20,20,20,20
400669,2,1,1984,0,0,0,0,0,0,0,0,0,0
400670,1,1,1984,0,0,0,0,24,0,0,5,0,0
400670,2,1,1984,0,0,0,0,0,0,0,0,0,0
400671,1,1,1984,0,0,0,0,0,0,0,0,0,0
400671,2,1,1984,0,0,0,0,0,0,0,0,0,0
400672,0,1,1984,22,22,22,22,22,22,22,22,22,22
400672,1,1,1984,0,0,0,0,0,0,0,8,0,0
400673,1,1,1984,0,0,0,0,0,0,0,0,0,0
400673,2,1,1984,0,0,0,0,0,0,0,0,0,0
400674,1,1,1984,0,0,0,0,0,0,0,0,0,0
400674,2,1,1984,0,0,0,0,0,0,0,0,0,0
400675,0,1,1984,0,0,0,0,0,0,0,2,0,0
400675,1,1,1984,0,0,0,0,0,0,0,0,0,0
400676,1,1,1984,15,15,15,15,15,15,15,15,15,15
400677,1,1,1984,4,4,4,4,4,4,4,4,4,4
400678,1,1,1984,0,0,0,0,0,0,0,0,0,0
400679,0,1,1984,0,0,0,0,0,0,0,0,0,0
400679,1,1,1984,0,0,0,0,0,0,0,0,0,0
400680,1,1,1984,0,0,0,0,0,0,0,0,0,0
400680,2,1,1984,0,0,0,0,0,0,0,0,0,0
400681,1,1,1984,0,0,0,0,13,0,0,0,0,0
400681,2,1,1984,0,0,0,0,0,0,0,0,0,0
400682,1,1,1984,0,0,0,0,0,0,0,0,0,0
400682,2,1,1984,0,0,0,11,0,0,0,13,13,19
400683,1,1,1984,0,0,19,0,0,8,5,6,0,22
400683,2,1,1984,20,20,20,20,20,20,20,20,20,20
400684,0,1,1984,0,0,10,0,0,0,0,0,0,0
400684,0,2,1984,0,0,0,0,0,0,0,0,0,0
400684,1,1,1984,0,0,0,0,0,0,0,0,0,0
400684,2,1,1984,0,0,0,0,0,0,0,0,0,0
400685,1,1,1984,14,14,14,14,14,14,14,14,14,14
400686,1,1,1984,0,0,0,0,0,0,0,0,0,0
400686,2,1,1984,0,0,0,12,0,0,0,25,0,7
400687,1,1,1984,18,18,18,18,18,18,18,18,18,18
400688,1,1,1984,0,0,0,0,0,0,0,0,0,0
400688,2,1,1984,0,0,0,0,0,0,0,0,0,0
400689,1,1,1984,0,0,0,0,0,0,0,0,0,0
400689,2,1,1984,0,0,0,0,0,0,0,0,0,0
400690,1,1,1984,19,19,19,19,19,19,19,19,19,19
400691,1,1,1984,16,16,16,16,16,16,16,16,16,16
400692,0,1,1984,0,0,0,0,0,0,0,0,0,0
400692,1,1,1984,12,0,0,0,0,0,0,0,0,0
400693,1,1,1984,22,22,22,22,22,22,22,22,22,22
400694,0,1,1984,0,0,0,0,0,0,0,0,0,0
400694,1,1,1984,0,0,0,0,0,0,0,0,0,0
410001,1,1,1984,12,12,12,12,12,12,12,12,12,12
410002,1,1,1984,2,2,2,2,2,2,2,2,2,2
410002,2,1,1984,0,0,0,0,0,0,0,0,0,0
410003,1,1,1984,8,8,8,8,8,8,8,8,8,8
410003,2,1,1984,0,0,9,11,29,0,21,7,33,22
410004,1,1,1984,17,17,17,17,17,17,17,17,17,17
410005,1,1,1984,0,0,16,21,12,0,14,25,0,0
410006,1,1,1984,0,0,0,0,0,0,0,0,0,0
410006,2,1,1984,0,0,0,0,0,0,0,0,0,0
410006,3,1,1984,0,0,0,0,0,0,15,0,0,0
410007,1,1,1984,7,7,7,7,7,7,7,7,7,7
410007,2,1,1984,28,28,28,28,28,28,28,28,28,28
410008,0,1,1984,0,0,0,0,0,0,0,0,0,0
410008,1,1,1984,20,20,20,20,20,20,20,20,20,20
410009,1,1,1984,0,0,0,0,0,0,0,0,0,0
410010,1,1,1984,0,21,0,0,13,11,24,0,0,7
410010,2,1,1984,0,19,13,12,15,19,15,14,16,16
410011,1,1,1984,0,0,0,0,0,0,0,0,0,0
410012,1,1,1984,21,21,21,21,21,21,21,21,21,21
410013,1,1,1984,14,14,14,14,14,14,14,14,14,14
410014,1,1,1984,0,0,0,0,0,0,0,0,0,0
410015,1,1,1984,11,11,11,11,11,11,11,11,11,11
410016,1,1,1984,13,13,13,13,13,13,13,13,13,13
410017,1,1,1984,0,0,19,0,0,11,0,0,0,0
410017,2,1,1984,0,0,0,0,0,0,0,0,0,0
410018,1,1,1984,0,0,0,0,0,0,0,0,0,0
410018,2,1,1984,11,0,20,0,0,0,0,0,0,15
410019,1,1,1984,20,20,20,20,20,20,20,20,20,20
410020,1,1,1984,0,0,0,0,0,0,0,0,0,0
410021,1,1,1984,0,0,0,0,0,0,0,0,0,0
410021,2,1,1984,0,0,0,0,0,0,0,0,0,0
410022,1,1,1984,0,0,15,0,0,0,0,0,0,16
410022,2,1,1984,0,0,0,0,0,0,0,0,0,0
410023,1,1,1984,0,0,0,0,0,0,0,0,0,0
410023,2,1,1984,0,0,0,0,0,0,0,0,0,0
410024,1,1,1984,0,0,0,0,0,0,0,0,0,0
410025,0,1,1984,0,15,36,24,27,20,0,0,18,0
410025,1,1,1984,0,0,0,0,0,21,0,0,0,0
410025,2,1,1984,0,0,0,0,0,0,0,0,0,0
410026,1,1,1984,10,10,10,10,10,10,10,10,10,10
410026,2,1,1984,0,0,0,0,0,16,0,0,10,0
410026,3,1,1984,0,0,0,0,0,0,0,0,0,0
410027,0,1,1984,0,13,27,0,0,0,0,0,0,0
410027,1,1,1984,0,0,0,0,0,0,0,7,0,0
410028,1,1,1984,0,0,0,0,0,0,0,0,0,0
410028,2,1,1984,0,0,20,0,0,0,0,0,0,0
410028,3,1,1984,0,7,0,0,8,0,0,22,0,0
410029,1,1,1984,0,0,0,0,0,0,0,0,0,0
410029,2,1,1984,12,0,0,12,0,0,10,17,0,0
410030,1,1,1984,26,26,26,26,26,26,26,26,26,26
410031,1,1,1984,14,14,14,14,14,14,14,14,14,14
410032,0,1,1984,0,0,0,0,0,0,0,0,0,0
410032,1,1,1984,0,18,0,0,0,0,0,0,0,0
410033,1,1,1984,16,0,0,0,0,0,0,0,0,0
410033,2,1,1984,0,0,0,0,0,0,0,0,0,0
410034,1,1,1984,19,19,19,19,19,19,19,19,19,19
410034,2,1,1984,14,18,15,7,0,15,5,0,0,13
410035,1,1,1984,2,2,2,2,2,2,2,2,2,2
410035,2,1,1984,0,0,0,0,0,0,0,0,0,0
410036,1,1,1984,2,2,2,2,2,2,2,2,2,2
410037,1,1,1984,0,0,0,0,0,0,0,0,0,0
410038,1,1,1984,0,0,0,0,0,0,0,0,0,0
410038,2,1,1984,0,0,0,0,0,0,0,0,0,0
410038,3,1,1984,0,0,0,0,0,0,0,0,0,0
410039,1,1,1984,0,0,0,0,0,0,11,0,19,0
410039,2,1,1984,0,0,0,0,0,0,0,0,0,0
410040,1,1,1984,25,25,25,25,25,25,25,25,25,25
410041,1,1,1984,25,25,25,25,25,25,25,25,25,25
410041,2,1,1984,32,0,0,6,0,18,0,0,0,0
410042,1,1,1984,0,0,0,0,8,0,27,0,0,0
410042,2,1,1984,0,0,0,0,0,0,0,0,0,0
410043,1,1,1984,0,0,0,0,0,0,0,0,0,0
410044,0,1,1984,53,53,53,53,53,53,53,53,53,53
410044,1,1,1984,3,17,10,0,9,23,0,7,19,0
410045,1,1,1984,17,17,17,17,17,17,17,17,17,17
410045,2,1,1984,0,0,0,0,0,0,0,0,0,0
410046,1,1,1984,0,0,0,0,0,0,0,0,0,0
410046,2,1,1984,0,0,0,0,0,0,0,0,0,0
410047,0,1,1984,0,0,0,0,0,0,0,0,0,0
410047,1,1,1984,0,0,0,0,0,11,0,0,0,0
410048,1,1,1984,0,0,0,0,0,0,0,0,0,0
410048,2,1,1984,0,0,0,0,0,0,0,0,0,0
410049,1,1,1984,0,0,0,0,0,0,0,3,0,0
410049,2,1,1984,0,0,0,0,0,0,0,0,0,0
410050,1,1,1984,0,0,0,0,0,0,0,0,0,0
410050,2,1,1984,11,11,11,11,11,11,11,11,11,11
410051,1,1,1984,0,15,19,0,0,17,16,0,0,12
410052,1,1,1984,0,0,0,0,0,0,0,0,0,0
410052,2,1,1984,0,0,0,0,0,0,0,0,0,0
410053,0,1,1984,0,0,0,0,0,0,0,0,0,0
410054,1,1,1984,0,0,13,0,0,0,0,0,0,0
410054,2,1,1984,25,25,25,25,25,25,25,25,25,25
410055,0,1,1984,0,0,0,0,0,0,0,0,0,0
410055,1,1,1984,0,0,0,0,0,0,0,14,0,18
410056,1,1,1984,0,0,0,0,0,0,0,0,0,0
410056,2,1,1984,10,0,0,0,0,0,0,0,0,29
410057,1,1,1984,17,17,17,17,17,17,17,17,17,17
410058,1,1,1984,0,0,0,0,0,0,0,0,0,0
410059,1,1,1984,27,27,27,27,27,27,27,27,27,27
410060,1,1,1984,0,0,0,0,0,0,0,0,0,0
410060,2,1,1984,0,0,0,0,0,0,0,0,0,0
410061,1,1,1984,15,15,15,15,15,15,15,15,15,15
410062,1,1,1984,18,18,18,18,18,18,18,18,18,18
410063,1,1,1984,20,20,20,20,20,20,20,20,20,20
410064,1,1,1984,23,23,23,23,23,23,23,23,23,23
410065,1,1,1984,11,11,11,11,11,11,11,11,11,11
410066,1,1,1984,29,29,29,29,29,29,29,29,29,29
410066,2,1,1984,0,0,0,0,0,0,0,0,0,0
410066,3,1,1984,0,13,0,0,0,0,0,0,0,0
410067,1,1,1984,0,0,0,5,0,17,15,0,0,19
410067,2,1,1984,0,0,0,0,0,0,0,0,0,0
410068,0,1,1984,0,0,0,0,0,0,0,0,0,0
410068,1,1,1984,0,0,0,0,0,0,0,0,0,0
410069,1,2,1984,21,21,21,21,21,21,21,21,21,21
410070,0,1,1984,0,0,0,0,0,0,0,0,0,0
410070,1,1,1984,0,0,0,0,0,0,0,0,0,0
410071,1,1,1984,6,6,6,6,6,6,6,6,6,6
410072,1,1,1984,0,0,0,0,0,0,0,0,0,0
410072,2,1,1984,0,0,0,8,0,0,21,0,0,0
410073,0,1,1984,0,0,0,0,0,0,0,0,0,0
410073,1,1,1984,2,2,2,2,2,2,2,2,2,2
410074,1,1,1984,26,26,26,26,26,26,26,26,26,26
410075,1,1,1984,0,0,0,0,0,0,0,0,0,0
410075,2,1,1984,0,0,0,0,0,0,0,0,0,0
410076,1,1,1984,0,0,0,0,0,0,0,0,0,0
410076,2,1,1984,0,0,0,0,0,0,0,0,0,0
410077,1,1,1984,16,16,16,16,16,16,16,16,16,16
410078,1,1,1984,0,0,0,0,0,0,0,0,0,0
410079,1,1,1984,0,0,0,19,0,15,19,0,0,0
410079,2,1,1984,0,9,0,0,0,11,0,0,0,0
410080,0,1,1984,0,0,0,0,0,0,0,0,0,0
410080,1,1,1984,0,16,6,0,0,0,0,0,0,0
410081,1,1,1984,17,17,17,17,17,17,17,17,17,17
410082,1,1,1984,23,23,23,23,23,23,23,23,23,23
410082,2,1,1984,0,37,0,0,0,0,0,12,33,0
410083,1,1,1984,7,7,7,7,7,7,7,7,7,7
410084,1,1,1984,9,9,9,9,9,9,9,9,9,9
410084,2,1,1984,12,12,12,12,12,12,12,12,12,12
410085,1,1,1984,15,15,15,15,15,15,15,15,15,15
410086,1,1,1984,10,10,10,10,10,10,10,10,10,10
410086,2,1,1984,18,18,18,18,18,18,18,18,18,18
410087,0,1,1984,0,0,0,0,0,0,0,0,0,0
410087,1,1,1984,0,0,13,0,0,0,0,0,0,0