ST_CASE,VEH_NO,PER_NO,YEAR,P1,P2,P3,P4,P5,P6,P7,P8,P9,P10
410088,1,1,1984,2,2,2,2,2,2,2,2,2,2
410088,2,1,1984,0,0,3,15,0,3,0,0,5,0
410089,1,1,1984,0,0,0,0,0,0,0,0,0,0
410089,2,1,1984,0,0,14,0,0,0,7,7,0,0
410090,1,1,1984,12,12,12,12,12,12,12,12,12,12
410091,0,1,1984,0,0,0,0,0,0,0,0,0,0
410091,1,1,1984,0,0,9,0,0,0,0,0,0,0
410092,1,1,1984,0,0,0,0,0,0,0,0,0,0
410093,1,1,1984,0,0,0,0,12,0,0,0,0,0
410093,2,1,1984,0,0,0,0,0,0,0,0,0,0
410094,1,1,1984,16,16,16,16,16,16,16,16,16,16
410095,1,1,1984,3,3,3,3,3,3,3,3,3,3
410095,2,1,1984,13,0,17,0,0,21,20,0,3,0
410096,1,1,1984,12,12,12,12,12,12,12,12,12,12
410097,1,1,1984,0,0,0,0,0,0,0,0,0,0
410097,2,1,1984,8,8,8,8,8,8,8,8,8,8
410098,0,1,1984,35,35,35,35,35,35,35,35,35,35
410098,1,1,1984,0,9,0,16,17,27,29,15,0,24
410099,1,1,1984,0,0,0,0,0,0,0,0,0,0
410099,2,1,1984,0,0,0,0,0,0,0,0,0,0
410100,1,1,1984,16,16,16,16,16,16,16,16,16,16
410101,1,1,1984,0,0,0,0,0,0,0,0,0,0
410102,1,1,1984,15,15,15,15,15,15,15,15,15,15
410102,2,1,1984,6,6,6,6,6,6,6,6,6,6
410102,3,1,1984,0,12,0,9,19,6,11,0,0,0
410102,4,1,1984,0,0,10,0,0,0,9,0,0,24
410103,0,1,1984,32,32,32,32,32,32,32,32,32,32
410103,1,1,1984,0,0,14,0,0,13,0,0,0,0
410104,1,1,1984,0,0,0,0,0,0,0,0,0,0
410104,2,1,1984,0,0,0,0,0,0,0,0,0,0
410105,1,1,1984,27,27,27,27,27,27,27,27,27,27
410106,1,1,1984,9,0,3,0,8,11,0,0,10,28
410106,2,1,1984,0,0,13,0,0,18,13,0,25,3
410107,1,1,1984,0,0,0,0,0,0,0,0,0,0
410107,2,1,1984,0,0,0,0,0,0,0,0,10,0
410108,1,1,1984,16,16,16,16,16,16,16,16,16,16
410109,1,1,1984,17,17,17,17,17,17,17,17,17,17
410110,1,1,1984,14,0,10,12,0,0,0,19,10,13
410111,1,1,1984,19,19,19,19,19,19,19,19,19,19
410112,1,1,1984,0,0,0,0,0,0,0,0,0,0
410112,2,1,1984,0,7,37,14,20,0,8,34,0,0
410113,1,1,1984,14,14,14,14,14,14,14,14,14,14
410114,1,1,1984,25,25,25,25,25,25,25,25,25,25
410116,1,1,1984,0,0,0,0,0,0,0,0,0,0
410117,0,1,1984,0,0,0,0,0,0,0,0,0,0
410117,1,1,1984,0,0,0,0,0,0,0,0,0,0
410118,1,1,1984,14,0,14,0,0,0,2,0,0,0
410118,2,1,1984,7,7,7,7,7,7,7,7,7,7
410119,1,1,1984,9,9,9,9,9,9,9,9,9,9
410121,1,1,1984,20,20,20,20,20,20,20,20,20,20
410121,2,1,1984,0,0,0,0,0,0,0,0,0,0
410121,3,1,1984,0,0,0,0,0,0,0,0,0,0
410122,1,1,1984,0,0,0,0,0,0,0,0,0,0
410123,1,1,1984,0,0,0,0,13,0,0,0,0,0
410124,1,1,1984,0,0,0,0,0,0,0,0,0,0
410125,1,1,1984,12,14,0,0,0,0,0,0,9,0
410126,1,1,1984,20,20,20,20,20,20,20,20,20,20
410127,1,1,1984,7,7,7,7,7,7,7,7,7,7
410129,1,1,1984,22,22,22,22,22,22,22,22,22,22
410130,1,1,1984,20,20,20,20,20,20,20,20,20,20
410131,0,1,1984,18,18,18,18,18,18,18,18,18,18
410131,1,1,1984,0,9,22,23,4,0,0,9,19,24
410132,1,1,1984,18,18,18,18,18,18,18,18,18,18
410133,0,1,1984,0,0,0,31,23,0,0,0,0,0
410133,1,1,1984,0,0,0,24,0,0,0,0,17,0
410134,1,1,1984,0,14,0,0,0,0,0,0,0,0
410134,2,1,1984,0,0,0,0,0,0,0,0,0,10
410135,1,1,1984,0,0,0,0,0,0,0,0,0,0
410136,1,1,1984,8,16,24,5,0,14,10,15,11,0
410137,1,1,1984,6,6,6,6,6,6,6,6,6,6
410137,2,1,1984,0,0,0,0,0,0,0,0,0,0
410138,1,1,1984,10,10,10,10,10,10,10,10,10,10
410139,1,1,1984,0,0,0,24,19,0,11,14,6,0
410139,2,1,1984,0,0,0,0,0,0,0,0,0,0
410140,1,1,1984,0,0,0,0,10,16,0,0,0,0
410140,2,1,1984,0,0,0,0,0,0,0,0,0,0
410140,3,1,1984,0,0,0,0,0,0,0,0,0,0
410140,4,1,1984,0,0,0,0,0,0,0,0,0,0
410141,1,1,1984,21,21,21,21,21,21,21,21,21,21
410142,0,1,1984,0,0,0,0,0,0,0,0,0,0
410142,1,1,1984,7,7,0,23,17,0,15,0,3,0
410142,2,1,1984,0,0,0,11,0,9,7,0,8,3
410143,1,1,1984,24,24,24,24,24,24,24,24,24,24
410144,0,1,1984,0,0,0,0,0,0,0,0,0,0
410144,1,1,1984,0,0,0,0,0,0,0,0,0,0
410145,1,1,1984,6,9,14,0,12,9,0,0,14,26
410145,2,1,1984,0,0,0,0,0,0,0,0,0,0
410146,1,1,1984,0,0,0,0,0,0,0,0,0,0
410146,2,1,1984,0,0,0,0,0,0,0,0,0,0
410147,1,1,1984,0,0,0,0,0,0,0,0,0,0
410147,2,1,1984,0,0,0,0,0,0,0,0,0,0
410148,1,1,1984,25,25,25,25,25,25,25,25,25,25
410149,1,1,1984,14,14,14,14,14,14,14,14,14,14
410150,1,1,1984,0,0,0,0,0,0,0,0,0,0
410150,2,1,1984,0,0,0,0,0,0,0,0,0,0
410151,1,1,1984,5,5,5,5,5,5,5,5,5,5
410151,2,1,1984,0,0,0,0,0,0,0,0,0,0
410152,1,1,1984,22,22,22,22,22,22,22,22,22,22
410153,1,1,1984,0,0,0,0,0,0,0,0,0,0
410154,1,1,1984,26,26,26,26,26,26,26,26,26,26
410155,1,1,1984,6,6,6,6,6,6,6,6,6,6
410156,1,1,1984,7,7,7,7,7,7,7,7,7,7
410156,2,1,1984,0,0,0,0,0,0,0,0,0,0
410157,1,1,1984,7,7,7,7,7,7,7,7,7,7
410158,1,1,1984,24,24,24,24,24,24,24,24,24,24
410159,1,1,1984,26,26,26,26,26,26,26,26,26,26
410160,0,1,1984,0,0,0,0,0,0,0,0,0,0
410160,1,1,1984,0,0,0,0,0,0,0,0,0,0
410161,1,1,1984,5,5,5,5,5,5,5,5,5,5
410162,1,1,1984,0,0,0,0,0,0,0,0,0,0
410162,2,1,1984,0,0,0,0,0,0,0,0,0,0
410163,1,1,1984,0,20,0,0,18,0,0,0,0,0
410163,2,1,1984,29,29,29,29,29,29,29,29,29,29
410163,3,1,1984,0,0,0,0,0,0,0,0,0,0
410164,1,1,1984,9,0,0,0,0,0,0,12,0,0
410164,2,1,1984,0,0,0,0,0,0,0,0,0,0
410165,1,1,1984,8,8,8,8,8,8,8,8,8,8
410165,2,1,1984,0,19,0,22,0,0,0,0,0,11
410166,1,1,1984,21,0,0,0,0,0,0,0,0,0
410166,2,1,1984,0,0,0,0,0,0,0,0,0,0
410167,1,1,1984,0,0,0,0,0,0,0,0,0,0
410167,2,1,1984,0,0,0,0,0,0,0,0,13,0
410168,1,1,1984,22,22,22,22,22,22,22,22,22,22
410169,1,1,1984,0,0,0,0,0,0,0,0,0,0
410169,2,1,1984,17,17,17,17,17,17,17,17,17,17
410170,1,1,1984,0,0,23,0,0,0,0,0,0,12
410170,2,1,1984,0,0,0,0,0,13,0,0,0,11
410171,1,1,1984,9,9,9,9,9,9,9,9,9,9
410172,1,1,1984,11,11,11,11,11,11,11,11,11,11
410173,1,1,1984,1,1,1,1,1,1,1,1,1,1
410173,2,1,1984,26,26,26,26,26,26,26,26,26,26
410174,1,1,1984,28,28,28,28,28,28,28,28,28,28
410175,1,1,1984,23,23,23,23,23,23,23,23,23,23
410176,1,1,1984,0,0,0,0,0,0,0,0,0,0
410177,1,1,1984,22,22,22,22,22,22,22,22,22,22
410178,1,1,1984,10,10,10,10,10,10,10,10,10,10
410179,0,1,1984,0,0,0,0,0,0,0,0,0,0
410179,1,1,1984,0,0,0,7,0,0,0,0,0,0
410180,1,1,1984,0,0,14,0,23,17,16,0,33,0
410180,2,1,1984,0,0,0,0,0,0,0,0,0,0
410181,1,1,1984,28,28,28,28,28,28,28,28,28,28
410182,1,1,1984,15,0,21,0,18,9,17,10,0,22
410183,1,1,1984,24,24,24,24,24,24,24,24,24,24
410184,1,1,1984,14,14,14,14,14,14,14,14,14,14
410185,1,1,1984,0,0,0,0,0,0,0,0,0,0
410185,2,1,1984,0,0,0,0,0,0,0,0,0,0
410186,1,1,1984,6,6,6,6,6,6,6,6,6,6
410186,2,1,1984,0,0,0,0,0,0,0,0,0,0
410187,1,1,1984,12,12,12,12,12,12,12,12,12,12
410187,2,1,1984,0,0,0,0,0,0,0,0,0,0
410188,1,1,1984,0,0,0,0,0,0,0,0,0,0
410189,1,1,1984,0,0,0,0,0,0,0,0,0,0
410189,2,1,1984,0,0,11,0,0,0,0,0,0,0
410189,3,1,1984,0,0,0,0,0,0,0,0,0,0
410190,1,1,1984,22,22,22,22,22,22,22,22,22,22
410190,2,1,1984,9,0,0,0,28,0,0,0,2,0
410191,1,1,1984,0,0,7,0,0,0,0,0,0,0
410191,2,1,1984,0,0,0,0,0,0,0,0,0,0
410192,1,1,1984,19,19,19,19,19,19,19,19,19,19
410193,1,1,1984,0,0,0,0,0,0,0,0,0,0
410194,0,1,1984,0,0,0,0,0,0,0,0,0,0
410194,1,1,1984,0,0,0,0,0,0,0,0,0,0
410195,1,1,1984,25,25,25,25,25,25,25,25,25,25
410196,1,1,1984,0,0,0,0,0,0,0,0,0,0
410197,1,1,1984,8,8,8,8,8,8,8,8,8,8
410197,2,1,1984,0,0,0,0,0,0,0,0,0,0
410198,1,1,1984,0,0,0,0,0,0,0,0,0,0
410198,2,1,1984,0,0,0,0,0,0,0,0,0,0
410199,1,1,1984,0,0,0,0,9,0,0,0,0,0
410199,2,1,1984,2,2,2,2,2,2,2,2,2,2
410200,1,1,1984,21,21,21,21,21,21,21,21,21,21
410201,1,1,1984,0,10,9,0,22,0,0,2,20,16
410202,1,1,1984,0,0,0,0,0,0,0,0,0,0
410203,1,1,1984,22,22,22,22,22,22,22,22,22,22
410204,1,1,1984,25,25,25,25,25,25,25,25,25,25
410204,2,1,1984,10,9,0,36,9,0,0,11,0,0
410205,1,1,1984,11,11,11,11,11,11,11,11,11,11
410206,1,1,1984,17,17,17,17,17,17,17,17,17,17
410206,2,1,1984,1,1,1,1,1,1,1,1,1,1
410207,1,1,1984,24,24,24,24,24,24,24,24,24,24
410208,0,1,1984,0,0,0,0,0,0,0,0,0,0
410208,1,1,1984,16,0,0,0,22,0,15,21,61,38
410209,1,1,1984,0,0,11,0,0,0,10,0,25,0
410209,2,1,1984,3,0,0,0,0,0,0,0,0,0
410209,3,1,1984,15,0,0,0,0,0,22,0,0,0
410210,1,1,1984,9,9,9,9,9,9,9,9,9,9
410211,1,1,1984,0,0,0,12,0,6,19,17,2,27
410212,0,1,1984,0,0,0,0,0,0,0,0,0,0
410213,1,1,1984,7,7,7,7,7,7,7,7,7,7
410213,2,1,1984,0,0,0,0,0,0,0,0,0,0
410214,1,1,1984,18,18,18,18,18,18,18,18,18,18
410215,1,1,1984,0,0,0,0,0,0,0,0,0,0
410215,2,1,1984,0,0,0,0,0,0,0,0,0,0
410216,1,1,1984,11,11,11,11,11,11,11,11,11,11
410217,1,1,1984,16,16,16,16,16,16,16,16,16,16
410218,1,1,1984,0,0,0,0,0,0,0,0,0,0
410218,2,1,1984,0,0,12,0,0,0,18,21,0,22
410219,1,1,1984,6,6,6,6,6,6,6,6,6,6
410219,2,1,1984,0,0,0,0,0,0,0,0,0,0
410219,3,1,1984,10,10,10,10,10,10,10,10,10,10
410221,1,1,1984,17,17,17,17,17,17,17,17,17,17
410221,2,1,1984,0,0,0,0,20,0,0,0,0,0
410222,0,1,1984,0,0,0,0,0,0,0,0,0,0
410222,1,1,1984,18,0,0,0,0,0,0,0,5,0
410223,0,1,1984,0,0,0,0,0,0,0,0,0,0
410223,1,1,1984,0,0,0,0,0,0,0,0,0,0
410224,0,1,1984,0,0,0,0,0,0,0,0,0,0
410224,1,1,1984,0,0,0,0,0,0,0,0,0,0
410225,1,1,1984,0,20,3,5,17,10,11,0,0,13
410226,1,1,1984,10,10,10,10,10,10,10,10,10,10
410226,2,1,1984,0,0,0,0,0,0,0,0,0,0
410226,3,1,1984,9,0,0,0,0,0,0,0,10,0
410227,1,1,1984,30,30,30,30,30,30,30,30,30,30
410227,2,1,1984,0,0,11,0,0,0,0,0,13,0
410229,1,1,1984,0,0,0,0,0,0,0,0,0,0
410229,2,1,1984,0,0,0,0,0,0,0,0,0,0
410230,0,1,1984,3,3,3,3,3,3,3,3,3,3
410230,1,1,1984,0,0,0,0,0,14,0,0,0,0
410231,1,1,1984,0,0,7,0,0,0,0,0,0,0
410232,1,1,1984,15,15,15,15,15,15,15,15,15,15
410233,1,1,1984,21,21,21,21,21,21,21,21,21,21
410234,1,1,1984,10,10,10,10,10,10,10,10,10,10
410235,1,1,1984,0,0,0,0,0,0,0,0,0,0
410235,2,1,1984,0,0,0,16,9,11,0,5,0,0
410236,1,1,1984,4,4,4,4,4,4,4,4,4,4
410237,1,1,1984,0,0,0,0,0,0,0,0,0,0
410238,1,1,1984,0,0,0,0,0,0,0,0,0,0
410239,1,1,1984,0,0,0,0,0,0,0,0,0,0
410239,2,1,1984,0,0,0,0,0,0,0,0,0,0
410240,1,1,1984,18,18,18,18,18,18,18,18,18,18
410241,1,1,1984,18,18,18,18,18,18,18,18,18,18
410242,1,1,1984,0,0,0,0,0,0,0,0,0,0
410243,1,1,1984,8,8,8,8,8,8,8,8,8,8
410244,0,1,1984,0,0,0,0,0,0,0,0,0,0
410244,0,2,1984,0,0,0,0,0,0,0,0,0,0
410244,0,3,1984,0,0,0,0,0,11,0,0,0,0
410244,1,1,1984,15,0,0,14,26,11,0,5,0,15
410245,1,1,1984,0,0,0,0,0,0,0,0,0,0
410245,2,1,1984,0,0,0,0,0,12,4,0,0,0
410246,1,1,1984,0,0,0,0,0,0,0,0,0,0
410247,0,1,1984,0,0,0,0,0,0,0,0,0,0
410247,1,1,1984,0,17,0,12,0,0,0,0,0,0
410250,1,1,1984,0,0,0,0,0,0,0,0,0,0
410251,1,1,1984,12,12,12,12,12,12,12,12,12,12
410252,1,1,1984,0,11,0,0,0,14,0,0,0,25
410252,2,1,1984,0,0,0,0,0,0,0,0,0,0
410253,1,1,1984,0,0,0,0,0,0,0,0,0,0
410253,2,1,1984,0,0,0,0,0,0,0,0,0,0
410254,1,1,1984,0,0,0,0,0,0,18,0,0,0
410254,2,1,1984,10,10,10,10,10,10,10,10,10,10
410256,1,1,1984,19,19,19,19,19,19,19,19,19,19
410257,1,1,1984,12,0,18,28,18,8,22,22,0,27
410258,1,1,1984,0,0,0,0,0,0,0,0,0,0
410258,2,1,1984,0,0,0,0,0,0,0,0,0,0
410258,3,1,1984,0,0,0,6,0,0,28,0,19,0
410259,0,1,1984,21,21,21,21,21,21,21,21,21,21
410259,1,1,1984,14,0,0,0,0,0,0,10,7,0
410260,1,1,1984,0,0,0,0,0,0,0,0,0,0
410261,1,1,1984,15,15,15,15,15,15,15,15,15,15
410262,1,1,1984,22,0,12,0,17,15,0,8,0,25
410262,2,1,1984,12,12,12,12,12,12,12,12,12,12
410264,1,1,1984,0,0,0,0,0,0,0,0,0,0
410265,1,1,1984,16,16,16,16,16,16,16,16,16,16
410266,1,1,1984,0,0,0,0,0,0,0,0,0,0
410266,2,1,1984,0,0,0,0,0,0,0,0,0,0
410266,3,1,1984,0,0,0,0,0,0,0,0,0,0
410267,1,1,1984,0,0,0,0,0,0,0,0,0,0
410267,2,1,1984,0,0,0,0,0,0,0,0,0,0
410268,1,1,1984,24,0,0,0,0,21,10,0,0,0
410269,1,1,1984,20,20,20,20,20,20,20,20,20,20
410270,1,1,1984,9,9,9,9,9,9,9,9,9,9
410271,1,1,1984,20,20,20,20,20,20,20,20,20,20
410271,2,1,1984,8,14,23,5,10,17,19,9,0,0
410272,1,1,1984,0,0,0,0,0,0,0,0,14,0
410273,1,1,1984,8,8,8,8,8,8,8,8,8,8
410273,2,1,1984,34,0,0,0,0,0,0,0,0,0
410274,1,1,1984,0,0,0,0,0,0,0,0,0,0
410274,2,1,1984,0,0,7,0,0,0,5,0,0,0
410275,1,1,1984,12,12,12,12,12,12,12,12,12,12
410276,1,1,1984,0,0,0,0,0,0,0,0,0,0
410276,2,1,1984,23,23,23,23,23,23,23,23,23,23
410277,1,1,1984,10,0,0,14,17,0,0,0,2,0
410278,1,1,1984,0,0,0,0,0,0,0,0,0,0
410279,1,1,1984,7,7,7,7,7,7,7,7,7,7
410280,1,1,1984,6,15,23,11,13,19,13,17,10,16
410282,1,1,1984,0,0,0,0,0,0,0,0,0,0
410282,2,1,1984,0,0,0,0,0,0,0,0,0,0
410283,1,1,1984,3,3,3,3,3,3,3,3,3,3
410284,1,1,1984,11,11,11,11,11,11,11,11,11,11
410284,2,1,1984,0,0,0,0,0,0,0,0,0,0
410285,1,1,1984,0,0,0,0,0,0,0,9,0,0
410285,2,1,1984,0,6,0,13,0,0,5,0,0,19
410285,3,1,1984,0,0,0,0,0,0,0,0,0,0
410286,1,1,1984,14,0,0,21,0,26,0,0,0,0
410286,2,1,1984,0,0,0,0,0,0,0,0,0,0
410287,1,1,1984,0,0,0,0,0,0,0,0,7,10
410287,2,1,1984,0,0,0,0,0,0,0,0,0,0
410287,3,1,1984,0,0,0,0,0,0,0,0,0,0
410289,1,1,1984,22,0,13,11,0,7,16,14,0,0
410289,2,1,1984,0,0,0,0,0,0,0,0,0,0
410290,1,1,1984,0,0,0,0,0,0,0,0,0,0
410290,2,1,1984,0,0,0,0,0,0,0,0,0,4
410291,1,1,1984,0,0,0,0,0,0,0,0,0,0
410291,2,1,1984,5,0,0,0,0,22,0,0,0,0
410292,1,1,1984,19,19,19,19,19,19,19,19,19,19
410292,2,1,1984,9,0,0,0,0,0,39,0,0,6
410293,1,1,1984,14,14,14,14,14,14,14,14,14,14
410294,1,1,1984,22,22,22,22,22,22,22,22,22,22
410295,1,1,1984,7,14,0,22,0,0,0,19,18,9
410295,2,1,1984,0,0,0,0,0,0,0,0,0,0
410296,1,1,1984,0,0,0,0,0,0,0,0,0,0
410297,0,1,1984,3,3,3,3,3,3,3,3,3,3
410297,1,1,1984,0,0,0,0,0,0,13,0,10,0
410298,1,1,1984,0,0,0,0,0,0,0,0,0,0
410299,0,1,1984,0,0,0,0,0,0,0,0,0,0
410299,1,1,1984,0,0,0,0,18,0,0,0,0,0
410300,1,1,1984,0,0,0,0,0,0,0,0,0,0
410300,2,1,1984,0,0,0,0,0,0,0,0,0,0
410301,1,1,1984,10,10,10,10,10,10,10,10,10,10
410302,1,1,1984,14,14,14,14,14,14,14,14,14,14
410303,1,1,1984,24,24,24,24,24,24,24,24,24,24
410303,2,1,1984,11,11,10,0,14,7,18,15,0,11
410303,3,1,1984,20,0,10,0,0,32,0,0,0,0
410304,1,1,1984,0,0,0,0,0,0,0,0,0,0
410306,1,1,1984,11,11,11,11,11,11,11,11,11,11
410307,1,1,1984,2,2,2,2,2,2,2,2,2,2
410307,2,1,1984,13,13,13,13,13,13,13,13,13,13
410308,0,1,1984,0,0,0,0,0,0,0,0,0,0
410308,1,1,1984,0,0,0,0,0,0,0,0,18,0
410309,1,1,1984,0,0,6,11,0,0,0,0,0,0
410309,2,1,1984,20,13,3,11,14,6,8,15,0,11
410310,1,1,1984,10,10,10,10,10,10,10,10,10,10
410311,1,1,1984,0,0,0,0,9,17,14,18,13,0
410312,1,1,1984,25,25,25,25,25,25,25,25,25,25
410312,2,1,1984,22,0,0,0,5,0,0,12,0,0
410313,1,1,1984,0,0,0,0,0,0,0,0,0,0
410313,2,1,1984,0,0,0,0,0,0,0,0,0,0
410315,1,1,1984,0,0,0,0,0,0,0,0,0,0
410316,1,1,1984,0,0,0,0,0,0,0,0,0,0
410317,1,1,1984,7,7,7,7,7,7,7,7,7,7
410318,1,1,1984,12,12,12,12,12,12,12,12,12,12
410319,1,1,1984,0,0,0,0,0,0,0,0,0,0
410319,2,1,1984,0,0,0,0,0,0,0,0,0,0
410320,1,1,1984,0,0,24,0,0,0,0,0,0,0
410320,2,1,1984,0,0,0,0,0,0,0,0,0,0
410321,1,1,1984,11,11,11,11,11,11,11,11,11,11
410321,2,1,1984,14,0,0,0,0,0,0,0,0,0
410321,3,1,1984,0,0,0,0,0,18,0,0,0,0
410322,1,1,1984,10,6,19,16,12,11,13,0,14,9
410323,1,1,1984,0,0,0,0,0,0,0,0,0,0
410324,1,1,1984,0,0,0,0,0,0,0,0,0,0
410324,2,1,1984,0,0,0,0,0,0,0,0,0,0
410325,1,1,1984,15,15,15,15,15,15,15,15,15,15
410325,2,1,1984,0,0,0,0,0,0,0,0,0,0
410326,1,1,1984,0,0,0,0,0,0,0,0,0,0
410327,0,1,1984,27,27,27,27,27,27,27,27,27,27
410327,1,1,1984,32,10,0,0,0,0,20,0,5,0
410328,1,1,1984,0,0,0,0,0,0,0,0,0,0
410328,2,1,1984,0,0,0,0,0,0,0,13,0,0
410329,1,1,1984,0,0,0,0,0,0,0,0,0,0
410330,1,1,1984,13,13,13,13,13,13,13,13,13,13
410331,1,1,1984,12,12,12,12,12,12,12,12,12,12
410331,2,1,1984,0,0,0,0,0,0,0,0,10,0
410331,3,1,1984,0,0,11,0,0,0,0,13,0,0
410332,1,1,1984,5,5,5,5,5,5,5,5,5,5
410333,0,1,1984,0,0,0,0,0,0,0,0,0,0
410333,1,1,1984,16,0,17,13,14,15,21,29,25,24
410334,0,1,1984,0,0,0,0,0,0,0,0,0,0
410334,1,1,1984,0,0,0,0,0,0,0,0,0,0
410335,1,1,1984,0,0,0,0,0,0,0,0,0,0
410336,1,1,1984,21,21,21,21,21,21,21,21,21,21
410337,1,1,1984,9,9,9,9,9,9,9,9,9,9
410338,1,1,1984,5,5,5,5,5,5,5,5,5,5
410339,1,1,1984,0,0,0,0,0,0,0,0,0,0
410340,1,1,1984,8,8,8,8,8,8,8,8,8,8
410341,1,1,1984,29,29,29,29,29,29,29,29,29,29
410342,1,1,1984,0,0,0,0,0,0,0,0,0,0
410342,2,1,1984,0,0,0,0,0,0,0,0,0,0
410343,1,1,1984,17,17,17,17,17,17,17,17,17,17
410344,1,1,1984,22,22,22,22,22,22,22,22,22,22
410345,1,1,1984,0,0,0,0,0,0,0,0,0,0
410346,1,1,1984,0,16,0,0,0,19,0,0,0,0
410346,2,1,1984,0,6,0,0,0,0,0,13,0,0
410346,3,1,1984,4,0,0,0,0,0,0,0,0,0
410347,1,1,1984,12,12,12,12,12,12,12,12,12,12
410347,2,1,1984,0,0,0,0,0,0,0,0,0,0
410348,1,1,1984,0,0,0,25,0,0,0,0,0,0
410348,2,1,1984,0,0,12,8,31,8,19,0,0,19
410349,1,1,1984,0,0,0,0,0,0,0,0,0,0
410349,2,1,1984,6,0,0,0,6,0,18,19,0,11
410350,1,1,1984,18,0,23,0,19,3,10,7,19,0
410351,1,1,1984,25,25,25,25,25,25,25,25,25,25
410351,2,1,1984,0,0,0,0,0,0,0,0,12,0
410352,1,1,1984,0,0,0,0,0,0,0,0,0,0
410353,1,1,1984,0,0,0,0,0,0,0,0,0,0
410353,2,1,1984,0,0,0,0,0,0,0,0,0,0
410354,1,1,1984,15,15,15,15,15,15,15,15,15,15
410355,1,1,1984,11,19,3,13,10,17,27,32,6,13
410356,1,1,1984,0,0,0,0,0,0,0,0,0,0
410356,2,1,1984,0,0,0,0,0,0,0,0,0,0
410357,0,1,1984,0,0,0,0,0,0,0,0,0,0
410357,1,1,1984,0,0,0,0,0,0,0,0,0,0
410357,2,1,1984,0,0,0,0,0,0,0,0,0,0
410358,0,1,1984,19,19,19,19,19,19,19,19,19,19
410358,1,1,1984,15,15,15,15,15,15,15,15,15,15
410359,1,1,1984,8,8,8,8,8,8,8,8,8,8
410360,0,1,1984,24,15,0,20,14,17,0,0,49,0
410360,1,1,1984,0,0,0,15,8,0,0,2,0,12
410361,1,1,1984,13,13,13,13,13,13,13,13,13,13
410362,0,1,1984,0,0,0,0,0,0,0,0,0,0
410362,1,1,1984,0,0,0,0,0,0,0,0,0,0
410363,1,1,1984,0,0,0,0,0,0,0,0,0,0
410363,2,1,1984,0,0,0,0,6,5,0,0,0,0
410364,1,1,1984,0,0,0,0,0,0,0,0,0,0
410364,2,1,1984,0,0,0,0,0,0,0,0,0,0
410365,0,1,1984,0,0,0,0,0,0,0,0,0,0
410365,1,1,1984,0,0,0,0,0,0,0,0,0,0
410366,1,1,1984,9,9,9,9,9,9,9,9,9,9
410367,1,1,1984,3,3,3,3,3,3,3,3,3,3
410368,1,1,1984,17,17,17,17,17,17,17,17,17,17
410369,1,1,1984,24,24,24,24,24,24,24,24,24,24
410370,1,1,1984,20,20,20,20,20,20,20,20,20,20
410371,1,1,1984,0,0,0,0,0,0,0,0,0,0
410371,2,1,1984,18,17,9,0,12,9,7,12,7,17
410372,0,1,1984,0,0,0,0,0,0,0,0,0,0
410372,1,1,1984,20,0,25,0,27,0,6,0,0,20
410374,1,1,1984,16,16,16,16,16,16,16,16,16,16
410375,1,1,1984,8,8,8,8,8,8,8,8,8,8
410376,1,1,1984,16,16,16,16,16,16,16,16,16,16
410377,1,1,1984,0,0,0,0,0,0,0,0,0,0
410377,2,1,1984,0,0,0,0,0,0,0,0,0,0
410378,0,1,1984,0,0,0,0,0,0,0,0,0,0
410378,1,1,1984,0,7,0,0,0,0,0,0,0,7
410379,1,1,1984,0,0,15,0,0,0,0,0,0,0
410379,2,1,1984,0,10,0,0,0,0,0,0,0,0
410379,3,1,1984,0,0,0,0,0,0,0,26,0,0
410380,0,1,1984,0,0,0,0,0,0,0,0,0,0
410380,1,1,1984,0,0,0,0,0,0,0,0,0,0
410381,1,1,1984,2,2,2,2,2,2,2,2,2,2
410382,1,1,1984,0,0,0,0,0,0,0,0,0,0
410382,2,1,1984,0,0,0,0,0,0,0,0,0,0
410383,1,1,1984,21,21,21,21,21,21,21,21,21,21
410383,2,1,1984,0,0,0,0,0,0,0,0,0,0
410383,3,1,1984,0,0,0,0,0,0,0,0,0,0
410383,4,1,1984,0,0,0,0,0,0,0,0,0,0
410384,1,1,1984,21,21,21,21,21,21,21,21,21,21
410385,1,1,1984,13,13,13,13,13,13,13,13,13,13
410386,1,1,1984,11,11,11,11,11,11,11,11,11,11
410387,1,1,1984,26,26,26,26,26,26,26,26,26,26
410388,0,1,1984,0,0,0,0,0,0,0,0,0,0
410388,1,1,1984,35,0,0,0,24,20,0,26,32,0
410389,1,1,1984,10,10,10,10,10,10,10,10,10,10
410390,0,1,1984,0,0,0,0,0,0,0,0,0,0
410390,1,1,1984,0,0,0,0,0,0,0,0,0,13
410391,1,1,1984,15,0,0,21,6,9,17,0,11,0
410391,2,1,1984,0,0,5,0,0,0,0,0,0,0
410392,1,1,1984,0,0,0,0,14,0,9,0,10,17
410393,1,1,1984,22,22,22,22,22,22,22,22,22,22
410394,1,1,1984,0,0,0,0,0,0,0,0,0,0