ST_CASE,VEH_NO,PER_NO,YEAR,P1,P2,P3,P4,P5,P6,P7,P8,P9,P10
410394,2,1,1984,0,0,0,0,0,0,0,0,0,0
410395,1,1,1984,16,16,16,16,16,16,16,16,16,16
410396,1,1,1984,10,10,10,10,10,10,10,10,10,10
410397,0,1,1984,21,21,21,21,21,21,21,21,21,21
410397,1,1,1984,0,0,0,0,0,0,0,0,0,0
410398,1,1,1984,0,0,0,0,0,0,0,0,0,0
410399,1,1,1984,10,10,10,10,10,10,10,10,10,10
410400,1,1,1984,0,0,0,0,0,0,0,0,0,0
410400,2,1,1984,0,0,0,0,0,0,0,0,0,0
410401,0,1,1984,0,0,0,0,0,0,0,0,0,0
410401,1,1,1984,0,16,0,0,0,7,0,13,0,0
410402,1,1,1984,23,23,23,23,23,23,23,23,23,23
410402,2,1,1984,0,38,0,0,19,0,0,7,0,0
410403,1,1,1984,0,0,0,0,14,0,0,13,0,0
410403,2,1,1984,0,0,0,0,0,0,0,0,0,0
410404,1,1,1984,0,0,0,0,0,0,0,0,0,0
410404,2,1,1984,0,0,0,0,0,0,0,0,0,0
410405,1,1,1984,30,30,30,30,30,30,30,30,30,30
410406,1,1,1984,19,0,16,2,0,5,0,0,5,0
410406,2,1,1984,0,0,0,0,0,0,0,14,0,0
410406,3,1,1984,0,0,23,0,0,20,13,0,0,0
410407,0,1,1984,0,0,0,0,0,0,0,0,0,0
410407,1,1,1984,0,0,0,0,0,0,0,0,0,0
410408,1,1,1984,0,0,0,0,0,0,0,0,0,0
410408,2,1,1984,0,6,0,0,0,0,0,0,0,0
410409,0,1,1984,9,9,9,9,9,9,9,9,9,9
410409,2,1,1984,7,7,7,7,7,7,7,7,7,7
410410,1,1,1984,0,0,0,0,0,0,0,0,0,0
410410,2,1,1984,0,0,0,0,0,0,0,0,18,3
410411,1,1,1984,0,0,0,0,0,0,0,0,0,0
410411,2,1,1984,9,9,9,9,9,9,9,9,9,9
410412,0,1,1984,19,19,19,19,19,19,19,19,19,19
410412,1,1,1984,0,0,0,16,0,20,15,14,0,2
410413,1,1,1984,0,0,0,0,0,0,0,0,0,0
410413,2,1,1984,0,0,17,0,0,0,0,0,0,0
410414,0,1,1984,4,4,4,4,4,4,4,4,4,4
410414,1,1,1984,1,1,1,1,1,1,1,1,1,1
410415,0,1,1984,2,2,2,2,2,2,2,2,2,2
410415,1,1,1984,0,0,0,0,0,9,22,0,0,0
410416,1,1,1984,22,22,22,22,22,22,22,22,22,22
410417,1,1,1984,12,12,12,12,12,12,12,12,12,12
410418,1,1,1984,11,12,0,0,0,22,0,0,20,0
410418,2,1,1984,0,0,0,0,0,0,0,0,0,0
410419,1,1,1984,0,0,0,0,0,0,0,0,0,0
410419,2,1,1984,0,0,0,0,0,0,0,0,0,0
410420,1,1,1984,0,0,0,0,0,0,0,0,0,0
410420,2,1,1984,0,0,0,0,6,0,9,0,0,0
410421,1,1,1984,0,0,0,0,0,0,0,0,0,0
410421,2,1,1984,0,0,0,0,0,0,0,0,0,0
410421,3,1,1984,0,0,0,0,0,0,0,0,0,0
410421,4,1,1984,2,0,0,0,0,0,0,0,0,0
410422,1,1,1984,23,23,23,23,23,23,23,23,23,23
410423,1,1,1984,0,0,0,0,0,0,0,0,0,0
410423,2,1,1984,0,0,0,0,23,0,0,0,0,0
410424,1,1,1984,0,0,0,0,0,0,0,0,0,0
410425,0,1,1984,2,2,2,2,2,2,2,2,2,2
410425,1,1,1984,0,0,0,15,0,0,0,0,0,0
410426,1,1,1984,0,0,0,0,0,0,0,0,0,0
410427,1,1,1984,6,0,7,0,0,0,0,0,0,0
410427,2,1,1984,0,0,11,0,0,0,0,0,0,0
410428,1,1,1984,0,0,0,0,0,0,0,0,0,0
410428,2,1,1984,0,0,0,0,0,0,0,0,0,0
410429,0,1,1984,0,0,0,0,0,0,0,0,0,0
410429,1,1,1984,0,0,0,0,0,0,0,0,6,0
410430,1,1,1984,0,0,0,0,0,0,0,0,0,0
410430,2,1,1984,0,0,0,0,0,0,0,0,0,0
410431,1,1,1984,17,17,17,17,17,17,17,17,17,17
410432,1,1,1984,5,0,0,18,0,0,0,0,0,0
410433,1,1,1984,0,0,0,0,0,0,0,17,0,0
410434,1,1,1984,0,0,6,0,0,18,17,0,0,0
410434,2,1,1984,0,0,0,0,0,0,0,0,0,0
410435,1,1,1984,0,0,15,0,0,0,0,21,16,13
410436,1,1,1984,0,0,0,14,0,0,0,0,0,0
410436,2,1,1984,0,0,0,0,0,0,0,0,0,0
410437,1,1,1984,23,23,23,23,23,23,23,23,23,23
410438,0,1,1984,15,15,15,15,15,15,15,15,15,15
410438,1,1,1984,12,0,0,0,0,9,13,6,16,22
410439,1,1,1984,0,10,0,0,0,0,0,0,0,0
410440,0,1,1984,24,24,24,24,24,24,24,24,24,24
410440,1,1,1984,0,0,25,0,0,0,0,0,0,12
410441,0,1,1984,26,26,26,26,26,26,26,26,26,26
410441,1,1,1984,0,0,0,0,23,0,0,0,0,0
410448,1,1,1984,0,0,0,0,0,0,0,0,0,0
410448,2,1,1984,0,0,5,0,0,0,0,0,0,0
410449,1,1,1984,0,0,15,0,0,0,0,3,0,0
410450,1,1,1984,0,0,0,0,0,0,0,0,0,0
410450,2,1,1984,0,0,0,0,0,0,0,0,0,0
410451,1,1,1984,0,0,0,0,0,0,0,0,0,0
410452,1,1,1984,9,9,9,9,9,9,9,9,9,9
410452,2,1,1984,0,0,0,5,0,0,0,0,0,0
410453,0,1,1984,12,12,12,12,12,12,12,12,12,12
410453,1,1,1984,0,8,0,0,0,11,0,0,0,9
410454,1,1,1984,21,21,21,21,21,21,21,21,21,21
410455,1,1,1984,0,0,0,0,21,0,0,23,0,0
410456,1,1,1984,16,16,16,16,16,16,16,16,16,16
410457,1,1,1984,0,0,0,0,6,0,0,0,0,0
410458,1,1,1984,27,0,23,0,35,20,15,10,20,18
410459,0,1,1984,0,0,0,0,0,0,0,0,0,0
410459,1,1,1984,0,17,18,0,13,37,36,18,0,25
410460,1,1,1984,17,17,17,17,17,17,17,17,17,17
410461,0,1,1984,0,0,0,0,0,0,0,0,0,0
410461,1,1,1984,0,0,0,0,0,0,0,0,0,0
410462,0,1,1984,0,0,0,0,0,0,0,0,0,0
410462,1,1,1984,16,0,0,0,19,0,19,24,0,0
410463,1,1,1984,0,0,0,0,0,0,0,0,0,0
410463,2,1,1984,0,0,0,0,0,0,0,0,0,0
410463,3,1,1984,0,0,0,0,0,0,0,0,0,0
410464,1,1,1984,0,0,8,0,0,0,0,0,0,0
410465,1,1,1984,0,27,0,0,0,0,0,0,0,0
410465,2,1,1984,16,0,0,0,0,0,0,0,0,0
410466,0,1,1984,0,0,0,0,0,0,0,0,0,0
410466,1,1,1984,12,12,12,12,12,12,12,12,12,12
410467,1,1,1984,6,6,6,6,6,6,6,6,6,6
410467,2,1,1984,0,0,0,0,0,0,0,0,9,0
410468,1,1,1984,0,0,0,0,0,0,0,0,0,0
410469,1,1,1984,0,0,0,0,0,0,0,0,0,0
410470,1,1,1984,11,27,21,0,22,24,20,18,9,15
410471,1,1,1984,0,0,0,0,0,0,0,0,0,0
410471,2,1,1984,0,0,0,0,0,0,0,0,6,0
410472,1,1,1984,0,0,28,3,8,6,16,45,4,24
410472,2,1,1984,0,0,0,0,0,15,0,0,0,0
410473,1,1,1984,17,17,17,17,17,17,17,17,17,17
410474,1,1,1984,19,19,19,19,19,19,19,19,19,19
410475,1,1,1984,17,7,5,10,0,0,7,0,0,22
410475,2,1,1984,0,0,0,0,0,0,0,0,0,0
410476,1,1,1984,22,22,22,22,22,22,22,22,22,22
410477,1,1,1984,27,27,27,27,27,27,27,27,27,27
410478,1,1,1984,17,17,17,17,17,17,17,17,17,17
410479,1,1,1984,0,0,0,0,0,0,0,0,0,0
410479,2,1,1984,0,0,0,0,0,0,0,0,0,0
410479,3,1,1984,0,0,0,0,0,0,12,0,0,0
410479,4,1,1984,28,0,0,0,0,0,0,0,0,0
410480,1,1,1984,0,0,0,0,0,0,0,0,0,0
410481,0,1,1984,0,0,0,0,0,0,0,0,0,0
410481,1,1,1984,0,0,0,0,0,0,0,0,0,0
410482,0,1,1984,0,0,0,0,0,0,0,0,0,0
410482,1,1,1984,0,0,17,0,0,0,0,0,0,0
410484,1,1,1984,0,0,0,0,0,0,0,0,0,0
410485,1,1,1984,16,16,16,16,16,16,16,16,16,16
410486,1,1,1984,15,15,15,15,15,15,15,15,15,15
410487,0,1,1984,22,22,22,22,22,22,22,22,22,22
410487,1,1,1984,0,0,9,14,9,0,16,0,0,11
410487,2,1,1984,0,0,4,0,0,0,0,0,0,0
410488,1,1,1984,0,0,0,0,0,0,0,0,0,0
410488,2,1,1984,0,0,0,0,0,0,0,0,0,0
410489,1,1,1984,8,8,8,8,8,8,8,8,8,8
410490,1,1,1984,0,0,0,3,0,0,0,0,0,8
410490,2,1,1984,0,0,0,0,0,0,0,0,0,0
410491,1,1,1984,21,0,10,0,26,27,0,17,17,0
410492,1,1,1984,14,14,14,14,14,14,14,14,14,14
410492,2,1,1984,0,19,0,15,0,0,13,15,4,19
410493,1,1,1984,20,20,20,20,20,20,20,20,20,20
410494,0,1,1984,0,0,0,0,0,0,0,0,0,0
410494,1,1,1984,2,0,0,0,0,0,0,0,0,8
410495,0,1,1984,35,7,33,0,30,0,20,22,18,19
410495,0,2,1984,0,0,0,0,0,0,0,0,0,0
410495,1,1,1984,0,0,0,8,0,0,0,0,0,0
410496,1,1,1984,0,0,0,0,0,0,0,0,0,0
410496,2,1,1984,0,0,0,0,0,0,0,0,0,0
410497,0,1,1984,0,0,0,0,0,0,0,0,0,0
410497,1,1,1984,0,0,0,0,0,0,0,0,0,0
410498,1,1,1984,0,0,0,0,0,0,0,0,0,0
410499,1,1,1984,18,18,18,18,18,18,18,18,18,18
410500,0,1,1984,0,0,0,0,0,0,0,0,0,0
410500,1,1,1984,0,0,0,0,0,0,0,0,0,0
410501,0,1,1984,19,0,7,0,22,24,2,0,13,16
410501,1,1,1984,0,26,10,21,12,0,0,0,19,7
410502,0,1,1984,24,24,24,24,24,24,24,24,24,24
410502,1,1,1984,0,0,0,0,18,0,0,0,0,3
410503,0,1,1984,0,0,0,0,0,0,0,0,0,0
410503,0,2,1984,0,18,0,0,0,0,0,0,0,0
410503,1,1,1984,0,9,0,0,0,10,0,0,0,0
410504,0,1,1984,0,0,0,0,0,0,0,0,0,0
410504,1,1,1984,0,0,0,0,0,0,0,0,0,0
410505,1,1,1984,0,0,0,0,0,0,0,0,0,0
410505,2,1,1984,10,0,0,0,0,0,10,0,0,0
410506,1,1,1984,18,18,18,18,18,18,18,18,18,18
410506,2,1,1984,0,0,0,0,0,0,0,0,0,0
410507,0,1,1984,12,26,0,21,14,14,17,0,9,19
410507,0,2,1984,0,0,0,0,0,0,0,0,0,0
410507,1,1,1984,9,9,9,9,9,9,9,9,9,9
410508,1,1,1984,20,20,20,20,20,20,20,20,20,20
410509,1,1,1984,0,0,0,0,0,0,0,0,0,0
410510,0,1,1984,24,24,24,24,24,24,24,24,24,24
410510,1,1,1984,3,3,3,3,3,3,3,3,3,3
410511,0,1,1984,14,14,14,14,14,14,14,14,14,14
410511,1,1,1984,0,0,0,0,0,0,0,0,0,0
410512,1,1,1984,18,18,18,18,18,18,18,18,18,18
410513,1,1,1984,0,0,0,0,0,0,0,0,0,0
410514,1,1,1984,0,0,0,0,0,0,0,0,3,0
410514,2,1,1984,0,0,0,0,0,0,0,0,0,0
410515,1,1,1984,27,27,27,27,27,27,27,27,27,27
410516,1,1,1984,0,0,0,0,0,0,0,0,0,0
410517,1,1,1984,0,0,0,0,0,0,0,0,0,0
410517,2,1,1984,0,0,0,0,12,13,0,5,0,13
410518,1,1,1984,4,0,0,0,0,0,0,0,0,0
410519,1,1,1984,0,0,0,0,0,0,0,0,0,0
410520,1,1,1984,0,0,0,0,0,0,0,0,0,0
410520,2,1,1984,12,0,0,0,0,0,0,0,0,0
410521,1,1,1984,19,19,19,19,19,19,19,19,19,19
410522,1,1,1984,0,0,0,0,0,0,0,0,0,0
410522,2,1,1984,14,0,0,0,0,0,0,16,0,0
410522,3,1,1984,0,0,0,0,0,0,0,0,0,0
410523,0,1,1984,23,23,23,23,23,23,23,23,23,23
410523,1,1,1984,0,0,0,0,0,25,0,14,0,10
410524,1,1,1984,0,4,0,0,0,0,0,0,0,0
410525,1,1,1984,0,0,0,0,0,36,0,0,0,0
410526,1,1,1984,0,0,0,0,0,0,0,0,0,0
410526,2,1,1984,0,0,0,0,0,0,0,0,0,0
410526,3,1,1984,0,0,0,0,0,0,0,0,0,0
410527,1,1,1984,0,0,0,0,0,0,0,0,0,0
410527,2,1,1984,0,0,0,0,0,0,0,0,0,0
410529,1,1,1984,0,0,0,0,0,0,0,0,0,0
410529,2,1,1984,0,0,0,0,0,0,0,0,0,0
410529,3,1,1984,14,0,0,0,0,0,0,0,5,0
410530,0,1,1984,6,6,6,6,6,6,6,6,6,6
410530,1,1,1984,0,17,9,0,0,15,0,0,0,0
410531,1,1,1984,0,0,0,0,0,0,0,0,0,0
410532,1,1,1984,11,11,11,11,11,11,11,11,11,11
410533,0,1,1984,18,18,18,18,18,18,18,18,18,18
410533,1,1,1984,10,0,18,4,21,14,25,8,7,0
410534,0,1,1984,21,10,0,28,31,17,16,0,0,33
410534,0,2,1984,20,15,10,16,13,25,23,0,20,27
410534,0,3,1984,10,10,10,10,10,10,10,10,10,10
410534,1,1,1984,0,0,0,0,0,0,0,0,0,0
410534,2,1,1984,0,0,0,0,0,0,18,0,0,0
420001,1,1,1984,3,3,3,3,3,3,3,3,3,3
420002,1,1,1984,14,14,14,14,14,14,14,14,14,14
420003,0,1,1984,0,0,0,0,0,0,0,0,0,0
420003,1,1,1984,0,0,0,0,0,8,0,0,0,0
420004,1,1,1984,19,19,19,19,19,19,19,19,19,19
420005,1,1,1984,0,0,0,0,0,8,0,0,0,0
420005,2,1,1984,0,0,0,0,0,0,0,0,0,0
420006,0,1,1984,0,0,0,0,0,0,0,0,0,0
420006,1,1,1984,0,0,0,0,6,15,0,0,13,0
420007,1,1,1984,0,0,0,0,0,0,0,0,0,0
420007,2,1,1984,0,13,0,0,0,0,0,0,0,0
420008,1,1,1984,0,0,0,0,0,0,0,0,0,0
420009,1,1,1984,0,0,0,0,0,0,0,0,0,0
420009,2,1,1984,0,0,0,7,0,0,0,0,26,0
420010,1,1,1984,0,0,0,0,0,0,0,0,0,0
420011,1,1,1984,0,0,0,0,0,0,0,0,0,0
420011,2,1,1984,0,0,0,0,0,0,0,0,0,0
420012,1,1,1984,0,0,0,0,0,0,0,0,0,0
420013,1,1,1984,0,0,0,13,0,0,0,0,0,0
420013,2,1,1984,0,0,0,26,0,0,0,0,0,0
420014,1,1,1984,0,0,0,0,0,0,0,0,0,0
420015,0,1,1984,0,0,0,0,0,0,0,16,0,8
420015,0,2,1984,2,0,0,23,17,20,29,0,0,0
420015,0,3,1984,0,0,0,0,0,0,0,0,0,0
420015,1,1,1984,0,0,0,0,0,11,22,0,0,0
420015,2,1,1984,13,0,0,0,0,0,0,0,0,0
420016,1,1,1984,0,0,0,0,0,0,0,0,0,0
420017,0,1,1984,0,0,0,0,0,0,0,0,0,0
420017,1,1,1984,0,0,0,0,0,0,0,0,0,0
420018,1,1,1984,0,0,0,0,0,0,0,0,0,16
420018,2,1,1984,0,0,0,0,0,0,0,0,0,0
420019,0,1,1984,0,14,0,21,0,0,0,13,21,0
420019,1,1,1984,0,0,0,0,0,0,0,0,0,0
420020,1,1,1984,25,25,25,25,25,25,25,25,25,25
420021,1,1,1984,0,0,0,0,17,0,0,0,0,0
420021,2,1,1984,0,0,0,0,0,0,0,0,0,0
420022,1,1,1984,0,0,0,0,0,0,0,0,0,0
420023,1,1,1984,28,28,28,28,28,28,28,28,28,28
420023,2,1,1984,0,0,0,0,0,0,0,0,0,0
420023,3,1,1984,0,0,0,0,0,0,0,0,0,0
420023,4,1,1984,0,0,0,0,0,0,0,0,27,0
420024,1,1,1984,0,0,0,0,0,0,0,0,0,0
420024,2,1,1984,0,5,0,0,0,0,0,0,0,0
420024,3,1,1984,0,0,0,0,0,0,28,0,0,0
420025,1,1,1984,0,0,0,0,0,0,0,0,0,0
420025,2,1,1984,14,0,0,0,0,0,0,0,0,0
420026,1,1,1984,5,5,5,5,5,5,5,5,5,5
420026,2,1,1984,0,0,16,0,10,0,0,0,7,0
420027,1,1,1984,0,0,0,0,0,0,0,0,0,7
420027,2,1,1984,0,0,0,0,0,0,0,0,0,0
420028,1,1,1984,0,0,0,0,0,0,0,0,0,0
420028,2,1,1984,0,0,0,0,0,0,0,0,0,0
420028,3,1,1984,0,0,0,0,0,0,0,0,0,0
420029,1,1,1984,0,0,0,0,0,0,0,0,0,0
420030,1,1,1984,0,12,0,19,17,41,0,0,0,0
420030,2,1,1984,19,19,19,19,19,19,19,19,19,19
420031,1,1,1984,29,29,29,29,29,29,29,29,29,29
420032,1,1,1984,23,23,23,23,23,23,23,23,23,23
420033,0,1,1984,0,0,0,0,0,0,0,0,0,0
420033,1,1,1984,0,11,0,7,0,0,0,0,0,0
420034,1,1,1984,0,28,0,0,0,0,0,0,0,0
420034,2,1,1984,0,0,0,0,0,0,0,0,0,0
420035,1,1,1984,0,0,0,0,0,0,0,0,0,0
420035,2,1,1984,0,0,0,0,0,0,0,0,0,0
420036,0,1,1984,19,19,19,19,19,19,19,19,19,19
420036,1,1,1984,0,0,0,23,0,8,0,6,0,18
420037,0,1,1984,12,11,15,17,0,16,17,17,24,20
420037,1,1,1984,0,6,20,0,5,5,23,0,0,0
420038,0,1,1984,0,0,0,0,0,0,0,0,0,0
420038,1,1,1984,0,0,0,0,0,0,0,0,0,0
420039,1,1,1984,0,0,0,0,0,0,0,0,0,0
420040,0,1,1984,0,0,0,8,0,0,0,16,11,0
420040,1,1,1984,0,0,11,0,24,5,0,23,0,0
420041,1,1,1984,0,0,0,0,0,0,0,0,0,0
420042,1,1,1984,0,0,0,0,0,6,0,0,0,0
420042,2,1,1984,0,0,0,0,0,0,0,0,0,0
420043,1,1,1984,9,9,9,9,9,9,9,9,9,9
420043,2,1,1984,0,0,0,0,0,0,0,0,0,0
420044,1,1,1984,21,21,21,21,21,21,21,21,21,21
420045,1,1,1984,0,0,0,0,0,0,0,0,0,0
420046,1,1,1984,0,0,0,0,0,0,0,0,0,0
420047,1,1,1984,0,0,0,0,0,0,0,0,0,0
420048,1,1,1984,25,25,25,25,25,25,25,25,25,25
420048,2,1,1984,0,0,0,14,11,0,0,23,15,0
420049,1,1,1984,26,26,26,26,26,26,26,26,26,26
420050,0,1,1984,0,0,0,0,0,0,0,0,0,0
420050,1,1,1984,17,21,0,0,0,24,0,21,0,0
420051,0,1,1984,0,0,0,0,0,0,0,0,0,0
420051,1,1,1984,0,0,0,0,0,20,0,0,0,0
420051,2,1,1984,0,0,10,0,7,0,0,0,0,0
420051,3,1,1984,0,0,0,0,0,0,0,0,0,0
420052,0,1,1984,0,11,0,0,0,0,0,9,0,0
420052,1,1,1984,0,0,0,0,0,0,0,0,0,0
420053,1,1,1984,18,18,18,18,18,18,18,18,18,18
420053,2,1,1984,0,0,11,21,9,24,23,19,20,11
420054,1,1,1984,9,17,0,28,0,0,0,0,0,0
420054,2,1,1984,0,0,0,0,0,0,0,0,0,0
420055,1,1,1984,0,0,0,0,0,0,0,0,25,0
420055,2,1,1984,0,0,0,5,0,0,0,0,0,0
420056,1,1,1984,0,6,0,16,0,0,0,0,0,0
420057,0,1,1984,21,21,21,21,21,21,21,21,21,21
420057,1,1,1984,0,0,0,0,0,0,0,6,0,5
420058,1,1,1984,0,0,0,0,0,0,0,0,0,0
420059,1,1,1984,0,0,0,0,6,0,0,0,0,0
420059,2,1,1984,26,26,26,26,26,26,26,26,26,26
420060,1,1,1984,0,0,0,0,5,0,0,0,0,0
420060,2,1,1984,0,0,0,0,0,0,0,0,0,0
420061,1,1,1984,23,23,23,23,23,23,23,23,23,23
420062,1,1,1984,0,0,0,0,0,0,0,0,0,0
420063,0,1,1984,0,20,0,18,0,0,20,6,0,0
420063,1,1,1984,0,0,0,0,0,0,0,0,0,0
420064,1,1,1984,15,17,0,0,0,0,0,5,0,0
420065,1,1,1984,0,0,13,0,0,0,0,0,0,0
420065,2,1,1984,0,0,0,0,0,0,0,0,0,0
420066,1,1,1984,0,0,0,0,0,0,0,0,0,24
420066,2,1,1984,0,0,0,0,0,0,0,0,0,0
420067,0,1,1984,0,0,0,0,0,0,0,0,0,0
420067,1,1,1984,0,0,0,0,0,0,13,0,0,0
420068,0,1,1984,23,23,23,23,23,23,23,23,23,23
420068,1,1,1984,8,22,9,10,27,0,28,0,0,0
420069,1,1,1984,4,4,4,4,4,4,4,4,4,4
420070,1,1,1984,22,10,0,21,0,15,10,0,16,0
420070,2,1,1984,0,0,0,0,0,0,0,0,0,0
420071,0,1,1984,22,22,22,22,22,22,22,22,22,22
420071,1,1,1984,0,0,0,0,0,0,0,0,0,0
420072,0,1,1984,0,0,0,0,0,0,0,0,0,0
420072,1,1,1984,0,0,14,3,0,0,0,6,0,0
420073,1,1,1984,12,0,0,0,0,0,26,0,0,12
420074,1,1,1984,22,22,22,22,22,22,22,22,22,22
420074,2,1,1984,0,0,0,0,0,0,0,0,0,0
420075,1,1,1984,22,22,22,22,22,22,22,22,22,22
420076,1,1,1984,0,0,0,0,0,0,0,0,0,0
420077,1,1,1984,0,0,0,0,0,0,0,0,0,0
420077,2,1,1984,0,0,0,3,0,0,0,26,3,0
420078,0,1,1984,0,0,0,0,0,0,0,0,0,0
420078,1,1,1984,0,0,0,0,0,0,20,0,0,0
420079,1,1,1984,18,18,18,18,18,18,18,18,18,18
420079,2,1,1984,0,0,0,0,0,0,0,0,0,0
420080,1,1,1984,0,0,0,0,0,0,0,0,0,0
420080,2,1,1984,0,0,0,0,0,0,0,0,0,0
420081,1,1,1984,27,27,27,27,27,27,27,27,27,27
420082,1,1,1984,0,30,30,0,16,12,0,0,10,12
420082,2,1,1984,0,0,0,22,15,0,0,0,0,4
420083,0,1,1984,0,0,0,0,0,0,0,0,0,0
420083,0,2,1984,36,0,0,0,20,0,0,6,0,14
420083,1,1,1984,0,0,0,0,0,8,0,0,30,7
420084,1,1,1984,12,12,12,12,12,12,12,12,12,12
420085,1,1,1984,10,0,23,22,16,7,18,24,17,19
420086,1,1,1984,10,10,10,10,10,10,10,10,10,10
420087,1,1,1984,17,17,17,17,17,17,17,17,17,17
420088,1,1,1984,0,0,0,0,9,13,0,0,12,0
420088,2,1,1984,26,0,0,0,0,0,0,0,0,0
420089,1,1,1984,0,0,0,0,0,0,0,0,0,0
420090,0,1,1984,0,0,9,0,23,0,0,0,0,0
420090,0,2,1984,0,42,0,0,31,26,0,31,0,27
420090,1,1,1984,16,32,0,0,8,0,0,0,0,23
420091,1,1,1984,0,0,0,0,0,0,0,0,0,0
420092,1,1,1984,0,0,0,0,0,0,0,0,0,0
420092,2,1,1984,0,0,0,0,0,0,0,0,0,0
420093,1,1,1984,17,17,17,17,17,17,17,17,17,17
420094,1,1,1984,0,0,0,0,0,4,0,0,0,0
420094,2,1,1984,0,0,0,0,0,0,0,0,0,0
420095,1,1,1984,18,18,18,18,18,18,18,18,18,18
420095,2,1,1984,0,0,0,0,0,21,0,0,0,7
420096,1,1,1984,0,0,0,0,0,0,0,0,0,0
420096,2,1,1984,0,0,0,0,0,0,0,0,0,0
420097,0,1,1984,35,35,35,35,35,35,35,35,35,35
420097,0,2,1984,21,30,14,30,29,15,32,4,28,0
420097,1,1,1984,0,0,0,0,0,0,16,0,0,0
420098,1,1,1984,0,0,0,0,0,0,0,0,0,0
420098,2,1,1984,0,0,0,0,0,0,0,0,0,0
420098,3,1,1984,0,0,0,19,0,0,0,0,0,0
420099,1,1,1984,0,0,0,0,0,0,0,0,0,0
420099,2,3,1984,0,9,0,0,14,0,0,0,0,0
420100,1,1,1984,5,21,0,0,20,21,0,0,0,17
420100,2,1,1984,15,15,15,15,15,15,15,15,15,15
420101,0,1,1984,0,0,0,0,0,0,0,0,0,0
420101,1,1,1984,0,0,18,0,0,0,0,0,0,0
420102,1,1,1984,21,21,21,21,21,21,21,21,21,21
420103,1,1,1984,8,0,23,0,4,2,0,0,23,0
420103,2,1,1984,5,5,5,5,5,5,5,5,5,5
420103,3,1,1984,0,0,0,0,0,0,0,0,0,0
420104,0,1,1984,0,0,0,0,0,0,0,0,0,0
420104,0,2,1984,0,0,0,5,17,15,0,20,0,16
420104,1,1,1984,0,0,24,0,0,17,0,17,0,9
420105,1,1,1984,0,0,0,25,10,7,10,11,15,0
420106,1,1,1984,0,0,0,0,22,11,0,0,0,0
420107,1,1,1984,30,30,30,30,30,30,30,30,30,30
420108,1,1,1984,0,0,0,0,0,0,0,0,16,0
420108,2,1,1984,0,0,0,0,0,0,0,0,0,0
420109,1,1,1984,0,0,0,0,0,0,0,0,0,0
420110,1,1,1984,0,0,28,0,0,0,15,0,0,0
420111,1,1,1984,0,0,0,0,0,0,0,0,0,0
420112,1,1,1984,18,18,18,18,18,18,18,18,18,18
420113,1,1,1984,0,0,0,0,0,0,0,0,0,0
420114,1,1,1984,0,0,0,0,0,0,0,0,0,0
420115,1,1,1984,0,0,0,0,0,0,0,0,0,0
420115,2,1,1984,0,0,0,0,0,0,0,0,0,0
420116,0,1,1984,0,12,23,11,16,16,0,0,0,0
420116,1,1,1984,0,0,0,0,0,0,0,13,0,0
420116,3,1,1984,0,0,0,8,0,0,15,0,0,0
420117,1,1,1984,13,13,13,13,13,13,13,13,13,13
420118,1,1,1984,0,12,0,0,0,0,0,0,0,0
420118,2,1,1984,30,30,30,30,30,30,30,30,30,30
420119,0,1,1984,9,10,18,22,0,0,0,29,13,0
420119,1,1,1984,17,0,0,0,0,7,0,20,4,3
420120,1,1,1984,28,15,15,31,29,15,25,34,36,12
420121,1,1,1984,0,0,0,0,0,0,0,0,0,0
420121,2,1,1984,0,0,0,12,0,0,0,0,0,0
420121,3,1,1984,0,0,0,0,0,0,0,0,0,0
420121,4,1,1984,0,0,0,0,0,0,0,0,0,0
420121,5,1,1984,0,0,0,0,0,0,0,0,0,0
420122,0,1,1984,0,0,0,0,0,0,0,0,0,0
420122,1,1,1984,0,0,0,0,0,0,0,0,0,0
420122,2,1,1984,0,0,0,7,0,0,0,0,23,0
420123,0,1,1984,0,0,0,0,0,0,0,0,0,0
420123,1,1,1984,0,0,18,0,0,8,0,0,0,0
420124,1,1,1984,15,15,15,15,15,15,15,15,15,15
420125,1,1,1984,0,7,0,0,0,0,0,0,0,0
420125,2,1,1984,0,0,0,0,0,0,0,0,0,0
420126,0,1,1984,0,0,0,0,0,0,0,0,0,0
420126,1,1,1984,15,0,20,13,0,21,13,0,0,0
420127,1,1,1984,24,0,17,0,17,33,0,27,0,20
420128,1,1,1984,0,0,0,0,0,0,0,0,0,0
420128,2,1,1984,0,0,0,0,16,0,0,0,16,0
420129,1,1,1984,0,0,0,0,0,29,16,0,18,0
420130,1,1,1984,15,15,15,15,15,15,15,15,15,15
420130,2,1,1984,10,0,0,8,8,9,0,0,0,0
420131,1,1,1984,0,0,0,0,14,0,0,0,15,22
420131,2,1,1984,0,0,0,0,0,0,0,0,0,0
420132,1,1,1984,0,0,0,0,19,0,0,0,0,0
420133,0,1,1984,0,0,0,0,0,21,14,0,0,16
420133,1,1,1984,0,0,0,0,0,0,0,0,0,0
420134,1,1,1984,2,2,2,2,2,2,2,2,2,2
420135,1,1,1984,17,17,17,17,17,17,17,17,17,17
420136,1,1,1984,18,18,18,18,18,18,18,18,18,18
420137,1,1,1984,0,0,0,0,0,0,0,0,0,0
420138,1,1,1984,12,0,0,47,0,0,0,0,16,0
420138,2,1,1984,12,12,12,12,12,12,12,12,12,12