ST_CASE,VEH_NO,PER_NO,YEAR,P1,P2,P3,P4,P5,P6,P7,P8,P9,P10
420139,1,1,1984,14,0,0,0,0,0,0,0,0,0
420139,2,1,1984,0,0,0,0,0,0,0,0,0,0
420140,1,1,1984,32,32,32,32,32,32,32,32,32,32
420141,1,1,1984,0,0,0,0,0,0,0,0,0,0
420141,2,1,1984,0,0,0,10,7,9,0,0,0,0
420142,1,1,1984,11,11,11,11,11,11,11,11,11,11
420143,0,1,1984,0,0,0,0,0,0,0,0,0,0
420143,1,1,1984,16,0,0,18,0,14,24,0,0,19
420144,0,1,1984,0,0,0,0,0,0,0,0,0,0
420144,1,1,1984,30,0,0,0,0,0,0,0,0,0
420145,1,1,1984,29,29,29,29,29,29,29,29,29,29
420146,1,1,1984,0,0,0,0,0,0,0,0,0,0
420146,2,1,1984,0,0,0,0,0,0,0,0,0,0
420147,1,1,1984,0,0,0,0,0,0,0,0,0,0
420147,2,1,1984,0,0,0,0,15,0,0,0,14,0
420148,0,1,1984,0,0,0,0,0,0,0,0,0,0
420148,1,1,1984,0,0,0,0,0,0,0,0,0,0
420149,1,1,1984,0,19,18,0,0,23,14,0,0,0
420150,1,1,1984,11,0,13,19,0,4,0,0,15,8
420151,1,1,1984,0,0,0,0,0,0,0,0,0,0
420151,2,1,1984,0,0,0,0,0,0,0,0,0,0
420152,1,1,1984,20,20,20,20,20,20,20,20,20,20
420153,1,1,1984,0,0,0,0,0,0,0,0,0,0
420154,1,1,1984,0,0,0,0,0,0,0,0,0,0
420155,1,1,1984,0,0,0,0,0,0,0,0,0,0
420156,1,1,1984,0,0,0,0,0,0,0,0,0,0
420156,2,1,1984,21,0,0,0,13,0,0,0,0,0
420157,1,1,1984,0,0,0,0,0,0,24,0,0,0
420158,1,1,1984,9,9,9,9,9,9,9,9,9,9
420159,1,1,1984,0,0,0,0,0,0,0,0,0,0
420160,1,1,1984,10,10,10,10,10,10,10,10,10,10
420160,2,1,1984,0,0,0,8,0,0,0,7,3,17
420161,0,1,1984,1,1,1,1,1,1,1,1,1,1
420161,1,1,1984,0,0,0,0,0,0,0,0,15,0
420161,2,1,1984,0,0,0,0,0,0,0,0,0,0
420162,0,1,1984,16,16,16,16,16,16,16,16,16,16
420162,1,1,1984,0,0,5,0,0,0,0,0,16,0
420163,1,1,1984,0,0,0,0,0,0,0,0,0,0
420163,2,1,1984,12,0,0,0,0,0,0,0,17,0
420163,3,1,1984,0,0,0,0,0,0,0,0,0,0
420164,1,1,1984,11,44,0,0,16,0,9,10,32,0
420165,0,1,1984,0,0,0,0,0,0,0,0,0,0
420165,1,1,1984,28,10,16,0,0,33,27,0,0,0
420166,1,1,1984,22,22,22,22,22,22,22,22,22,22
420167,1,1,1984,20,20,20,20,20,20,20,20,20,20
420168,1,1,1984,0,0,0,0,0,0,0,0,0,0
420168,2,1,1984,0,0,0,0,0,0,0,0,0,0
420170,1,1,1984,0,0,0,0,0,0,0,0,17,0
420171,1,1,1984,10,0,0,0,0,0,0,0,0,0
420172,1,1,1984,0,0,0,0,0,18,0,6,13,21
420172,2,1,1984,0,20,24,16,15,0,0,7,29,24
420173,1,1,1984,0,0,6,16,0,22,0,0,0,0
420174,0,1,1984,15,26,0,0,0,14,14,0,10,0
420174,1,1,1984,12,7,0,4,17,15,0,17,0,7
420175,1,1,1984,0,0,0,0,0,0,0,0,0,0
420175,2,1,1984,0,0,8,0,0,0,0,0,8,0
420176,1,1,1984,22,22,22,22,22,22,22,22,22,22
420176,2,1,1984,0,0,0,0,0,12,0,0,0,0
420177,1,1,1984,17,17,17,17,17,17,17,17,17,17
420177,2,1,1984,10,0,0,0,0,0,16,0,0,0
420178,1,1,1984,17,17,17,17,17,17,17,17,17,17
420179,1,1,1984,30,30,30,30,30,30,30,30,30,30
420180,1,1,1984,15,15,15,15,15,15,15,15,15,15
420181,0,1,1984,0,10,21,0,25,0,0,0,0,0
420181,1,1,1984,0,28,13,0,15,22,11,0,0,0
420182,1,1,1984,0,0,0,0,0,0,7,0,0,0
420182,2,1,1984,0,0,0,0,0,0,0,0,0,0
420183,1,1,1984,0,0,0,0,0,0,0,0,0,0
420184,0,1,1984,0,0,0,0,0,0,0,0,0,0
420184,1,1,1984,0,8,0,9,0,0,10,0,14,0
420185,1,1,1984,30,30,30,30,30,30,30,30,30,30
420186,0,1,1984,0,0,0,0,0,0,0,0,0,0
420186,1,1,1984,0,0,14,0,0,0,24,0,0,0
420187,1,1,1984,0,0,0,0,0,0,0,0,0,0
420187,2,1,1984,0,0,0,0,0,0,0,0,0,0
420187,3,1,1984,0,0,8,0,0,0,0,0,18,0
420188,0,1,1984,0,0,0,0,0,0,0,0,0,20
420188,1,1,1984,0,0,0,0,0,0,0,18,29,0
420189,1,1,1984,0,0,0,0,0,0,0,0,0,0
420190,1,1,1984,15,15,15,15,15,15,15,15,15,15
420190,2,1,1984,0,0,0,0,0,0,0,0,0,0
420191,1,1,1984,15,15,15,15,15,15,15,15,15,15
420191,2,1,1984,0,17,0,0,0,0,0,0,19,0
420192,1,1,1984,0,0,0,0,0,0,0,0,0,0
420193,1,1,1984,11,11,11,11,11,11,11,11,11,11
420194,1,1,1984,24,24,24,24,24,24,24,24,24,24
420195,0,1,1984,0,24,0,24,26,36,0,0,0,16
420195,1,1,1984,0,0,0,0,0,10,12,0,0,18
420196,1,1,1984,0,0,0,0,0,0,0,0,0,0
420196,2,1,1984,0,0,0,0,0,0,0,0,0,0
420197,1,1,1984,0,0,0,0,0,0,0,0,0,0
420197,2,1,1984,20,20,20,20,20,20,20,20,20,20
420198,1,1,1984,0,0,0,0,0,0,0,0,0,0
420199,1,1,1984,15,15,15,15,15,15,15,15,15,15
420199,2,1,1984,0,0,0,0,0,0,0,0,5,0
420200,1,1,1984,11,11,11,11,11,11,11,11,11,11
420201,1,1,1984,0,0,0,0,0,0,0,0,0,0
420201,2,1,1984,0,0,0,0,0,0,0,0,0,0
420201,3,1,1984,0,0,0,0,0,0,0,22,0,0
420201,4,1,1984,0,0,0,15,8,0,0,0,0,0
420201,5,1,1984,0,0,0,0,0,0,0,0,0,0
420202,1,1,1984,25,25,25,25,25,25,25,25,25,25
420202,2,1,1984,12,12,12,12,12,12,12,12,12,12
420203,1,1,1984,13,13,13,13,13,13,13,13,13,13
420204,1,1,1984,0,0,0,4,0,0,0,0,0,0
420204,2,1,1984,0,0,0,0,0,0,0,0,0,0
420205,0,1,1984,9,0,38,15,0,37,0,29,0,39
420205,1,1,1984,0,0,0,0,0,0,0,0,14,8
420206,1,1,1984,8,8,8,8,8,8,8,8,8,8
420207,0,1,1984,0,0,0,0,0,0,0,0,0,0
420207,1,1,1984,0,0,0,0,9,0,0,0,0,0
420208,0,1,1984,0,0,0,0,0,0,0,0,0,0
420208,1,1,1984,7,0,0,0,0,0,0,0,0,8
420209,1,1,1984,0,0,0,0,0,0,0,0,0,0
420210,1,1,1984,23,17,11,0,20,17,9,16,15,22
420211,1,1,1984,0,0,0,0,0,0,0,0,0,0
420212,1,1,1984,0,0,0,0,0,0,0,0,0,0
420213,0,1,1984,0,0,0,0,0,0,0,0,0,0
420213,1,1,1984,0,0,0,0,0,0,0,0,0,0
420214,1,1,1984,19,15,22,0,0,10,0,20,20,0
420214,2,1,1984,0,0,0,0,0,0,0,0,0,0
420214,3,1,1984,15,0,0,0,0,0,17,9,0,19
420215,1,1,1984,0,0,0,0,0,0,0,0,0,0
420216,1,1,1984,5,5,5,5,5,5,5,5,5,5
420217,1,1,1984,0,6,0,0,0,0,0,0,0,0
420217,2,1,1984,0,0,0,0,0,0,0,0,0,0
420218,1,1,1984,0,16,0,0,0,0,0,0,0,0
420218,2,1,1984,0,0,0,0,0,16,0,0,0,0
420219,1,1,1984,0,0,0,0,0,19,0,0,9,14
420220,1,1,1984,24,24,24,24,24,24,24,24,24,24
420221,1,1,1984,0,0,0,0,0,19,0,0,0,0
420221,2,1,1984,0,0,4,15,0,0,16,0,0,0
420222,1,1,1984,0,14,12,0,4,14,19,38,19,0
420223,1,1,1984,11,0,0,0,0,0,0,0,0,0
420224,1,1,1984,0,0,0,0,0,0,18,0,0,13
420225,1,1,1984,0,0,0,0,0,0,0,0,0,0
420226,1,1,1984,0,0,0,0,0,0,12,0,0,29
420226,2,1,1984,14,0,15,0,7,0,0,7,7,0
420226,3,1,1984,0,0,0,0,0,0,0,0,0,0
420227,1,1,1984,0,0,0,0,0,0,0,0,0,0
420228,1,1,1984,0,0,0,0,0,0,0,0,0,0
420229,1,1,1984,28,28,28,28,28,28,28,28,28,28
420229,2,1,1984,0,0,0,0,0,0,0,0,0,0
420230,1,1,1984,14,14,14,14,14,14,14,14,14,14
420230,2,1,1984,10,10,10,10,10,10,10,10,10,10
420231,1,1,1984,0,10,0,0,0,0,0,0,0,0
420231,2,1,1984,0,0,0,0,0,0,0,0,0,0
420232,1,1,1984,15,15,15,15,15,15,15,15,15,15
420232,2,1,1984,18,17,35,14,0,0,34,19,13,0
420233,1,1,1984,0,0,12,0,15,19,0,0,0,0
420234,1,1,1984,23,23,23,23,23,23,23,23,23,23
420235,0,1,1984,0,12,0,0,0,0,0,39,18,0
420235,1,1,1984,0,0,12,0,0,4,29,0,0,0
420236,1,1,1984,33,33,33,33,33,33,33,33,33,33
420237,1,1,1984,7,0,0,14,0,0,0,0,0,0
420237,2,1,1984,0,0,0,28,0,0,0,0,0,0
420238,1,1,1984,13,0,6,9,12,18,7,17,11,0
420239,1,1,1984,0,2,11,7,24,0,0,25,0,0
420240,1,1,1984,0,0,0,0,0,0,0,0,0,0
420240,2,1,1984,0,0,0,0,0,13,0,0,0,0
420241,1,1,1984,18,18,18,18,18,18,18,18,18,18
420242,1,1,1984,0,0,0,0,14,0,0,0,0,0
420242,2,1,1984,0,0,0,0,0,0,0,0,0,0
420243,1,1,1984,0,0,0,0,0,0,0,0,0,0
420243,2,1,1984,0,0,0,0,0,0,0,0,21,24
420243,3,1,1984,0,0,16,0,0,0,0,0,0,0
420244,1,1,1984,0,0,0,0,0,0,0,0,0,13
420245,0,1,1984,18,18,18,18,18,18,18,18,18,18
420245,1,1,1984,0,0,0,0,28,0,20,0,14,0
420246,1,1,1984,14,14,14,14,14,14,14,14,14,14
420247,1,1,1984,20,20,20,20,20,20,20,20,20,20
420248,1,1,1984,0,14,0,0,0,5,0,24,13,0
420248,2,1,1984,0,0,0,0,2,0,0,28,0,0
420249,1,1,1984,10,10,10,10,10,10,10,10,10,10
420250,1,1,1984,6,6,6,6,6,6,6,6,6,6
420250,2,1,1984,0,0,0,0,0,29,0,0,0,0
420251,1,1,1984,22,14,0,13,0,16,0,0,0,0
420252,1,1,1984,19,19,19,19,19,19,19,19,19,19
420252,2,1,1984,0,0,0,9,0,17,0,0,0,0
420253,1,1,1984,0,15,0,0,0,0,0,0,0,0
420253,2,1,1984,0,0,0,0,0,0,0,0,0,0
420253,3,1,1984,0,0,0,0,0,0,0,0,0,0
420254,1,1,1984,15,15,15,15,15,15,15,15,15,15
420255,1,1,1984,3,3,3,3,3,3,3,3,3,3
420256,0,1,1984,0,0,0,0,0,0,0,0,0,0
420256,1,1,1984,0,0,0,0,0,0,0,0,12,10
420257,1,1,1984,8,8,8,8,8,8,8,8,8,8
420258,1,1,1984,0,21,0,0,16,0,0,0,0,0
420258,2,1,1984,0,0,6,0,0,6,0,0,0,0
420259,1,1,1984,17,17,17,17,17,17,17,17,17,17
420259,2,1,1984,0,0,0,0,0,0,0,11,0,0
420260,1,1,1984,10,0,0,0,0,0,0,0,0,0
420260,2,1,1984,0,0,0,0,0,0,0,0,0,0
420261,1,1,1984,27,0,14,0,16,0,10,12,4,10
420261,2,1,1984,0,0,0,0,0,0,0,0,0,0
420262,1,1,1984,13,0,0,11,16,11,15,5,0,11
420263,1,1,1984,13,13,13,13,13,13,13,13,13,13
420264,1,1,1984,0,0,0,0,0,0,0,0,0,0
420264,2,1,1984,0,0,0,0,0,0,0,0,0,0
420265,1,1,1984,23,23,23,23,23,23,23,23,23,23
420266,1,1,1984,18,20,28,0,12,16,11,0,17,29
420266,2,1,1984,0,0,0,0,0,0,0,0,0,0
420267,1,1,1984,0,0,0,0,0,0,0,0,0,7
420267,2,1,1984,5,5,5,5,5,5,5,5,5,5
420268,1,1,1984,23,23,23,23,23,23,23,23,23,23
420269,1,1,1984,21,21,21,21,21,21,21,21,21,21
420270,1,1,1984,0,0,0,0,0,0,0,4,0,0
420270,2,1,1984,0,0,0,0,0,0,0,0,0,38
420270,3,1,1984,0,0,0,0,19,17,0,0,8,0
420271,1,1,1984,0,0,0,0,0,9,0,0,0,0
420271,2,1,1984,0,0,0,0,0,0,0,0,0,0
420271,3,1,1984,12,0,0,0,0,17,0,0,0,0
420272,1,1,1984,5,5,5,5,5,5,5,5,5,5
420272,2,1,1984,0,0,0,0,12,0,0,0,0,0
420273,1,1,1984,7,17,0,0,0,0,0,0,10,0
420275,1,1,1984,0,0,0,0,0,0,0,0,0,0
420276,0,1,1984,0,0,0,0,0,0,0,0,0,0
420276,1,1,1984,0,0,0,0,0,0,0,0,18,0
420277,1,1,1984,0,0,0,0,0,0,0,0,0,0
420277,2,1,1984,0,0,0,0,15,0,0,0,0,0
420277,3,1,1984,0,0,0,0,0,0,0,0,0,0
420278,1,1,1984,21,21,21,21,21,21,21,21,21,21
420279,1,1,1984,15,15,15,15,15,15,15,15,15,15
420279,2,1,1984,0,0,0,0,7,0,0,0,13,0
420280,0,1,1984,23,23,23,23,23,23,23,23,23,23
420280,1,1,1984,4,10,0,0,10,0,0,0,0,0
420281,1,1,1984,0,7,6,0,5,26,0,0,0,0
420281,2,1,1984,0,0,0,0,0,0,16,0,0,0
420281,3,1,1984,0,0,0,15,0,0,0,0,0,0
420282,1,1,1984,21,21,21,21,21,21,21,21,21,21
420282,2,1,1984,0,0,0,0,0,0,0,0,0,0
420283,1,1,1984,0,0,0,28,0,0,0,0,0,0
420283,2,1,1984,21,21,21,21,21,21,21,21,21,21
420284,0,1,1984,58,24,24,0,11,23,15,20,19,14
420284,1,1,1984,15,0,0,0,14,18,11,0,13,0
420285,1,1,1984,18,0,0,0,0,0,0,21,0,24
420285,2,1,1984,0,0,12,0,0,0,0,0,6,0
420286,1,1,1984,17,17,17,17,17,17,17,17,17,17
420287,1,1,1984,24,24,24,24,24,24,24,24,24,24
420288,1,1,1984,0,0,18,21,0,29,9,0,0,0
420289,1,1,1984,8,8,8,8,8,8,8,8,8,8
420290,1,1,1984,0,0,0,0,0,0,0,0,0,0
420290,2,1,1984,0,0,0,0,0,0,0,0,0,0
420291,1,1,1984,0,0,0,0,0,0,0,0,0,0
420291,2,1,1984,0,0,0,0,0,0,0,0,0,0
420292,1,1,1984,28,28,28,28,28,28,28,28,28,28
420292,2,1,1984,0,0,0,0,0,0,0,0,0,0
420294,0,1,1984,23,23,23,23,23,23,23,23,23,23
420294,1,1,1984,11,0,19,0,0,11,12,20,17,14
420295,1,1,1984,0,0,0,0,0,0,0,0,0,0
420296,1,1,1984,0,0,0,14,0,4,0,7,0,0
420296,2,1,1984,0,0,0,0,0,0,0,0,0,12
420297,1,1,1984,0,0,6,0,0,16,0,15,19,11
420297,2,1,1984,0,0,0,0,0,0,0,0,0,0
420298,1,1,1984,0,0,0,0,0,8,0,0,0,0
420298,2,1,1984,0,6,20,15,0,0,0,0,0,10
420299,1,1,1984,0,0,0,0,0,0,0,0,0,0
420299,2,1,1984,21,21,21,21,21,21,21,21,21,21
420300,1,1,1984,0,0,0,0,0,0,0,0,0,0
420300,2,1,1984,0,0,0,0,0,0,0,0,0,0
420301,1,1,1984,20,20,20,20,20,20,20,20,20,20
420302,1,1,1984,0,0,0,0,0,0,0,0,0,0
420303,1,1,1984,0,0,0,0,0,0,10,0,0,0
420303,2,1,1984,0,0,0,0,0,0,0,0,0,0
420304,1,1,1984,20,20,20,20,20,20,20,20,20,20
420304,2,1,1984,0,0,10,0,0,25,0,0,0,0
420305,0,1,1984,0,0,0,0,0,0,0,0,0,0
420305,1,1,1984,0,0,0,0,0,0,0,0,0,0
420306,1,1,1984,18,18,18,18,18,18,18,18,18,18
420307,1,1,1984,20,20,20,20,20,20,20,20,20,20
420307,2,1,1984,14,14,14,14,14,14,14,14,14,14
420308,0,1,1984,9,0,0,0,0,0,36,0,10,29
420308,1,1,1984,17,17,17,17,17,17,17,17,17,17
420309,0,1,1984,18,12,0,0,29,0,29,29,27,30
420309,1,1,1984,0,0,0,0,0,0,0,6,17,16
420310,1,1,1984,0,0,20,0,0,0,0,0,0,0
420310,2,1,1984,0,0,0,0,0,0,0,0,0,0
420311,1,1,1984,0,0,0,0,0,0,0,0,0,0
420311,2,1,1984,0,0,0,0,0,0,0,0,0,0
420311,3,1,1984,0,0,0,0,0,0,0,0,0,0
420312,1,1,1984,12,12,12,12,12,12,12,12,12,12
420313,1,1,1984,0,0,0,0,0,0,0,0,0,0
420314,0,1,1984,0,0,0,0,0,0,0,0,0,0
420314,1,1,1984,0,0,0,0,0,0,0,0,0,0
420315,1,1,1984,9,0,0,0,0,0,0,0,0,0
420315,2,1,1984,0,0,0,0,0,0,0,0,0,0
420316,0,1,1984,23,23,23,23,23,23,23,23,23,23
420316,1,1,1984,0,0,0,0,0,0,0,0,0,0
420317,0,1,1984,0,0,0,0,0,0,0,0,0,0
420317,1,1,1984,0,0,0,0,0,0,0,0,0,0
420318,1,1,1984,29,29,29,29,29,29,29,29,29,29
420318,2,1,1984,0,7,0,16,16,0,0,0,0,0
420319,1,1,1984,0,16,0,0,18,0,8,0,0,0
420320,1,1,1984,0,9,0,0,0,0,33,0,0,0
420321,1,1,1984,0,0,18,0,0,0,0,0,0,0
420321,2,1,1984,16,16,16,16,16,16,16,16,16,16
420322,1,1,1984,9,9,9,9,9,9,9,9,9,9
420322,2,1,1984,0,0,0,16,0,0,0,0,0,0
420322,3,1,1984,0,0,0,0,0,0,0,0,0,0
420322,4,1,1984,0,0,14,0,0,0,0,0,0,0
420323,1,1,1984,0,0,0,0,0,0,0,0,0,0
420324,1,1,1984,38,38,38,38,38,38,38,38,38,38
420325,1,1,1984,30,30,30,30,30,30,30,30,30,30
420326,1,1,1984,25,25,25,25,25,25,25,25,25,25
420327,1,1,1984,0,0,0,0,0,0,0,0,0,0
420327,2,1,1984,0,0,0,0,0,11,0,20,0,0
420328,1,1,1984,15,15,15,15,15,15,15,15,15,15
420329,1,1,1984,20,22,22,0,15,20,0,7,21,17
420329,2,1,1984,0,0,0,0,0,0,0,0,0,17
420330,1,1,1984,8,0,0,0,19,0,0,0,0,0
420331,1,1,1984,0,0,0,0,0,0,0,0,0,0
420332,1,1,1984,0,0,0,0,0,0,0,0,0,0
420333,1,1,1984,0,0,0,9,0,0,0,5,0,7
420333,2,1,1984,0,0,0,0,14,0,29,0,0,0
420334,0,1,1984,23,23,23,23,23,23,23,23,23,23
420334,1,1,1984,0,10,15,26,0,10,22,27,14,0
420335,0,1,1984,0,0,0,0,0,0,0,0,0,0
420335,1,1,1984,0,0,0,0,0,0,0,0,0,0
420336,0,1,1984,25,25,25,25,25,25,25,25,25,25
420336,1,1,1984,0,0,0,0,0,0,0,0,0,0
420337,1,1,1984,0,0,0,0,16,0,0,0,0,22
420337,2,1,1984,0,0,0,0,0,0,0,0,7,0
420338,0,1,1984,0,0,0,0,0,0,0,0,0,0
420338,1,1,1984,0,0,0,0,0,0,0,0,0,0
420339,1,1,1984,15,15,15,15,15,15,15,15,15,15
420339,2,1,1984,0,0,0,0,0,0,0,0,0,0
420340,1,1,1984,0,0,0,0,0,0,0,0,0,0
420340,2,1,1984,0,0,0,0,0,0,0,0,0,0
420341,1,1,1984,37,37,37,37,37,37,37,37,37,37
420342,1,1,1984,20,20,20,20,20,20,20,20,20,20
420342,2,1,1984,0,0,0,0,25,0,0,0,0,0
420342,3,1,1984,0,14,0,12,0,0,0,0,0,0
420342,4,1,1984,0,0,0,0,0,0,0,0,0,0
420343,0,1,1984,18,18,18,18,18,18,18,18,18,18
420343,1,1,1984,0,0,0,17,6,0,0,0,15,6
420344,0,1,1984,0,0,0,0,0,21,0,21,0,6
420344,1,1,1984,0,0,0,0,4,0,0,22,0,0
420345,1,1,1984,21,0,19,0,0,0,0,0,0,0
420345,2,1,1984,0,0,0,0,0,0,0,0,0,0
420346,1,1,1984,0,19,21,13,0,0,0,0,0,0
420347,1,1,1984,0,26,0,0,0,7,0,0,4,6
420347,2,1,1984,12,12,9,11,14,0,11,0,6,7
420348,1,1,1984,13,13,13,13,13,13,13,13,13,13
420349,1,1,1984,18,18,18,18,18,18,18,18,18,18
420350,0,1,1984,23,0,16,0,11,18,0,0,15,5
420350,1,1,1984,0,0,13,0,0,0,0,6,0,0
420351,1,1,1984,0,0,0,0,0,0,0,0,0,0
420351,2,1,1984,28,23,0,0,0,22,28,17,0,0
420352,0,1,1984,0,0,0,0,20,0,0,0,0,0
420352,1,1,1984,18,0,0,9,0,23,25,30,0,12
420353,0,1,1984,0,0,0,0,0,0,0,0,0,0
420353,1,1,1984,0,11,0,0,13,0,6,0,28,6
420354,1,1,1984,26,26,26,26,26,26,26,26,26,26
420355,1,1,1984,0,0,0,0,0,0,0,0,0,0
420355,2,1,1984,0,0,0,0,0,0,0,13,0,0
420356,1,1,1984,1,1,1,1,1,1,1,1,1,1
420356,2,1,1984,20,0,0,10,15,0,0,0,0,0
420357,1,1,1984,8,0,0,0,0,0,0,0,0,0
420357,2,1,1984,0,0,4,0,0,0,0,0,5,0
420358,1,1,1984,20,20,20,20,20,20,20,20,20,20
420359,1,1,1984,10,10,10,10,10,10,10,10,10,10
420360,1,1,1984,24,24,24,24,24,24,24,24,24,24
420360,2,1,1984,0,0,0,0,0,0,0,0,0,0
420361,1,1,1984,6,6,6,6,6,6,6,6,6,6
420361,2,1,1984,16,19,0,0,11,0,0,0,24,17
420362,0,1,1984,11,11,11,11,11,11,11,11,11,11
420362,0,2,1984,0,14,29,33,21,16,23,17,12,21
420362,0,3,1984,0,0,0,29,33,22,11,23,19,13
420362,1,1,1984,0,0,0,0,0,0,16,0,0,0
420363,1,1,1984,21,21,21,21,21,21,21,21,21,21
420364,1,1,1984,17,17,17,17,17,17,17,17,17,17
420364,2,1,1984,0,0,0,0,0,19,0,0,0,0
420365,0,1,1984,0,0,0,0,0,0,0,0,0,0
420365,1,1,1984,0,0,10,0,0,0,0,0,14,0
420366,1,1,1984,0,0,0,0,0,0,0,0,0,0
420367,1,1,1984,0,0,0,0,0,0,15,0,0,0
420367,2,1,1984,0,0,0,0,0,0,0,0,0,0
420368,1,1,1984,0,0,0,0,0,0,0,0,0,0
420369,1,1,1984,20,20,20,20,20,20,20,20,20,20
420370,1,1,1984,0,0,0,0,0,0,0,0,0,0
420371,1,1,1984,2,2,2,2,2,2,2,2,2,2
420371,2,1,1984,0,0,0,0,0,0,0,0,0,0
420372,0,1,1984,0,0,0,0,0,0,0,0,0,0
420372,1,1,1984,0,0,0,17,0,0,0,0,0,0
420373,0,1,1984,0,6,0,0,0,0,0,0,21,0
420373,1,1,1984,0,0,0,0,12,17,0,18,9,0
420373,2,1,1984,0,0,0,0,15,0,0,0,22,0
420374,1,1,1984,0,0,0,0,0,0,0,0,0,0
420375,0,1,1984,0,0,0,0,0,0,0,0,0,0
420375,1,1,1984,0,0,0,0,0,0,13,23,0,0
420376,0,1,1984,6,0,0,16,0,29,3,11,0,0
420376,1,1,1984,0,0,0,0,0,15,0,0,0,0
420377,0,1,1984,0,0,0,0,0,29,0,0,0,27
420377,1,1,1984,0,0,0,0,0,0,0,0,0,0
420378,1,1,1984,0,0,0,0,0,12,22,19,0,0
420379,1,1,1984,18,18,18,18,18,18,18,18,18,18
420379,2,1,1984,0,0,0,0,0,0,0,10,0,9
420380,1,1,1984,11,11,11,11,11,11,11,11,11,11
420380,2,1,1984,0,0,0,0,0,0,0,0,0,0
420381,1,1,1984,22,22,22,22,22,22,22,22,22,22
420382,0,1,1984,28,28,28,28,28,28,28,28,28,28
420382,1,1,1984,15,0,0,0,0,11,0,0,0,8
420383,1,1,1984,2,2,2,2,2,2,2,2,2,2
420383,2,1,1984,0,0,0,2,0,0,14,0,0,2
420384,1,1,1984,0,0,0,0,0,0,0,0,0,0
420384,2,1,1984,0,0,0,0,0,0,0,0,0,0
420385,1,1,1984,0,0,0,0,0,0,0,0,0,0
420385,2,1,1984,5,5,5,5,5,5,5,5,5,5
420386,1,1,1984,0,0,0,0,0,0,0,0,0,0
420386,2,1,1984,0,0,1,0,0,0,0,0,0,0
420387,1,1,1984,22,0,7,22,26,8,0,7,0,0
420388,1,1,1984,0,0,12,0,20,0,0,0,0,0
420388,2,1,1984,0,0,0,0,0,0,16,0,0,0
420389,0,1,1984,8,8,8,8,8,8,8,8,8,8
420389,1,1,1984,0,0,14,0,0,0,0,0,0,0
420390,1,1,1984,0,0,0,0,16,0,0,0,0,0
420390,2,1,1984,27,11,0,10,25,0,15,0,0,0
420391,0,1,1984,0,0,0,0,0,0,0,0,0,0
420391,0,2,1984,0,12,0,0,0,0,8,32,21,13
420391,0,3,1984,0,0,0,0,3,0,20,0,0,23
420391,0,4,1984,10,6,12,14,13,13,18,21,26,21
420391,1,1,1984,0,0,0,0,0,0,0,0,0,0
420392,1,1,1984,13,13,13,13,13,13,13,13,13,13
420392,2,1,1984,0,0,0,0,0,11,0,0,26,0
420393,1,1,1984,0,0,0,0,36,0,0,0,0,0
420393,2,1,1984,0,0,0,0,9,0,0,0,0,0
420394,1,1,1984,0,0,0,0,0,0,0,0,0,0
420395,1,1,1984,0,0,17,0,11,0,18,33,0,0
420395,2,1,1984,0,0,0,0,0,0,0,0,0,0
420396,0,1,1984,0,0,0,0,0,0,0,0,0,0
420396,1,1,1984,0,0,0,16,0,0,30,0,8,17
420397,0,1,1984,10,10,10,10,10,10,10,10,10,10
420397,1,1,1984,0,11,0,0,0,0,0,0,13,0
420398,1,1,1984,7,23,20,24,0,15,0,13,11,5
420398,2,1,1984,0,0,0,25,0,0,0,0,0,24
420399,1,1,1984,0,0,0,0,0,0,0,0,0,0
420399,2,1,1984,0,11,0,0,0,0,0,0,0,0
420400,1,1,1984,15,10,11,15,23,0,0,10,0,0
420400,2,1,1984,0,0,0,0,0,0,0,0,0,0
420400,3,1,1984,0,0,0,0,11,0,0,0,0,0
420401,1,1,1984,27,27,27,27,27,27,27,27,27,27
420402,0,1,1984,0,0,0,0,9,0,0,0,0,0
420402,1,1,1984,0,0,16,0,10,0,18,14,0,19
420403,1,1,1984,15,15,15,15,15,15,15,15,15,15
420404,1,1,1984,0,0,0,0,0,0,0,0,0,0
420404,2,1,1984,0,0,0,0,0,0,0,0,0,0
420405,1,1,1984,0,0,0,0,0,0,0,0,0,0
420405,2,1,1984,0,0,0,0,0,0,0,0,0,0
420406,1,1,1984,0,0,0,0,0,0,0,0,0,0
420407,0,1,1984,0,0,0,0,0,0,0,0,0,0
420407,1,1,1984,0,23,0,7,18,0,0,4,19,22
420408,1,1,1984,0,0,0,0,0,0,0,0,0,0
420408,2,1,1984,0,0,0,0,0,0,0,0,0,0
420409,0,1,1984,0,0,0,0,0,0,0,0,0,0
420409,1,1,1984,0,0,19,15,0,0,0,0,0,0
420410,1,1,1984,0,0,0,0,10,0,3,0,0,24
420411,1,1,1984,0,0,0,0,0,0,0,0,0,0
420411,2,1,1984,0,0,0,0,0,0,0,0,0,0
420412,1,1,1984,26,26,26,26,26,26,26,26,26,26
420413,1,1,1984,21,21,21,21,21,21,21,21,21,21