ST_CASE,VEH_NO,PER_NO,YEAR,P1,P2,P3,P4,P5,P6,P7,P8,P9,P10
420414,1,1,1984,0,0,0,0,0,0,0,0,0,0
420415,1,1,1984,0,0,0,0,0,0,0,0,0,0
420415,2,1,1984,0,0,0,0,0,0,0,0,0,0
420415,3,1,1984,0,0,0,0,14,0,0,0,0,0
420416,1,1,1984,13,13,13,13,13,13,13,13,13,13
420417,0,1,1984,0,0,0,0,0,0,0,0,0,0
420417,1,1,1984,0,0,0,0,0,0,0,0,0,0
420418,0,1,1984,0,0,17,4,0,24,0,0,0,14
420418,1,1,1984,24,24,24,24,24,24,24,24,24,24
420419,1,1,1984,20,0,0,0,13,41,0,11,22,14
420420,0,1,1984,36,36,36,36,36,36,36,36,36,36
420420,1,1,1984,13,8,0,0,0,11,0,0,0,23
420421,1,1,1984,15,15,15,15,15,15,15,15,15,15
420421,2,1,1984,0,0,0,0,0,0,0,0,0,11
420422,0,1,1984,0,0,0,0,0,0,0,0,0,0
420422,1,1,1984,12,0,0,0,8,0,0,0,0,0
420423,1,1,1984,15,0,0,0,26,0,0,0,0,0
420424,1,1,1984,30,30,30,30,30,30,30,30,30,30
420425,1,1,1984,21,21,21,21,21,21,21,21,21,21
420426,1,1,1984,0,0,0,0,0,0,0,0,0,0
420426,2,1,1984,0,0,6,0,0,0,7,0,0,0
420427,1,1,1984,22,22,22,22,22,22,22,22,22,22
420428,1,1,1984,0,0,0,0,0,0,0,0,0,0
420429,1,1,1984,21,21,21,21,21,21,21,21,21,21
420429,2,1,1984,19,0,0,0,0,0,0,14,0,0
420429,3,1,1984,0,0,0,0,0,0,0,0,0,0
420430,1,1,1984,19,19,19,19,19,19,19,19,19,19
420431,1,1,1984,0,0,0,0,0,0,0,0,0,0
420431,2,1,1984,0,0,0,0,0,0,0,0,0,0
420432,1,1,1984,34,25,0,0,0,24,14,24,0,0
420433,1,1,1984,17,17,17,17,17,17,17,17,17,17
420433,2,1,1984,0,0,0,0,0,0,0,0,0,0
420434,0,1,1984,0,0,0,0,0,0,0,0,0,0
420434,1,1,1984,0,0,0,0,0,0,0,0,0,7
420435,1,1,1984,18,18,18,18,18,18,18,18,18,18
420437,0,1,1984,12,12,12,12,12,12,12,12,12,12
420437,1,1,1984,8,0,11,0,0,0,0,0,13,10
420438,1,1,1984,19,19,19,19,19,19,19,19,19,19
420438,2,1,1984,0,0,7,0,9,0,10,11,0,7
420439,1,1,1984,0,0,0,0,0,0,12,0,0,0
420439,2,1,1984,0,0,0,0,0,0,0,0,0,0
420440,0,1,1984,17,22,22,28,20,33,3,25,0,19
420440,1,1,1984,0,0,0,0,0,0,0,0,0,0
420441,1,1,1984,0,0,0,0,0,0,0,0,0,0
420441,2,1,1984,7,7,7,7,7,7,7,7,7,7
420441,3,1,1984,0,0,0,0,0,0,0,0,0,0
420442,1,1,1984,0,0,0,0,0,0,0,0,0,0
420442,2,1,1984,0,0,0,9,0,9,0,0,0,9
420443,1,1,1984,12,12,12,12,12,12,12,12,12,12
420444,1,1,1984,0,0,0,0,0,0,0,0,9,0
420444,2,1,1984,26,26,26,26,26,26,26,26,26,26
420446,1,1,1984,12,12,12,12,12,12,12,12,12,12
420446,2,1,1984,0,0,0,0,0,15,0,0,0,0
420447,1,1,1984,4,11,0,29,0,0,0,0,0,0
420447,2,1,1984,0,0,0,0,16,0,0,0,0,0
420448,0,1,1984,9,0,0,0,0,0,0,0,0,0
420448,1,1,1984,0,0,0,0,0,0,3,0,0,0
420449,1,1,1984,3,12,0,20,3,16,8,34,8,14
420450,1,1,1984,0,0,0,0,9,0,0,0,0,0
420450,2,1,1984,0,0,0,0,0,0,0,0,0,0
420451,1,1,1984,19,15,0,8,12,25,13,11,14,0
420451,2,1,1984,0,0,0,6,0,0,0,16,0,0
420452,1,1,1984,0,28,9,0,0,0,0,0,0,0
420452,2,1,1984,19,19,19,19,19,19,19,19,19,19
420453,0,1,1984,22,22,22,22,22,22,22,22,22,22
420453,1,1,1984,22,13,20,0,27,0,0,0,0,0
420454,1,1,1984,0,0,0,0,0,0,0,0,0,0
420455,1,1,1984,0,0,0,6,0,13,0,3,0,0
420455,2,1,1984,0,0,0,0,0,0,0,0,0,0
420456,1,1,1984,18,18,18,18,18,18,18,18,18,18
420457,1,1,1984,0,0,0,0,0,0,0,0,0,0
420457,2,1,1984,0,0,0,0,0,0,0,0,0,0
420458,1,1,1984,11,0,0,23,0,0,0,0,0,0
420458,2,1,1984,0,0,0,0,0,0,0,0,0,0
420459,1,1,1984,0,0,0,0,0,0,0,0,0,0
420459,2,1,1984,0,13,0,10,0,0,0,0,0,0
420460,1,1,1984,0,0,0,0,18,0,9,0,15,0
420460,2,1,1984,0,0,0,0,0,10,0,0,0,0
420461,0,1,1984,0,0,0,0,0,0,0,0,0,0
420461,1,1,1984,0,0,0,0,0,0,0,0,0,0
420462,1,1,1984,0,0,0,0,0,0,0,0,0,0
420462,2,1,1984,0,0,0,0,0,0,0,11,0,22
420463,1,1,1984,0,0,0,0,0,0,0,0,0,0
420464,1,1,1984,0,0,0,0,0,0,0,0,0,0
420465,1,1,1984,10,22,0,13,16,12,0,10,0,17
420465,2,1,1984,0,0,0,0,0,0,0,0,0,0
420466,1,1,1984,0,0,0,0,0,6,0,10,0,0
420466,2,1,1984,0,0,0,0,0,0,0,4,0,0
420467,1,1,1984,0,0,0,13,0,0,0,0,17,8
420467,2,1,1984,0,0,0,0,0,0,0,0,0,0
420468,1,1,1984,21,21,21,21,21,21,21,21,21,21
420469,0,1,1984,0,0,0,0,0,0,0,0,0,0
420469,1,1,1984,0,0,0,0,0,0,0,0,0,0
420470,1,1,1984,0,0,0,0,0,0,0,0,0,0
420471,1,1,1984,23,23,23,23,23,23,23,23,23,23
420471,2,1,1984,0,0,0,0,0,0,0,0,0,17
420471,3,1,1984,0,17,0,7,13,0,0,0,25,20
420472,1,1,1984,30,30,30,30,30,30,30,30,30,30
420473,1,1,1984,0,0,0,0,0,0,0,0,0,0
420473,2,1,1984,0,0,0,0,0,0,0,0,0,12
420474,1,1,1984,22,22,22,22,22,22,22,22,22,22
420475,1,1,1984,1,1,1,1,1,1,1,1,1,1
420475,2,1,1984,0,0,10,0,0,0,0,0,0,8
420476,1,1,1984,0,0,0,0,0,0,0,0,0,5
420476,2,1,1984,0,0,0,0,0,0,0,0,0,0
420477,1,1,1984,14,14,14,14,14,14,14,14,14,14
420478,1,1,1984,0,0,0,0,0,0,0,0,0,0
420479,1,1,1984,11,11,11,11,11,11,11,11,11,11
420480,1,1,1984,0,0,0,0,0,0,0,0,0,0
420481,0,1,1984,0,0,0,0,0,0,0,10,0,0
420481,1,1,1984,0,0,0,0,0,0,0,8,0,0
420482,0,1,1984,0,33,23,0,27,21,22,25,16,0
420482,1,1,1984,11,11,11,11,11,11,11,11,11,11
420483,1,1,1984,30,30,30,30,30,30,30,30,30,30
420483,2,1,1984,0,0,0,0,0,0,8,0,0,5
420484,1,1,1984,24,21,21,0,23,0,18,0,15,18
420485,1,1,1984,14,14,14,14,14,14,14,14,14,14
420486,1,1,1984,20,20,20,20,20,20,20,20,20,20
420486,2,1,1984,0,0,0,0,0,0,0,0,0,0
420487,1,1,1984,9,9,9,9,9,9,9,9,9,9
420487,2,1,1984,0,0,0,0,0,0,0,0,0,0
420488,0,1,1984,0,0,0,0,0,0,0,0,0,0
420488,1,1,1984,24,22,0,0,13,0,0,0,0,10
420489,0,1,1984,0,0,0,0,0,0,0,0,0,0
420489,1,1,1984,0,0,0,0,0,0,0,0,0,6
420490,1,1,1984,0,0,0,0,0,0,0,0,0,0
420490,2,1,1984,0,0,0,0,0,9,0,0,0,11
420491,1,1,1984,14,14,14,14,14,14,14,14,14,14
420492,1,1,1984,0,0,0,3,0,0,0,18,0,0
420492,2,1,1984,0,0,0,0,0,0,0,0,0,0
420493,1,1,1984,32,32,32,32,32,32,32,32,32,32
420494,1,1,1984,0,0,0,0,0,0,0,3,30,16
420495,1,1,1984,5,5,5,5,5,5,5,5,5,5
420496,1,1,1984,12,0,0,0,0,0,0,0,0,18
420497,1,1,1984,0,0,0,0,0,0,0,0,0,0
420497,2,1,1984,0,0,0,20,0,0,0,0,0,0
420498,1,1,1984,29,29,29,29,29,29,29,29,29,29
420498,2,1,1984,0,0,0,5,0,0,0,11,0,0
420499,1,1,1984,0,0,0,0,0,0,0,0,4,0
420499,2,1,1984,0,0,0,0,0,0,0,0,0,0
420500,0,1,1984,22,22,22,22,22,22,22,22,22,22
420500,1,1,1984,0,20,0,11,19,9,0,0,0,7
420501,0,1,1984,0,12,15,0,25,34,31,18,12,29
420501,1,1,1984,0,0,18,0,0,0,0,18,13,0
420502,1,1,1984,0,0,0,0,0,0,0,0,13,0
420502,2,1,1984,0,0,0,0,0,0,0,0,0,0
420503,0,1,1984,0,0,0,0,19,0,0,0,0,0
420503,1,1,1984,0,0,0,0,0,0,0,0,0,0
420504,1,1,1984,8,8,8,8,8,8,8,8,8,8
420504,2,1,1984,8,8,8,8,8,8,8,8,8,8
420505,1,1,1984,0,0,0,0,18,0,0,0,8,23
420505,2,1,1984,0,0,0,0,0,4,13,0,0,0
420506,0,1,1984,0,0,0,0,0,0,0,0,0,0
420506,1,1,1984,0,20,0,24,30,17,38,0,0,0
420507,1,1,1984,0,21,0,0,21,0,0,14,12,0
420508,1,1,1984,0,0,0,0,0,0,0,0,0,0
420509,1,1,1984,18,18,18,18,18,18,18,18,18,18
420509,2,1,1984,17,0,0,0,4,6,0,8,0,4
420510,0,1,1984,0,0,34,21,20,0,0,0,0,31
420510,0,2,1984,0,0,0,0,0,0,0,0,0,0
420510,1,1,1984,0,8,0,0,16,0,0,0,0,13
420510,2,1,1984,0,0,0,0,3,0,0,0,0,0
420511,0,1,1984,0,0,0,0,0,0,0,0,0,0
420511,1,1,1984,15,0,0,0,0,0,0,0,0,20
420512,1,1,1984,16,16,16,16,16,16,16,16,16,16
420512,2,1,1984,0,0,0,0,0,0,0,22,0,0
420513,1,1,1984,20,20,20,20,20,20,20,20,20,20
420513,2,1,1984,16,0,26,0,14,8,20,0,21,0
420514,1,1,1984,0,0,0,0,0,0,0,0,0,0
420514,2,1,1984,0,0,0,0,0,0,0,0,0,0
420515,1,1,1984,29,29,29,29,29,29,29,29,29,29
420516,0,1,1984,0,0,0,0,0,0,0,11,0,7
420516,0,2,1984,21,16,0,0,23,23,0,0,0,0
420516,1,1,1984,0,0,0,0,0,0,0,0,0,0
420517,0,1,1984,0,0,0,0,0,0,0,0,0,0
420517,1,1,1984,0,0,0,0,0,0,0,0,0,0
420518,1,1,1984,0,19,0,0,0,6,18,9,0,12
420518,2,1,1984,0,0,0,0,0,0,0,0,0,0
420519,1,1,1984,0,0,0,0,0,0,0,0,0,20
420519,2,1,1984,0,0,6,0,0,0,9,0,0,0
420520,0,1,1984,18,18,18,18,18,18,18,18,18,18
420520,1,1,1984,7,7,7,7,7,7,7,7,7,7
420521,1,1,1984,23,23,23,23,23,23,23,23,23,23
420522,0,1,1984,0,40,29,0,18,38,10,21,22,0
420522,1,1,1984,0,0,0,0,0,0,0,0,0,0
420522,2,1,1984,0,0,0,0,2,0,0,0,19,20
420523,1,1,1984,0,0,18,19,0,0,0,0,0,17
420523,2,1,1984,0,0,0,0,0,0,0,0,0,0
420524,1,1,1984,0,13,0,0,0,16,7,2,9,12
420524,2,1,1984,0,12,0,17,0,0,0,20,0,10
420525,0,1,1984,0,0,0,0,0,0,0,0,0,0
420525,1,1,1984,0,0,0,0,0,0,0,0,0,0
420526,1,1,1984,0,0,0,0,0,0,0,11,0,0
420526,2,1,1984,0,0,0,0,0,0,0,0,0,0
420526,3,1,1984,0,0,7,0,0,0,0,0,9,0
420527,1,1,1984,25,25,25,25,25,25,25,25,25,25
420528,1,1,1984,8,8,8,8,8,8,8,8,8,8
420528,2,1,1984,0,0,0,0,0,0,0,0,0,0
420529,1,1,1984,0,0,0,0,0,0,0,0,26,0
420529,2,1,1984,0,0,0,0,0,0,0,0,0,0
420530,1,1,1984,0,0,0,0,0,0,0,10,0,0
420530,2,1,1984,0,0,0,0,0,0,0,0,0,0
420531,1,1,1984,0,0,0,0,0,0,0,0,0,0
420532,1,1,1984,0,0,0,0,0,0,0,0,0,0
420532,2,1,1984,7,0,30,4,13,0,12,17,0,11
420533,1,1,1984,0,0,0,0,0,0,0,0,0,0
420534,1,1,1984,21,21,21,21,21,21,21,21,21,21
420534,2,1,1984,0,0,7,19,16,0,9,0,5,0
420535,1,1,1984,17,17,17,17,17,17,17,17,17,17
420536,0,1,1984,0,0,0,0,0,0,0,0,0,0
420536,1,1,1984,0,0,0,0,0,0,0,0,0,0
420536,2,1,1984,0,13,0,0,0,0,0,0,0,0
420537,0,1,1984,0,0,0,0,0,0,0,0,0,0
420537,1,1,1984,0,0,0,0,0,0,0,0,0,0
420538,1,1,1984,0,0,0,0,0,0,0,0,0,0
420538,2,1,1984,0,0,16,0,0,0,0,0,0,0
420539,1,1,1984,7,7,7,7,7,7,7,7,7,7
420539,2,1,1984,0,10,0,0,0,0,11,24,9,0
420539,3,1,1984,14,0,0,0,0,16,0,0,0,15
420540,1,1,1984,0,0,11,2,0,6,8,0,12,17
420541,0,1,1984,0,0,0,7,7,0,0,0,0,0
420541,1,1,1984,18,0,0,0,0,0,0,14,0,15
420542,1,1,1984,0,0,0,0,0,0,0,0,0,0
420542,2,1,1984,0,0,0,0,0,0,0,0,0,0
420543,1,1,1984,11,13,21,21,7,23,19,0,20,10
420544,1,1,1984,20,20,20,20,20,20,20,20,20,20
420545,0,1,1984,0,0,0,0,0,0,0,0,0,0
420545,1,1,1984,0,0,0,0,0,0,0,0,0,0
420546,1,1,1984,0,0,0,0,0,0,13,0,16,0
420547,1,1,1984,6,0,0,11,0,15,0,0,0,0
420547,2,1,1984,0,0,0,0,0,0,11,0,0,0
420548,1,1,1984,21,21,21,21,21,21,21,21,21,21
420548,2,1,1984,0,0,34,0,0,0,0,0,0,15
420549,1,1,1984,0,0,11,0,0,0,0,16,12,0
420549,2,1,1984,0,0,0,0,0,0,0,0,0,0
420549,3,1,1984,0,0,0,0,0,0,0,0,4,0
420550,1,1,1984,0,0,0,0,0,0,0,0,0,0
420550,2,1,1984,0,0,0,0,0,0,0,0,0,0
420551,1,1,1984,0,0,0,0,0,0,0,0,0,0
420552,0,1,1984,0,0,0,0,0,0,0,0,0,0
420552,0,2,1984,0,0,0,5,0,19,0,0,0,0
420552,1,1,1984,0,0,0,0,0,0,0,0,0,0
420553,1,1,1984,0,0,0,0,0,0,0,0,0,0
420553,2,1,1984,0,0,0,0,0,0,0,0,0,0
420554,1,1,1984,40,14,0,0,0,7,0,0,11,0
420555,0,1,1984,17,17,17,17,17,17,17,17,17,17
420555,0,2,1984,15,11,0,13,10,20,0,9,16,27
420555,1,1,1984,0,7,13,0,14,11,13,0,0,0
420556,1,1,1984,12,0,0,0,11,0,16,0,20,0
420556,2,1,1984,0,0,0,0,0,0,0,0,0,24
420557,1,1,1984,14,0,0,0,0,0,0,18,0,0
420557,2,1,1984,0,0,0,0,0,0,0,0,0,0
420557,3,1,1984,0,0,0,0,0,0,0,0,0,0
420558,1,1,1984,13,13,13,13,13,13,13,13,13,13
420558,2,1,1984,0,0,25,0,23,0,0,0,0,0
420559,0,1,1984,24,26,29,7,0,9,20,12,22,0
420559,1,1,1984,0,30,0,9,0,0,0,0,0,19
420560,1,1,1984,0,0,0,0,0,0,0,0,0,0
420560,2,1,1984,33,33,33,33,33,33,33,33,33,33
420561,1,1,1984,9,0,0,0,0,0,0,0,0,0
420561,2,1,1984,0,0,0,0,0,0,0,0,0,0
420562,1,1,1984,0,0,0,0,0,0,0,0,0,0
420563,1,1,1984,0,0,0,0,7,0,0,0,0,0
420564,1,1,1984,10,10,10,10,10,10,10,10,10,10
420565,1,1,1984,0,0,0,0,0,0,0,0,0,0
420565,2,1,1984,0,0,0,0,0,0,0,0,0,0
420565,3,1,1984,0,0,0,0,0,0,0,0,0,0
420566,1,1,1984,0,0,0,0,0,0,0,0,0,0
420567,1,1,1984,0,18,11,9,10,0,18,0,0,0
420568,1,1,1984,0,0,0,0,0,0,0,0,0,0
420568,2,1,1984,9,0,0,0,0,0,0,0,0,0
420569,1,1,1984,0,0,0,0,0,0,0,0,0,0
420570,1,1,1984,16,16,16,16,16,16,16,16,16,16
420571,1,1,1984,0,0,0,15,0,0,0,0,0,0
420571,2,1,1984,0,0,0,0,0,0,0,0,0,0
420572,1,1,1984,14,14,14,14,14,14,14,14,14,14
420573,1,1,1984,30,30,30,30,30,30,30,30,30,30
420573,2,1,1984,0,0,0,0,0,0,0,0,0,0
420573,3,1,1984,0,0,6,2,0,0,7,0,0,11
420574,0,1,1984,0,0,0,0,0,0,0,0,0,0
420574,1,1,1984,14,26,0,0,12,0,0,24,0,0
420575,1,1,1984,20,20,20,20,20,20,20,20,20,20
420576,1,1,1984,14,14,14,14,14,14,14,14,14,14
420577,1,1,1984,0,0,0,0,0,0,0,0,0,0
420578,1,1,1984,9,9,9,9,9,9,9,9,9,9
420578,2,1,1984,0,0,0,0,0,0,0,0,0,10
420579,1,1,1984,6,6,6,6,6,6,6,6,6,6
420580,0,1,1984,0,0,0,0,0,0,0,0,0,0
420580,1,1,1984,0,0,0,0,11,0,0,0,13,0
420581,1,1,1984,0,19,0,0,0,0,0,8,6,0
420581,2,1,1984,0,11,0,0,0,0,0,0,0,0
420582,1,1,1984,17,0,0,0,0,0,0,0,0,0
420583,1,1,1984,15,0,0,0,27,0,0,28,16,0
420583,2,1,1984,0,0,0,0,0,0,0,0,0,0
420584,1,1,1984,24,24,24,24,24,24,24,24,24,24
420584,2,1,1984,0,0,0,14,0,0,0,0,0,0
420584,3,1,1984,0,0,5,0,0,0,0,0,6,0
420585,1,1,1984,0,0,0,0,0,0,0,0,0,0
420586,1,1,1984,42,20,10,22,34,25,0,39,22,11
420587,1,1,1984,0,0,0,0,12,8,0,0,13,0
420587,2,1,1984,5,5,5,5,5,5,5,5,5,5
420588,1,1,1984,20,20,20,20,20,20,20,20,20,20
420589,0,1,1984,0,0,0,0,16,0,0,0,0,0
420589,1,1,1984,0,0,0,0,0,0,0,0,14,0
420590,0,1,1984,0,0,0,0,0,0,0,0,0,0
420590,1,1,1984,0,0,0,0,0,0,0,0,0,0
420591,1,1,1984,24,24,24,24,24,24,24,24,24,24
420592,1,1,1984,23,23,23,23,23,23,23,23,23,23
420592,2,1,1984,18,0,0,0,0,6,10,0,0,0
420593,0,1,1984,0,0,0,0,0,0,0,0,0,0
420593,1,1,1984,0,23,0,12,19,0,0,12,0,0
420594,1,1,1984,28,28,28,28,28,28,28,28,28,28
420594,2,1,1984,0,16,0,0,0,0,7,0,19,10
420595,0,1,1984,0,0,0,0,0,0,0,0,0,0
420595,1,1,1984,0,0,0,0,0,0,0,15,0,0
420596,1,1,1984,0,0,9,15,0,18,32,0,0,0
420596,2,1,1984,22,0,0,0,0,0,0,26,12,0
420596,3,1,1984,0,0,0,0,0,0,0,0,0,0
420596,4,1,1984,0,0,0,0,9,0,27,9,0,0
420597,1,1,1984,0,0,0,0,0,0,0,0,0,19
420597,2,1,1984,0,0,0,0,0,0,0,0,0,0
420598,1,1,1984,13,13,13,13,13,13,13,13,13,13
420599,0,1,1984,0,0,0,31,27,12,18,15,17,0
420599,1,1,1984,0,12,0,22,0,0,0,0,0,0
420600,1,1,1984,9,0,0,18,21,18,11,0,0,7
420600,2,1,1984,0,9,0,18,0,21,0,13,0,7
420600,3,1,1984,0,20,16,0,0,0,12,0,0,0
420601,1,1,1984,20,0,0,0,34,0,0,0,0,0
420601,2,1,1984,0,0,0,0,0,0,0,0,0,0
420601,3,1,1984,0,0,0,0,0,4,5,0,0,0
420602,1,1,1984,15,15,15,15,15,15,15,15,15,15
420603,1,1,1984,0,0,0,0,0,0,0,0,0,0
420604,1,1,1984,0,0,0,0,0,0,0,0,0,0
420604,2,1,1984,0,16,20,0,0,0,0,13,0,0
420604,3,1,1984,0,0,9,0,0,13,22,0,12,0
420604,4,1,1984,0,0,0,0,0,0,0,0,0,0
420604,5,1,1984,0,0,0,0,0,0,0,0,0,0
420605,1,1,1984,9,9,9,9,9,9,9,9,9,9
420606,1,1,1984,0,0,0,0,0,0,0,0,0,0
420608,1,1,1984,0,0,0,0,0,2,0,0,0,0
420608,2,1,1984,0,0,0,0,0,0,0,0,0,0
420608,3,1,1984,0,0,0,0,0,0,0,0,0,0
420609,1,1,1984,0,19,8,0,27,23,29,10,32,32
420610,1,1,1984,0,0,0,0,0,0,5,29,0,0
420610,2,1,1984,0,0,0,0,0,0,0,0,0,12
420611,1,1,1984,0,29,0,0,0,0,0,20,0,10
420611,2,1,1984,0,0,0,7,18,14,0,0,0,0
420612,1,1,1984,0,0,0,0,0,0,0,0,0,0
420613,1,1,1984,0,0,0,0,0,12,0,0,18,2
420613,2,1,1984,0,0,0,0,0,0,0,0,0,0
420614,1,1,1984,11,0,12,0,0,0,0,0,0,0
420615,1,1,1984,0,0,0,0,0,0,4,0,17,0
420615,2,1,1984,14,0,0,0,0,0,0,0,0,0
420616,1,1,1984,18,18,18,18,18,18,18,18,18,18
420617,1,1,1984,16,16,16,16,16,16,16,16,16,16
420618,1,1,1984,0,0,0,0,0,0,0,0,0,0
420618,2,1,1984,0,0,19,0,0,4,0,0,0,0
420619,1,1,1984,27,27,27,27,27,27,27,27,27,27
420619,2,1,1984,0,0,15,0,0,0,0,0,0,0
420620,1,1,1984,0,0,0,0,9,0,0,0,0,0
420620,2,1,1984,10,0,0,0,0,0,0,0,0,0
420620,3,1,1984,0,8,11,0,0,6,0,0,0,0
420621,0,1,1984,0,0,0,0,0,0,0,0,0,0
420621,1,1,1984,0,0,0,0,0,0,0,0,0,0
420622,0,1,1984,0,0,0,0,11,0,17,0,0,0
420622,1,1,1984,19,0,10,22,0,28,13,0,26,0
420623,0,1,1984,0,0,0,0,0,0,0,0,0,0
420623,1,1,1984,0,0,0,0,0,0,0,0,0,0
420624,1,1,1984,20,25,28,5,17,13,17,0,14,0
420625,1,1,1984,16,16,16,16,16,16,16,16,16,16
420626,0,1,1984,0,0,0,0,0,0,0,0,0,11
420626,1,1,1984,0,0,0,0,0,0,0,0,0,0
420627,1,1,1984,11,11,11,11,11,11,11,11,11,11
420628,1,1,1984,0,0,0,0,0,0,0,0,0,0
420629,1,1,1984,8,8,8,8,8,8,8,8,8,8
420630,1,1,1984,19,19,19,19,19,19,19,19,19,19
420630,2,1,1984,13,13,13,13,13,13,13,13,13,13
420631,1,1,1984,0,0,0,0,0,0,0,0,0,0
420631,2,1,1984,0,0,0,0,0,0,0,0,0,12
420632,1,1,1984,0,0,0,0,0,0,0,0,0,0
420632,2,1,1984,0,0,25,0,0,0,0,24,30,0
420632,3,1,1984,5,0,0,0,0,0,11,0,0,5
420633,1,1,1984,0,0,0,0,0,0,0,0,0,0
420634,1,1,1984,8,8,8,8,8,8,8,8,8,8
420634,2,1,1984,22,0,0,0,0,0,15,14,11,0
420635,1,1,1984,11,11,11,11,11,11,11,11,11,11
420636,1,1,1984,0,0,0,0,0,0,0,0,0,0
420636,2,1,1984,0,0,0,0,0,0,0,0,0,0
420637,0,1,1984,5,0,0,0,0,0,0,11,12,19
420637,0,2,1984,0,11,9,0,0,18,16,17,0,23
420637,1,1,1984,0,0,0,19,0,0,7,4,24,15
420638,0,1,1984,29,29,29,29,29,29,29,29,29,29
420638,1,1,1984,0,0,0,0,0,0,0,0,0,0
420639,0,1,1984,0,0,0,0,0,21,0,0,0,0
420639,1,1,1984,0,0,0,0,0,0,14,0,0,0
420640,0,1,1984,0,0,0,10,0,0,0,0,0,0
420640,1,1,1984,12,0,0,0,5,0,4,13,0,0
420641,0,1,1984,6,0,0,0,0,0,0,0,0,0
420641,1,1,1984,29,0,0,0,0,0,0,0,0,13
420642,1,1,1984,10,10,10,10,10,10,10,10,10,10
420642,2,1,1984,0,0,0,0,0,0,0,0,0,0
420643,1,1,1984,0,0,0,23,0,19,5,0,22,24
420644,1,1,1984,6,6,6,6,6,6,6,6,6,6
420644,2,1,1984,0,0,0,0,8,0,0,0,0,8
420644,3,1,1984,9,24,0,24,0,0,0,20,17,0
420645,1,1,1984,0,0,0,12,0,0,0,0,0,0
420645,2,1,1984,0,0,0,0,15,0,0,0,0,0
420646,1,1,1984,21,21,21,21,21,21,21,21,21,21
420648,1,1,1984,22,22,22,22,22,22,22,22,22,22
420648,2,1,1984,0,0,0,0,0,0,0,0,0,0
420649,1,1,1984,0,0,14,0,0,0,0,0,0,0
420649,2,1,1984,17,30,0,0,0,0,0,0,0,0
420650,1,1,1984,6,0,0,0,0,0,0,0,0,0
420651,1,1,1984,8,13,0,0,0,0,0,25,11,14
420652,1,1,1984,0,0,0,0,0,0,0,0,0,0
420652,2,1,1984,0,0,0,0,0,0,0,0,0,0
420653,1,1,1984,12,12,12,12,12,12,12,12,12,12
420654,1,1,1984,15,0,0,0,0,4,20,0,15,0
420655,1,1,1984,12,12,12,12,12,12,12,12,12,12
420656,1,1,1984,0,0,0,0,0,0,0,0,0,0
420656,2,1,1984,0,0,0,0,0,0,0,0,0,10
420657,0,1,1984,0,0,0,0,0,0,0,0,0,0
420657,1,1,1984,0,0,0,0,0,0,0,9,0,0
420659,1,1,1984,12,12,12,12,12,12,12,12,12,12
420660,1,1,1984,10,21,0,0,0,0,2,0,14,21
420660,2,1,1984,0,0,0,0,0,0,0,0,0,0
420661,1,1,1984,0,0,0,0,0,0,0,0,0,0
420661,2,1,1984,0,0,0,0,0,21,0,0,0,6
420662,1,1,1984,12,12,12,12,12,12,12,12,12,12
420662,2,1,1984,0,0,0,0,0,0,0,0,0,7
420662,3,1,1984,0,10,0,0,7,0,0,0,0,6
420663,1,1,1984,18,18,18,18,18,18,18,18,18,18
420664,1,1,1984,0,16,18,0,23,17,0,0,17,0
420665,0,1,1984,0,25,0,0,0,0,10,22,0,18
420665,1,1,1984,0,0,20,18,22,18,0,0,0,19
420666,1,1,1984,26,26,26,26,26,26,26,26,26,26
420667,1,1,1984,16,16,16,16,16,16,16,16,16,16
420668,1,1,1984,0,0,15,0,14,0,0,9,0,0
420668,2,1,1984,0,0,0,0,0,0,0,0,0,0
420669,0,1,1984,0,0,0,0,0,0,0,0,0,0
420669,0,2,1984,0,0,0,0,0,0,0,0,0,0
420669,0,3,1984,0,7,0,0,0,0,6,4,0,0
420669,0,4,1984,0,0,0,0,0,0,0,0,0,0
420669,0,5,1984,8,0,0,0,0,0,0,0,0,0
420669,0,6,1984,0,0,0,0,11,0,0,0,0,0
420669,0,7,1984,0,0,0,0,0,0,0,0,0,0
420669,0,8,1984,0,4,0,0,0,0,35,0,0,0
420669,0,9,1984,0,0,0,0,0,21,0,0,0,0
420669,0,10,1984,0,0,0,0,2,0,0,0,0,0
420669,0,11,1984,0,0,0,0,20,32,0,0,0,0
420669,0,12,1984,22,10,0,10,11,12,0,0,0,0
420669,0,13,1984,0,0,0,0,0,3,0,8,0,0
420669,0,14,1984,7,0,0,8,9,0,0,0,6,0
420669,0,15,1984,0,0,0,0,0,0,0,0,0,0
420669,0,16,1984,0,6,0,0,0,10,0,0,0,0
420669,0,17,1984,0,0,0,0,0,9,0,0,0,0
420669,0,18,1984,0,0,0,0,0,0,0,0,11,0
420669,0,19,1984,0,0,0,0,0,8,0,0,0,0
420669,0,20,1984,0,0,0,0,0,0,0,0,0,18
420669,0,21,1984,0,0,0,7,15,16,0,0,0,0
420669,0,22,1984,0,18,0,0,0,0,0,12,0,6
420669,0,23,1984,0,0,0,0,0,12,12,0,0,0
420669,0,24,1984,3,0,0,0,0,0,22,0,24,0