ST_CASE,VEH_NO,PER_NO,YEAR,P1,P2,P3,P4,P5,P6,P7,P8,P9,P10
420669,0,25,1984,0,0,0,0,0,0,0,0,0,0
420669,1,1,1984,0,0,0,0,0,0,0,0,0,0
420670,0,1,1984,0,0,0,0,0,0,0,0,0,0
420670,1,1,1984,0,0,0,0,0,0,0,0,0,0
420670,2,1,1984,0,0,0,0,0,0,0,0,22,0
420671,0,1,1984,0,0,0,0,0,0,0,0,0,0
420671,1,1,1984,0,0,0,0,0,0,0,0,0,27
420672,0,1,1984,0,0,0,0,0,0,0,0,0,0
420672,1,1,1984,9,0,0,0,0,0,0,0,15,0
420673,0,1,1984,0,0,0,0,0,0,0,0,0,0
420673,1,1,1984,6,0,0,7,0,0,0,9,0,0
420674,1,1,1984,0,12,0,0,13,0,13,0,15,10
420675,1,1,1984,12,12,12,12,12,12,12,12,12,12
420676,1,1,1984,0,0,0,0,0,0,5,0,0,0
420677,0,1,1984,0,0,0,0,0,0,0,0,0,0
420677,1,1,1984,13,0,0,0,0,0,0,18,9,0
420678,0,1,1984,21,0,0,0,0,0,0,22,16,0
420678,0,2,1984,0,0,0,31,0,11,16,0,0,13
420678,1,1,1984,0,0,0,0,0,0,0,0,0,0
420678,2,1,1984,0,0,0,13,0,21,0,0,26,18
420679,1,1,1984,0,23,15,13,0,0,8,0,0,0
420680,1,1,1984,0,15,0,16,0,15,0,0,0,0
420681,1,1,1984,16,16,16,16,16,16,16,16,16,16
420682,1,1,1984,0,0,8,10,20,0,0,8,0,0
420682,2,1,1984,0,0,0,0,0,12,0,0,0,0
420683,1,1,1984,0,0,0,0,0,0,0,0,0,0
420683,2,1,1984,0,0,0,0,0,0,0,28,0,9
420684,1,1,1984,0,0,0,0,0,0,0,0,0,0
420684,2,1,1984,0,0,0,0,0,0,0,0,0,0
420685,1,1,1984,0,0,0,3,0,0,0,0,0,0
420685,2,1,1984,0,0,0,0,0,0,0,0,0,0
420686,1,1,1984,7,0,0,5,0,0,0,0,17,16
420687,1,1,1984,11,11,11,11,11,11,11,11,11,11
420688,1,1,1984,14,0,0,0,0,7,0,0,0,0
420688,2,1,1984,0,0,0,18,0,0,0,0,0,0
420689,1,1,1984,14,14,14,14,14,14,14,14,14,14
420689,2,1,1984,19,0,9,18,17,22,35,21,24,6
420690,1,1,1984,0,0,0,0,0,0,0,0,0,0
420690,2,1,1984,0,0,0,0,0,0,16,0,0,0
420691,0,1,1984,0,0,0,0,0,29,0,0,0,0
420691,1,1,1984,0,0,0,5,4,0,0,8,6,0
420692,1,1,1984,0,0,0,0,0,0,0,0,0,0
420692,2,1,1984,0,0,0,0,0,0,14,0,0,0
420693,1,1,1984,14,14,14,14,14,14,14,14,14,14
420693,2,1,1984,0,0,0,0,0,0,0,0,0,13
420694,1,1,1984,18,18,18,18,18,18,18,18,18,18
420695,1,1,1984,18,18,18,18,18,18,18,18,18,18
420696,1,1,1984,0,0,0,27,0,8,0,0,0,16
420696,2,1,1984,0,0,0,0,0,0,0,0,0,0
420697,1,1,1984,0,0,0,0,0,0,0,0,0,0
420697,2,1,1984,0,0,0,0,0,0,5,0,0,15
420698,1,1,1984,34,0,21,0,24,25,0,24,0,24
420699,0,1,1984,12,12,12,12,12,12,12,12,12,12
420699,1,1,1984,16,16,16,16,16,16,16,16,16,16
420700,1,1,1984,13,0,0,12,27,14,13,31,18,9
420700,2,1,1984,21,21,21,21,21,21,21,21,21,21
420701,1,1,1984,18,0,0,20,27,13,0,0,18,19
420701,2,1,1984,0,0,3,0,0,0,0,17,0,0
420701,3,1,1984,0,0,0,0,0,0,0,0,0,0
420702,0,1,1984,0,0,0,0,0,0,0,0,0,0
420702,1,1,1984,0,11,0,0,0,0,0,0,0,0
420703,1,1,1984,13,13,13,13,13,13,13,13,13,13
420703,2,1,1984,0,12,0,13,0,0,0,0,16,0
420704,1,1,1984,5,5,5,5,5,5,5,5,5,5
420705,1,1,1984,8,0,0,0,0,0,0,0,0,0
420706,1,1,1984,30,0,0,0,12,16,16,25,0,11
420707,1,1,1984,26,28,18,9,19,4,0,22,12,15
420709,0,1,1984,0,0,18,14,0,11,0,14,0,12
420709,1,1,1984,0,32,0,0,0,12,0,0,0,0
420710,1,1,1984,0,0,0,0,0,0,17,0,0,0
420710,2,1,1984,0,0,0,0,0,4,0,0,0,0
420711,1,1,1984,0,0,0,0,0,0,0,0,0,0
420711,2,1,1984,0,0,0,10,15,0,0,0,23,0
420712,1,1,1984,0,0,10,26,17,10,18,31,17,15
420713,1,1,1984,23,23,23,23,23,23,23,23,23,23
420714,1,1,1984,0,0,11,10,27,8,0,20,13,21
420715,1,1,1984,10,10,10,10,10,10,10,10,10,10
420716,1,1,1984,0,0,0,0,0,0,0,0,0,0
420717,1,1,1984,16,16,16,16,16,16,16,16,16,16
420718,1,1,1984,0,0,0,0,17,0,0,0,0,0
420718,2,1,1984,0,6,0,0,0,15,10,0,0,0
420719,1,1,1984,0,0,0,0,0,0,0,0,0,0
420719,2,1,1984,0,0,0,13,0,0,0,0,11,0
420720,1,1,1984,28,28,28,28,28,28,28,28,28,28
420720,2,1,1984,0,0,7,0,0,11,0,0,0,22
420721,1,1,1984,0,0,0,13,0,0,0,0,0,0
420721,2,1,1984,0,0,0,0,10,0,17,0,0,0
420721,3,1,1984,0,0,0,0,0,0,0,0,0,0
420722,1,1,1984,0,0,0,0,0,0,0,0,0,0
420723,1,1,1984,18,18,18,18,18,18,18,18,18,18
420724,1,1,1984,16,31,0,10,26,15,9,0,15,21
420725,1,1,1984,13,13,13,13,13,13,13,13,13,13
420725,2,1,1984,4,0,10,21,0,0,10,2,0,0
420726,1,1,1984,14,14,14,14,14,14,14,14,14,14
420727,1,1,1984,22,22,22,22,22,22,22,22,22,22
420728,0,1,1984,0,0,0,0,0,0,0,0,0,0
420728,1,1,1984,0,13,0,0,4,0,0,21,0,20
420729,1,1,1984,0,17,16,16,0,11,0,0,0,18
420730,1,1,1984,4,20,15,17,3,23,0,0,16,23
420730,2,1,1984,0,0,0,0,0,8,13,0,0,0
420731,0,1,1984,0,0,0,0,0,0,0,0,0,0
420731,1,1,1984,0,0,0,0,12,0,0,0,0,0
420732,1,1,1984,0,0,0,0,0,0,0,0,0,0
420733,1,1,1984,0,5,0,21,10,21,0,13,0,7
420733,2,1,1984,10,10,10,10,10,10,10,10,10,10
420734,1,1,1984,0,0,0,0,0,0,0,0,0,0
420735,1,1,1984,8,0,0,0,0,0,4,24,0,0
420735,2,1,1984,6,18,0,8,0,0,12,13,0,0
420736,1,1,1984,0,0,0,0,0,0,0,0,0,0
420737,1,1,1984,16,16,16,16,16,16,16,16,16,16
420737,2,1,1984,11,11,11,11,11,11,11,11,11,11
420738,1,1,1984,0,0,0,0,0,0,0,0,0,0
420738,2,1,1984,0,0,0,0,0,0,0,0,0,0
420739,0,1,1984,0,0,0,0,0,0,0,0,15,22
420739,1,1,1984,0,0,0,0,0,0,0,0,0,0
420740,1,1,1984,0,27,0,0,0,0,0,0,0,7
420740,2,1,1984,0,0,0,0,0,0,0,0,0,0
420741,0,1,1984,0,0,0,0,0,0,0,0,0,0
420741,1,1,1984,0,0,0,0,0,0,0,0,0,0
420742,1,1,1984,0,0,0,0,0,0,0,0,0,0
420743,1,1,1984,6,6,6,6,6,6,6,6,6,6
420743,2,1,1984,0,0,7,0,0,0,13,0,0,0
420744,1,1,1984,0,0,0,23,0,0,0,0,0,11
420745,1,1,1984,15,15,15,15,15,15,15,15,15,15
420746,1,1,1984,0,0,0,0,0,0,0,0,0,0
420746,2,1,1984,0,0,0,0,0,0,0,0,9,0
420747,1,1,1984,0,12,0,0,0,0,0,0,0,0
420747,2,1,1984,0,0,0,0,0,0,0,0,0,0
420748,0,1,1984,25,20,12,24,35,14,17,18,0,38
420748,1,1,1984,0,0,13,0,16,21,0,17,19,0
420749,0,1,1984,0,0,0,0,0,0,0,0,0,0
420749,1,1,1984,0,0,0,0,0,0,0,0,0,0
420751,1,1,1984,11,9,0,11,20,14,16,11,12,0
420752,1,1,1984,0,0,0,0,0,0,0,0,0,0
420753,1,1,1984,0,0,0,0,0,0,0,0,0,0
420753,2,1,1984,16,0,0,0,0,0,0,0,0,4
420754,1,1,1984,15,15,15,15,15,15,15,15,15,15
420754,2,1,1984,0,0,5,0,12,12,0,0,0,0
420755,1,1,1984,10,10,10,10,10,10,10,10,10,10
420756,1,1,1984,0,0,0,0,0,0,0,0,0,0
420756,2,1,1984,0,0,0,0,0,0,0,0,0,0
420757,0,1,1984,0,0,0,0,0,27,9,29,0,0
420757,1,1,1984,0,0,0,0,0,0,0,0,0,0
420759,1,1,1984,22,22,22,22,22,22,22,22,22,22
420760,0,1,1984,0,0,0,0,0,0,0,0,0,0
420760,1,1,1984,0,13,10,0,13,0,0,0,0,0
420760,2,1,1984,0,0,0,0,0,0,0,0,0,0
420761,1,1,1984,12,15,14,20,18,26,11,24,17,22
420762,1,1,1984,0,0,12,0,0,24,0,20,13,0
420763,1,1,1984,5,5,5,5,5,5,5,5,5,5
420764,1,1,1984,0,0,0,0,0,0,0,0,0,0
420764,2,1,1984,0,0,0,0,0,0,0,0,0,0
420765,1,1,1984,0,10,12,33,16,6,0,21,3,25
420765,2,1,1984,0,0,0,15,0,0,0,0,0,0
420766,0,1,1984,11,11,11,11,11,11,11,11,11,11
420766,1,1,1984,4,14,0,0,8,7,0,9,18,0
420767,1,1,1984,15,15,15,15,15,15,15,15,15,15
420768,1,1,1984,13,13,13,13,13,13,13,13,13,13
420769,1,1,1984,13,13,13,13,13,13,13,13,13,13
420770,0,1,1984,0,22,30,5,11,0,0,0,3,0
420771,1,1,1984,0,0,0,0,0,0,0,0,0,0
420772,1,1,1984,0,0,0,0,0,0,0,0,0,0
420773,0,1,1984,8,0,0,14,0,0,0,0,0,0
420773,1,1,1984,0,0,0,0,0,0,0,0,0,0
420774,1,1,1984,0,0,0,0,0,0,0,0,0,0
420774,2,1,1984,10,0,8,0,22,15,0,16,0,0
420775,1,1,1984,20,20,20,20,20,20,20,20,20,20
420776,1,1,1984,23,23,23,23,23,23,23,23,23,23
420776,2,1,1984,10,0,0,0,0,12,0,0,10,8
420777,1,1,1984,19,19,19,19,19,19,19,19,19,19
420777,2,1,1984,0,0,0,0,0,0,0,0,0,15
420777,3,1,1984,0,0,0,0,0,0,0,0,0,0
420778,1,1,1984,0,12,13,0,0,0,0,0,0,17
420778,2,1,1984,6,6,6,6,6,6,6,6,6,6
420779,0,1,1984,26,26,26,26,26,26,26,26,26,26
420779,1,1,1984,0,0,0,0,0,0,0,0,0,11
420780,1,1,1984,0,0,9,13,0,12,0,0,0,0
420781,1,1,1984,0,0,0,0,0,0,0,0,0,0
420782,1,1,1984,0,0,0,0,0,0,0,0,0,0
420782,2,1,1984,0,0,0,0,0,0,0,0,0,0
420783,1,1,1984,0,0,0,0,0,0,0,0,0,0
420783,2,1,1984,13,13,13,13,13,13,13,13,13,13
420784,1,1,1984,0,0,0,0,0,0,0,0,0,0
420785,1,1,1984,3,10,0,0,10,19,18,13,15,0
420785,2,1,1984,0,0,0,0,0,0,0,0,0,0
420786,1,1,1984,0,0,0,0,0,0,0,0,0,0
420786,2,1,1984,0,0,0,0,0,0,0,0,0,0
420787,0,1,1984,0,0,0,0,0,0,0,0,0,0
420787,1,1,1984,0,0,0,0,0,0,0,0,0,0
420788,1,1,1984,16,16,16,16,16,16,16,16,16,16
420789,0,1,1984,0,0,5,0,0,0,0,9,12,22
420789,1,1,1984,4,4,4,4,4,4,4,4,4,4
420790,1,1,1984,16,16,16,16,16,16,16,16,16,16
420790,2,1,1984,0,0,13,0,9,10,15,0,0,0
420791,0,1,1984,0,0,0,0,13,0,8,0,22,0
420791,0,2,1984,22,0,9,10,0,0,8,16,9,19
420791,1,1,1984,23,0,0,0,19,0,0,9,0,16
420792,1,1,1984,0,0,0,0,0,0,0,0,0,0
420792,2,1,1984,0,3,0,0,0,0,0,0,0,16
420793,1,1,1984,0,10,0,18,17,0,0,15,0,12
420794,1,1,1984,0,0,15,0,0,0,0,0,0,0
420795,1,1,1984,0,15,0,0,0,22,0,13,0,0
420795,2,1,1984,0,16,0,0,0,0,0,0,0,0
420796,1,1,1984,1,1,1,1,1,1,1,1,1,1
420796,2,1,1984,0,0,0,0,0,0,0,0,0,0
420797,1,1,1984,0,0,0,0,0,0,0,0,0,0
420797,2,1,1984,0,0,0,0,0,0,0,0,0,0
420797,3,1,1984,20,16,18,13,12,0,0,30,11,7
420798,1,1,1984,23,0,0,11,0,18,0,16,9,29
420799,0,1,1984,8,22,7,0,18,18,33,0,28,33
420799,1,1,1984,0,22,0,0,6,0,0,0,7,0
420800,1,1,1984,26,26,26,26,26,26,26,26,26,26
420801,1,1,1984,12,12,12,12,12,12,12,12,12,12
420801,2,1,1984,0,0,0,0,0,0,0,0,15,0
420801,3,1,1984,14,0,14,0,0,0,7,0,8,0
420802,1,1,1984,0,0,0,0,0,0,0,0,0,0
420803,1,1,1984,18,18,18,18,18,18,18,18,18,18
420804,1,1,1984,0,0,0,0,0,0,0,0,0,0
420804,2,1,1984,0,0,0,0,0,0,0,0,0,0
420805,0,1,1984,0,0,0,0,0,0,0,0,0,0
420805,1,1,1984,0,0,0,0,0,0,0,18,0,0
420806,1,1,1984,0,0,8,0,0,0,0,0,0,0
420806,2,1,1984,2,0,0,0,0,11,0,0,8,0
420807,0,1,1984,11,11,11,11,11,11,11,11,11,11
420807,1,1,1984,8,0,0,0,17,0,0,0,0,0
420808,1,1,1984,0,0,0,0,0,0,0,0,0,0
420808,2,1,1984,0,0,0,0,0,0,0,0,18,0
420809,0,1,1984,0,0,0,0,0,0,0,0,0,0
420809,1,1,1984,17,0,0,0,0,0,0,0,0,0
420810,0,1,1984,0,8,32,19,0,11,32,14,0,0
420810,0,2,1984,0,0,15,23,0,32,0,22,0,16
420810,1,1,1984,0,0,0,0,0,0,0,6,0,0
420810,2,1,1984,0,0,0,0,0,0,0,0,0,0
420811,1,1,1984,9,20,0,0,0,0,0,9,14,15
420812,1,1,1984,0,12,8,0,0,25,22,27,24,21
420813,1,1,1984,0,0,0,0,0,0,0,0,0,0
420813,2,1,1984,0,12,3,0,10,0,0,26,4,16
420814,0,1,1984,0,0,0,0,0,0,0,0,0,0
420814,0,2,1984,0,0,0,0,0,0,0,0,0,0
420814,1,1,1984,0,0,0,0,0,0,0,0,0,0
420815,1,1,1984,18,18,18,18,18,18,18,18,18,18
420815,2,1,1984,22,0,24,0,0,0,0,0,0,16
420816,1,1,1984,0,0,0,0,0,0,0,0,0,5
420816,2,1,1984,0,0,0,0,0,0,0,0,0,0
420817,1,1,1984,8,8,8,8,8,8,8,8,8,8
420817,2,1,1984,0,0,0,0,7,0,0,0,0,9
420818,1,1,1984,24,24,24,24,24,24,24,24,24,24
420819,0,1,1984,24,24,24,24,24,24,24,24,24,24
420819,1,1,1984,0,0,0,12,15,0,12,0,15,0
420821,0,1,1984,14,19,15,12,40,15,11,8,0,23
420821,1,1,1984,0,0,0,0,0,0,0,0,0,0
420822,1,1,1984,0,0,0,14,0,0,21,21,0,11
420822,2,1,1984,11,11,11,11,11,11,11,11,11,11
420823,1,1,1984,0,3,22,19,16,25,19,22,14,41
420824,1,1,1984,13,8,3,12,6,0,27,0,15,10
420824,2,1,1984,0,0,0,22,0,5,15,0,0,21
420824,3,1,1984,0,0,0,11,0,0,29,0,24,0
420825,1,1,1984,0,0,0,0,0,0,12,0,0,0
420826,0,1,1984,33,33,33,33,33,33,33,33,33,33
420826,1,1,1984,0,0,16,16,0,0,0,13,15,13
420827,1,1,1984,0,0,0,0,0,0,0,0,0,0
420828,1,1,1984,0,0,0,0,0,0,0,0,0,0
420828,2,1,1984,0,22,0,0,9,32,18,0,0,0
420829,1,1,1984,7,7,7,7,7,7,7,7,7,7
420830,1,1,1984,0,0,0,0,0,0,0,0,0,0
420831,1,1,1984,0,0,0,0,0,0,0,0,0,0
420831,2,1,1984,0,0,0,0,0,0,0,0,0,0
420831,3,1,1984,0,0,0,0,0,0,0,0,0,0
420832,1,1,1984,0,0,0,0,0,0,0,0,0,0
420833,1,1,1984,0,0,0,0,0,0,0,0,0,0
420833,2,1,1984,0,0,8,0,0,0,0,0,0,0
420834,1,1,1984,0,0,0,0,0,0,0,0,0,0
420834,2,1,1984,0,0,0,0,0,0,0,0,0,0
420835,1,1,1984,0,0,9,11,0,11,29,0,17,13
420836,1,1,1984,15,26,0,0,0,0,0,4,0,0
420836,2,1,1984,0,0,0,0,0,0,0,0,0,0
420837,1,1,1984,0,0,0,0,0,0,0,0,0,0
420838,1,1,1984,0,0,0,0,0,8,0,0,0,0
420839,1,1,1984,14,0,0,0,0,0,0,0,6,0
420839,2,1,1984,0,12,0,0,0,0,0,0,0,0
420840,1,1,1984,0,0,0,0,0,0,0,0,0,0
420840,2,1,1984,0,0,0,0,19,0,0,0,0,0
420841,1,1,1984,6,9,0,0,0,14,4,0,0,9
420841,2,1,1984,13,23,0,12,0,5,0,0,12,0
420842,1,1,1984,3,21,0,26,12,18,10,24,10,5
420843,0,1,1984,0,0,8,0,0,0,28,0,0,0
420843,1,1,1984,0,0,0,0,10,0,21,0,0,13
420844,1,1,1984,21,21,21,21,21,21,21,21,21,21
420845,1,1,1984,13,13,13,13,13,13,13,13,13,13
420846,0,1,1984,0,0,0,0,0,0,0,0,0,0
420846,1,1,1984,13,0,0,10,0,0,24,0,30,17
420847,0,1,1984,0,0,0,0,0,0,0,0,0,0
420847,1,1,1984,0,26,0,6,20,0,13,0,20,0
420848,1,1,1984,0,0,0,0,0,0,0,0,0,0
420849,1,1,1984,0,0,0,0,0,6,0,9,0,4
420849,2,1,1984,0,0,0,0,0,0,0,0,0,0
420849,3,1,1984,0,0,0,0,0,10,0,0,0,0
420850,1,1,1984,0,9,20,0,0,20,0,0,27,0
420850,2,1,1984,0,12,0,0,0,0,0,13,0,26
420851,0,1,1984,9,35,3,19,7,11,16,35,0,0
420851,1,1,1984,0,1,0,15,29,0,6,13,0,0
420852,0,1,1984,0,0,0,0,0,0,0,0,0,0
420852,1,1,1984,0,0,3,0,8,0,0,0,0,0
420853,1,1,1984,0,0,0,0,0,0,0,0,0,0
420853,2,1,1984,8,0,0,0,0,0,13,16,0,0
420854,1,1,1984,0,0,0,0,0,0,0,0,0,0
420855,0,1,1984,29,29,26,9,11,23,0,10,11,25
420855,1,1,1984,0,0,17,0,9,0,9,0,0,10
420856,1,1,1984,0,0,0,0,0,0,0,0,0,0
420857,1,1,1984,6,6,6,6,6,6,6,6,6,6
420858,1,1,1984,21,21,21,21,21,21,21,21,21,21
420859,1,1,1984,0,0,0,0,0,0,0,0,0,0
420860,0,1,1984,0,0,0,0,0,0,0,0,0,0
420860,1,1,1984,9,0,0,0,0,17,0,25,0,0
420861,1,1,1984,21,21,21,21,21,21,21,21,21,21
420861,2,1,1984,0,32,10,0,0,0,0,30,0,0
420862,1,1,1984,9,9,9,9,9,9,9,9,9,9
420862,2,1,1984,0,0,0,0,0,0,0,0,0,0
420863,0,1,1984,0,7,12,0,28,25,0,0,0,16
420863,0,2,1984,0,0,0,0,5,20,0,15,0,0
420863,1,1,1984,0,0,0,0,0,12,12,0,10,0
420864,1,1,1984,0,0,0,0,0,0,0,0,0,0
420865,1,1,1984,24,24,24,24,24,24,24,24,24,24
420866,1,1,1984,28,0,12,8,23,28,23,31,21,0
420867,1,1,1984,0,0,0,0,0,0,0,0,0,0
420868,1,1,1984,23,23,23,23,23,23,23,23,23,23
420869,1,1,1984,13,13,13,13,13,13,13,13,13,13
420870,1,1,1984,30,30,30,30,30,30,30,30,30,30
420871,1,1,1984,14,0,14,23,17,0,24,30,24,0
420872,0,1,1984,0,0,0,0,0,0,0,0,0,0
420872,1,1,1984,25,0,0,0,0,0,12,0,0,0
420873,1,1,1984,0,0,0,0,0,0,0,0,0,0
420873,2,1,1984,0,0,0,0,17,0,0,0,0,0
420874,1,1,1984,0,0,0,18,22,6,0,8,24,0
420874,2,1,1984,0,0,0,0,0,0,0,0,0,0
420875,1,1,1984,0,9,0,0,0,0,0,8,9,14
420875,2,1,1984,16,16,16,16,16,16,16,16,16,16
420876,0,1,1984,0,0,0,0,0,0,0,0,0,22
420876,1,1,1984,0,0,0,6,14,0,0,0,0,0
420877,0,1,1984,0,0,0,0,0,0,0,0,0,0
420877,1,1,1984,20,0,0,0,4,0,0,0,0,0
420878,0,1,1984,13,0,0,0,5,0,10,11,0,0
420878,1,1,1984,5,0,0,17,13,0,17,0,0,16
420879,1,1,1984,25,17,17,23,26,27,15,20,15,9
420880,1,1,1984,0,19,0,0,0,15,14,0,0,22
420880,2,1,1984,15,0,0,0,0,19,11,10,0,0
420881,0,1,1984,21,13,15,0,27,18,0,0,0,0
420881,1,1,1984,0,0,16,0,6,0,0,0,0,0
420882,1,1,1984,0,0,0,0,0,0,0,0,0,0
420882,2,1,1984,0,0,0,0,0,0,0,0,0,0
420883,1,1,1984,0,0,0,0,0,0,0,0,0,0
420884,1,1,1984,0,0,0,0,0,0,0,0,0,0
420885,0,1,1984,0,0,0,0,0,0,0,0,0,0
420885,1,1,1984,0,0,0,20,0,0,0,0,0,0
420886,0,1,1984,0,0,0,0,0,0,0,0,0,0
420886,1,1,1984,0,0,12,0,0,0,0,0,0,0
420887,0,1,1984,31,31,31,31,31,31,31,31,31,31
420887,1,1,1984,3,3,3,3,3,3,3,3,3,3
420888,0,1,1984,0,0,0,0,0,0,0,0,0,0
420888,1,1,1984,0,0,0,0,0,0,0,0,0,0
420889,1,1,1984,17,17,17,17,17,17,17,17,17,17
420890,1,1,1984,0,0,0,0,0,14,0,0,0,0
420890,2,1,1984,0,0,3,0,0,0,0,0,0,0
420891,0,1,1984,0,0,0,0,0,0,0,0,0,0
420891,1,1,1984,0,0,0,0,0,0,0,0,0,0
420892,1,1,1984,26,26,26,26,26,26,26,26,26,26
420892,2,1,1984,0,0,0,0,0,0,0,0,0,0
420893,0,1,1984,0,0,0,0,0,0,0,0,0,0
420893,1,1,1984,0,0,0,15,0,0,5,0,0,0
420894,1,1,1984,13,11,0,0,0,26,0,9,0,0
420895,1,1,1984,0,0,0,0,0,0,0,0,0,0
420895,2,1,1984,0,0,0,0,0,0,0,0,0,0
420896,1,1,1984,0,0,0,0,0,0,0,0,0,0
420896,2,1,1984,0,0,0,0,0,0,0,0,0,0
420897,0,1,1984,0,0,0,0,0,0,0,0,0,0
420897,1,1,1984,0,0,0,0,0,0,0,0,0,0
420898,1,1,1984,15,15,15,15,15,15,15,15,15,15
420898,2,1,1984,6,0,0,0,0,0,27,0,0,0
420899,0,1,1984,0,0,0,0,0,0,0,0,0,0
420899,1,1,1984,7,7,7,7,7,7,7,7,7,7
420900,1,1,1984,11,11,11,11,11,11,11,11,11,11
420901,0,1,1984,0,0,0,0,0,0,0,0,0,0
420901,1,1,1984,0,0,0,0,0,0,12,0,0,0
420902,1,1,1984,20,18,0,26,17,16,9,9,21,14
420903,1,1,1984,0,0,0,0,0,0,0,0,0,0
420903,2,1,1984,0,19,15,0,0,0,23,17,0,0
420904,1,1,1984,24,17,22,20,0,14,0,18,30,0
420905,1,1,1984,0,0,0,0,0,0,0,0,0,0
420905,2,1,1984,0,0,0,0,0,0,17,0,0,0
420905,3,1,1984,0,0,0,0,0,0,0,0,0,0
420907,1,1,1984,14,17,0,13,22,6,19,12,18,0
420907,2,1,1984,6,15,25,13,0,15,19,13,0,33
420908,1,1,1984,23,23,23,23,23,23,23,23,23,23
420909,1,1,1984,24,0,6,10,2,0,0,0,9,0
420910,1,1,1984,0,0,0,0,16,19,0,0,0,11
420910,2,1,1984,0,0,26,7,0,0,6,0,0,0
420911,1,1,1984,0,0,18,0,0,0,11,0,0,0
420912,0,1,1984,0,0,0,0,0,0,0,0,0,0
420912,0,2,1984,21,10,18,0,21,0,0,39,11,0
420912,0,3,1984,0,0,0,0,0,0,0,0,0,0
420912,1,1,1984,24,0,16,0,20,0,0,21,0,0
420913,0,1,1984,12,17,0,0,2,0,0,11,0,14
420913,1,1,1984,1,1,1,1,1,1,1,1,1,1
420914,1,1,1984,0,30,21,0,39,0,34,14,29,16
420915,1,1,1984,17,17,17,17,17,17,17,17,17,17
420915,2,1,1984,0,0,12,0,0,0,11,21,0,0
420916,1,1,1984,11,11,11,11,11,11,11,11,11,11
420916,2,1,1984,0,0,0,0,0,0,0,0,0,0
420916,3,1,1984,0,0,0,0,14,0,0,0,0,0
420917,1,1,1984,0,0,10,0,0,0,0,0,21,0
420917,2,1,1984,0,0,0,0,0,0,16,0,0,0
420919,1,1,1984,0,0,0,0,0,0,0,0,0,0
420919,2,1,1984,0,0,0,0,0,0,0,0,0,0
420920,1,1,1984,17,24,0,24,16,18,22,0,0,0
420921,1,1,1984,0,0,0,0,0,0,0,0,0,0
420922,1,1,1984,0,0,0,0,0,0,0,0,0,0
420922,2,1,1984,0,10,2,0,0,0,0,0,0,0
420923,1,1,1984,0,0,0,24,0,0,0,0,0,0
420923,2,1,1984,22,22,22,22,22,22,22,22,22,22
420924,1,1,1984,8,8,8,8,8,8,8,8,8,8
420924,2,1,1984,0,0,0,5,0,0,0,0,0,10
420925,1,1,1984,29,10,12,7,0,3,22,19,24,11
420926,0,1,1984,16,30,0,7,13,18,15,0,0,0
420926,1,1,1984,0,0,0,0,0,0,0,0,0,0
420927,1,1,1984,0,0,0,0,0,0,0,0,0,0
420927,2,1,1984,0,0,0,0,0,0,0,0,0,0
420928,1,1,1984,0,0,3,12,0,10,10,13,0,22
420929,1,1,1984,22,22,22,22,22,22,22,22,22,22
420929,2,1,1984,0,0,0,5,23,0,0,0,0,0
420929,3,1,1984,10,0,17,9,0,0,0,17,5,8
420930,1,1,1984,21,21,21,21,21,21,21,21,21,21
420930,2,1,1984,0,0,18,0,0,18,4,17,0,0
420930,3,1,1984,0,0,0,0,0,0,0,0,0,0
420930,4,1,1984,0,0,23,0,0,0,13,0,12,0
420931,1,1,1984,3,3,3,3,3,3,3,3,3,3
420931,2,1,1984,0,0,0,0,0,0,0,0,0,0
420932,1,1,1984,0,0,0,0,7,0,0,0,0,0
420933,1,1,1984,22,22,22,22,22,22,22,22,22,22
420933,2,1,1984,0,0,0,0,0,0,0,0,0,0
420934,1,1,1984,14,14,14,14,14,14,14,14,14,14
420934,2,1,1984,0,3,0,0,0,0,0,0,0,0
420935,1,1,1984,28,28,28,28,28,28,28,28,28,28
420936,1,1,1984,0,0,7,0,0,0,0,0,0,16
420936,2,1,1984,0,0,0,0,0,0,0,0,5,0
420936,3,1,1984,0,0,0,0,0,0,0,0,0,0
420937,1,1,1984,23,23,23,23,23,23,23,23,23,23
420938,1,1,1984,16,0,0,19,0,6,0,0,22,0
420938,2,2,1984,0,0,0,0,0,0,0,0,0,0
420939,1,1,1984,16,16,16,16,16,16,16,16,16,16
420940,1,1,1984,0,0,0,0,0,0,0,0,0,0
420941,1,1,1984,21,21,21,21,21,21,21,21,21,21
420942,1,1,1984,29,29,29,29,29,29,29,29,29,29
420943,1,1,1984,15,15,15,15,15,15,15,15,15,15
420944,1,1,1984,22,22,22,22,22,22,22,22,22,22
420944,2,1,1984,22,0,0,19,17,11,0,12,14,0
420945,1,1,1984,0,0,0,0,0,0,0,0,0,0
420946,1,1,1984,14,14,14,14,14,14,14,14,14,14
420947,1,1,1984,0,0,0,0,0,0,0,0,0,0
420947,2,1,1984,0,0,0,0,0,0,0,0,0,0
420948,0,1,1984,0,0,0,0,0,0,0,0,0,0