ST_CASE,VEH_NO,PER_NO,YEAR,P1,P2,P3,P4,P5,P6,P7,P8,P9,P10
420948,1,1,1984,0,15,0,0,0,0,19,22,0,0
420949,1,1,1984,20,20,20,20,20,20,20,20,20,20
420950,0,1,1984,0,0,0,0,0,0,0,0,0,0
420950,1,1,1984,0,0,11,0,20,0,0,0,0,0
420951,1,1,1984,0,0,17,16,15,25,15,26,23,18
420952,1,1,1984,9,9,9,9,9,9,9,9,9,9
420953,0,1,1984,0,0,0,0,0,0,0,0,0,0
420953,1,1,1984,0,0,0,0,0,0,0,0,0,0
420954,1,1,1984,0,0,0,0,24,0,0,19,0,0
420954,2,1,1984,13,0,0,3,6,0,0,0,0,0
420955,0,1,1984,33,12,19,21,26,0,0,0,9,6
420955,0,2,1984,11,22,0,19,18,16,36,0,0,0
420955,1,1,1984,0,18,13,24,0,0,0,0,0,0
420956,0,1,1984,0,0,0,0,18,0,0,15,0,0
420956,1,1,1984,0,0,0,0,0,3,12,11,0,15
420957,1,1,1984,0,0,17,0,0,16,22,0,9,3
420957,2,1,1984,0,0,0,0,0,0,0,0,0,0
420958,1,1,1984,0,0,20,0,0,0,0,7,0,0
420958,2,1,1984,0,0,0,0,0,0,0,0,0,0
420959,1,1,1984,19,19,19,19,19,19,19,19,19,19
420959,2,1,1984,0,17,0,0,22,18,17,26,8,0
420960,1,1,1984,0,17,15,0,11,13,13,29,0,0
420961,0,1,1984,0,0,0,0,0,0,0,0,0,0
420961,1,1,1984,4,14,19,19,17,0,0,16,12,0
420962,1,1,1984,0,0,0,0,0,0,0,0,0,0
420962,2,1,1984,0,0,0,0,0,0,0,0,0,0
420963,1,1,1984,21,0,0,8,14,0,0,0,17,12
420963,2,1,1984,36,0,0,0,0,16,0,0,0,0
420964,1,1,1984,0,0,0,0,0,0,0,0,0,11
420965,1,1,1984,18,0,0,0,0,0,0,0,0,0
420965,2,1,1984,0,0,0,0,0,0,0,0,0,0
420966,1,1,1984,36,36,36,36,36,36,36,36,36,36
420967,1,1,1984,12,12,12,12,12,12,12,12,12,12
420968,1,1,1984,0,0,0,0,0,0,0,0,0,0
420968,2,1,1984,0,0,0,0,0,0,0,0,0,0
420969,1,1,1984,0,0,0,0,0,0,0,0,0,0
420969,2,1,1984,0,0,0,0,0,0,0,0,0,0
420970,1,1,1984,0,0,10,26,0,0,0,0,10,23
420971,1,1,1984,0,0,0,0,20,0,0,0,9,12
420971,2,1,1984,0,0,0,0,0,0,0,0,0,0
420972,1,1,1984,16,16,16,16,16,16,16,16,16,16
420973,1,1,1984,14,14,14,14,14,14,14,14,14,14
420974,1,1,1984,0,0,0,0,0,0,0,0,0,0
420974,2,1,1984,0,2,0,0,8,0,0,0,0,7
420975,1,1,1984,0,0,5,0,7,20,18,17,0,23
420975,2,1,1984,0,0,0,9,0,10,0,0,0,0
420976,1,1,1984,3,3,3,3,3,3,3,3,3,3
420977,1,1,1984,0,0,0,11,0,12,0,11,0,0
420978,1,1,1984,0,10,0,0,0,0,16,0,17,21
420979,1,1,1984,0,0,0,0,0,0,0,0,0,0
420979,2,1,1984,0,0,0,10,7,0,0,0,0,0
420980,1,1,1984,15,15,15,15,15,15,15,15,15,15
420980,2,1,1984,0,0,0,10,0,0,0,0,14,5
420981,0,1,1984,0,0,0,0,0,0,0,0,0,0
420981,1,1,1984,0,7,0,0,0,0,0,8,0,0
420982,0,1,1984,0,0,19,24,9,12,8,28,0,0
420982,1,1,1984,0,0,0,6,0,0,0,0,0,0
420982,2,1,1984,0,0,19,0,0,0,0,0,0,0
420982,3,1,1984,0,0,0,0,0,14,0,0,0,0
420983,1,1,1984,0,25,0,8,0,21,11,16,15,16
420984,1,1,1984,0,16,0,6,19,11,11,7,0,0
420984,2,1,1984,0,0,0,0,0,0,0,0,0,0
420985,1,1,1984,13,13,13,13,13,13,13,13,13,13
420986,1,1,1984,0,17,0,14,7,0,14,18,0,0
420986,2,1,1984,0,0,0,0,0,0,0,0,0,0
420987,1,1,1984,12,12,12,12,12,12,12,12,12,12
420988,1,1,1984,0,0,0,0,0,0,0,0,0,0
420989,1,1,1984,21,18,9,21,11,19,9,12,0,0
420990,1,1,1984,0,22,0,0,0,0,0,0,0,0
420990,2,1,1984,0,0,0,0,0,0,0,0,0,0
420991,0,1,1984,18,18,18,18,18,18,18,18,18,18
420991,1,1,1984,0,0,0,0,0,0,0,0,15,0
420992,1,1,1984,19,19,19,19,19,19,19,19,19,19
420993,0,1,1984,0,0,59,53,17,18,0,7,27,30
420993,1,1,1984,0,0,0,0,0,0,0,0,0,0
420994,1,1,1984,0,0,0,0,0,0,0,0,0,0
420994,2,1,1984,0,0,0,0,0,0,22,2,0,0
420995,1,1,1984,21,14,16,13,8,48,11,0,21,19
420996,1,1,1984,14,0,0,0,0,14,0,0,0,0
420997,1,1,1984,17,17,17,17,17,17,17,17,17,17
420998,1,1,1984,0,0,0,0,0,0,0,0,0,0
420998,2,1,1984,6,0,0,0,0,6,29,0,0,0
420999,1,1,1984,0,0,0,0,0,0,11,0,0,0
420999,2,1,1984,0,14,0,0,4,0,0,0,0,0
421000,1,1,1984,0,0,0,0,0,0,0,0,0,0
421000,2,1,1984,0,0,0,0,0,0,0,0,0,0
421001,1,1,1984,0,0,6,14,0,0,0,0,0,0
421001,2,1,1984,0,0,0,0,0,0,0,0,0,0
421002,0,1,1984,0,0,0,0,0,0,0,0,0,0
421002,1,1,1984,0,0,0,0,0,0,0,0,0,0
421003,1,1,1984,20,20,20,20,20,20,20,20,20,20
421004,1,1,1984,0,0,0,0,0,0,0,0,0,0
421005,1,1,1984,0,0,0,0,0,0,0,0,0,0
421006,1,1,1984,0,0,0,0,0,0,0,0,0,0
421007,1,1,1984,11,11,11,11,11,11,11,11,11,11
421008,1,1,1984,14,14,14,14,14,14,14,14,14,14
421009,0,1,1984,18,18,18,18,18,18,18,18,18,18
421009,1,1,1984,0,0,0,0,0,0,0,0,0,0
421010,1,1,1984,15,15,15,15,15,15,15,15,15,15
421011,1,1,1984,0,0,0,11,0,6,0,0,22,0
421011,2,1,1984,0,0,0,0,0,0,0,0,0,0
421011,3,1,1984,0,0,0,0,0,0,0,0,0,0
421012,1,1,1984,0,0,0,0,0,0,0,0,0,0
421012,2,1,1984,0,0,0,12,0,0,19,0,0,22
421013,1,1,1984,14,14,14,14,14,14,14,14,14,14
421013,2,1,1984,0,0,0,0,0,0,0,0,0,0
421014,0,1,1984,21,13,0,15,8,6,6,0,0,5
421014,1,1,1984,0,24,0,16,9,11,14,15,10,0
421015,0,1,1984,24,24,24,24,24,24,24,24,24,24
421015,1,1,1984,18,0,0,6,0,0,6,13,24,0
421016,0,1,1984,23,23,23,23,23,23,23,23,23,23
421016,1,1,1984,0,0,0,0,0,0,0,21,28,6
421017,1,1,1984,17,17,17,17,17,17,17,17,17,17
421017,2,1,1984,0,0,0,0,0,0,0,0,0,0
421018,1,1,1984,0,0,0,0,0,0,0,0,0,0
421018,2,1,1984,9,9,9,9,9,9,9,9,9,9
421019,1,1,1984,21,21,21,21,21,21,21,21,21,21
421019,2,1,1984,0,0,0,17,0,0,0,0,0,12
421020,1,1,1984,31,0,0,0,0,0,0,0,0,0
421021,1,1,1984,8,8,8,8,8,8,8,8,8,8
421022,1,1,1984,23,0,0,15,19,36,0,19,5,18
421023,1,1,1984,18,18,18,18,18,18,18,18,18,18
421024,1,1,1984,0,0,0,0,0,0,0,0,0,0
421024,2,1,1984,26,49,20,16,0,15,0,22,27,31
421025,1,1,1984,0,0,0,22,18,0,17,11,0,0
421025,2,1,1984,4,0,21,0,0,15,0,0,12,0
421026,1,1,1984,0,0,0,0,0,0,0,0,14,0
421026,2,1,1984,0,0,0,0,0,0,0,0,0,10
421027,1,1,1984,0,0,0,0,0,0,0,0,0,0
421027,2,1,1984,0,0,0,0,0,0,0,0,0,0
421027,3,1,1984,0,0,0,0,0,0,0,0,0,0
421027,4,1,1984,0,0,0,0,0,0,0,0,0,0
421028,1,1,1984,0,0,0,0,0,0,0,0,0,0
421029,1,1,1984,13,32,20,13,22,14,15,9,15,19
421029,2,1,1984,0,0,0,0,0,0,0,0,0,0
421030,1,1,1984,19,14,25,12,27,0,12,23,14,13
421031,1,1,1984,17,17,17,17,17,17,17,17,17,17
421032,1,1,1984,0,12,0,7,0,0,3,0,0,0
421032,2,1,1984,0,0,0,0,0,10,0,8,0,14
421032,3,1,1984,14,0,0,0,0,0,0,0,0,0
421033,0,1,1984,0,0,0,0,0,0,0,0,0,0
421033,1,1,1984,0,0,0,0,0,0,0,0,0,11
421033,2,1,1984,0,0,7,0,0,5,0,0,0,0
421034,1,1,1984,16,0,17,22,0,0,0,0,0,0
421035,1,1,1984,0,0,0,13,0,0,0,0,0,0
421035,2,1,1984,0,11,0,0,0,0,0,0,0,0
421036,0,1,1984,0,0,0,0,0,0,0,0,0,0
421036,1,1,1984,0,0,0,0,0,0,0,0,0,0
421037,0,1,1984,0,0,0,0,0,0,0,0,0,0
421037,1,1,1984,0,0,0,0,18,0,0,0,0,0
421038,1,1,1984,0,1,25,8,25,11,21,5,16,32
421039,1,1,1984,5,5,5,5,5,5,5,5,5,5
421039,2,1,1984,3,3,3,3,3,3,3,3,3,3
421039,3,1,1984,0,0,0,0,0,16,0,0,0,0
421040,1,1,1984,18,0,0,0,10,33,11,0,4,7
421040,2,1,1984,0,15,7,12,0,0,13,0,0,0
421040,3,1,1984,0,13,0,4,0,0,0,0,4,0
421041,1,1,1984,0,0,0,0,0,0,0,0,0,0
421041,2,1,1984,0,0,0,0,0,0,0,0,0,0
421042,0,1,1984,0,0,0,0,0,0,0,0,0,0
421042,1,1,1984,0,0,0,0,12,0,0,0,0,0
421043,1,1,1984,0,0,0,0,0,0,0,0,0,0
421044,1,1,1984,0,0,0,0,0,0,0,0,0,0
421045,0,1,1984,32,0,22,21,10,0,0,0,14,0
421045,1,1,1984,5,31,0,20,0,0,0,0,15,0
421046,1,1,1984,0,0,0,0,0,0,0,0,0,0
421047,1,1,1984,0,0,0,27,0,0,0,16,0,0
421048,1,1,1984,13,0,0,0,25,0,0,21,0,0
421048,2,1,1984,0,0,0,0,0,0,0,0,0,0
421049,0,1,1984,23,18,0,34,0,13,32,0,19,15
421049,1,1,1984,0,2,28,0,9,8,9,16,0,0
421050,1,1,1984,0,0,0,0,0,0,0,0,0,0
421050,2,1,1984,0,0,0,0,0,0,0,0,0,0
421051,0,1,1984,18,0,25,4,0,0,0,0,0,0
421051,1,1,1984,0,0,0,21,0,0,12,18,0,0
421052,0,1,1984,0,34,16,10,0,24,0,24,16,0
421052,0,2,1984,0,0,0,0,0,0,0,0,0,0
421052,0,3,1984,0,4,0,0,13,0,0,0,40,0
421052,1,1,1984,21,21,21,21,21,21,21,21,21,21
421053,0,1,1984,0,0,0,0,0,0,0,0,0,0
421053,1,1,1984,0,0,0,0,0,0,0,16,11,0
421054,1,1,1984,0,0,0,0,0,0,0,0,13,0
421054,2,1,1984,0,0,0,0,0,0,0,0,9,0
421054,3,1,1984,0,0,0,0,0,0,0,0,0,0
421055,1,1,1984,24,24,24,24,24,24,24,24,24,24
421056,0,1,1984,0,0,0,0,0,0,0,0,0,0
421056,1,1,1984,0,0,0,18,21,17,0,0,0,0
421057,0,1,1984,12,12,12,12,12,12,12,12,12,12
421057,1,1,1984,0,0,0,0,0,0,0,0,0,0
421058,1,1,1984,0,0,2,0,0,0,0,0,0,25
421058,2,1,1984,0,0,0,0,0,0,0,0,0,0
421059,1,1,1984,21,21,21,21,21,21,21,21,21,21
421060,1,1,1984,25,25,25,25,25,25,25,25,25,25
421061,1,1,1984,11,11,11,11,11,11,11,11,11,11
421062,1,1,1984,0,0,0,11,0,0,16,0,0,0
421063,1,1,1984,24,24,24,24,24,24,24,24,24,24
421063,2,1,1984,0,0,0,0,0,0,0,15,0,3
421064,0,1,1984,0,0,0,0,0,0,0,0,0,0
421064,1,1,1984,0,0,0,21,0,0,11,0,0,0
421065,1,1,1984,10,10,10,10,10,10,10,10,10,10
421065,2,1,1984,13,0,0,0,0,0,0,0,0,0
421066,1,1,1984,21,21,21,21,21,21,21,21,21,21
421067,1,1,1984,15,15,15,15,15,15,15,15,15,15
421068,1,1,1984,28,0,33,26,28,14,14,18,9,24
421068,2,1,1984,0,5,22,12,17,14,19,15,26,0
421069,1,1,1984,18,18,18,18,18,18,18,18,18,18
421070,0,1,1984,0,0,0,0,0,0,0,0,0,0
421070,1,1,1984,0,0,0,0,0,0,0,0,0,0
421071,1,1,1984,18,18,18,18,18,18,18,18,18,18
421071,2,1,1984,0,0,0,0,0,0,0,0,0,0
421072,1,1,1984,0,0,0,0,0,0,0,0,0,0
421072,2,1,1984,0,0,0,0,0,0,0,0,0,0
421073,0,1,1984,0,0,0,0,0,0,0,0,0,0
421073,1,1,1984,0,0,0,32,8,18,13,21,22,0
421074,1,1,1984,0,0,19,0,0,29,0,0,14,23
421075,1,1,1984,26,26,26,26,26,26,26,26,26,26
421075,2,1,1984,0,0,0,16,43,0,0,9,26,0
421076,1,1,1984,15,15,15,15,15,15,15,15,15,15
421077,1,1,1984,0,0,0,0,0,0,5,0,5,0
421078,1,1,1984,43,6,0,27,28,4,27,15,18,0
421079,1,1,1984,11,11,11,11,11,11,11,11,11,11
421079,2,1,1984,0,0,12,26,0,0,0,0,0,11
421080,1,1,1984,25,25,25,25,25,25,25,25,25,25
421081,1,1,1984,0,0,0,0,28,0,0,0,0,0
421082,1,1,1984,0,0,2,19,28,22,16,0,11,28
421082,2,1,1984,0,0,0,0,0,0,0,0,0,0
421083,1,1,1984,0,17,13,19,0,17,0,25,0,18
421084,1,1,1984,0,0,0,0,0,0,0,0,0,0
421085,1,1,1984,0,0,0,0,0,0,0,18,0,0
421085,2,1,1984,0,0,11,0,0,0,0,2,0,0
421086,1,1,1984,0,0,0,0,0,0,0,0,0,0
421086,2,1,1984,0,0,0,0,0,0,0,0,0,0
421087,1,1,1984,25,0,0,0,0,0,0,0,0,0
421087,2,1,1984,0,0,0,0,0,0,0,0,0,0
421088,1,1,1984,0,0,0,0,0,0,0,0,0,0
421089,0,1,1984,22,19,0,33,21,38,23,11,25,35
421089,1,1,1984,3,3,3,3,3,3,3,3,3,3
421090,1,1,1984,0,0,0,0,0,0,0,0,0,0
421091,0,1,1984,0,0,0,0,0,0,0,0,0,0
421091,1,1,1984,0,0,0,0,0,0,0,0,0,0
421092,1,1,1984,0,0,0,0,0,0,0,0,0,0
421092,2,1,1984,0,14,0,0,0,0,0,0,0,0
421093,1,1,1984,11,0,0,0,13,7,22,14,0,10
421094,1,1,1984,31,31,31,31,31,31,31,31,31,31
421095,0,1,1984,0,0,0,0,0,0,0,0,0,0
421095,1,1,1984,0,14,0,0,0,0,0,0,0,0
421096,1,1,1984,13,0,0,7,0,0,0,9,0,0
421097,1,1,1984,0,0,0,0,0,0,0,0,0,0
421097,2,1,1984,0,0,0,0,0,0,0,0,0,0
421098,1,1,1984,0,0,0,0,0,0,0,0,0,0
421098,2,1,1984,0,0,0,0,0,0,0,0,0,0
421099,1,1,1984,0,0,0,0,0,5,0,0,0,0
421099,2,1,1984,5,5,5,5,5,5,5,5,5,5
421100,1,1,1984,0,0,0,0,0,0,0,0,0,0
421100,2,1,1984,0,6,0,15,7,0,15,8,13,0
421101,0,1,1984,0,0,0,0,0,0,0,0,0,0
421101,1,1,1984,0,0,0,0,0,0,0,0,0,11
421102,1,1,1984,21,13,0,19,0,0,0,16,0,0
421102,2,1,1984,0,13,27,22,0,27,0,15,0,16
421102,3,1,1984,0,0,0,16,0,0,0,0,0,0
421103,1,1,1984,0,0,0,0,0,0,0,0,0,0
421104,1,1,1984,4,4,4,4,4,4,4,4,4,4
421104,2,1,1984,11,0,0,0,0,0,0,3,0,0
421104,3,1,1984,0,16,9,6,5,15,0,14,16,15
421104,4,1,1984,19,0,11,0,0,0,7,8,28,0
421105,1,1,1984,5,5,5,5,5,5,5,5,5,5
421106,1,1,1984,0,0,0,0,0,0,0,0,0,0
421106,2,1,1984,0,0,0,0,0,0,0,0,0,0
421107,0,1,1984,0,0,0,0,0,0,0,0,0,0
421107,1,1,1984,0,0,0,0,0,0,0,0,0,0
421108,1,1,1984,4,4,4,4,4,4,4,4,4,4
421108,2,1,1984,6,0,0,8,0,0,0,0,0,0
421108,3,1,1984,0,0,18,0,0,0,0,0,0,0
421109,1,1,1984,0,0,0,0,0,0,0,0,0,0
421109,2,1,1984,5,0,0,0,13,0,0,0,0,0
421110,1,1,1984,0,0,0,0,0,0,0,0,0,0
421111,1,1,1984,0,18,15,0,3,0,0,18,10,11
421112,1,1,1984,0,0,0,0,0,0,0,0,0,0
421113,1,1,1984,18,21,0,10,13,5,23,17,11,11
421114,1,1,1984,20,20,20,20,20,20,20,20,20,20
421116,0,1,1984,0,0,0,0,0,0,0,0,0,0
421116,1,1,1984,0,0,0,0,0,0,0,0,0,0
421117,1,1,1984,6,6,6,6,6,6,6,6,6,6
421118,1,1,1984,11,11,11,11,11,11,11,11,11,11
421119,1,1,1984,13,13,13,13,13,13,13,13,13,13
421120,1,1,1984,0,0,0,7,0,0,0,0,0,15
421120,2,1,1984,0,0,0,0,0,0,0,9,0,0
421121,0,1,1984,0,0,0,0,31,0,0,13,30,0
421121,1,1,1984,0,0,10,0,0,0,11,8,0,0
421122,0,1,1984,28,28,28,28,28,28,28,28,28,28
421122,1,1,1984,7,4,0,30,14,0,20,0,10,0
421123,0,1,1984,0,0,0,0,0,0,0,0,0,0
421123,1,1,1984,15,0,0,0,13,0,0,0,0,0
421124,1,1,1984,22,22,22,22,22,22,22,22,22,22
421125,1,1,1984,0,0,0,0,0,0,0,0,0,0
421125,2,1,1984,0,0,0,0,0,0,0,0,0,0
421126,0,1,1984,17,17,17,17,17,17,17,17,17,17
421126,1,1,1984,0,0,0,0,0,0,16,9,0,0
421126,2,1,1984,0,18,0,10,17,0,0,13,0,0
421127,1,1,1984,15,15,15,15,15,15,15,15,15,15
421128,1,1,1984,30,30,30,30,30,30,30,30,30,30
421129,1,1,1984,0,0,0,21,0,0,11,0,0,0
421129,2,1,1984,0,0,0,3,0,0,0,0,0,0
421130,1,1,1984,26,26,26,26,26,26,26,26,26,26
421131,1,1,1984,18,0,0,0,26,0,10,0,21,0
421131,2,1,1984,0,0,22,15,0,0,0,20,18,10
421132,1,1,1984,14,14,14,14,14,14,14,14,14,14
421133,1,1,1984,0,0,0,0,0,0,0,0,0,0
421134,0,1,1984,0,0,0,0,0,0,0,0,0,0
421134,1,1,1984,0,0,0,0,0,0,0,0,0,0
421135,1,1,1984,0,0,0,0,0,0,0,0,0,0
421135,2,1,1984,0,0,0,0,0,0,0,0,0,0
421136,1,1,1984,19,19,19,19,19,19,19,19,19,19
421137,1,1,1984,9,9,9,9,9,9,9,9,9,9
421138,0,1,1984,15,0,26,0,0,2,16,0,0,0
421138,1,1,1984,0,0,8,0,0,0,0,0,0,0
421138,2,1,1984,0,0,0,0,0,0,0,0,0,0
421138,3,1,1984,0,0,0,0,6,0,0,0,14,0
421139,0,1,1984,10,10,10,10,10,10,10,10,10,10
421139,1,1,1984,0,0,0,24,0,0,0,6,6,0
421140,1,1,1984,7,7,7,7,7,7,7,7,7,7
421141,1,1,1984,0,0,0,0,0,0,0,0,0,0
421142,1,1,1984,25,25,25,25,25,25,25,25,25,25
421142,2,1,1984,17,32,12,0,6,20,9,32,25,17
421143,1,1,1984,0,12,0,0,0,10,0,0,0,0
421144,0,1,1984,17,0,23,0,21,0,0,0,0,0
421144,1,1,1984,0,0,0,14,0,9,0,0,0,23
421145,1,1,1984,0,13,16,0,0,0,0,0,0,0
421145,2,1,1984,0,0,0,0,0,0,0,15,0,0
421146,0,1,1984,0,0,0,0,0,0,0,0,0,0
421146,1,1,1984,0,0,0,0,0,0,0,0,0,0
421147,1,1,1984,25,25,25,25,25,25,25,25,25,25
421147,2,1,1984,8,6,11,33,14,5,0,0,0,0
421148,1,1,1984,0,0,0,0,0,16,0,0,0,14
421148,2,1,1984,0,0,0,0,0,0,0,0,0,0
421148,3,1,1984,0,0,0,0,0,0,0,0,0,0
421149,1,1,1984,0,0,8,0,0,0,0,0,0,9
421150,0,1,1984,13,0,0,0,0,0,25,10,0,10
421150,1,1,1984,14,19,0,7,0,6,29,25,23,0
421151,1,1,1984,0,0,3,0,19,0,0,0,25,0
421152,1,1,1984,0,0,0,0,0,0,0,0,0,0
421152,2,1,1984,0,0,0,0,0,0,0,0,0,0
421153,0,1,1984,5,5,5,5,5,5,5,5,5,5
421153,1,1,1984,17,17,17,17,17,17,17,17,17,17
421154,1,1,1984,0,0,12,0,0,0,0,0,0,0
421154,2,1,1984,0,0,0,0,0,0,0,0,0,0
421154,3,1,1984,10,0,5,0,0,0,0,0,0,0
421155,0,1,1984,0,34,0,16,28,17,0,0,22,0
421155,1,1,1984,0,0,0,0,0,0,0,0,0,0
421156,1,1,1984,0,0,10,15,10,0,0,23,0,0
421157,1,1,1984,0,15,18,0,0,15,26,0,8,0
421157,2,1,1984,0,0,0,0,0,0,0,0,0,0
421158,1,1,1984,0,0,0,0,0,0,0,0,0,0
421158,2,1,1984,0,13,0,0,0,0,0,0,0,0
421159,1,1,1984,0,0,0,0,0,0,0,0,0,0
421160,1,1,1984,16,16,16,16,16,16,16,16,16,16
421160,2,1,1984,14,14,14,14,14,14,14,14,14,14
421161,1,1,1984,21,21,21,21,21,21,21,21,21,21
421162,1,1,1984,0,0,0,0,0,0,0,0,0,0
421162,2,1,1984,0,0,0,0,0,0,0,0,0,0
421163,1,1,1984,0,0,0,0,0,0,0,0,0,0
421164,1,1,1984,25,25,25,25,25,25,25,25,25,25
421165,1,1,1984,0,0,0,0,0,0,0,0,0,27
421165,2,1,1984,0,0,0,10,0,0,0,1,0,0
421166,1,1,1984,23,23,23,23,23,23,23,23,23,23
421167,1,1,1984,0,15,0,0,0,0,0,0,5,0
421167,2,1,1984,0,0,0,0,22,0,0,5,0,0
421167,3,1,1984,0,0,0,0,18,0,0,0,0,0
421168,0,1,1984,0,0,0,0,0,0,0,0,0,0
421168,1,1,1984,0,0,0,0,0,0,0,0,0,0
421169,0,1,1984,22,0,0,20,24,0,28,32,0,0
421169,1,1,1984,0,0,0,13,19,12,19,0,0,0
421170,1,1,1984,0,0,0,0,0,0,0,0,0,0
421170,2,1,1984,11,0,9,0,20,0,0,24,0,0
421171,0,1,1984,0,0,0,19,0,0,0,16,9,20
421171,0,2,1984,0,0,0,0,0,0,0,0,0,0
421171,1,1,1984,0,0,0,13,0,0,0,0,0,14
421172,1,1,1984,0,0,0,0,0,0,0,0,0,0
421172,2,1,1984,0,0,0,0,0,0,0,0,0,0
421174,1,1,1984,0,0,6,18,34,10,0,0,0,0
421174,2,1,1984,0,0,0,0,0,0,0,0,0,0
421175,1,1,1984,0,0,0,0,0,0,0,0,0,0
421176,1,1,1984,23,23,23,23,23,23,23,23,23,23
421177,0,1,1984,0,0,0,0,0,0,0,0,0,7
421177,1,1,1984,23,0,0,0,0,0,0,0,0,0
421178,1,1,1984,0,0,0,0,0,0,0,23,0,23
421178,2,1,1984,0,0,21,0,5,0,0,0,0,0
421179,1,1,1984,0,0,0,0,0,0,0,0,0,0
421180,1,1,1984,0,0,0,0,0,0,0,0,0,0
421181,1,1,1984,0,0,0,0,0,0,0,13,18,6
421182,1,1,1984,0,0,0,16,0,0,0,0,0,0
421182,2,1,1984,0,0,0,0,18,0,6,0,0,0
421183,0,1,1984,21,21,21,21,21,21,21,21,21,21
421183,1,1,1984,0,0,0,0,4,23,0,0,0,0
421184,1,1,1984,0,0,0,0,0,0,0,0,0,0
421185,1,1,1984,0,7,0,0,6,5,0,20,13,9
421185,2,1,1984,44,44,44,44,44,44,44,44,44,44
421186,1,1,1984,18,0,0,15,0,20,19,36,0,17
421187,1,1,1984,0,14,0,0,0,0,0,0,0,0
421187,2,1,1984,0,0,0,0,0,0,0,0,0,0
421188,1,1,1984,14,0,0,0,0,0,0,7,0,6
421189,1,1,1984,5,5,5,5,5,5,5,5,5,5
421190,1,1,1984,19,19,19,19,19,19,19,19,19,19
421191,1,1,1984,0,0,0,0,18,0,12,0,0,0
421192,1,1,1984,20,20,20,20,20,20,20,20,20,20
421193,1,1,1984,19,19,19,19,19,19,19,19,19,19
421194,1,1,1984,0,0,0,0,0,0,0,20,0,0
421194,2,1,1984,0,0,0,0,0,0,0,0,0,0
421195,1,1,1984,0,0,0,0,0,0,0,0,0,0
421195,2,1,1984,0,0,0,0,0,0,8,0,0,0
421195,3,1,1984,0,0,9,8,0,0,0,0,17,0
421195,4,1,1984,32,0,8,0,0,6,0,17,15,0
421196,1,1,1984,0,26,0,0,0,0,27,0,0,0
421196,2,1,1984,0,0,0,0,0,0,0,0,48,0
421197,1,1,1984,0,0,0,0,0,0,0,0,0,0
421197,2,1,1984,0,0,0,0,0,0,0,0,0,0
421198,0,1,1984,0,0,0,0,0,0,0,0,0,0
421198,1,1,1984,0,0,0,0,0,0,0,9,0,12
421199,1,1,1984,13,13,13,13,13,13,13,13,13,13
421200,1,1,1984,0,0,0,0,0,0,23,22,0,0
421200,2,1,1984,0,0,0,0,0,0,26,0,0,0
421201,0,1,1984,0,0,0,13,9,9,0,0,0,21
421201,0,2,1984,27,22,0,9,22,13,4,0,5,0
421201,1,1,1984,0,0,8,12,30,7,0,15,26,17
421202,1,1,1984,0,0,0,0,0,0,0,0,0,0
421202,2,1,1984,0,2,0,0,0,7,0,0,5,0
421203,0,1,1984,17,21,36,35,23,0,13,21,0,17
421203,1,1,1984,0,0,0,0,0,0,0,0,0,0
421204,1,1,1984,0,0,0,12,0,0,0,0,0,18
421205,1,1,1984,0,0,0,0,0,0,0,0,0,0
421205,2,1,1984,0,0,0,0,0,0,0,0,0,0
421206,1,1,1984,0,0,0,0,0,0,0,0,0,0
421206,2,1,1984,0,0,0,0,0,0,0,0,0,0
421206,3,1,1984,0,0,0,0,0,16,0,0,0,0
421207,0,1,1984,10,10,10,10,10,10,10,10,10,10
421207,1,1,1984,0,11,0,21,16,14,0,10,0,0
421208,1,1,1984,0,38,0,0,16,0,24,15,0,8
421208,2,1,1984,0,0,18,8,0,0,0,21,23,31
421209,1,1,1984,0,26,16,18,23,20,14,19,20,0
421210,1,1,1984,18,18,18,18,18,18,18,18,18,18
421211,1,1,1984,5,0,0,14,5,15,0,21,0,10
421212,1,1,1984,13,13,13,13,13,13,13,13,13,13
421213,1,1,1984,20,20,20,20,20,20,20,20,20,20
421214,1,1,1984,2,0,0,0,0,0,0,0,0,0
421214,2,1,1984,0,0,0,0,0,0,0,0,0,0
421215,1,1,1984,0,0,0,0,0,0,0,0,0,0
421216,0,1,1984,0,0,0,0,0,0,0,0,0,0
421216,1,1,1984,0,0,0,0,0,0,9,0,0,6
421217,1,1,1984,0,0,0,0,0,0,0,0,0,0
421218,1,1,1984,3,3,3,3,3,3,3,3,3,3
421219,1,1,1984,0,0,0,0,0,0,0,0,0,0
421220,1,1,1984,0,0,0,0,0,0,0,0,0,0
421221,1,1,1984,22,22,22,22,22,22,22,22,22,22
421222,0,1,1984,0,0,0,0,0,0,0,0,0,0
421222,1,1,1984,0,14,0,0,0,0,0,0,0,0
421223,0,1,1984,0,16,0,9,28,16,0,18,0,5
421223,1,1,1984,11,0,0,0,0,0,8,0,7,0
421224,1,1,1984,0,0,0,0,3,0,0,0,0,0
421224,2,1,1984,10,10,10,10,10,10,10,10,10,10
421225,1,1,1984,26,0,3,0,0,0,10,4,0,4
421225,2,1,1984,0,0,0,0,0,0,9,4,0,3