ST_CASE,VEH_NO,PER_NO,YEAR,P1,P2,P3,P4,P5,P6,P7,P8,P9,P10
421225,3,1,1984,0,0,0,17,0,15,0,0,0,16
421226,1,1,1984,0,0,0,0,0,0,0,0,0,0
421226,2,1,1984,4,0,0,0,0,11,18,0,10,0
421226,3,1,1984,0,0,0,0,0,0,0,0,0,0
421227,1,1,1984,0,0,17,0,0,23,0,7,15,14
421228,1,1,1984,16,16,16,16,16,16,16,16,16,16
421229,1,1,1984,4,4,4,4,4,4,4,4,4,4
421230,1,1,1984,0,29,0,0,31,0,0,0,0,25
421231,1,1,1984,18,18,18,18,18,18,18,18,18,18
421231,2,1,1984,0,10,0,19,17,23,0,0,0,10
421232,0,1,1984,0,0,0,0,0,0,0,0,0,0
421232,1,1,1984,0,0,0,0,0,0,0,0,0,10
421233,1,1,1984,0,0,0,23,0,0,0,0,0,0
421234,1,1,1984,0,0,0,0,0,0,0,0,0,0
421234,2,1,1984,5,0,0,14,0,13,0,0,0,0
421235,1,1,1984,23,16,0,0,0,0,0,0,0,0
421235,2,1,1984,0,0,0,23,0,0,0,8,0,3
421236,1,1,1984,19,19,19,19,19,19,19,19,19,19
421237,1,1,1984,0,0,22,13,0,21,0,27,27,0
421238,1,1,1984,23,23,23,23,23,23,23,23,23,23
421238,2,1,1984,0,0,0,0,0,0,0,0,0,0
421239,1,1,1984,11,11,11,11,11,11,11,11,11,11
421240,1,1,1984,13,13,13,13,13,13,13,13,13,13
421241,0,1,1984,0,0,0,0,0,0,0,0,0,0
421241,1,1,1984,0,0,0,26,0,15,0,30,0,10
421242,1,1,1984,5,5,5,5,5,5,5,5,5,5
421243,1,1,1984,0,0,0,0,0,0,0,0,0,0
421244,1,1,1984,0,0,0,0,0,0,0,0,0,0
421244,2,1,1984,0,0,0,0,0,0,0,0,0,0
421244,3,1,1984,0,0,0,0,0,0,0,0,0,0
421245,1,1,1984,0,0,0,12,0,0,0,14,0,0
421245,2,1,1984,0,0,0,0,0,0,0,0,0,0
421246,1,1,1984,0,0,0,0,0,0,0,0,0,0
421247,1,1,1984,0,0,0,0,0,0,0,0,0,0
421248,1,1,1984,0,0,0,0,0,0,0,0,0,0
421249,1,1,1984,0,0,0,0,0,0,0,0,0,0
421249,2,1,1984,0,0,9,9,0,0,15,0,0,0
421250,1,1,1984,12,12,12,12,12,12,12,12,12,12
421250,2,1,1984,0,8,18,0,0,0,0,11,8,0
421251,1,1,1984,18,18,18,18,18,18,18,18,18,18
421251,2,1,1984,0,10,0,19,21,14,13,30,0,21
421252,0,1,1984,0,0,0,0,0,15,8,8,0,14
421252,0,2,1984,0,0,0,0,0,0,0,0,0,0
421252,1,1,1984,0,0,0,0,0,0,0,0,0,0
421253,1,1,1984,18,18,18,18,18,18,18,18,18,18
421254,1,1,1984,0,0,31,0,14,0,17,0,0,9
421254,2,1,1984,0,0,0,0,0,0,0,0,0,0
421255,1,1,1984,10,0,12,10,0,0,0,0,0,0
421255,2,1,1984,0,0,0,0,0,0,0,0,0,0
421256,1,1,1984,19,19,19,19,19,19,19,19,19,19
421256,2,1,1984,0,0,0,0,0,0,0,0,0,0
421257,1,1,1984,0,0,0,0,0,0,0,0,0,0
421257,2,1,1984,0,0,0,0,0,0,0,0,0,0
421258,1,1,1984,20,20,20,20,20,20,20,20,20,20
421259,1,1,1984,11,11,11,11,11,11,11,11,11,11
421260,1,1,1984,24,24,24,24,24,24,24,24,24,24
421261,1,1,1984,10,5,22,29,0,10,17,0,30,23
421261,2,1,1984,0,0,0,0,0,0,0,0,0,0
421262,1,1,1984,0,0,0,0,0,0,0,0,0,0
421262,2,1,1984,24,0,16,0,0,0,15,0,0,0
421263,1,1,1984,0,0,0,0,44,0,0,0,0,0
421263,2,1,1984,0,0,0,29,0,0,0,0,0,0
421264,1,1,1984,0,0,0,0,0,0,0,13,0,0
421265,1,1,1984,0,0,0,0,0,0,0,0,0,0
421265,2,1,1984,0,0,0,0,0,0,0,0,0,0
421266,1,1,1984,0,0,0,0,0,0,0,0,0,0
421267,1,1,1984,31,31,31,31,31,31,31,31,31,31
421268,0,1,1984,25,25,25,25,25,25,25,25,25,25
421268,1,1,1984,0,0,0,8,0,0,0,0,0,0
421269,1,1,1984,0,0,0,21,0,11,0,0,10,17
421269,2,1,1984,0,0,0,20,22,0,0,0,0,7
421270,1,1,1984,0,0,0,0,0,0,0,0,0,0
421270,2,1,1984,11,0,0,0,0,0,0,7,0,8
421271,0,1,1984,21,21,21,21,21,21,21,21,21,21
421271,1,1,1984,0,16,0,18,22,0,18,0,0,0
421273,1,1,1984,0,0,0,0,0,0,0,0,0,0
421274,1,1,1984,19,19,19,19,19,19,19,19,19,19
421275,1,1,1984,20,20,20,20,20,20,20,20,20,20
421276,1,1,1984,0,10,0,24,24,0,5,32,19,5
421277,1,1,1984,18,18,18,18,18,18,18,18,18,18
421278,1,1,1984,9,0,0,0,0,0,0,0,0,0
421278,2,1,1984,0,0,0,0,0,0,0,0,0,0
421279,1,1,1984,25,25,25,25,25,25,25,25,25,25
421280,0,1,1984,0,0,0,0,0,0,29,0,0,0
421280,1,1,1984,0,0,0,0,0,9,0,0,0,0
421281,1,1,1984,27,19,0,0,0,18,0,25,0,0
421282,1,1,1984,9,9,9,9,9,9,9,9,9,9
421283,0,1,1984,0,27,34,49,31,0,0,13,19,0
421283,1,1,1984,0,0,0,10,3,0,0,0,0,0
421284,0,1,1984,8,8,8,8,8,8,8,8,8,8
421284,0,2,1984,0,15,0,0,16,23,0,0,0,0
421284,1,1,1984,0,0,0,0,0,0,0,0,0,0
421285,1,1,1984,0,6,0,0,0,15,0,14,0,30
421285,2,1,1984,0,0,0,0,0,0,0,0,0,0
421286,1,1,1984,23,23,23,23,23,23,23,23,23,23
421286,2,1,1984,7,0,0,0,0,0,0,0,11,0
421287,1,1,1984,0,0,0,0,0,0,0,0,0,0
421287,2,1,1984,0,0,0,0,0,0,0,0,0,0
421288,1,1,1984,0,0,11,0,0,0,0,0,0,0
421289,1,1,1984,0,0,0,0,0,0,0,0,0,0
421289,2,1,1984,0,0,0,0,0,0,0,0,0,0
421290,1,1,1984,0,0,0,0,0,0,0,0,0,0
421291,1,1,1984,0,0,0,0,0,0,0,0,0,0
421292,1,1,1984,0,32,8,0,17,0,0,0,0,21
421292,2,1,1984,25,25,25,25,25,25,25,25,25,25
421293,1,1,1984,0,16,0,0,0,23,22,0,13,0
421293,2,1,1984,0,0,6,0,0,4,10,0,0,0
421294,1,1,1984,0,0,0,17,0,0,0,0,0,0
421294,2,1,1984,0,0,0,0,0,0,0,0,0,0
421295,1,1,1984,13,13,13,13,13,13,13,13,13,13
421295,2,1,1984,0,0,0,0,19,0,0,0,0,0
421296,1,1,1984,11,11,11,11,11,11,11,11,11,11
421297,0,1,1984,0,0,0,0,0,0,0,0,0,0
421297,1,1,1984,0,0,0,0,0,0,18,0,0,0
421297,2,1,1984,0,0,0,0,0,0,0,0,0,0
421298,1,1,1984,0,0,0,0,0,0,0,0,0,0
421298,2,1,1984,5,5,5,5,5,5,5,5,5,5
421299,1,1,1984,0,0,0,6,0,0,0,0,0,0
421299,2,1,1984,0,0,0,0,0,0,0,0,0,0
421300,1,1,1984,0,0,0,17,17,18,20,16,0,29
421301,1,1,1984,0,0,0,0,0,0,0,0,0,0
421301,2,1,1984,0,0,0,0,14,0,0,20,0,0
421301,3,1,1984,15,0,0,29,0,0,0,0,0,7
421302,1,1,1984,0,0,0,0,10,0,0,0,0,0
421302,2,1,1984,0,0,0,0,0,0,0,0,0,0
421302,3,1,1984,0,0,0,0,0,0,0,0,0,0
421303,1,1,1984,16,16,16,16,16,16,16,16,16,16
421304,1,1,1984,0,15,0,0,0,0,0,36,0,0
421304,2,1,1984,0,0,0,0,0,0,0,0,0,0
421305,1,1,1984,0,0,0,0,0,0,0,0,0,0
421305,2,1,1984,5,5,5,5,5,5,5,5,5,5
421306,1,1,1984,15,15,15,15,15,15,15,15,15,15
421306,2,1,1984,0,0,0,0,0,0,0,0,0,0
421307,1,1,1984,6,6,6,6,6,6,6,6,6,6
421308,1,1,1984,10,10,10,10,10,10,10,10,10,10
421308,2,1,1984,0,0,18,0,0,0,0,0,0,15
421309,1,1,1984,0,10,0,0,15,0,0,0,12,0
421309,2,1,1984,0,0,0,0,0,0,0,0,0,0
421310,1,1,1984,0,0,0,0,0,0,10,0,0,0
421311,1,1,1984,21,21,21,21,21,21,21,21,21,21
421312,0,1,1984,0,0,0,0,0,7,0,0,0,0
421312,1,1,1984,0,5,0,0,0,0,0,0,0,0
421313,1,1,1984,0,0,0,0,0,0,0,0,0,0
421313,2,1,1984,0,0,0,0,0,0,0,0,0,0
421314,1,1,1984,20,20,20,20,20,20,20,20,20,20
421315,1,1,1984,22,22,22,22,22,22,22,22,22,22
421316,0,1,1984,0,0,0,0,0,0,0,0,0,0
421316,1,1,1984,0,0,0,0,0,12,0,0,0,0
421317,1,1,1984,0,17,0,0,0,0,0,8,0,0
421317,2,1,1984,0,0,0,0,0,0,0,0,0,0
421318,1,1,1984,31,0,0,30,12,27,17,0,0,20
421319,1,1,1984,0,0,0,0,0,0,0,0,0,0
421319,2,1,1984,0,0,0,0,0,0,0,0,0,0
421319,3,1,1984,0,0,0,0,0,0,7,0,9,0
421320,1,1,1984,17,0,25,29,3,0,0,33,0,0
421320,2,1,1984,23,23,23,23,23,23,23,23,23,23
421321,1,1,1984,15,15,15,15,15,15,15,15,15,15
421322,1,1,1984,0,0,0,0,0,0,0,0,0,0
421323,0,1,1984,0,0,0,0,0,0,0,0,0,0
421323,1,1,1984,0,0,0,0,0,0,0,6,0,0
421324,1,1,1984,31,31,31,31,31,31,31,31,31,31
421324,2,1,1984,0,0,0,0,16,0,0,0,0,13
421325,0,1,1984,11,11,11,11,11,11,11,11,11,11
421325,1,1,1984,17,0,0,7,0,0,0,15,14,19
421326,1,1,1984,0,0,0,0,0,0,10,0,0,0
421326,2,1,1984,0,0,0,0,0,13,0,0,0,0
421327,0,1,1984,0,0,0,0,0,0,0,0,0,0
421327,1,1,1984,0,0,0,0,0,0,0,7,0,0
421328,1,1,1984,0,0,13,0,0,4,0,0,0,0
421328,2,1,1984,0,0,0,0,0,0,0,0,0,0
421329,1,1,1984,0,0,0,0,0,0,0,0,0,0
421330,0,1,1984,0,0,0,0,0,0,0,0,0,0
421330,1,1,1984,0,21,0,19,0,0,0,0,0,0
421331,0,1,1984,26,26,26,26,26,26,26,26,26,26
421331,1,1,1984,10,0,18,0,0,0,0,0,17,19
421331,2,1,1984,0,0,0,0,14,0,0,0,0,0
421332,0,1,1984,0,0,0,0,0,0,0,0,0,0
421332,0,2,1984,11,32,0,0,26,18,0,8,0,0
421332,0,3,1984,39,30,19,40,25,33,12,28,15,31
421332,1,1,1984,0,19,0,0,0,8,0,0,27,0
421333,1,1,1984,0,0,0,0,0,0,0,0,16,0
421334,0,1,1984,0,0,0,0,0,15,0,0,0,0
421334,1,1,1984,0,0,0,0,0,0,0,0,0,0
421335,0,1,1984,0,0,0,0,0,0,0,0,0,0
421335,1,1,1984,11,0,0,0,0,0,0,17,0,0
421336,1,1,1984,17,17,17,17,17,17,17,17,17,17
421337,1,1,1984,0,0,0,0,0,0,0,0,0,0
421337,2,1,1984,0,0,0,0,0,0,7,0,0,6
421338,1,1,1984,0,0,0,0,0,0,0,0,0,0
421338,2,1,1984,0,22,0,0,0,0,0,0,0,0
421338,3,1,1984,0,0,0,0,0,0,0,0,0,0
421340,1,1,1984,31,21,0,0,8,13,0,9,17,9
421340,2,1,1984,0,0,0,0,0,0,0,0,0,0
421340,3,1,1984,17,17,26,25,26,18,9,18,31,5
421341,0,1,1984,0,0,0,0,0,0,0,0,0,0
421341,1,1,1984,0,0,0,0,10,0,0,0,0,0
421342,1,1,1984,0,20,16,0,0,0,0,0,0,0
421342,2,1,1984,0,0,0,0,4,0,0,0,0,0
421343,1,1,1984,12,12,12,12,12,12,12,12,12,12
421343,2,1,1984,19,0,2,0,0,9,0,0,0,0
421344,0,1,1984,21,21,21,21,21,21,21,21,21,21
421344,1,1,1984,18,0,22,0,0,0,0,0,0,0
421345,1,1,1984,23,23,23,23,23,23,23,23,23,23
421345,2,1,1984,0,0,0,0,0,0,0,0,0,0
421346,1,1,1984,1,1,1,1,1,1,1,1,1,1
421347,1,1,1984,0,6,0,0,0,23,0,0,0,2
421348,1,1,1984,0,0,0,0,0,0,24,0,0,0
421348,2,1,1984,5,5,5,5,5,5,5,5,5,5
421349,1,1,1984,12,12,12,12,12,12,12,12,12,12
421350,1,1,1984,0,0,0,0,0,0,0,0,0,0
421350,2,1,1984,0,0,0,0,0,0,0,0,0,0
421351,1,1,1984,22,22,22,22,22,22,22,22,22,22
421352,1,1,1984,14,35,11,0,30,0,0,8,29,11
421353,1,1,1984,27,27,27,27,27,27,27,27,27,27
421353,2,1,1984,0,10,3,0,0,0,0,0,0,0
421354,1,1,1984,0,0,0,0,0,0,0,10,0,0
421354,2,1,1984,0,15,12,0,0,0,0,0,0,0
421355,1,1,1984,22,22,22,22,22,22,22,22,22,22
421356,0,1,1984,0,12,0,0,22,19,0,31,0,30
421356,1,1,1984,0,0,18,0,0,6,0,0,0,0
421357,1,1,1984,0,0,0,0,0,0,0,0,0,0
421357,2,1,1984,0,19,0,13,0,9,0,0,0,0
421358,1,1,1984,21,21,21,21,21,21,21,21,21,21
421359,1,1,1984,23,23,23,23,23,23,23,23,23,23
421360,0,1,1984,0,23,0,10,22,16,13,10,0,0
421360,0,2,1984,18,18,18,18,18,18,18,18,18,18
421360,0,3,1984,18,18,18,18,18,18,18,18,18,18
421360,0,4,1984,10,22,0,16,22,17,33,20,20,32
421360,0,5,1984,17,17,17,17,17,17,17,17,17,17
421360,1,1,1984,18,17,19,0,22,34,0,9,0,0
421361,1,1,1984,0,0,0,0,0,0,0,0,0,0
421362,1,1,1984,0,0,0,0,0,13,0,24,0,0
421362,2,1,1984,0,0,0,0,0,0,0,0,0,0
421363,1,1,1984,0,0,0,0,0,0,0,0,0,0
421364,1,1,1984,25,25,25,25,25,25,25,25,25,25
421365,0,1,1984,26,25,0,41,37,0,14,22,0,9
421365,1,1,1984,0,0,0,0,0,0,0,0,0,0
421366,1,1,1984,15,15,15,15,15,15,15,15,15,15
421366,2,1,1984,0,0,0,0,0,0,0,0,13,0
421367,1,1,1984,0,0,0,0,0,0,0,0,0,0
421368,1,1,1984,0,0,0,0,0,0,0,0,0,0
421369,1,1,1984,0,0,0,0,0,0,0,0,0,0
421369,2,1,1984,17,17,17,17,17,17,17,17,17,17
421370,1,1,1984,0,0,0,0,0,0,0,0,0,0
421370,2,1,1984,0,0,0,0,0,0,0,0,0,0
421371,1,1,1984,0,0,0,0,0,0,0,0,0,0
421371,2,1,1984,0,0,0,0,0,0,3,0,0,0
421372,1,1,1984,0,0,0,0,0,0,0,0,0,0
421372,2,1,1984,0,0,0,0,0,0,0,0,0,0
421373,1,1,1984,9,12,13,9,10,0,0,0,9,0
421373,2,1,1984,0,0,0,0,0,0,0,0,0,0
421374,0,1,1984,0,0,0,0,30,0,0,0,0,9
421374,1,1,1984,0,0,0,0,0,12,25,8,15,0
421375,1,1,1984,26,26,26,26,26,26,26,26,26,26
421376,1,1,1984,26,0,0,0,0,21,0,20,17,29
421377,1,1,1984,0,0,0,0,0,0,12,0,2,0
421377,2,1,1984,0,0,0,0,0,0,0,0,0,0
421378,1,1,1984,14,14,14,14,14,14,14,14,14,14
421378,2,1,1984,0,4,0,12,0,0,45,20,14,18
421378,3,1,1984,0,0,0,0,0,15,0,0,0,0
421379,1,1,1984,12,25,0,21,20,21,8,15,22,17
421380,0,1,1984,0,0,0,0,0,0,0,0,0,0
421380,1,1,1984,0,0,0,11,5,0,0,0,0,0
421381,1,1,1984,0,0,0,0,0,0,0,0,0,0
421381,2,1,1984,0,0,0,0,0,0,0,0,0,0
421381,3,1,1984,11,30,0,0,0,0,0,0,0,0
421382,1,1,1984,15,15,15,15,15,15,15,15,15,15
421383,1,1,1984,15,0,11,0,0,9,0,0,0,0
421384,0,1,1984,0,8,0,0,9,0,20,0,10,4
421384,0,2,1984,0,0,0,0,0,0,0,0,0,0
421384,0,3,1984,0,0,0,0,0,0,0,0,0,0
421384,1,1,1984,0,0,0,0,0,0,0,0,0,0
421385,1,1,1984,19,13,0,0,22,0,0,0,0,10
421385,2,1,1984,8,0,0,4,0,0,0,0,0,0
421386,0,1,1984,0,0,13,0,0,0,0,0,22,0
421386,1,1,1984,9,0,0,0,0,0,0,0,0,0
421387,1,1,1984,17,17,17,17,17,17,17,17,17,17
421387,2,1,1984,0,0,0,0,0,0,31,0,0,0
421388,1,1,1984,24,24,24,24,24,24,24,24,24,24
421389,1,1,1984,0,0,0,0,0,0,0,0,0,0
421389,2,1,1984,0,0,0,0,0,0,0,0,0,0
421390,1,1,1984,0,0,0,0,0,0,0,0,0,0
421391,0,1,1984,6,24,15,8,0,19,24,9,0,0
421391,1,1,1984,25,0,0,0,0,0,0,0,0,0
421392,1,1,1984,0,10,0,13,18,17,0,12,12,0
421393,1,1,1984,0,3,25,14,18,0,0,10,17,20
421394,0,1,1984,0,0,0,0,0,0,0,0,0,0
421394,1,1,1984,0,0,0,0,0,0,0,0,0,0
421395,1,1,1984,23,23,23,23,23,23,23,23,23,23
421396,1,1,1984,0,0,0,0,0,0,0,0,0,0
421396,2,1,1984,0,0,0,0,0,0,0,0,0,0
421397,1,1,1984,0,0,0,0,0,0,0,0,0,0
421398,1,1,1984,0,0,0,13,0,0,0,0,0,0
421398,2,1,1984,0,0,0,0,0,0,0,0,0,0
421399,0,1,1984,0,0,0,0,0,0,0,0,0,0
421399,1,1,1984,0,0,0,0,0,0,0,0,0,0
421400,1,1,1984,5,5,5,5,5,5,5,5,5,5
421401,1,1,1984,0,0,0,0,15,3,8,0,6,0
421402,0,1,1984,8,8,8,8,8,8,8,8,8,8
421402,1,1,1984,0,16,0,0,0,0,0,0,0,0
421403,1,1,1984,17,17,17,17,17,17,17,17,17,17
421403,2,1,1984,0,0,0,0,18,0,0,22,0,0
421404,0,1,1984,0,0,0,0,0,0,0,0,0,0
421404,0,2,1984,28,0,24,16,21,0,0,0,21,4
421404,1,1,1984,0,0,9,0,0,0,0,0,0,0
421405,0,1,1984,22,22,22,22,22,22,22,22,22,22
421405,1,1,1984,0,0,0,0,0,0,0,0,0,0
421406,1,1,1984,35,35,35,35,35,35,35,35,35,35
421407,1,1,1984,11,11,11,11,11,11,11,11,11,11
421408,1,1,1984,16,0,0,0,0,0,0,0,0,0
421408,2,1,1984,0,0,0,0,0,0,0,0,0,0
421409,1,1,1984,29,29,29,29,29,29,29,29,29,29
421409,2,1,1984,0,0,0,0,0,0,0,0,0,0
421409,3,1,1984,0,0,7,19,0,0,0,0,0,0
421410,1,1,1984,39,39,39,39,39,39,39,39,39,39
421411,1,1,1984,17,0,0,0,0,0,0,0,0,0
421411,2,1,1984,0,0,0,0,0,0,0,0,0,0
421412,0,1,1984,0,0,0,0,0,0,0,0,0,0
421412,1,1,1984,12,9,0,0,0,0,0,7,0,0
421413,1,1,1984,0,22,0,0,11,0,0,18,0,17
421413,2,1,1984,0,0,0,0,0,0,0,0,0,0
421413,3,1,1984,4,0,0,0,0,0,0,0,5,0
421414,1,1,1984,14,14,14,14,14,14,14,14,14,14
421415,1,1,1984,33,33,33,33,33,33,33,33,33,33
421416,1,1,1984,32,32,32,32,32,32,32,32,32,32
421417,1,1,1984,0,0,0,0,10,0,0,0,0,0
421417,2,1,1984,0,0,0,0,0,0,0,0,0,0
421418,1,1,1984,0,0,0,0,0,0,0,0,0,0
421418,2,1,1984,12,16,0,5,38,0,31,11,5,3
421418,3,1,1984,0,0,0,0,8,0,0,9,0,0
421418,4,1,1984,13,0,0,0,0,0,0,0,0,0
421419,1,1,1984,0,0,0,0,0,0,0,0,0,0
421420,0,1,1984,0,0,0,0,0,0,0,0,0,0
421420,1,1,1984,0,8,0,0,0,0,11,0,0,0
421421,1,1,1984,7,7,7,7,7,7,7,7,7,7
421421,2,1,1984,0,0,0,0,0,0,0,0,0,0
421422,0,1,1984,0,0,0,0,0,0,0,0,0,7
421422,1,1,1984,0,0,0,0,26,4,0,0,0,0
421423,0,1,1984,12,12,12,12,12,12,12,12,12,12
421423,1,1,1984,0,0,0,8,20,16,8,0,0,0
421424,1,1,1984,0,0,0,0,0,0,0,0,0,0
421425,1,1,1984,13,11,6,0,0,26,0,0,11,0
421425,2,1,1984,16,0,12,6,0,0,0,0,4,0
421426,1,1,1984,23,23,23,23,23,23,23,23,23,23
421427,1,1,1984,0,0,0,0,0,0,0,0,0,0
421428,1,1,1984,19,19,19,19,19,19,19,19,19,19
421429,0,1,1984,0,0,0,0,0,0,0,0,0,0
421429,1,1,1984,0,0,0,0,5,0,4,0,0,0
421429,2,1,1984,0,9,0,0,0,0,0,0,0,0
421430,1,1,1984,0,0,0,0,0,0,0,0,0,0
421430,2,1,1984,0,0,0,0,0,0,0,0,0,0
421431,1,1,1984,0,10,0,0,0,0,0,23,11,0
421431,2,1,1984,0,4,0,0,0,0,0,13,0,0
421432,1,1,1984,21,21,21,21,21,21,21,21,21,21
421432,2,1,1984,0,0,0,0,0,0,0,0,0,0
421433,0,1,1984,0,0,0,0,0,0,0,0,0,0
421433,1,1,1984,15,15,15,15,15,15,15,15,15,15
421434,1,1,1984,0,0,20,0,0,0,13,0,0,0
421434,2,1,1984,0,0,15,0,10,0,0,0,28,0
421435,0,1,1984,0,0,0,0,0,0,0,0,0,0
421435,1,1,1984,0,0,0,0,0,22,0,0,0,0
421436,1,1,1984,0,0,0,8,0,0,0,0,0,0
421436,2,1,1984,0,0,0,0,0,0,0,0,0,0
421437,1,1,1984,28,0,0,0,0,0,0,0,0,0
421437,2,1,1984,0,0,0,0,0,0,0,0,0,0
421438,1,1,1984,0,0,0,0,0,8,0,0,15,0
421438,2,1,1984,0,0,0,0,0,0,0,0,0,0
421438,3,1,1984,0,0,0,0,0,0,0,0,0,0
421438,4,1,1984,0,0,0,0,0,0,0,0,23,0
421439,1,1,1984,18,18,18,18,18,18,18,18,18,18
421439,2,1,1984,12,7,0,15,16,0,0,0,0,0
421440,1,1,1984,0,0,0,0,0,0,0,0,0,0
421440,2,1,1984,9,9,9,9,9,9,9,9,9,9
421441,1,1,1984,17,17,17,17,17,17,17,17,17,17
421441,2,1,1984,0,0,0,0,0,0,0,0,0,0
421442,0,1,1984,19,19,19,19,19,19,19,19,19,19
421442,1,1,1984,19,0,0,0,0,19,0,0,0,17
421443,0,1,1984,33,17,24,17,11,0,14,14,17,25
421443,1,1,1984,0,25,0,0,0,0,14,8,0,0
421443,2,1,1984,0,0,0,0,0,0,0,0,0,0
421443,3,1,1984,6,9,0,6,0,13,12,16,0,8
421444,0,1,1984,29,29,29,29,29,29,29,29,29,29
421444,1,1,1984,0,0,0,0,0,0,0,0,0,0
421445,1,1,1984,16,16,0,0,0,22,0,0,22,12
421445,2,1,1984,0,0,0,0,0,0,0,0,0,0
421446,0,1,1984,35,35,35,35,35,35,35,35,35,35
421446,1,1,1984,0,0,23,17,13,8,24,13,0,5
421447,1,1,1984,0,0,0,0,0,0,0,0,0,0
421447,2,1,1984,0,0,0,0,0,0,0,0,0,0
421448,0,1,1984,0,0,8,7,0,0,5,0,0,30
421448,1,1,1984,0,0,0,0,0,0,0,0,0,0
421449,0,1,1984,0,0,0,0,0,0,0,0,0,0
421449,1,1,1984,0,0,0,0,0,0,0,0,0,0
421450,1,1,1984,31,20,14,11,17,0,13,0,12,14
421451,1,1,1984,0,0,0,0,0,4,0,0,0,3
421451,2,1,1984,0,0,0,15,6,0,0,0,14,0
421452,1,1,1984,30,0,0,0,0,18,0,14,0,20
421453,1,1,1984,0,0,23,6,25,9,0,21,27,0
421453,2,1,1984,0,0,0,0,0,0,0,0,0,0
421454,1,1,1984,24,24,24,24,24,24,24,24,24,24
421454,2,1,1984,0,0,0,0,0,0,0,0,0,0
421455,1,1,1984,0,0,0,0,0,0,0,0,0,0
421455,2,1,1984,0,0,0,0,0,0,0,0,0,0
421456,1,1,1984,12,12,12,12,12,12,12,12,12,12
421457,1,1,1984,0,5,0,0,0,14,0,0,0,0
421458,1,1,1984,13,13,13,13,13,13,13,13,13,13
421458,2,1,1984,30,30,30,30,30,30,30,30,30,30
421459,0,1,1984,0,24,22,28,19,18,25,0,0,0
421459,1,1,1984,19,0,0,0,0,0,0,0,0,0
421460,1,1,1984,15,27,13,20,19,62,14,29,19,18
421461,1,1,1984,9,9,9,9,9,9,9,9,9,9
421462,1,1,1984,17,7,20,14,23,12,22,15,15,8
421463,1,1,1984,0,0,0,22,10,0,0,0,0,0
421464,0,1,1984,0,0,0,0,0,0,0,0,0,0
421464,1,1,1984,0,0,0,0,0,0,0,0,10,0
421465,1,1,1984,0,0,0,0,0,0,0,0,0,0
421466,1,1,1984,0,0,0,0,0,0,0,42,0,0
421467,1,1,1984,18,18,18,18,18,18,18,18,18,18
421467,2,1,1984,0,0,0,0,0,0,0,0,0,0
421467,3,1,1984,0,0,0,0,0,31,26,0,0,7
421468,1,1,1984,0,33,0,0,0,7,0,15,0,10
421468,2,1,1984,0,0,0,0,0,0,11,0,0,0
421469,1,1,1984,0,0,0,0,0,0,0,0,0,0
421470,1,1,1984,0,0,0,0,0,0,0,0,0,0
421470,2,1,1984,0,0,0,0,0,0,0,0,0,0
421470,3,1,1984,0,0,0,0,0,0,0,0,0,0
421471,1,1,1984,18,18,18,18,18,18,18,18,18,18
421472,1,1,1984,26,26,26,26,26,26,26,26,26,26
421472,2,1,1984,3,3,3,3,3,3,3,3,3,3
421473,1,1,1984,15,15,15,15,15,15,15,15,15,15
421474,1,1,1984,14,14,14,14,14,14,14,14,14,14
421475,1,1,1984,0,0,0,0,0,0,0,0,0,0
421476,1,1,1984,25,25,25,25,25,25,25,25,25,25
421477,1,1,1984,0,0,0,0,0,0,0,0,0,0
421477,2,1,1984,0,0,0,0,0,0,0,0,0,0
421478,1,1,1984,0,0,0,0,0,0,0,0,0,0
421479,1,1,1984,12,12,12,12,12,12,12,12,12,12
421479,2,1,1984,18,0,0,0,0,0,0,0,0,0
421480,0,1,1984,13,13,13,13,13,13,13,13,13,13
421480,1,1,1984,25,0,0,13,30,0,9,8,0,0
421481,0,1,1984,20,0,0,0,0,0,0,9,0,0
421481,1,1,1984,0,0,0,0,0,0,0,20,0,0
421482,1,1,1984,21,21,21,21,21,21,21,21,21,21
421483,1,1,1984,10,0,13,12,16,10,0,0,0,22
421484,1,1,1984,0,0,0,0,0,0,0,0,0,0
421485,1,1,1984,0,0,0,0,0,0,0,0,0,0
421486,1,1,1984,0,0,6,0,0,0,0,0,0,0
421486,2,1,1984,5,5,5,5,5,5,5,5,5,5
421486,3,1,1984,0,0,0,0,0,0,0,0,0,0
421487,1,1,1984,24,24,24,24,24,24,24,24,24,24
421488,1,1,1984,25,25,25,25,25,25,25,25,25,25
421489,0,1,1984,0,0,0,0,0,0,0,0,0,0
421489,1,1,1984,0,0,0,0,0,25,0,0,0,0
421490,1,1,1984,0,0,27,0,0,0,0,14,0,0
421490,2,1,1984,12,12,12,12,12,12,12,12,12,12
421491,0,1,1984,31,31,31,31,31,31,31,31,31,31
421491,1,1,1984,0,11,0,13,0,0,12,0,0,12
421492,1,1,1984,22,22,22,22,22,22,22,22,22,22
421493,1,1,1984,21,21,21,21,21,21,21,21,21,21
421494,0,1,1984,27,0,0,0,0,21,0,0,0,0