ST_CASE,VEH_NO,PER_NO,YEAR,P1,P2,P3,P4,P5,P6,P7,P8,P9,P10
421494,1,1,1984,0,0,0,0,0,0,0,0,22,19
421495,0,1,1984,19,27,0,10,46,0,0,0,27,15
421495,1,1,1984,0,0,0,0,0,0,0,0,0,0
421496,1,1,1984,26,26,26,26,26,26,26,26,26,26
421497,1,1,1984,0,0,0,0,0,33,0,0,8,0
421498,1,1,1984,0,0,0,0,0,0,0,0,0,0
421499,1,1,1984,0,0,0,0,0,0,0,0,0,0
421500,0,1,1984,0,0,0,0,5,0,0,0,20,29
421500,1,1,1984,15,0,0,0,15,0,22,13,15,21
421502,1,1,1984,0,0,0,0,0,0,15,0,5,0
421502,2,1,1984,0,11,0,0,15,0,0,0,0,17
421503,1,1,1984,20,0,16,18,7,30,0,0,15,0
421503,2,1,1984,0,0,0,0,0,0,0,0,7,0
421504,1,1,1984,0,0,0,0,0,0,0,0,0,0
421505,0,1,1984,0,0,30,0,0,0,0,25,0,0
421505,1,1,1984,0,16,0,0,0,0,0,0,16,0
421506,0,1,1984,5,5,5,5,5,5,5,5,5,5
421506,1,1,1984,0,4,0,17,0,14,0,10,8,0
421507,1,1,1984,0,0,0,0,0,0,0,0,0,0
421507,2,1,1984,0,0,0,18,0,0,0,0,0,0
421508,1,1,1984,12,12,12,12,12,12,12,12,12,12
421509,1,1,1984,0,0,6,24,17,17,9,3,10,24
421510,1,1,1984,23,23,23,23,23,23,23,23,23,23
421510,2,1,1984,0,0,0,9,16,0,15,11,0,0
421511,1,1,1984,0,0,0,0,0,0,0,0,0,0
421512,1,1,1984,19,24,0,4,7,0,19,27,30,0
421512,2,1,1984,0,0,0,0,0,0,0,0,0,0
421513,1,1,1984,0,0,0,24,14,0,0,18,23,0
421513,2,1,1984,0,0,0,0,0,0,0,0,0,0
421514,1,1,1984,20,20,20,20,20,20,20,20,20,20
421515,1,1,1984,36,36,36,36,36,36,36,36,36,36
421515,2,1,1984,0,0,15,0,0,0,0,11,0,0
421516,0,1,1984,0,0,0,0,0,0,0,0,0,0
421516,1,1,1984,0,0,0,7,0,0,0,0,0,0
421517,1,1,1984,12,0,0,0,25,34,0,15,0,12
421517,2,1,1984,0,16,0,0,0,0,17,0,4,16
421518,1,1,1984,18,18,18,18,18,18,18,18,18,18
421519,1,1,1984,0,0,0,0,0,18,0,0,8,0
421519,2,1,1984,1,1,1,1,1,1,1,1,1,1
421520,1,1,1984,30,30,30,30,30,30,30,30,30,30
421520,2,1,1984,0,0,0,0,0,0,0,0,0,0
421522,0,1,1984,0,0,0,0,0,0,0,0,0,0
421522,1,1,1984,0,0,0,0,0,0,0,0,13,0
421523,0,1,1984,15,27,0,18,0,20,0,34,25,12
421523,1,1,1984,21,21,21,21,21,21,21,21,21,21
421524,1,1,1984,0,0,0,0,0,0,0,0,0,0
421524,2,1,1984,0,13,0,0,0,0,0,0,0,12
421524,3,1,1984,0,0,0,0,2,0,0,0,7,0
421524,4,1,1984,0,0,0,0,0,0,0,0,0,0
421524,5,1,1984,0,0,0,0,0,11,0,0,0,5
421525,1,1,1984,8,8,8,8,8,8,8,8,8,8
421526,1,1,1984,13,8,26,7,10,29,13,15,0,37
421526,2,1,1984,14,0,16,0,0,0,0,21,0,8
421527,1,1,1984,27,27,27,27,27,27,27,27,27,27
421528,0,1,1984,12,12,12,12,12,12,12,12,12,12
421528,1,1,1984,11,5,0,30,6,0,0,19,0,0
421529,0,1,1984,0,0,0,0,0,0,0,0,0,0
421529,1,1,1984,11,0,0,0,10,0,0,0,0,0
421530,1,1,1984,0,0,0,0,0,0,0,0,0,0
421530,2,1,1984,0,0,0,0,0,0,0,0,9,0
421530,3,1,1984,0,0,0,0,0,0,0,0,0,0
421531,1,1,1984,20,20,20,20,20,20,20,20,20,20
421531,2,1,1984,5,5,5,5,5,5,5,5,5,5
421532,0,1,1984,0,29,0,15,24,23,0,18,11,0
421532,0,2,1984,0,0,0,0,0,23,0,15,33,0
421532,0,3,1984,0,0,10,0,0,13,0,0,0,0
421532,1,1,1984,0,0,7,9,0,0,0,0,0,0
421533,1,1,1984,26,26,26,26,26,26,26,26,26,26
421534,1,1,1984,0,0,0,0,0,0,0,0,0,12
421534,2,1,1984,0,0,0,0,0,0,0,0,0,0
421535,1,1,1984,28,28,28,28,28,28,28,28,28,28
421535,2,1,1984,12,10,12,26,27,0,34,27,44,11
421536,1,1,1984,13,13,13,13,13,13,13,13,13,13
421537,1,1,1984,0,0,0,0,0,0,0,19,0,0
421537,2,1,1984,25,0,22,14,19,0,0,23,0,5
421538,1,1,1984,1,1,1,1,1,1,1,1,1,1
421539,1,1,1984,0,0,0,0,0,0,0,0,0,0
421540,0,1,1984,36,0,10,30,17,0,0,20,0,0
421540,1,1,1984,0,0,0,0,0,0,0,0,37,0
421541,0,1,1984,0,0,0,11,14,0,14,0,17,31
421541,0,2,1984,0,0,0,0,7,17,0,0,10,0
421541,1,1,1984,0,0,11,0,0,24,0,9,0,0
421542,1,1,1984,11,0,17,0,16,0,17,28,0,19
421543,1,1,1984,22,0,0,0,0,0,0,0,0,0
421543,2,1,1984,0,0,0,0,0,0,0,0,0,0
421544,1,1,1984,7,0,23,0,14,10,0,11,6,0
421545,1,1,1984,30,0,0,17,13,0,23,18,0,17
421546,1,1,1984,0,0,0,0,0,0,0,0,0,0
421547,1,1,1984,14,32,20,23,15,19,0,24,0,0
421548,1,1,1984,0,0,0,0,0,0,0,0,0,32
421548,2,1,1984,0,0,0,0,0,0,0,0,0,0
421549,1,1,1984,21,21,21,21,21,21,21,21,21,21
421550,1,1,1984,23,0,14,11,18,18,18,18,25,12
421551,1,1,1984,0,0,0,15,0,0,0,23,0,25
421551,2,1,1984,0,6,0,0,0,0,0,0,0,0
421552,1,1,1984,0,0,0,0,0,0,0,20,0,0
421553,1,1,1984,28,28,28,28,28,28,28,28,28,28
421558,0,1,1984,0,0,0,0,21,8,16,0,0,0
421558,1,1,1984,0,0,0,0,0,0,0,0,0,0
421559,1,1,1984,10,10,10,10,10,10,10,10,10,10
421559,2,1,1984,0,0,0,0,0,0,0,0,0,0
421561,0,1,1984,14,14,14,14,14,14,14,14,14,14
421561,1,1,1984,0,0,0,0,0,0,0,0,0,0
421562,1,1,1984,10,14,0,9,24,28,16,0,9,14
421563,1,1,1984,0,0,9,0,0,0,0,0,0,0
421564,0,1,1984,0,0,13,0,14,22,0,0,0,22
421564,1,1,1984,0,0,0,0,0,0,0,14,0,0
421565,1,1,1984,0,0,0,0,0,0,0,0,0,0
421565,2,1,1984,2,2,2,2,2,2,2,2,2,2
421566,1,1,1984,0,0,0,0,14,0,14,0,0,26
421566,2,1,1984,0,0,0,0,0,0,0,0,0,0
421567,1,1,1984,0,0,0,0,0,21,0,0,0,0
421567,2,1,1984,0,0,0,0,0,0,0,0,0,0
421568,1,1,1984,0,0,11,0,22,0,13,0,0,0
421569,1,1,1984,0,0,0,0,0,0,0,0,0,0
421569,2,1,1984,0,0,0,0,0,0,0,0,0,0
421570,0,1,1984,0,0,0,0,0,0,0,0,0,0
421570,1,1,1984,10,0,0,0,0,0,0,0,0,0
421571,0,1,1984,0,23,0,0,17,0,28,17,0,6
421571,0,2,1984,0,0,24,28,12,14,15,45,12,26
421571,1,1,1984,0,0,0,0,10,0,0,0,0,0
421572,0,1,1984,11,28,21,0,14,20,25,0,14,0
421572,1,1,1984,10,18,18,20,0,0,0,0,5,0
421573,1,1,1984,17,17,17,17,17,17,17,17,17,17
421576,1,1,1984,13,13,13,13,13,13,13,13,13,13
421577,0,1,1984,0,0,0,0,0,0,0,0,0,0
421577,1,1,1984,0,0,0,0,0,0,0,0,0,0
421578,0,1,1984,0,0,0,0,0,0,0,0,0,0
421578,1,1,1984,0,0,0,0,0,0,0,0,0,0
421579,1,1,1984,19,19,19,19,19,19,19,19,19,19
421581,1,1,1984,0,0,12,0,0,0,0,0,0,0
421582,1,1,1984,8,30,0,0,12,22,30,0,18,0
421583,1,1,1984,14,14,14,14,14,14,14,14,14,14
421584,1,1,1984,31,15,0,20,0,0,0,27,16,27
421585,0,1,1984,13,9,31,0,0,0,19,25,0,0
421585,1,1,1984,22,0,18,22,0,0,18,0,0,0
421586,1,1,1984,0,0,0,0,0,0,0,0,0,0
421586,2,1,1984,0,0,0,0,17,0,0,15,0,7
421587,1,1,1984,0,0,0,0,0,0,0,0,0,0
421588,1,1,1984,17,17,17,17,17,17,17,17,17,17
421588,2,1,1984,0,0,29,0,0,0,13,0,0,11
421589,0,1,1984,0,0,0,0,0,0,0,0,0,0
421589,1,1,1984,0,0,0,0,0,0,0,0,0,0
421590,0,1,1984,0,0,0,0,0,0,0,0,0,0
421590,1,1,1984,0,0,0,0,0,0,0,0,0,19
440001,1,1,1984,0,0,0,0,0,0,0,0,0,0
440001,2,1,1984,2,2,2,2,2,2,2,2,2,2
440002,1,1,1984,33,33,33,33,33,33,33,33,33,33
440003,1,1,1984,7,7,7,7,7,7,7,7,7,7
440004,1,1,1984,8,8,8,8,8,8,8,8,8,8
440005,1,2,1984,34,34,34,34,34,34,34,34,34,34
440006,1,1,1984,13,13,13,13,13,13,13,13,13,13
440007,1,2,1984,0,7,21,16,16,17,9,22,13,0
440008,1,1,1984,0,0,0,0,0,0,0,0,0,0
440009,1,1,1984,14,14,14,14,14,14,14,14,14,14
440010,0,1,1984,0,0,0,0,0,0,0,0,0,0
440010,1,1,1984,0,0,0,0,0,0,0,0,0,0
440011,1,1,1984,12,12,12,12,12,12,12,12,12,12
440011,2,1,1984,11,14,25,22,12,25,10,6,15,14
440012,1,1,1984,17,17,17,17,17,17,17,17,17,17
440013,1,1,1984,7,21,16,13,11,4,9,17,16,0
440013,2,1,1984,0,0,15,0,10,0,10,6,6,19
440014,1,1,1984,17,17,7,6,4,11,9,20,4,13
440015,1,1,1984,13,13,13,13,13,13,13,13,13,13
440016,1,1,1984,0,0,0,0,0,0,0,0,0,0
440016,2,1,1984,0,0,0,0,0,0,0,0,0,0
440017,1,1,1984,4,4,4,4,4,4,4,4,4,4
440017,2,1,1984,0,0,0,0,0,0,0,0,0,0
440017,3,1,1984,10,0,0,0,0,0,0,0,0,0
440018,0,1,1984,4,4,4,4,4,4,4,4,4,4
440018,0,2,1984,6,6,6,6,6,6,6,6,6,6
440018,1,1,1984,0,0,0,0,0,0,0,0,0,0
440019,1,1,1984,16,16,16,16,16,16,16,16,16,16
440020,0,1,1984,26,26,26,26,26,26,26,26,26,26
440020,1,1,1984,11,13,19,15,0,12,26,14,12,0
440021,1,1,1984,0,0,0,0,0,0,0,0,0,0
440022,1,1,1984,0,0,0,19,12,11,15,10,31,0
440023,1,1,1984,0,0,0,0,0,0,0,0,0,0
440024,0,1,1984,0,0,0,0,0,0,0,0,0,0
440024,1,1,1984,0,0,0,0,0,0,0,0,0,0
440025,0,1,1984,0,0,0,0,0,0,0,0,0,0
440025,1,1,1984,16,17,8,15,4,11,9,18,25,21
440026,1,1,1984,13,0,11,18,16,2,6,19,12,24
440027,1,1,1984,0,0,0,0,0,0,0,0,0,0
440028,0,1,1984,19,19,19,19,19,19,19,19,19,19
440028,1,1,1984,0,0,7,13,0,7,0,5,0,0
440029,1,1,1984,0,0,0,0,0,0,0,0,0,0
440029,2,1,1984,8,9,13,6,15,15,3,7,2,18
440030,1,1,1984,38,38,38,38,38,38,38,38,38,38
440031,1,1,1984,0,0,0,0,0,0,0,0,0,0
440031,2,1,1984,9,15,7,14,19,2,11,0,19,7
440032,1,1,1984,33,33,33,33,33,33,33,33,33,33
440033,1,1,1984,0,0,0,0,0,0,0,0,0,0
440033,2,1,1984,0,0,0,0,0,0,0,0,0,8
440034,1,1,1984,0,0,0,0,0,0,0,0,0,0
440035,1,1,1984,13,13,13,13,13,13,13,13,13,13
440035,2,1,1984,0,0,0,0,0,0,0,0,0,0
440036,1,1,1984,18,18,18,18,18,18,18,18,18,18
440037,1,1,1984,0,0,0,0,0,0,0,0,0,0
440037,2,1,1984,0,0,0,0,0,0,0,0,0,0
440038,1,1,1984,0,0,9,0,0,0,0,0,0,0
440038,2,1,1984,0,0,0,0,0,0,0,0,0,0
440039,1,1,1984,22,22,22,22,22,22,22,22,22,22
440040,0,1,1984,0,0,0,0,0,0,0,0,0,0
440040,1,1,1984,0,16,0,0,0,0,0,0,0,0
440041,0,1,1984,0,0,0,0,0,0,0,0,0,0
440041,1,1,1984,0,0,0,0,0,0,0,0,0,0
440042,1,1,1984,0,0,0,0,0,0,0,0,0,0
440043,1,1,1984,0,0,0,0,0,0,0,0,0,0
440043,2,1,1984,0,0,0,0,0,0,0,0,0,0
440044,1,2,1984,0,0,0,0,0,0,0,0,0,0
440044,2,2,1984,14,22,28,19,12,18,6,0,26,13
440045,1,1,1984,23,23,23,23,23,23,23,23,23,23
440046,1,1,1984,8,11,10,10,5,9,9,12,14,20
440047,1,1,1984,0,0,0,0,0,0,0,0,0,0
440047,2,1,1984,0,0,0,0,0,0,0,0,0,0
440048,0,1,1984,4,4,4,4,4,4,4,4,4,4
440048,1,1,1984,0,0,0,0,0,0,0,0,0,0
440048,2,1,1984,0,0,0,0,0,0,0,0,0,0
440049,1,1,1984,12,5,22,11,12,0,0,18,6,9
440049,2,1,1984,11,17,7,12,7,4,19,26,5,9
440050,1,1,1984,25,19,14,10,13,30,13,18,26,16
440051,1,1,1984,4,4,4,4,4,4,4,4,4,4
440052,0,1,1984,0,0,0,0,0,0,0,0,0,0
440052,1,1,1984,0,0,0,0,0,0,0,0,0,0
440053,1,1,1984,18,18,18,18,18,18,18,18,18,18
440054,1,1,1984,0,0,0,0,0,0,0,0,0,0
440055,1,1,1984,1,1,1,1,1,1,1,1,1,1
440055,2,1,1984,0,0,0,0,0,0,0,12,0,0
440056,1,1,1984,8,0,0,11,0,0,0,5,3,0
440057,1,1,1984,25,25,25,25,25,25,25,25,25,25
440057,2,1,1984,0,0,0,0,0,7,0,0,0,0
440058,1,1,1984,19,19,19,19,19,19,19,19,19,19
440059,0,1,1984,3,3,3,3,3,3,3,3,3,3
440059,1,1,1984,21,11,7,9,21,11,15,5,0,19
440060,1,1,1984,28,0,19,36,20,14,17,14,33,10
440061,0,1,1984,0,0,0,0,0,0,0,0,0,0
440061,1,1,1984,0,0,0,0,0,0,0,0,0,0
440062,1,1,1984,22,19,32,18,25,16,24,11,15,25
440063,1,1,1984,7,0,0,0,0,0,16,0,24,0
440063,2,1,1984,19,19,19,19,19,19,19,19,19,19
440064,0,1,1984,0,0,0,0,0,0,0,0,0,0
440064,1,1,1984,0,0,8,0,0,0,0,0,0,0
440065,1,1,1984,31,31,31,31,31,31,31,31,31,31
440066,0,1,1984,0,0,0,0,0,0,0,0,0,0
440066,1,1,1984,0,0,22,0,0,0,0,0,0,0
440067,1,1,1984,0,0,0,0,0,0,0,0,0,0
440069,1,1,1984,31,31,31,31,31,31,31,31,31,31
440070,0,1,1984,0,0,0,0,0,0,0,0,0,0
440070,1,1,1984,0,0,0,0,0,0,0,0,0,0
440071,0,1,1984,0,4,0,0,10,0,0,0,0,0
440071,1,1,1984,0,0,0,0,0,0,0,0,0,0
440071,2,1,1984,0,0,0,0,0,0,0,0,0,0
440072,1,1,1984,22,22,22,22,22,22,22,22,22,22
440073,1,1,1984,23,23,23,23,23,23,23,23,23,23
440074,1,1,1984,0,0,0,0,0,0,0,0,0,0
440074,2,1,1984,8,3,18,17,12,7,13,12,19,30
440075,1,1,1984,0,0,26,0,22,0,0,1,22,29
440076,0,1,1984,0,0,0,0,17,0,7,16,0,0
440076,1,1,1984,19,16,16,10,15,14,0,6,16,0
450001,0,1,1984,0,0,0,0,0,0,0,0,0,0
450001,1,1,1984,0,0,0,0,0,12,0,0,8,0
450002,1,1,1984,23,23,23,23,23,23,23,23,23,23
450003,1,1,1984,0,0,0,0,0,0,0,0,0,0
450004,1,1,1984,21,10,19,0,13,18,17,16,16,12
450005,0,1,1984,0,0,0,0,0,0,0,0,0,0
450005,1,1,1984,30,9,0,0,0,0,0,0,0,0
450006,1,1,1984,0,0,0,0,0,0,0,0,0,0
450006,2,1,1984,0,0,0,0,0,0,0,0,0,0
450007,1,1,1984,0,19,0,0,0,0,0,0,19,19
450007,2,1,1984,0,0,0,0,0,0,0,0,0,0
450008,1,1,1984,20,20,20,20,20,20,20,20,20,20
450009,1,1,1984,0,0,15,0,0,0,0,0,0,15
450010,1,1,1984,18,18,18,18,18,18,18,18,18,18
450011,1,1,1984,20,11,9,9,19,7,32,6,20,20
450012,1,1,1984,20,20,20,20,20,20,20,20,20,20
450013,1,1,1984,16,16,16,16,16,16,16,16,16,16
450014,1,1,1984,5,5,5,5,5,5,5,5,5,5
450015,1,1,1984,0,0,0,0,0,0,0,0,0,0
450015,2,1,1984,18,18,18,18,18,18,18,18,18,18
450016,1,1,1984,0,0,0,0,0,0,0,0,0,0
450017,1,1,1984,0,0,0,0,0,0,18,0,0,0
450018,1,1,1984,15,15,15,15,15,15,15,15,15,15
450019,0,1,1984,0,0,0,0,0,0,0,0,0,0
450019,1,1,1984,15,15,15,15,15,15,15,15,15,15
450020,0,1,1984,37,37,37,37,37,37,37,37,37,37
450020,1,1,1984,0,18,0,0,20,8,0,28,0,7
450021,1,1,1984,0,0,8,18,37,24,0,0,0,35
450021,2,1,1984,0,0,0,0,0,0,0,0,0,0
450022,1,1,1984,28,28,28,28,28,28,28,28,28,28
450022,2,1,1984,13,13,13,13,13,13,13,13,13,13
450023,1,1,1984,16,16,16,16,16,16,16,16,16,16
450023,2,1,1984,0,0,0,8,0,0,0,0,0,0
450024,1,1,1984,9,9,9,9,9,9,9,9,9,9
450025,1,1,1984,0,21,0,0,0,0,0,0,0,0
450026,1,1,1984,0,0,0,0,0,0,0,0,0,0
450027,1,1,1984,0,22,0,29,30,0,10,5,0,33
450028,0,1,1984,0,0,0,0,0,0,0,0,0,0
450028,0,2,1984,13,0,0,0,5,0,13,0,0,0
450028,1,1,1984,0,0,0,0,0,12,16,0,0,0
450028,2,1,1984,0,13,0,0,0,0,20,16,31,0
450029,1,1,1984,0,0,0,0,0,0,0,0,0,0
450029,2,1,1984,17,17,17,17,17,17,17,17,17,17
450030,1,1,1984,13,18,0,8,0,0,0,0,0,0
450031,1,1,1984,24,0,19,0,0,0,13,0,0,15
450031,2,1,1984,0,14,0,0,12,0,0,0,0,0
450031,3,1,1984,0,0,0,0,0,0,0,0,0,0
450032,1,1,1984,0,0,0,0,0,0,0,0,0,0
450033,1,1,1984,15,15,15,15,15,15,15,15,15,15
450034,1,1,1984,0,0,0,0,0,0,0,0,0,0
450034,2,1,1984,0,0,0,0,0,0,0,0,0,0
450035,1,1,1984,17,22,16,28,24,27,23,0,32,5
450036,0,1,1984,0,0,0,0,0,0,0,0,0,0
450036,1,1,1984,0,0,0,0,0,0,0,0,0,0
450037,1,1,1984,9,0,0,0,0,0,0,0,0,0
450037,2,1,1984,0,0,0,0,0,0,0,0,0,0
450038,1,1,1984,0,0,0,0,0,0,0,0,0,0
450038,2,1,1984,0,0,0,0,0,0,0,0,0,0
450039,1,1,1984,0,0,0,0,0,0,0,0,0,0
450039,2,1,1984,23,6,0,18,0,0,0,0,0,0
450040,1,1,1984,0,0,0,0,0,0,0,0,0,0
450040,2,1,1984,0,0,0,0,0,0,0,0,0,0
450041,1,1,1984,10,14,3,5,8,21,13,21,17,4
450042,1,1,1984,0,0,0,0,0,8,0,0,0,0
450043,1,1,1984,0,0,0,0,23,0,23,0,0,0
450043,2,1,1984,0,0,0,0,0,0,0,0,0,0
450044,1,1,1984,0,0,0,0,0,0,0,0,0,0
450045,1,1,1984,0,0,0,0,0,0,0,0,0,0
450045,2,1,1984,0,0,0,0,0,0,0,0,0,0
450046,1,1,1984,0,13,13,4,15,15,0,0,15,0
450047,1,1,1984,16,18,23,20,14,9,29,19,14,29
450048,0,1,1984,15,20,21,14,8,26,24,10,12,23
450048,1,1,1984,0,0,0,0,0,0,0,0,0,0
450049,1,1,1984,9,12,8,17,17,17,30,13,16,21
450050,0,1,1984,31,31,31,31,31,31,31,31,31,31
450050,1,1,1984,0,0,0,0,0,0,0,0,0,0
450051,1,1,1984,3,3,3,3,3,3,3,3,3,3
450051,2,1,1984,0,0,15,17,0,0,0,0,0,10
450052,1,1,1984,0,0,0,0,0,0,0,0,0,0
450052,2,1,1984,0,13,0,0,0,0,0,0,10,0
450052,3,1,1984,0,0,0,0,0,0,0,0,0,0
450052,4,1,1984,0,0,0,0,0,0,0,0,0,0
450052,5,1,1984,0,0,0,0,0,0,0,0,0,0
450053,1,1,1984,15,0,0,9,0,9,16,0,6,6
450053,2,1,1984,0,0,0,0,0,0,0,0,0,0
450054,1,1,1984,20,10,0,2,18,23,1,4,4,5
450055,1,1,1984,0,0,0,0,0,28,0,0,0,0
450055,2,1,1984,0,0,0,0,0,0,0,0,0,0
450056,0,1,1984,0,0,0,0,0,0,0,0,0,0
450056,1,1,1984,0,0,0,0,0,18,0,0,0,0
450057,1,1,1984,0,0,0,0,0,8,0,0,0,0
450058,1,1,1984,17,17,17,17,17,17,17,17,17,17
450059,0,1,1984,0,0,0,0,0,0,0,0,0,0
450059,1,1,1984,0,0,0,0,0,0,0,0,0,0
450060,1,1,1984,0,0,0,0,0,0,0,0,0,0
450061,0,1,1984,38,10,0,16,5,16,29,21,0,3
450061,0,2,1984,18,0,0,26,20,19,23,41,0,33
450061,1,1,1984,0,0,0,0,0,0,0,0,0,0
450062,1,1,1984,22,22,22,22,22,22,22,22,22,22
450062,2,1,1984,0,0,0,0,0,0,0,0,0,0
450063,1,1,1984,7,7,7,7,7,7,7,7,7,7
450064,1,1,1984,0,0,0,0,0,0,0,0,0,0
450064,2,1,1984,0,0,0,0,0,0,0,0,0,0
450065,1,1,1984,0,0,0,0,0,0,0,0,0,0
450066,0,1,1984,27,27,27,27,27,27,27,27,27,27
450066,1,1,1984,12,0,0,0,0,17,0,0,0,14
450067,0,1,1984,7,0,13,30,0,0,0,7,0,23
450067,1,1,1984,0,0,0,0,0,0,25,0,0,0
450068,1,1,1984,25,25,25,25,25,25,25,25,25,25
450069,1,1,1984,0,0,0,0,0,0,0,0,0,0
450069,2,1,1984,0,0,26,0,6,0,28,0,19,0
450070,0,1,1984,0,0,0,0,0,0,0,0,0,0
450070,1,1,1984,0,16,0,0,0,13,0,0,19,19
450071,0,1,1984,0,0,0,0,0,0,0,0,0,0
450071,1,1,1984,0,0,0,0,3,13,9,13,0,0
450072,1,1,1984,16,0,0,18,25,12,0,0,0,0
450073,1,1,1984,33,0,8,0,9,0,0,0,24,0
450074,1,1,1984,0,0,0,0,0,0,0,0,0,0
450074,2,1,1984,0,0,0,0,0,0,0,0,0,0
450075,1,1,1984,26,12,12,23,0,10,27,48,12,8
450076,1,1,1984,0,0,0,0,0,0,0,0,0,0
450077,1,1,1984,0,30,0,0,0,0,0,0,0,0
450077,2,1,1984,12,14,17,18,0,14,25,0,14,8
450078,0,1,1984,17,17,17,17,17,17,17,17,17,17
450078,1,1,1984,0,0,0,0,0,0,0,0,0,0
450079,0,1,1984,10,0,25,10,0,18,0,10,19,21
450079,1,1,1984,0,0,0,0,0,0,0,0,0,15
450080,0,1,1984,17,17,17,17,17,17,17,17,17,17
450080,1,1,1984,0,0,0,0,0,0,0,0,0,0
450081,1,1,1984,21,0,26,8,24,11,26,15,20,14
450082,1,1,1984,0,0,0,0,16,0,0,0,11,12
450083,1,1,1984,14,14,14,14,14,14,14,14,14,14
450084,0,1,1984,0,0,15,0,0,17,0,0,0,0
450084,1,1,1984,0,0,0,0,0,0,0,0,0,0
450085,1,1,1984,0,0,0,20,40,8,0,8,0,0
450086,1,1,1984,11,15,11,18,22,12,14,7,4,16
450087,1,1,1984,9,9,9,9,9,9,9,9,9,9
450087,2,1,1984,0,0,0,0,0,0,0,0,0,0
450088,1,1,1984,15,17,24,9,30,9,3,18,13,15
450088,2,1,1984,13,0,0,0,0,18,0,0,0,0
450088,3,1,1984,0,0,0,0,14,0,0,26,17,0
450089,1,1,1984,19,3,20,0,0,16,0,0,28,26
450090,0,1,1984,9,9,9,9,9,9,9,9,9,9
450090,1,1,1984,16,0,0,31,0,0,0,11,0,0
450091,1,1,1984,9,9,9,9,9,9,9,9,9,9
450092,1,1,1984,0,0,0,0,13,0,13,0,0,0
450092,2,1,1984,0,0,0,0,0,0,0,0,0,0
450092,3,1,1984,0,0,0,0,0,0,0,0,0,0
450093,1,1,1984,0,0,0,0,0,0,0,0,0,0
450093,2,1,1984,12,12,12,12,12,12,12,12,12,12
450094,1,1,1984,0,13,0,0,0,0,4,0,0,0
450094,2,1,1984,21,24,22,4,6,3,11,20,9,17
450095,1,1,1984,9,10,9,0,0,0,0,0,0,0
450095,2,1,1984,12,16,6,11,11,20,25,28,13,26
450096,1,1,1984,18,27,0,0,0,26,0,0,0,0
450096,2,1,1984,0,0,0,0,0,0,0,0,0,0
450097,1,1,1984,0,0,16,0,12,0,0,0,0,0
450097,2,1,1984,12,0,0,0,27,0,13,0,0,0
450098,0,1,1984,0,0,0,0,0,0,0,0,0,0
450098,1,1,1984,0,0,0,0,0,0,0,0,0,0
450099,1,1,1984,0,0,0,0,0,0,0,0,0,0
450099,2,1,1984,0,0,0,0,0,0,0,0,0,0
450100,1,1,1984,0,0,0,0,0,0,0,0,0,0
450101,1,1,1984,18,18,18,18,18,18,18,18,18,18
450102,1,1,1984,0,0,0,0,0,8,0,0,0,0
450102,2,1,1984,0,0,0,0,0,0,0,0,0,0
450102,3,1,1984,0,0,0,0,0,0,0,0,0,0
450103,1,1,1984,0,0,0,0,0,0,0,0,0,0
450103,2,1,1984,0,14,0,0,17,0,0,0,0,0
450104,1,1,1984,0,0,0,0,0,0,0,0,0,0
450104,2,1,1984,0,0,0,0,0,0,0,0,0,0
450105,1,1,1984,0,0,0,0,0,0,0,0,0,0
450105,2,1,1984,0,6,0,10,0,0,0,0,0,0
450106,1,1,1984,0,0,0,0,0,0,0,18,0,0
450106,2,1,1984,0,0,0,16,0,0,0,0,0,0
450107,1,1,1984,9,0,0,11,0,0,0,0,25,27
450108,1,1,1984,23,19,28,0,18,9,16,12,0,34
450109,0,1,1984,0,0,0,0,0,0,0,0,0,0
450109,1,1,1984,0,0,19,5,0,0,0,0,0,0
450110,1,1,1984,19,19,19,19,19,19,19,19,19,19
450110,2,1,1984,0,0,0,0,0,0,0,0,0,12
450110,3,1,1984,0,0,0,0,0,0,0,0,0,22
450110,4,1,1984,0,0,0,0,0,0,0,0,0,24
450111,1,1,1984,0,0,0,0,0,0,0,0,0,0
450111,2,1,1984,0,0,0,0,0,0,0,0,0,0
450112,1,1,1984,13,13,13,13,13,13,13,13,13,13
450113,1,1,1984,21,21,21,21,21,21,21,21,21,21
450113,2,1,1984,0,0,0,0,0,0,0,0,0,0
450114,0,1,1984,0,0,0,0,0,0,0,0,0,0
450114,1,1,1984,0,0,0,0,0,0,0,0,0,0
450115,0,1,1984,23,23,23,23,23,23,23,23,23,23
450115,1,1,1984,0,0,0,0,0,0,0,0,0,0
450116,1,1,1984,0,0,0,0,0,0,0,0,0,0
450116,2,1,1984,0,0,0,0,0,0,0,0,0,0
450116,3,1,1984,15,15,15,15,15,15,15,15,15,15
450117,1,1,1984,0,0,0,0,0,0,0,0,0,0
450118,1,1,1984,6,6,6,6,6,6,6,6,6,6
450119,1,1,1984,0,0,0,0,0,0,0,0,0,0
450119,2,1,1984,0,0,0,0,0,8,0,0,0,0