ST_CASE,VEH_NO,PER_NO,YEAR,P1,P2,P3,P4,P5,P6,P7,P8,P9,P10
450120,1,1,1984,19,0,25,7,24,11,25,24,23,6
450121,1,1,1984,0,0,0,0,0,0,0,0,0,0
450121,2,1,1984,0,0,0,0,0,0,0,0,0,0
450121,3,1,1984,0,0,0,0,0,0,0,0,0,0
450122,1,2,1984,0,0,0,33,0,6,14,0,11,14
450123,0,1,1984,21,21,21,21,21,21,21,21,21,21
450123,1,1,1984,0,0,0,0,0,0,0,0,0,0
450124,1,1,1984,0,0,0,0,0,11,0,0,0,0
450125,1,1,1984,16,15,0,22,9,13,14,16,24,14
450125,2,1,1984,21,21,21,21,21,21,21,21,21,21
450126,1,1,1984,0,0,0,0,0,0,0,0,0,0
450126,2,1,1984,0,0,0,0,0,0,0,0,0,0
450127,1,1,1984,0,0,0,0,0,0,0,0,0,0
450127,2,1,1984,0,0,0,0,0,0,0,0,0,0
450128,1,1,1984,20,20,20,20,20,20,20,20,20,20
450129,1,1,1984,0,0,0,23,0,0,0,0,0,21
450130,1,1,1984,18,18,18,18,18,18,18,18,18,18
450131,1,1,1984,0,0,0,0,0,0,0,0,0,0
450132,1,1,1984,15,15,15,15,15,15,15,15,15,15
450133,0,1,1984,0,0,0,0,0,0,0,0,0,0
450133,1,1,1984,0,0,0,0,11,0,0,0,0,0
450134,1,1,1984,0,0,0,0,0,0,0,0,0,0
450135,0,1,1984,35,10,9,15,28,10,18,22,15,12
450135,1,1,1984,0,0,0,0,0,0,0,0,0,14
450136,1,1,1984,36,23,27,11,22,19,24,21,22,25
450137,1,1,1984,0,0,0,0,0,0,0,0,0,0
450137,2,1,1984,0,0,14,7,0,8,0,19,0,15
450138,0,1,1984,0,5,21,13,14,7,7,22,43,7
450138,1,1,1984,0,0,0,0,0,0,0,0,0,0
450139,1,1,1984,16,18,21,29,12,21,12,23,11,19
450140,0,1,1984,0,0,2,0,0,0,0,0,0,0
450140,1,1,1984,0,0,0,0,0,0,0,0,0,0
450141,1,1,1984,0,0,0,0,0,0,0,24,0,21
450141,2,1,1984,0,0,0,0,0,0,0,0,0,0
450143,1,1,1984,15,15,15,15,15,15,15,15,15,15
450144,0,1,1984,0,0,0,0,0,0,0,0,0,0
450144,1,1,1984,0,0,18,0,0,0,0,0,0,0
450145,1,1,1984,20,20,20,20,20,20,20,20,20,20
450146,1,1,1984,0,0,0,0,0,0,0,0,0,0
450146,2,1,1984,0,0,0,0,12,0,0,0,0,0
450147,1,1,1984,0,0,0,0,0,0,0,0,0,0
450147,2,1,1984,0,0,13,0,13,0,8,0,10,22
450148,1,1,1984,0,0,0,0,0,0,0,0,0,0
450148,2,1,1984,0,0,0,0,0,0,0,0,0,0
450150,1,1,1984,0,0,0,0,0,0,0,0,0,0
450151,1,1,1984,16,12,14,12,0,5,7,12,4,25
450151,2,1,1984,0,0,0,0,0,0,0,0,0,0
450152,1,1,1984,0,0,0,0,0,0,3,12,0,0
450153,0,1,1984,20,20,20,20,20,20,20,20,20,20
450153,1,1,1984,0,8,0,0,0,0,18,0,0,0
450154,1,1,1984,18,14,8,15,19,10,23,20,17,19
450155,1,1,1984,0,0,0,0,0,0,0,12,0,0
450155,2,1,1984,0,0,0,0,0,0,0,0,0,0
450156,1,1,1984,18,18,18,18,18,18,18,18,18,18
450156,2,1,1984,5,0,14,6,11,0,0,4,0,0
450157,1,1,1984,23,23,23,23,23,23,23,23,23,23
450158,1,1,1984,6,0,0,0,0,0,0,0,0,0
450158,2,1,1984,0,12,38,0,25,0,27,19,0,0
450159,0,1,1984,28,28,28,28,28,28,28,28,28,28
450159,1,1,1984,0,0,0,0,0,0,14,0,0,0
450160,0,1,1984,6,10,16,0,0,0,0,17,13,0
450160,1,1,1984,20,20,20,20,20,20,20,20,20,20
450161,1,1,1984,0,0,0,0,0,0,0,0,0,0
450162,1,1,1984,0,0,0,0,0,0,0,0,0,0
450162,2,1,1984,0,0,0,0,0,0,0,0,0,0
450163,1,1,1984,0,22,0,0,4,23,0,0,12,0
450163,2,1,1984,8,20,11,10,26,16,14,20,8,19
450164,0,1,1984,0,0,23,0,0,0,0,0,0,0
450164,1,1,1984,0,0,0,0,0,0,0,0,0,0
450165,1,1,1984,0,0,0,0,17,0,0,0,29,11
450166,1,1,1984,20,20,20,20,20,20,20,20,20,20
450167,0,1,1984,24,0,28,26,0,33,23,20,23,15
450167,1,1,1984,0,0,6,0,0,8,0,0,0,13
450168,1,1,1984,12,12,12,12,12,12,12,12,12,12
450169,0,1,1984,0,0,3,0,0,0,0,0,13,0
450169,1,1,1984,0,0,0,0,0,0,0,0,14,0
450170,1,1,1984,0,0,0,0,0,0,0,0,0,0
450170,2,1,1984,32,0,0,0,0,0,0,0,9,0
450171,1,1,1984,20,20,20,20,20,20,20,20,20,20
450172,1,1,1984,0,0,0,18,0,0,0,0,0,0
450172,2,1,1984,1,1,1,1,1,1,1,1,1,1
450173,1,1,1984,7,7,7,7,7,7,7,7,7,7
450174,0,1,1984,20,20,20,20,20,20,20,20,20,20
450174,1,1,1984,0,0,0,0,0,0,0,0,0,0
450175,0,1,1984,20,20,20,20,20,20,20,20,20,20
450175,1,1,1984,0,22,35,0,0,0,5,12,0,14
450176,1,1,1984,29,0,0,13,19,15,13,11,0,19
450177,1,1,1984,0,0,11,0,0,0,0,0,14,0
450178,1,1,1984,20,20,20,20,20,20,20,20,20,20
450178,2,1,1984,0,10,0,0,0,0,0,0,0,0
450179,0,1,1984,0,0,0,0,0,0,0,0,0,0
450179,1,1,1984,0,0,0,0,0,0,0,0,0,0
450180,1,1,1984,0,0,0,0,0,0,0,0,0,0
450180,2,1,1984,0,0,0,0,0,0,0,0,0,0
450181,1,1,1984,18,18,18,18,18,18,18,18,18,18
450182,1,1,1984,0,0,0,0,0,0,0,0,0,0
450183,1,1,1984,29,18,33,19,20,10,27,23,25,10
450183,2,1,1984,11,10,0,0,0,0,0,0,0,31
450184,1,1,1984,0,0,0,0,0,0,0,0,0,0
450184,2,1,1984,0,22,0,0,0,0,0,0,0,0
450185,1,1,1984,0,0,0,0,0,0,14,0,0,6
450185,2,1,1984,21,0,0,0,0,0,0,0,0,0
450186,1,1,1984,0,15,0,0,18,0,0,32,19,0
450187,1,1,1984,0,0,0,0,0,0,0,0,0,0
450188,1,1,1984,0,0,0,0,0,0,0,0,0,0
450188,2,1,1984,0,0,0,0,11,0,0,0,19,10
450189,0,1,1984,21,21,21,21,21,21,21,21,21,21
450189,1,1,1984,0,0,0,0,0,0,0,0,0,0
450190,1,1,1984,20,20,20,20,20,20,20,20,20,20
450191,1,1,1984,0,0,0,0,0,0,0,0,0,0
450191,2,1,1984,0,0,0,0,0,0,0,0,0,0
450191,3,1,1984,12,0,0,0,0,0,0,0,0,0
450192,1,1,1984,0,0,0,0,0,0,0,0,18,0
450192,2,1,1984,27,27,27,27,27,27,27,27,27,27
450193,1,1,1984,0,0,0,11,0,0,0,0,0,11
450193,2,1,1984,0,0,0,0,0,0,0,0,0,0
450194,1,1,1984,0,0,0,0,0,0,0,0,0,0
450194,2,1,1984,0,0,0,0,0,0,0,0,0,0
450195,1,1,1984,0,0,0,0,0,0,0,0,20,0
450195,2,1,1984,20,20,20,20,20,20,20,20,20,20
450196,1,1,1984,0,0,0,0,6,0,0,0,0,0
450196,2,1,1984,0,0,0,0,0,0,0,0,0,0
450197,1,1,1984,0,0,0,0,0,0,0,0,0,0
450197,2,1,1984,0,0,0,17,0,16,0,0,0,0
450198,1,1,1984,0,0,0,0,0,0,0,0,0,0
450199,1,1,1984,20,20,20,20,20,20,20,20,20,20
450200,1,1,1984,17,17,17,17,17,17,17,17,17,17
450201,0,1,1984,0,0,0,0,0,0,0,0,0,0
450201,1,1,1984,0,0,0,0,0,0,0,0,0,0
450202,1,1,1984,21,22,7,13,10,0,17,9,11,10
450203,0,1,1984,0,0,0,0,0,0,0,0,0,0
450203,1,1,1984,0,0,0,0,0,0,0,0,0,0
450204,1,1,1984,24,15,0,0,17,20,12,23,28,9
450204,2,1,1984,18,0,17,28,0,27,9,18,23,13
450205,1,1,1984,2,2,2,2,2,2,2,2,2,2
450206,1,1,1984,0,0,0,0,0,0,0,0,0,0
450207,1,1,1984,0,0,0,0,0,0,0,0,0,0
450207,2,1,1984,9,0,11,0,11,0,0,21,0,0
450208,0,1,1984,0,0,0,0,11,5,25,0,6,0
450208,0,2,1984,0,0,16,23,4,34,0,12,0,6
450208,1,1,1984,9,9,9,9,9,9,9,9,9,9
450208,2,1,1984,4,4,4,4,4,4,4,4,4,4
450209,1,1,1984,0,19,19,0,0,30,0,11,25,11
450210,1,1,1984,0,0,0,0,0,0,0,0,0,0
450210,2,1,1984,14,0,0,0,0,0,0,0,0,0
450211,1,1,1984,0,0,22,0,0,0,0,0,33,13
450211,2,1,1984,0,0,0,0,0,0,0,0,0,0
450212,1,1,1984,0,0,0,0,0,0,0,0,0,0
450212,2,1,1984,0,0,0,0,0,0,0,0,0,0
450213,0,1,1984,20,20,20,20,20,20,20,20,20,20
450213,1,1,1984,0,9,7,16,19,18,9,9,15,23
450214,1,1,1984,0,0,0,0,0,0,0,0,0,0
450214,2,1,1984,0,0,0,0,0,0,0,0,0,0
450215,0,1,1984,0,0,0,0,0,0,0,0,0,0
450215,1,1,1984,0,0,0,0,0,0,0,0,0,0
450216,1,1,1984,20,20,20,20,20,20,20,20,20,20
450217,1,1,1984,0,0,0,0,0,0,0,0,0,0
450218,1,1,1984,0,0,16,0,0,0,0,0,0,29
450218,2,1,1984,0,0,0,0,0,0,0,0,0,0
450219,1,1,1984,13,33,18,18,6,17,15,8,28,8
450220,0,1,1984,0,0,0,0,0,0,0,0,0,0
450220,1,1,1984,0,0,0,0,0,0,0,0,0,0
450221,1,1,1984,0,0,0,0,0,0,0,0,0,0
450221,2,1,1984,0,0,0,0,0,0,0,0,11,0
450222,1,1,1984,26,34,10,21,28,23,3,0,24,16
450223,0,1,1984,0,0,0,0,0,0,0,0,0,0
450223,1,1,1984,0,0,0,22,0,0,0,0,0,0
450224,1,1,1984,0,10,0,0,0,30,0,0,0,0
450225,1,1,1984,9,9,9,9,9,9,9,9,9,9
450226,1,1,1984,0,0,0,0,0,0,0,0,0,0
450226,2,1,1984,0,0,0,0,0,0,0,0,0,0
450227,1,1,1984,0,0,0,0,0,0,0,0,10,0
450228,1,1,1984,16,16,16,16,16,16,16,16,16,16
450229,1,1,1984,0,0,0,0,0,0,0,0,0,21
450229,2,1,1984,7,7,7,7,7,7,7,7,7,7
450230,1,1,1984,23,23,23,23,23,23,23,23,23,23
450231,1,1,1984,0,0,0,0,0,0,0,0,0,0
450232,1,1,1984,0,15,0,0,0,0,0,0,0,0
450233,1,1,1984,26,26,26,26,26,26,26,26,26,26
450234,1,1,1984,15,13,8,11,17,10,9,12,13,9
450235,1,1,1984,0,7,0,0,0,0,16,8,0,0
450236,1,1,1984,11,0,0,0,0,0,0,6,0,0
450237,0,1,1984,28,28,28,28,28,28,28,28,28,28
450237,1,1,1984,15,15,15,15,15,15,15,15,15,15
450238,1,1,1984,0,0,0,0,0,0,0,0,0,0
450238,2,1,1984,30,9,20,5,32,0,29,30,6,0
450239,1,1,1984,0,0,0,0,8,0,0,0,0,22
450240,1,1,1984,0,0,0,0,0,0,0,0,0,0
450240,2,1,1984,0,0,0,0,0,0,0,0,0,0
450241,1,1,1984,22,22,22,22,22,22,22,22,22,22
450242,1,1,1984,0,0,0,17,0,0,0,0,0,0
450242,2,1,1984,0,0,0,0,0,0,0,0,0,0
450243,1,1,1984,13,23,26,16,15,28,0,22,31,13
450244,1,1,1984,0,0,0,0,0,0,0,0,0,0
450244,2,1,1984,20,20,20,20,20,20,20,20,20,20
450245,1,1,1984,18,18,18,18,18,18,18,18,18,18
450245,2,1,1984,0,3,0,0,0,0,0,0,0,0
450246,1,1,1984,0,11,0,23,0,16,0,15,13,0
450246,2,1,1984,0,0,0,0,0,0,0,0,0,0
450247,1,1,1984,0,18,0,0,0,0,0,0,0,0
450247,2,1,1984,0,0,0,0,0,0,0,0,0,0
450247,3,1,1984,0,0,0,0,0,0,0,0,0,23
450248,1,1,1984,0,0,0,0,0,0,0,0,0,0
450248,2,1,1984,0,0,0,0,0,0,0,0,0,0
450249,0,1,1984,1,1,1,1,1,1,1,1,1,1
450249,1,1,1984,7,3,24,21,15,0,0,0,0,12
450250,0,1,1984,23,19,0,0,19,0,0,0,10,7
450250,1,1,1984,28,0,14,0,6,0,7,16,0,0
450251,1,1,1984,0,0,0,0,0,0,0,0,0,0
450251,2,1,1984,0,0,0,0,0,0,0,0,0,0
450252,1,1,1984,0,0,0,0,0,0,0,0,0,0
450253,1,1,1984,0,0,0,12,19,25,14,0,0,0
450253,2,1,1984,15,15,15,15,15,15,15,15,15,15
450254,1,1,1984,38,38,38,38,38,38,38,38,38,38
450255,0,1,1984,19,19,19,19,19,19,19,19,19,19
450255,1,1,1984,0,0,15,0,9,0,0,0,0,11
450256,1,1,1984,0,0,0,0,0,0,0,27,23,0
450257,1,1,1984,0,0,0,0,0,0,0,0,0,0
450258,1,1,1984,0,0,0,0,0,0,0,0,0,0
450258,2,1,1984,0,0,0,0,0,0,0,0,0,0
450259,1,1,1984,0,0,0,9,0,0,0,0,0,0
450259,2,1,1984,20,0,26,0,0,0,0,0,0,0
450260,1,1,1984,0,16,0,0,0,12,0,0,17,11
450261,1,1,1984,21,21,21,21,21,21,21,21,21,21
450262,0,1,1984,37,37,37,37,37,37,37,37,37,37
450262,1,1,1984,0,0,0,0,0,0,0,0,25,21
450263,1,1,1984,0,0,0,0,13,0,0,7,0,0
450264,1,1,1984,5,5,5,5,5,5,5,5,5,5
450265,1,1,1984,27,10,29,22,19,29,20,29,16,16
450266,0,1,1984,0,0,0,0,0,0,0,0,0,0
450266,1,1,1984,0,0,0,0,0,13,0,0,0,0
450267,0,1,1984,0,0,0,0,0,0,0,0,0,0
450267,1,1,1984,0,0,0,0,0,0,0,0,0,0
450268,0,1,1984,18,13,0,42,13,29,31,16,17,29
450268,0,2,1984,22,22,22,22,22,22,22,22,22,22
450268,1,1,1984,0,0,0,0,0,0,0,0,0,0
450269,1,1,1984,15,0,0,24,0,12,32,13,23,16
450269,2,1,1984,0,0,0,0,0,0,0,0,3,7
450270,0,1,1984,0,0,0,0,0,0,0,0,0,0
450270,1,1,1984,0,23,0,0,0,0,0,0,0,0
450271,0,1,1984,24,24,24,24,24,24,24,24,24,24
450271,1,1,1984,0,0,0,0,0,13,0,0,0,0
450272,1,1,1984,15,15,15,15,15,15,15,15,15,15
450273,1,1,1984,0,0,0,0,11,0,0,0,0,0
450273,2,1,1984,0,0,34,0,0,21,0,0,7,0
450273,3,1,1984,0,0,0,0,0,0,0,0,0,0
450274,1,1,1984,0,0,0,0,0,0,0,0,0,16
450275,1,1,1984,0,0,0,0,0,0,0,0,0,0
450275,2,1,1984,17,17,17,17,17,17,17,17,17,17
450276,1,1,1984,0,0,0,0,0,0,0,0,0,0
450276,2,1,1984,20,20,20,20,20,20,20,20,20,20
450277,0,1,1984,15,20,11,13,11,0,14,9,23,21
450277,1,1,1984,16,0,0,0,0,13,0,0,0,18
450278,1,1,1984,0,0,0,0,0,0,0,0,0,0
450278,2,1,1984,17,0,10,8,14,36,0,9,14,11
450279,0,1,1984,0,0,0,0,0,0,0,0,0,0
450279,1,1,1984,0,0,0,0,0,0,0,0,11,0
450280,1,1,1984,24,24,19,22,14,22,17,19,12,0
450280,2,1,1984,0,0,25,0,0,0,0,28,0,0
450281,1,1,1984,0,17,13,0,0,0,0,0,0,0
450281,2,1,1984,0,0,0,0,0,0,0,0,0,0
450282,0,1,1984,0,0,0,0,0,0,0,0,0,0
450282,1,1,1984,0,0,0,0,21,0,0,28,23,0
450283,1,1,1984,0,0,0,0,0,0,0,0,0,0
450284,1,1,1984,0,0,0,0,0,0,0,0,0,17
450284,2,1,1984,0,0,0,0,0,0,0,0,0,0
450285,1,1,1984,0,0,0,0,0,0,0,0,0,0
450285,2,1,1984,0,0,0,0,0,0,0,0,0,0
450286,1,1,1984,0,0,0,0,0,0,0,0,0,0
450286,2,1,1984,0,0,0,0,0,0,26,0,0,0
450287,1,1,1984,17,17,17,17,17,17,17,17,17,17
450287,2,1,1984,11,0,0,0,0,0,0,0,0,0
450288,1,1,1984,0,0,0,0,16,0,0,0,8,0
450288,2,1,1984,0,0,0,0,0,0,0,0,0,0
450288,3,1,1984,0,0,0,0,0,13,0,0,0,0
450289,1,1,1984,0,0,0,16,0,0,0,0,16,0
450289,2,8,1984,6,0,0,0,0,10,0,0,0,10
450290,1,1,1984,0,0,0,0,0,0,0,0,0,0
450290,2,1,1984,0,0,0,0,0,0,0,0,0,0
450291,1,1,1984,19,20,0,20,0,17,0,21,12,6
450292,1,1,1984,20,20,20,20,20,20,20,20,20,20
450292,2,1,1984,0,0,0,0,0,0,0,0,0,0
450293,1,1,1984,0,0,0,0,0,0,0,0,0,0
450293,2,1,1984,4,4,4,4,4,4,4,4,4,4
450294,1,1,1984,0,0,0,0,0,0,15,0,14,0
450295,1,1,1984,0,0,0,0,0,0,0,0,0,0
450296,1,1,1984,0,9,0,8,0,26,15,10,0,0
450297,1,1,1984,11,0,0,11,0,16,16,7,20,7
450298,1,2,1984,0,0,0,0,0,0,0,0,0,0
450298,2,1,1984,23,13,0,0,0,0,0,0,0,0
450299,1,1,1984,17,17,17,17,17,17,17,17,17,17
450300,0,1,1984,0,0,0,0,0,0,17,7,0,22
450300,1,1,1984,25,19,14,4,16,3,6,6,22,7
450301,1,1,1984,33,0,27,18,26,13,26,21,27,22
450302,1,1,1984,22,13,0,23,0,16,0,0,0,19
450302,2,1,1984,0,0,0,0,0,0,0,0,0,0
450303,1,1,1984,0,0,0,0,0,0,0,0,0,0
450304,1,1,1984,0,0,0,0,0,19,10,0,0,0
450304,2,1,1984,0,0,0,0,0,0,0,0,0,0
450305,1,1,1984,24,24,24,24,24,24,24,24,24,24
450306,1,1,1984,0,0,0,0,0,0,0,0,0,0
450307,1,1,1984,6,27,21,16,15,39,0,13,1,24
450307,2,1,1984,18,0,0,17,14,0,8,0,0,0
450308,1,1,1984,0,0,0,0,0,0,0,0,0,0
450308,2,1,1984,0,0,0,0,0,0,0,0,0,0
450309,1,1,1984,11,0,0,12,19,23,0,39,15,0
450310,1,1,1984,0,0,0,16,9,0,0,11,26,0
450310,2,4,1984,0,12,11,0,12,13,0,0,2,3
450311,1,1,1984,15,20,41,23,22,11,7,15,11,8
450312,1,1,1984,0,0,0,0,0,0,0,0,0,0
450312,2,1,1984,0,0,0,0,0,0,0,0,0,0
450313,1,1,1984,0,0,0,0,0,0,0,0,0,0
450314,0,1,1984,20,20,20,20,20,20,20,20,20,20
450314,1,1,1984,0,17,25,0,27,21,0,0,12,0
450315,1,1,1984,0,0,0,0,0,0,0,0,0,0
450315,2,1,1984,0,0,0,0,0,0,0,0,0,0
450315,3,1,1984,0,0,0,0,0,0,0,0,0,4
450316,1,1,1984,0,0,24,0,0,0,0,0,0,0
450317,0,1,1984,6,6,6,6,6,6,6,6,6,6
450317,1,1,1984,19,6,7,0,0,22,0,0,0,0
450318,1,1,1984,18,18,18,18,18,18,18,18,18,18
450318,2,1,1984,0,0,11,8,12,9,0,0,0,0
450319,1,1,1984,17,17,17,17,17,17,17,17,17,17
450320,1,1,1984,4,4,4,4,4,4,4,4,4,4
450321,1,1,1984,0,0,0,0,0,0,0,0,0,0
450322,1,1,1984,0,0,0,0,0,0,0,0,0,0
450323,1,1,1984,0,0,0,0,0,0,0,0,0,0
450323,2,1,1984,0,0,0,0,0,0,0,0,0,0
450324,1,1,1984,17,17,17,17,17,17,17,17,17,17
450325,1,1,1984,0,0,7,0,0,0,0,15,0,15
450326,1,1,1984,22,28,29,25,5,23,16,18,30,11
450327,1,1,1984,14,30,18,17,0,8,8,24,20,23
450328,1,1,1984,25,0,14,18,0,4,0,29,0,13
450329,1,1,1984,0,0,0,0,0,0,0,0,0,0
450329,2,1,1984,0,0,0,0,0,0,0,0,0,0
450330,0,1,1984,0,12,0,8,17,0,0,12,0,0
450330,1,1,1984,0,0,0,0,0,0,0,13,0,0
450331,1,1,1984,0,0,0,0,0,0,22,0,0,4
450331,2,1,1984,4,4,4,4,4,4,4,4,4,4
450332,1,1,1984,0,0,0,0,0,0,0,0,0,0
450332,2,1,1984,0,0,0,0,0,0,0,3,0,12
450332,3,1,1984,0,0,0,0,0,0,0,0,0,0
450333,0,1,1984,28,11,18,13,22,17,24,21,33,15
450333,1,1,1984,0,0,0,0,0,0,0,0,0,0
450334,0,1,1984,1,1,1,1,1,1,1,1,1,1
450334,0,2,1984,0,0,0,0,0,0,0,0,0,0
450334,1,1,1984,20,20,20,20,20,20,20,20,20,20
450335,1,1,1984,0,0,0,24,0,17,7,0,27,0
450336,1,1,1984,0,0,0,0,0,0,0,0,0,0
450336,2,1,1984,0,8,0,0,0,21,24,0,18,0
450337,1,1,1984,0,0,0,0,0,0,16,20,14,19
450338,1,1,1984,22,22,22,22,22,22,22,22,22,22
450339,1,1,1984,17,16,0,0,34,0,0,0,27,20
450340,1,1,1984,20,20,20,20,20,20,20,20,20,20
450341,1,1,1984,15,26,12,15,19,21,8,0,17,19
450342,1,1,1984,0,0,0,0,0,0,0,0,0,0
450342,2,1,1984,0,0,0,0,12,0,0,14,0,0
450342,3,1,1984,0,0,0,0,0,0,0,0,0,0
450342,4,1,1984,0,0,0,0,9,0,0,0,0,0
450342,5,1,1984,0,0,0,0,0,0,0,0,0,0
450343,1,1,1984,0,0,0,0,0,0,0,0,0,0
450344,0,1,1984,0,0,0,0,0,0,0,0,0,0
450344,0,2,1984,0,0,0,0,0,0,0,0,0,0
450344,1,1,1984,0,0,0,0,0,0,0,0,0,0
450345,1,1,1984,7,0,5,10,14,7,0,13,16,13
450346,0,1,1984,21,17,33,0,0,8,0,0,37,6
450346,1,1,1984,25,0,0,0,0,36,0,0,25,0
450347,1,1,1984,18,24,29,26,22,24,22,24,0,8
450348,1,1,1984,0,0,0,0,0,0,0,0,0,0
450348,2,1,1984,0,0,0,0,0,0,0,7,0,0
450349,1,1,1984,20,0,0,24,0,0,0,0,0,0
450349,2,1,1984,0,0,0,0,0,0,0,0,0,20
450350,1,1,1984,13,13,13,13,13,13,13,13,13,13
450351,1,1,1984,0,0,6,0,0,0,0,0,0,0
450352,0,1,1984,0,0,0,0,0,0,0,0,0,0
450352,1,1,1984,0,0,0,0,0,0,0,0,0,26
450353,1,1,1984,11,11,11,11,11,11,11,11,11,11
450354,1,1,1984,9,9,9,9,9,9,9,9,9,9
450354,2,1,1984,0,0,0,0,0,0,0,0,0,0
450354,3,1,1984,0,9,0,0,0,0,0,0,0,0
450355,1,1,1984,0,0,0,0,3,0,0,0,0,0
450356,0,1,1984,15,15,15,15,15,15,15,15,15,15
450356,1,1,1984,0,0,0,0,0,0,0,0,0,0
450357,1,1,1984,0,0,0,0,0,0,0,0,0,0
450357,2,1,1984,0,0,0,0,0,0,0,0,0,0
450358,1,1,1984,15,15,15,15,15,15,15,15,15,15
450359,1,1,1984,0,0,0,0,0,0,0,0,0,0
450360,1,1,1984,22,22,22,22,22,22,22,22,22,22
450361,1,1,1984,7,0,15,7,24,12,8,18,17,20
450361,2,1,1984,20,6,0,0,0,20,18,20,8,4
450361,3,1,1984,11,25,0,3,4,8,11,14,8,18
450362,0,1,1984,23,23,23,23,23,23,23,23,23,23
450362,1,1,1984,16,0,0,0,0,0,0,0,0,11
450363,1,1,1984,23,23,23,23,23,23,23,23,23,23
450364,1,1,1984,0,0,0,0,0,0,0,0,0,0
450365,0,1,1984,18,16,25,30,10,10,31,8,13,25
450365,1,1,1984,0,24,14,0,14,0,34,0,0,0
450366,1,1,1984,0,0,0,0,0,0,8,0,0,0
450366,2,1,1984,0,0,0,0,0,0,0,0,0,0
450367,1,1,1984,26,26,26,26,26,26,26,26,26,26
450368,1,1,1984,7,27,0,7,11,2,18,5,10,22
450369,1,1,1984,0,0,0,0,0,0,0,0,0,0
450369,2,1,1984,0,0,0,0,0,0,0,0,0,0
450370,1,1,1984,35,22,14,6,0,17,14,11,0,17
450370,2,1,1984,0,0,0,0,0,0,0,0,0,0
450371,1,1,1984,0,0,0,0,0,0,0,0,0,0
450372,1,1,1984,11,10,22,15,13,21,15,26,26,27
450373,0,1,1984,0,0,0,0,3,0,20,18,0,0
450373,1,1,1984,19,13,0,0,21,16,27,16,19,6
450374,1,1,1984,0,0,0,31,13,12,28,16,18,21
450375,1,1,1984,37,0,29,25,0,0,0,14,0,28
450376,0,1,1984,15,0,0,20,0,20,16,0,0,0
450376,1,1,1984,0,0,15,0,0,0,14,0,0,30
450377,1,1,1984,5,8,14,9,11,14,0,10,9,10
450377,2,1,1984,0,0,0,0,4,0,0,0,14,0
450378,1,1,1984,23,23,23,23,23,23,23,23,23,23
450379,1,1,1984,0,0,0,0,0,0,0,0,0,0
450380,1,1,1984,27,27,27,27,27,27,27,27,27,27
450381,1,1,1984,0,0,0,0,0,0,0,20,0,0
450382,1,1,1984,0,29,22,12,17,0,0,0,14,40
450383,1,1,1984,24,24,24,24,24,24,24,24,24,24
450384,1,1,1984,0,0,0,0,0,0,0,0,0,0
450384,2,1,1984,27,13,0,0,0,21,9,39,0,0
450385,1,1,1984,0,0,0,0,0,0,0,0,0,0
450385,2,1,1984,0,0,0,0,0,0,0,0,0,0
450386,1,1,1984,0,0,0,16,0,0,11,0,0,15
450387,1,1,1984,9,0,0,0,0,0,0,0,0,0
450388,1,1,1984,21,0,0,22,0,0,0,0,0,17
450389,1,1,1984,0,0,0,0,0,0,0,0,0,0
450389,2,1,1984,0,0,0,0,0,0,0,0,0,0
450390,1,1,1984,0,0,0,0,0,0,0,0,0,0
450390,2,1,1984,7,0,0,14,8,15,0,20,8,20
450390,3,1,1984,0,0,0,0,0,0,0,0,0,0
450391,1,1,1984,0,0,0,0,0,0,0,0,0,0
450391,2,1,1984,0,0,0,0,0,0,0,0,0,0
450392,1,1,1984,0,0,0,0,0,0,0,0,0,0
450392,2,1,1984,4,4,4,4,4,4,4,4,4,4
450393,1,1,1984,0,0,0,0,0,0,0,0,0,0
450393,2,1,1984,0,0,0,0,0,0,0,0,0,12
450394,1,1,1984,0,0,0,0,9,0,0,0,0,0
450394,2,1,1984,10,10,10,10,10,10,10,10,10,10
450395,1,1,1984,21,13,0,20,9,18,17,21,0,17
450396,0,1,1984,39,21,19,20,30,17,33,27,32,26
450396,1,1,1984,0,0,0,0,0,0,0,0,0,0
450397,0,1,1984,0,0,0,0,0,0,0,0,0,0
450397,1,1,1984,0,0,0,0,0,0,0,0,0,0
450398,0,1,1984,6,6,6,6,6,6,6,6,6,6
450398,1,1,1984,0,9,21,0,0,0,0,0,7,0
450399,0,1,1984,0,0,0,0,0,0,0,0,0,0
450399,1,1,1984,0,0,0,0,0,0,0,0,0,0
450400,1,1,1984,0,0,0,0,0,0,0,18,0,0
450401,1,1,1984,0,0,0,0,0,0,0,0,0,0
450402,1,1,1984,0,0,0,0,0,0,0,0,0,0
450402,2,1,1984,10,10,10,10,10,10,10,10,10,10
450403,0,1,1984,35,17,27,0,0,0,38,8,32,0
450403,1,1,1984,0,0,0,0,0,0,0,0,0,0
450404,1,1,1984,0,0,0,0,0,0,0,0,0,0
450404,2,1,1984,0,0,0,0,0,0,0,0,0,0
450405,1,1,1984,0,0,7,0,0,0,0,0,0,26
450405,2,1,1984,14,6,0,25,22,21,5,36,24,21