ST_CASE,VEH_NO,PER_NO,YEAR,P1,P2,P3,P4,P5,P6,P7,P8,P9,P10
450406,1,1,1984,0,0,0,0,0,0,0,0,0,0
450406,2,1,1984,0,0,0,0,0,0,0,0,0,0
450407,1,1,1984,15,15,15,15,15,15,15,15,15,15
450408,1,1,1984,0,0,0,0,30,0,0,20,0,0
450408,2,1,1984,16,19,5,15,26,18,22,14,37,11
450409,1,1,1984,0,0,0,0,5,16,27,8,0,0
450409,2,1,1984,0,16,0,6,0,19,0,22,0,0
450410,1,1,1984,14,0,10,9,0,0,0,0,0,0
450410,2,1,1984,0,0,0,0,0,0,0,0,0,0
450411,1,1,1984,23,28,9,9,20,20,32,11,7,13
450412,1,1,1984,20,20,20,20,20,20,20,20,20,20
450412,2,1,1984,0,0,0,16,0,0,0,0,0,0
450413,1,1,1984,16,16,16,16,16,16,16,16,16,16
450414,1,1,1984,20,20,20,20,20,20,20,20,20,20
450414,2,1,1984,18,0,0,17,0,25,0,0,15,0
450415,1,1,1984,0,0,0,0,0,0,0,0,0,0
450415,2,1,1984,15,15,15,15,15,15,15,15,15,15
450416,1,1,1984,0,2,31,29,7,0,14,17,15,8
450417,0,1,1984,0,0,0,0,0,0,0,0,0,0
450417,1,1,1984,0,0,0,0,0,0,0,0,0,0
450418,1,1,1984,22,0,0,0,0,0,0,0,0,0
450419,1,1,1984,0,0,0,0,0,0,0,0,0,0
450420,1,1,1984,0,0,0,0,21,0,0,0,0,0
450421,1,1,1984,0,0,0,0,0,0,0,0,0,0
450421,2,1,1984,0,31,0,0,0,20,0,0,0,0
450422,1,1,1984,15,15,15,15,15,15,15,15,15,15
450423,1,1,1984,0,0,0,0,0,0,0,0,0,0
450423,2,1,1984,0,27,9,17,0,0,7,0,0,0
450424,1,1,1984,0,0,0,0,0,0,0,0,0,0
450424,2,1,1984,0,0,0,18,0,0,0,13,0,0
450425,1,1,1984,15,15,15,15,15,15,15,15,15,15
450426,1,1,1984,20,20,20,20,20,20,20,20,20,20
450427,1,1,1984,20,20,20,20,20,20,20,20,20,20
450428,0,1,1984,0,23,0,0,0,0,7,20,9,0
450428,1,1,1984,0,0,0,0,0,0,0,0,0,0
450429,1,1,1984,0,0,0,0,0,0,0,0,0,0
450429,2,1,1984,15,15,15,15,15,15,15,15,15,15
450430,0,1,1984,23,24,0,18,8,12,12,20,0,21
450430,1,1,1984,0,23,0,0,0,0,0,0,0,0
450431,1,1,1984,12,12,12,12,12,12,12,12,12,12
450431,2,1,1984,7,0,0,21,0,0,0,9,11,11
450432,1,1,1984,12,4,12,8,8,11,0,10,21,9
450432,2,1,1984,16,31,0,19,40,0,15,13,11,0
450433,1,1,1984,12,0,4,21,25,27,14,17,0,8
450434,1,1,1984,0,0,0,0,0,0,0,0,0,0
450435,1,1,1984,0,0,28,12,29,11,9,35,16,11
450436,1,1,1984,14,14,14,14,14,14,14,14,14,14
450437,1,1,1984,0,0,0,0,0,0,0,0,0,0
450438,1,1,1984,20,20,20,20,20,20,20,20,20,20
450439,0,1,1984,0,0,0,0,0,0,0,12,9,0
450439,1,1,1984,0,0,8,0,0,10,0,0,0,0
450440,1,1,1984,0,0,0,0,0,0,0,0,0,0
450440,2,1,1984,0,0,0,0,0,0,0,0,0,0
450441,1,1,1984,0,0,0,0,0,0,0,25,0,0
450441,2,1,1984,25,25,25,25,25,25,25,25,25,25
450442,1,1,1984,16,17,27,18,10,19,13,15,18,30
450443,1,1,1984,0,0,0,0,0,0,0,0,0,0
450443,2,1,1984,0,0,0,0,20,0,0,0,10,0
450443,3,1,1984,18,0,0,0,13,0,7,15,0,0
450444,1,1,1984,15,3,20,16,18,20,10,7,0,8
450444,2,1,1984,12,7,14,12,13,0,15,11,15,33
450445,1,1,1984,11,16,29,19,17,32,16,15,26,27
450446,1,1,1984,0,0,0,0,0,19,0,0,0,0
450446,2,1,1984,0,0,0,0,0,0,0,0,0,0
450447,1,1,1984,0,0,0,0,0,8,19,0,0,0
450448,0,1,1984,0,0,0,0,0,0,0,0,0,0
450448,1,1,1984,0,0,0,7,14,13,0,0,0,0
450450,1,1,1984,18,10,0,6,0,0,0,0,0,0
450451,1,1,1984,0,15,21,23,37,16,0,3,15,10
450452,1,1,1984,0,0,0,0,0,0,0,0,0,0
450452,2,1,1984,15,0,14,0,0,0,0,0,0,5
450453,0,1,1984,0,0,0,0,0,14,26,0,0,0
450453,1,1,1984,0,0,0,0,0,0,0,0,0,0
450454,1,1,1984,0,0,0,0,0,0,0,0,0,0
450454,2,1,1984,0,0,0,0,0,0,0,0,0,0
450455,1,1,1984,0,0,5,0,0,0,0,0,0,0
450455,2,1,1984,0,0,0,0,0,0,0,0,0,0
450456,1,1,1984,12,10,18,9,0,12,27,13,15,21
450457,1,1,1984,5,13,24,0,0,0,0,0,0,0
450458,1,1,1984,0,0,0,17,0,0,0,0,0,0
450459,0,1,1984,0,0,0,0,0,0,0,0,0,0
450459,1,1,1984,0,11,0,0,0,0,0,0,0,0
450460,1,1,1984,15,0,22,0,25,25,0,0,14,30
450462,1,1,1984,0,0,0,0,0,0,0,0,0,0
450462,2,1,1984,0,0,0,0,0,15,27,0,0,0
450463,0,1,1984,15,13,26,17,18,13,0,19,15,13
450463,1,1,1984,0,0,20,0,11,15,6,13,0,0
450464,1,1,1984,0,14,0,37,0,11,0,0,13,0
450465,1,1,1984,0,0,0,0,0,0,0,0,0,0
450465,2,1,1984,0,0,0,0,0,0,0,0,0,0
450466,1,1,1984,20,20,20,20,20,20,20,20,20,20
450467,1,1,1984,59,59,59,59,59,59,59,59,59,59
450468,1,1,1984,6,30,0,4,10,20,10,12,0,13
450468,2,1,1984,0,0,0,18,0,0,0,0,0,0
450469,1,1,1984,0,0,0,0,0,0,0,0,0,0
450469,2,1,1984,25,14,0,8,19,15,0,16,19,13
450470,1,1,1984,9,9,9,9,9,9,9,9,9,9
450471,1,1,1984,0,0,0,0,0,0,0,0,0,0
450471,2,1,1984,0,0,0,0,0,0,0,0,0,0
450472,1,1,1984,15,12,29,36,25,13,0,9,17,20
450473,0,1,1984,23,23,23,23,23,23,23,23,23,23
450473,1,1,1984,0,19,0,16,0,0,0,0,0,17
450474,1,1,1984,17,17,17,17,17,17,17,17,17,17
450475,1,1,1984,12,12,19,25,14,30,5,23,3,10
450476,1,1,1984,0,0,0,0,0,0,0,0,9,16
450477,1,1,1984,0,0,0,0,0,0,0,0,0,0
450477,2,1,1984,12,12,12,12,12,12,12,12,12,12
450478,1,1,1984,0,0,0,0,8,0,0,0,0,0
450478,2,1,1984,18,0,0,32,13,12,8,40,21,29
450479,1,1,1984,0,0,0,0,0,0,0,0,0,0
450479,2,1,1984,3,3,3,3,3,3,3,3,3,3
450480,0,1,1984,15,15,14,32,25,11,21,13,19,31
450480,1,1,1984,0,0,7,0,0,0,0,0,0,0
450481,1,1,1984,17,17,14,0,31,0,0,0,12,0
450482,0,1,1984,29,0,20,34,0,18,0,0,13,32
450482,1,1,1984,0,0,0,0,0,0,0,0,0,0
450483,1,1,1984,0,0,0,0,0,0,0,0,0,0
450484,1,1,1984,20,0,13,9,0,7,19,21,15,0
450484,2,1,1984,18,18,18,18,18,18,18,18,18,18
450485,1,1,1984,18,16,23,15,13,22,5,9,25,19
450486,1,1,1984,0,0,0,0,0,0,0,0,0,0
450486,2,1,1984,0,0,0,0,0,0,0,0,0,0
450487,1,1,1984,14,0,0,0,22,0,0,0,0,0
450488,0,1,1984,15,0,22,0,16,14,0,0,7,0
450488,1,1,1984,0,0,0,0,0,0,0,0,0,0
450489,1,1,1984,0,0,0,0,0,0,0,0,0,0
450489,2,1,1984,0,0,0,0,0,0,0,0,0,0
450489,3,1,1984,0,0,0,0,0,0,0,0,0,0
450489,4,1,1984,0,0,0,0,0,0,0,0,0,0
450490,0,1,1984,0,12,0,15,0,15,0,0,0,0
450490,0,2,1984,0,0,0,0,36,0,0,0,0,0
450490,1,1,1984,3,3,3,3,3,3,3,3,3,3
450490,2,1,1984,0,0,0,0,0,0,0,0,5,0
450491,1,1,1984,0,0,0,0,0,0,0,0,0,13
450491,2,1,1984,13,13,13,13,13,13,13,13,13,13
450492,1,1,1984,0,0,0,0,22,0,0,0,0,0
450493,1,1,1984,0,0,0,0,0,0,0,0,0,0
450493,2,1,1984,0,0,0,0,0,0,0,0,0,0
450494,1,1,1984,17,0,8,21,0,0,0,19,0,19
450495,1,1,1984,0,0,0,0,0,0,20,9,0,0
450496,1,1,1984,25,11,28,15,9,19,15,15,14,22
450497,1,1,1984,16,14,16,6,0,0,21,26,0,13
450497,2,1,1984,22,22,22,22,22,22,22,22,22,22
450498,0,1,1984,0,0,0,0,0,0,0,0,0,0
450498,1,1,1984,0,0,0,0,0,0,0,0,0,0
450499,1,1,1984,15,9,0,0,29,16,30,15,0,0
450501,1,1,1984,12,12,12,12,12,12,12,12,12,12
450502,1,1,1984,0,0,0,0,0,0,14,0,0,0
450502,2,1,1984,0,0,0,0,0,0,0,0,0,0
450503,1,1,1984,22,5,16,17,28,25,11,22,23,16
450504,1,1,1984,0,0,0,0,0,0,0,0,0,0
450504,2,1,1984,0,0,0,22,20,9,17,20,0,0
450505,1,1,1984,24,24,24,24,24,24,24,24,24,24
450506,1,1,1984,0,23,0,28,28,0,0,0,43,0
450507,1,1,1984,0,0,14,0,0,0,0,0,0,0
450507,2,1,1984,13,13,13,13,13,13,13,13,13,13
450508,0,1,1984,23,23,23,23,23,23,23,23,23,23
450508,1,1,1984,0,0,0,14,0,0,0,0,0,0
450509,1,1,1984,16,19,18,3,0,20,18,14,15,17
450510,1,1,1984,15,10,0,0,0,0,0,0,0,0
450510,2,1,1984,0,0,0,0,0,0,0,0,0,0
450511,1,1,1984,8,8,8,8,8,8,8,8,8,8
450512,1,1,1984,0,0,0,0,0,0,0,0,0,19
450512,2,1,1984,0,0,0,0,0,0,0,0,0,0
450513,1,1,1984,14,14,14,14,14,14,14,14,14,14
450513,2,1,1984,0,0,0,0,0,0,0,0,0,0
450514,1,1,1984,0,0,0,0,0,0,0,0,0,0
450514,2,1,1984,0,0,0,0,4,0,0,0,0,0
450514,3,1,1984,0,0,0,0,0,0,0,20,0,0
450515,1,1,1984,0,0,0,0,5,0,0,12,24,0
450516,1,1,1984,0,0,0,0,0,0,0,0,0,0
450516,2,1,1984,0,0,0,0,0,0,0,13,0,0
450517,1,1,1984,0,0,0,0,0,0,0,0,0,0
450517,2,1,1984,0,0,0,0,0,0,0,0,0,0
450518,1,1,1984,0,0,0,0,0,0,0,0,0,0
450519,1,1,1984,16,16,16,16,16,16,16,16,16,16
450520,1,1,1984,0,0,0,0,0,13,0,0,0,0
450520,2,1,1984,0,0,0,0,0,0,0,0,0,0
450521,1,1,1984,11,25,20,12,13,22,18,18,14,11
450522,1,1,1984,2,5,18,20,59,15,23,16,0,21
450523,1,1,1984,22,26,12,21,8,7,11,23,16,23
450523,2,1,1984,15,0,0,15,0,0,0,0,0,0
450524,1,1,1984,0,11,0,0,0,0,0,0,0,0
450524,2,1,1984,0,0,0,0,0,0,0,0,0,0
450525,1,1,1984,16,16,16,16,16,16,16,16,16,16
450526,1,1,1984,0,0,0,0,0,0,0,0,0,0
450526,2,1,1984,0,0,0,0,0,0,0,0,0,0
450527,1,1,1984,20,0,0,21,0,0,0,0,5,11
450528,1,1,1984,0,10,0,0,0,0,0,0,0,0
450528,2,1,1984,19,0,0,10,0,0,0,0,0,0
450529,1,1,1984,0,0,0,0,0,0,0,0,0,0
450530,1,1,1984,0,0,0,0,0,0,0,0,0,0
450531,0,1,1984,0,0,0,0,0,0,0,0,0,0
450531,0,2,1984,0,0,0,0,0,0,0,0,0,0
450531,1,1,1984,18,29,27,10,10,19,25,11,8,15
450532,0,1,1984,0,0,12,0,0,0,0,0,8,0
450532,1,1,1984,0,13,0,0,0,0,0,6,0,11
450533,1,1,1984,34,0,0,0,23,0,0,0,0,0
450533,2,1,1984,22,0,14,10,10,25,16,17,14,4
450534,1,1,1984,18,18,18,18,18,18,18,18,18,18
450535,1,1,1984,0,0,14,0,0,0,0,16,0,0
450535,2,1,1984,0,0,0,0,0,0,0,0,0,0
450536,1,1,1984,14,21,24,19,8,0,13,23,20,10
450537,0,1,1984,0,0,0,0,0,0,0,0,0,0
450537,1,1,1984,0,0,0,10,0,0,0,0,0,0
450538,1,1,1984,19,19,19,19,19,19,19,19,19,19
450539,1,1,1984,0,0,0,0,0,0,0,0,0,0
450540,1,1,1984,0,6,17,14,19,27,4,12,13,18
450541,1,1,1984,18,0,0,13,0,0,0,0,0,0
450542,1,1,1984,0,0,0,0,0,0,0,0,0,0
450542,2,1,1984,0,0,0,0,0,0,0,0,0,0
450543,1,1,1984,0,0,0,0,0,0,0,0,0,0
450543,2,1,1984,0,21,0,0,0,0,0,0,0,0
450544,1,1,1984,21,23,2,10,14,6,6,16,22,25
450545,0,1,1984,23,23,23,23,23,23,23,23,23,23
450545,1,1,1984,0,0,0,0,0,10,15,14,0,0
450546,1,1,1984,0,0,0,0,0,0,0,0,0,0
450546,2,1,1984,41,0,18,0,0,0,0,0,0,0
450547,0,1,1984,20,20,20,20,20,20,20,20,20,20
450547,1,1,1984,5,0,0,0,0,0,0,0,25,9
450549,1,1,1984,0,0,0,0,0,0,0,0,0,0
450549,2,1,1984,0,0,0,0,0,0,0,0,0,0
450550,1,1,1984,21,20,0,0,0,0,0,0,0,0
450550,2,1,1984,24,17,15,19,0,21,29,0,0,18
450551,1,1,1984,19,19,19,19,19,19,19,19,19,19
450552,0,1,1984,22,22,22,22,22,22,22,22,22,22
450552,1,1,1984,8,8,8,8,8,8,8,8,8,8
450553,1,1,1984,0,0,0,0,0,0,0,0,0,0
450554,0,1,1984,0,20,30,21,0,25,37,0,0,29
450554,1,1,1984,0,0,0,0,0,0,19,0,0,0
450555,1,1,1984,6,6,6,6,6,6,6,6,6,6
450556,1,1,1984,29,29,29,29,29,29,29,29,29,29
450557,1,1,1984,9,9,9,9,9,9,9,9,9,9
450558,1,1,1984,0,0,0,0,0,0,0,0,0,0
450558,2,1,1984,0,0,0,9,0,0,0,0,0,0
450559,1,1,1984,29,29,29,29,29,29,29,29,29,29
450560,0,1,1984,27,0,0,14,0,0,24,0,0,12
450560,1,1,1984,19,18,14,37,12,13,8,21,15,14
450561,1,1,1984,0,0,0,0,0,0,0,0,0,0
450561,2,1,1984,5,0,0,0,0,0,0,0,0,0
450562,1,1,1984,23,23,23,23,23,23,23,23,23,23
450563,1,1,1984,11,9,27,4,4,13,0,0,0,14
450564,1,1,1984,0,0,0,0,0,0,0,18,0,0
450564,2,1,1984,0,0,0,0,0,5,0,0,0,14
450565,1,1,1984,0,0,0,5,0,4,31,0,0,0
450566,1,1,1984,0,0,0,0,12,0,0,0,21,0
450566,2,1,1984,0,0,0,0,0,0,0,0,0,0
450567,0,1,1984,0,0,0,0,0,0,0,0,0,0
450567,1,1,1984,0,13,0,0,0,0,0,0,0,0
450568,1,1,1984,0,12,0,19,14,0,13,16,0,0
450569,1,1,1984,10,10,10,10,10,10,10,10,10,10
450569,2,1,1984,11,0,22,0,0,0,0,0,0,0
450570,1,1,1984,0,0,0,0,0,32,0,0,0,0
450570,2,1,1984,12,12,12,12,12,12,12,12,12,12
450571,1,1,1984,16,16,16,16,16,16,16,16,16,16
450572,1,1,1984,26,26,26,26,26,26,26,26,26,26
450573,1,1,1984,18,9,14,24,0,31,0,7,11,9
450574,1,1,1984,0,24,30,16,20,15,15,16,12,16
450575,0,1,1984,5,17,4,14,18,25,23,19,15,6
450575,1,1,1984,13,11,19,9,11,18,32,9,18,7
450576,1,1,1984,14,16,13,14,17,9,18,14,9,12
450576,2,1,1984,0,0,0,0,0,0,0,9,0,0
450577,1,1,1984,0,0,0,0,0,6,0,0,0,0
450577,2,1,1984,0,0,0,0,0,0,0,0,0,0
450577,3,1,1984,0,0,0,0,0,0,0,0,0,0
450578,1,1,1984,0,0,0,0,0,0,0,0,0,0
450579,0,1,1984,27,0,32,18,28,17,5,17,14,27
450579,1,1,1984,10,0,18,0,9,0,0,0,11,0
450580,0,1,1984,0,0,0,0,0,0,0,0,0,0
450580,1,1,1984,6,0,0,16,0,0,0,0,0,0
450581,1,1,1984,0,0,0,0,0,0,0,0,0,0
450581,2,1,1984,0,0,0,0,0,0,0,0,0,0
450582,0,1,1984,6,0,0,20,13,0,0,13,8,0
450582,1,1,1984,0,0,21,0,11,0,0,0,0,7
450583,1,1,1984,0,0,0,0,0,0,6,0,0,0
450583,2,1,1984,4,0,0,0,0,0,0,0,0,0
450584,0,1,1984,0,0,0,0,0,0,0,0,0,0
450584,1,1,1984,0,0,0,0,0,0,0,0,0,0
450585,0,1,1984,0,0,0,0,0,0,0,0,0,0
450585,1,1,1984,0,0,0,0,0,0,0,22,0,20
450586,1,1,1984,10,17,12,3,12,12,10,22,16,25
450587,1,1,1984,12,20,0,10,0,0,28,0,0,12
450588,1,1,1984,0,30,14,17,13,11,17,26,16,0
450589,1,1,1984,11,0,0,21,29,13,48,23,31,0
450590,1,1,1984,15,29,12,15,16,23,16,26,6,17
450591,1,1,1984,0,0,0,0,0,0,0,0,0,0
450592,1,1,1984,0,0,0,0,25,0,0,16,0,0
450592,2,1,1984,0,0,0,0,0,0,0,0,0,0
450593,1,1,1984,20,21,28,20,18,9,0,12,0,15
450594,1,1,1984,13,0,0,25,0,0,0,12,0,0
450595,1,1,1984,0,0,0,0,0,0,0,0,0,0
450595,2,1,1984,20,20,20,20,20,20,20,20,20,20
450596,1,1,1984,11,0,0,0,0,11,8,0,0,12
450596,2,1,1984,0,14,9,0,0,0,0,0,0,11
450597,0,1,1984,0,0,0,0,0,0,0,0,0,0
450597,1,1,1984,0,0,0,0,0,0,0,0,0,0
450598,1,1,1984,0,0,0,0,0,0,0,0,0,0
450598,2,1,1984,0,0,0,0,0,0,0,0,0,0
450599,0,1,1984,15,12,18,17,16,18,11,20,0,15
450599,1,1,1984,0,17,0,0,0,17,4,0,0,0
450600,1,1,1984,22,22,22,22,22,22,22,22,22,22
450601,1,1,1984,12,12,12,12,12,12,12,12,12,12
450602,0,1,1984,24,0,22,23,26,22,21,17,0,29
450602,1,1,1984,11,10,21,8,0,21,17,12,7,15
450603,1,1,1984,0,0,0,0,0,0,0,0,0,0
450603,2,1,1984,24,24,24,24,24,24,24,24,24,24
450604,1,1,1984,0,0,0,0,0,0,0,0,0,0
450604,2,1,1984,0,14,0,0,0,0,0,0,0,30
450605,1,1,1984,12,0,0,0,0,0,0,0,0,0
450606,1,1,1984,0,0,0,0,0,0,0,0,0,0
450606,2,1,1984,0,0,0,0,0,0,0,0,0,0
450607,1,1,1984,0,0,0,0,0,0,0,0,0,0
450607,2,1,1984,22,22,22,22,22,22,22,22,22,22
450608,1,1,1984,18,18,18,18,18,18,18,18,18,18
450609,1,1,1984,0,0,0,0,0,0,0,0,0,0
450610,1,1,1984,20,23,33,27,22,10,15,22,2,21
450611,1,1,1984,12,10,21,16,10,13,13,22,0,17
450612,1,1,1984,26,26,26,26,26,26,26,26,26,26
450613,0,1,1984,21,21,23,0,33,0,41,13,0,9
450613,1,1,1984,0,0,0,0,0,0,0,0,0,0
450614,0,1,1984,27,27,27,27,27,27,27,27,27,27
450614,1,1,1984,0,0,0,0,0,0,0,0,0,0
450615,1,1,1984,0,0,0,0,0,0,0,0,0,0
450615,2,1,1984,0,0,0,0,0,0,0,17,0,0
450616,0,1,1984,0,0,0,0,0,0,0,0,0,0
450617,1,1,1984,0,0,0,0,0,0,0,0,0,0
450617,2,1,1984,11,0,0,0,0,0,0,0,0,0
450618,1,1,1984,0,0,0,0,0,0,0,0,0,0
450618,2,1,1984,0,0,0,0,0,0,0,0,0,0
450619,1,1,1984,13,0,0,0,0,0,0,0,6,0
450620,0,1,1984,0,0,0,0,0,0,0,0,0,14
450620,1,1,1984,0,0,0,0,0,0,13,0,0,0
450621,1,1,1984,0,0,0,0,0,0,0,0,0,0
450621,2,1,1984,0,0,0,0,0,0,0,0,0,0
450622,1,1,1984,0,0,12,0,0,26,0,0,15,0
450622,2,1,1984,10,0,0,0,0,0,0,0,0,0
450623,1,1,1984,27,27,27,27,27,27,27,27,27,27
450624,1,1,1984,0,0,0,0,0,0,0,0,0,0
450624,2,1,1984,0,0,0,0,0,0,0,9,26,0
450625,1,1,1984,0,0,0,0,0,0,0,0,0,0
450625,2,1,1984,0,0,0,0,0,0,0,0,0,0
450626,1,1,1984,0,0,0,0,0,0,0,0,0,0
450626,2,1,1984,0,0,0,0,0,0,0,0,0,0
450627,1,1,1984,0,0,0,0,17,0,0,0,0,0
450627,2,1,1984,0,0,0,0,0,0,0,0,0,0
450628,1,1,1984,15,0,14,0,23,0,0,0,0,0
450629,1,1,1984,0,10,0,18,8,17,9,0,0,0
450629,2,1,1984,0,0,0,0,0,0,36,0,0,0
450630,1,1,1984,0,12,0,0,14,0,14,12,0,5
450630,2,1,1984,0,0,0,0,0,0,0,0,4,0
450632,1,1,1984,15,0,0,0,0,0,0,0,0,0
450632,2,1,1984,0,0,0,0,0,0,0,0,0,0
450632,3,1,1984,0,0,0,0,0,0,0,0,0,3
450632,4,1,1984,0,0,0,0,17,0,0,0,0,0
450633,1,1,1984,11,19,31,7,10,15,15,0,21,12
450634,1,1,1984,25,10,0,0,14,32,16,8,0,13
450634,2,1,1984,0,0,0,0,0,0,0,0,0,0
450635,1,1,1984,0,0,0,0,0,0,0,0,0,0
450635,2,1,1984,0,0,0,0,0,0,0,0,0,0
450636,1,1,1984,3,14,9,9,11,9,14,14,6,17
450637,1,1,1984,0,0,0,0,0,0,0,0,7,0
450638,0,1,1984,0,0,0,0,0,0,0,0,0,0
450638,0,2,1984,0,0,0,0,0,0,0,0,19,7
450638,1,1,1984,0,0,0,0,0,0,0,0,0,0
450639,0,1,1984,18,18,18,18,18,18,18,18,18,18
450639,1,1,1984,0,3,0,0,0,0,0,0,0,0
450640,1,1,1984,0,0,0,0,0,0,0,0,0,0
450640,2,1,1984,6,0,10,0,0,0,0,0,0,0
450641,1,1,1984,5,23,15,10,15,12,9,23,17,20
450641,2,1,1984,24,19,31,18,31,17,27,23,16,27
450642,1,1,1984,26,0,16,0,0,7,21,7,17,33
450644,1,1,1984,20,20,20,20,20,20,20,20,20,20
450644,2,1,1984,7,8,16,30,9,0,15,12,0,0
450645,1,1,1984,0,0,0,0,0,0,0,0,0,0
450646,1,1,1984,0,0,0,0,8,0,0,22,25,0
450646,2,1,1984,11,16,12,20,14,8,20,17,0,8
450647,1,1,1984,0,0,0,0,5,0,0,29,0,0
450648,0,1,1984,50,50,50,50,50,50,50,50,50,50
450648,1,1,1984,0,0,0,0,0,0,0,0,0,0
450649,1,1,1984,0,0,0,0,0,0,0,0,0,0
450649,2,1,1984,0,0,0,0,0,14,0,0,0,0
450650,1,1,1984,0,0,11,17,0,0,0,0,0,0
450650,2,1,1984,4,4,4,4,4,4,4,4,4,4
450651,0,1,1984,0,12,0,0,24,0,0,6,5,18
450651,1,1,1984,0,0,0,0,0,0,0,6,0,7
450652,1,1,1984,18,18,18,18,18,18,18,18,18,18
450653,1,1,1984,0,0,0,0,0,36,19,17,0,16
450653,2,1,1984,0,0,0,0,0,0,0,0,0,0
450653,3,1,1984,0,0,0,0,0,0,0,0,0,0
450654,0,1,1984,0,0,0,0,0,0,0,0,0,0
450654,1,1,1984,0,0,0,0,0,0,0,0,0,0
450655,1,1,1984,0,0,0,0,0,0,10,12,0,0
450655,2,1,1984,0,0,16,0,0,0,0,0,0,0
450655,3,1,1984,0,0,0,2,0,12,0,0,0,0
450656,1,1,1984,0,0,0,0,0,0,0,0,0,0
450657,0,1,1984,7,7,7,7,7,7,7,7,7,7
450657,1,1,1984,7,7,7,7,7,7,7,7,7,7
450658,1,1,1984,7,7,7,7,7,7,7,7,7,7
450659,1,1,1984,20,0,13,29,0,0,18,9,29,19
450659,2,1,1984,0,16,0,0,0,0,0,0,0,0
450660,0,1,1984,0,0,0,0,0,0,0,0,0,0
450660,1,1,1984,0,0,0,0,0,8,20,0,0,0
450661,0,1,1984,27,27,27,27,27,27,27,27,27,27
450661,1,1,1984,0,0,0,0,0,0,0,0,0,0
450662,1,1,1984,0,0,0,0,0,0,0,0,0,0
450662,2,1,1984,0,0,0,0,0,0,0,0,0,0
450663,1,1,1984,0,0,0,0,0,0,0,0,0,0
450663,2,1,1984,0,16,8,0,0,4,0,23,0,8
450664,1,1,1984,12,33,23,22,30,22,11,21,10,27
450665,1,1,1984,0,0,0,0,16,0,12,0,0,5
450666,1,1,1984,8,8,8,8,8,8,8,8,8,8
450667,1,1,1984,9,18,29,33,19,16,14,10,20,13
450668,1,1,1984,18,17,0,0,6,0,21,0,0,0
450669,1,1,1984,25,27,21,23,8,14,20,24,5,12
450670,1,1,1984,12,0,11,0,0,0,11,12,17,22
450671,1,1,1984,0,0,0,0,0,0,0,0,0,0
450671,2,1,1984,0,32,13,0,17,20,0,19,11,0
450672,1,1,1984,0,0,11,0,9,7,0,0,0,0
450673,1,1,1984,15,7,0,25,11,29,13,18,0,0
450674,1,1,1984,22,14,15,0,28,0,6,29,22,0
450675,1,1,1984,0,0,0,0,0,0,0,0,0,0
450675,2,1,1984,0,0,0,0,0,0,0,0,0,0
450676,0,1,1984,0,0,0,0,0,0,0,0,0,0
450676,1,1,1984,0,0,0,0,0,0,0,0,0,0
450676,2,1,1984,0,0,0,0,0,0,0,0,0,14
450677,1,1,1984,0,0,0,0,0,0,0,0,0,0
450677,2,1,1984,0,18,0,0,0,0,11,0,23,0
450678,0,1,1984,24,24,24,24,24,24,24,24,24,24
450678,1,1,1984,0,0,0,19,16,0,0,0,0,0
450679,1,1,1984,0,23,15,0,13,0,0,6,0,23
450679,2,1,1984,10,17,7,18,20,15,12,24,10,13
450680,0,1,1984,12,30,28,23,0,29,0,12,32,14
450680,1,1,1984,0,0,12,0,0,0,0,0,0,0
450682,1,1,1984,28,28,28,28,28,28,28,28,28,28
450683,1,1,1984,0,0,0,0,0,0,0,0,0,0
450683,2,1,1984,0,0,0,0,0,0,0,0,0,0
450684,1,1,1984,17,17,17,17,17,17,17,17,17,17
450684,2,1,1984,0,32,0,10,14,20,0,15,12,0
450685,0,1,1984,0,35,8,18,14,23,12,6,0,0
450685,1,1,1984,0,0,14,0,0,0,0,0,0,0
450686,0,1,1984,0,0,0,0,0,0,11,0,0,0
450686,1,1,1984,0,0,0,0,0,0,0,0,0,0
450686,2,1,1984,0,0,0,0,0,0,0,0,0,0
450687,1,1,1984,0,0,0,0,0,0,0,0,0,0
450687,2,1,1984,0,9,14,0,0,0,19,0,0,0
450688,1,1,1984,18,0,0,0,30,0,20,0,0,0
450688,2,1,1984,0,0,0,0,0,0,0,0,0,0
450689,1,1,1984,15,16,0,31,0,0,0,31,20,28
450690,1,1,1984,11,23,0,15,15,18,0,14,19,8
450691,1,1,1984,0,0,0,0,0,0,0,0,0,0
450691,2,1,1984,0,0,0,0,0,0,0,0,0,0
450692,1,1,1984,0,0,7,0,0,0,0,0,0,0
450693,1,1,1984,0,0,17,0,0,0,13,0,0,0
450693,2,1,1984,0,12,0,0,36,0,0,0,0,0
450694,1,1,1984,0,0,0,0,0,0,0,0,0,0
450694,2,1,1984,0,0,0,0,0,0,0,0,0,0
450695,1,1,1984,12,12,12,12,12,12,12,12,12,12
450696,1,1,1984,10,0,0,0,22,0,0,0,0,0