ST_CASE,VEH_NO,PER_NO,YEAR,P1,P2,P3,P4,P5,P6,P7,P8,P9,P10
450696,2,1,1984,0,0,0,0,0,0,0,0,0,0
450697,1,1,1984,0,12,0,11,0,13,5,18,0,12
450698,1,1,1984,20,0,17,16,0,0,0,31,17,20
450699,1,1,1984,15,0,0,17,18,18,15,0,10,0
450700,1,1,1984,0,0,0,0,0,0,0,0,0,0
450700,2,1,1984,0,0,0,0,0,0,0,0,0,0
450701,1,1,1984,0,0,0,0,0,0,0,0,0,0
450701,2,1,1984,44,0,0,0,0,0,0,0,0,0
450702,1,1,1984,17,17,17,17,17,17,17,17,17,17
450703,0,1,1984,0,0,0,11,0,0,0,0,0,0
450703,1,1,1984,0,0,0,12,0,0,0,0,0,0
450704,1,1,1984,0,0,0,0,0,0,0,0,0,0
450704,2,1,1984,0,0,0,0,0,0,0,0,0,6
450705,1,1,1984,18,21,26,18,27,16,14,16,28,26
450706,1,1,1984,26,11,14,25,17,0,25,0,20,19
450707,1,1,1984,0,0,0,0,0,0,0,34,0,0
450707,2,1,1984,0,0,0,0,0,0,0,0,0,0
450708,1,1,1984,0,0,9,0,28,0,0,0,0,0
450708,2,1,1984,0,0,0,0,0,0,0,0,0,0
450709,0,1,1984,0,0,0,0,0,0,0,0,0,0
450709,1,1,1984,19,0,0,0,0,0,0,0,0,0
450710,1,1,1984,20,9,19,5,0,20,21,15,0,37
450712,1,1,1984,17,17,17,17,17,17,17,17,17,17
450712,2,1,1984,19,0,14,7,0,0,0,0,0,0
450713,1,1,1984,21,21,21,21,21,21,21,21,21,21
450714,1,1,1984,0,0,0,0,0,0,0,0,0,0
450714,2,1,1984,0,0,0,0,0,0,0,0,0,0
450715,1,1,1984,0,24,29,33,15,0,0,0,0,0
450716,1,1,1984,0,0,0,0,0,0,0,0,0,0
450716,2,1,1984,0,0,0,0,0,0,0,0,0,0
450717,1,1,1984,8,0,20,10,16,11,18,16,21,0
450718,1,1,1984,0,0,11,0,11,15,18,0,13,0
450718,2,1,1984,29,29,29,29,29,29,29,29,29,29
450719,1,1,1984,6,19,18,20,25,0,42,14,0,12
450720,1,1,1984,29,18,10,11,17,29,10,30,19,27
450721,0,1,1984,10,10,10,10,10,10,10,10,10,10
450721,1,1,1984,0,0,0,0,0,0,0,0,0,0
450722,1,1,1984,25,11,0,9,22,2,17,26,11,21
450723,1,1,1984,0,0,0,0,0,0,0,0,11,0
450723,2,1,1984,0,0,0,0,0,0,0,0,0,0
450724,1,1,1984,0,0,0,21,0,0,0,0,0,0
450724,2,1,1984,0,0,0,0,0,0,0,0,0,0
450725,1,1,1984,18,18,18,18,18,18,18,18,18,18
450727,1,1,1984,0,0,0,0,0,0,0,0,0,0
450727,2,1,1984,0,0,8,0,0,0,0,0,0,0
450728,1,1,1984,23,0,0,0,17,0,0,25,0,8
450728,2,1,1984,0,0,9,0,23,0,0,0,0,0
450729,1,1,1984,0,0,0,0,0,0,0,0,0,0
450729,2,1,1984,0,0,0,0,0,0,0,0,0,0
450730,1,1,1984,0,0,0,0,0,0,0,0,0,0
450730,2,1,1984,0,0,0,0,0,0,0,0,20,0
450731,1,1,1984,0,0,0,0,0,0,0,0,0,0
450731,2,1,1984,6,6,6,6,6,6,6,6,6,6
450732,1,1,1984,0,0,0,0,0,0,0,0,0,0
450732,2,1,1984,0,0,0,0,0,0,0,0,0,0
450733,1,1,1984,0,0,0,0,0,9,0,0,0,24
450733,2,1,1984,4,4,4,4,4,4,4,4,4,4
450733,3,1,1984,3,3,3,3,3,3,3,3,3,3
450734,1,1,1984,17,8,9,0,18,0,5,0,0,14
450734,2,1,1984,0,0,0,12,0,0,0,14,0,0
450735,1,1,1984,10,26,0,21,22,14,24,9,34,20
450736,1,1,1984,12,0,22,0,0,10,0,0,0,0
450737,0,1,1984,17,18,43,28,0,17,12,34,17,2
450737,1,1,1984,20,20,20,20,20,20,20,20,20,20
450738,1,1,1984,0,0,0,0,0,0,0,0,0,0
450738,2,1,1984,0,0,0,0,0,0,0,0,0,0
450739,0,1,1984,0,0,0,0,0,0,0,0,0,0
450739,1,1,1984,0,0,0,0,0,0,19,0,0,0
450740,1,1,1984,0,0,0,0,0,0,0,0,0,0
450741,1,1,1984,22,22,22,22,22,22,22,22,22,22
450742,1,1,1984,0,0,0,0,0,0,0,0,0,14
450742,2,1,1984,0,0,0,0,0,0,0,0,0,0
450742,3,1,1984,0,0,0,0,0,8,13,0,0,0
450743,1,1,1984,15,0,14,19,0,17,6,0,0,0
450744,0,1,1984,28,28,28,28,28,28,28,28,28,28
450744,1,1,1984,0,0,0,8,0,10,14,14,0,0
450745,1,1,1984,23,0,29,0,0,0,33,6,33,21
450746,1,1,1984,0,0,0,0,0,0,0,0,0,0
450746,2,1,1984,0,0,0,0,0,0,0,0,0,0
450747,1,1,1984,17,0,0,0,17,0,10,0,15,0
450748,1,1,1984,0,0,0,0,0,0,0,0,0,0
450748,2,1,1984,0,0,0,14,0,0,0,0,0,0
450749,1,1,1984,39,7,16,9,30,23,5,12,0,14
450750,1,1,1984,0,0,0,0,0,0,0,0,0,0
450750,2,1,1984,15,0,0,0,0,0,0,0,0,0
450751,1,1,1984,22,22,22,22,22,22,22,22,22,22
450752,1,1,1984,0,0,0,0,0,0,0,0,0,0
450752,2,1,1984,0,0,0,0,0,0,0,0,0,0
450753,1,1,1984,20,15,26,23,4,20,17,23,19,15
450754,1,1,1984,0,0,0,0,0,0,0,0,0,0
450754,2,1,1984,0,0,0,0,0,0,13,0,0,0
450754,3,1,1984,0,22,0,0,12,0,0,4,0,0
450755,1,1,1984,0,0,0,0,0,0,0,0,0,0
450755,2,1,1984,0,0,0,0,0,0,0,0,0,20
450756,1,1,1984,0,0,0,0,0,28,0,0,0,0
450757,1,1,1984,12,12,12,12,12,12,12,12,12,12
450758,0,1,1984,21,21,21,21,21,21,21,21,21,21
450758,1,1,1984,20,20,20,20,20,20,20,20,20,20
450759,1,1,1984,0,13,0,25,0,0,0,0,30,22
450760,1,1,1984,4,4,4,4,4,4,4,4,4,4
450761,1,1,1984,0,20,0,0,0,0,0,0,0,0
450762,1,1,1984,28,28,28,28,28,28,28,28,28,28
450763,1,1,1984,0,21,0,0,0,0,0,0,0,2
450764,1,1,1984,19,16,0,19,0,0,21,10,21,39
450765,1,1,1984,0,0,0,0,0,0,0,0,0,0
450765,2,1,1984,0,0,0,0,0,0,0,17,0,0
450766,1,1,1984,0,15,0,0,0,23,0,0,0,0
450766,2,1,1984,0,0,0,0,0,0,0,10,0,0
450767,1,1,1984,0,0,0,0,0,0,0,0,0,0
450768,1,1,1984,13,0,15,11,11,13,14,10,4,13
450769,1,1,1984,11,11,11,11,11,11,11,11,11,11
450770,1,1,1984,4,0,0,0,16,16,0,13,11,0
450771,1,1,1984,14,21,26,0,17,16,21,0,9,14
450772,1,1,1984,23,17,36,10,31,25,0,0,15,4
450773,1,1,1984,8,0,0,11,0,0,14,0,15,0
450774,1,1,1984,16,25,0,20,17,9,0,13,17,0
450775,1,1,1984,0,0,0,0,15,0,0,0,0,0
450775,2,1,1984,0,0,0,0,7,15,7,0,12,16
450775,3,1,1984,0,0,0,0,0,0,11,0,0,0
450776,1,1,1984,0,7,17,25,0,17,11,13,0,17
450777,0,1,1984,7,2,19,0,29,12,18,12,33,18
450777,1,1,1984,10,0,0,0,0,0,0,0,0,0
450778,1,1,1984,33,33,33,33,33,33,33,33,33,33
450778,2,1,1984,0,0,0,0,0,0,0,0,0,0
450779,1,1,1984,12,0,42,13,16,0,11,19,38,29
450780,1,1,1984,0,0,0,0,0,0,0,0,0,0
450780,2,1,1984,0,0,0,18,0,0,19,0,9,0
450780,3,1,1984,8,0,10,16,8,4,13,7,22,10
450781,1,1,1984,0,0,17,0,0,0,0,0,0,0
450781,2,1,1984,15,15,15,15,15,15,15,15,15,15
450782,0,1,1984,0,0,0,0,0,0,0,0,0,0
450782,0,2,1984,0,0,0,0,0,0,0,0,0,0
450782,1,1,1984,0,5,0,0,0,12,0,0,0,0
450782,2,1,1984,0,0,16,0,0,0,0,0,0,0
450782,3,1,1984,0,0,4,0,0,0,0,0,0,0
450782,4,1,1984,0,0,0,0,0,0,0,0,0,0
450783,1,1,1984,0,0,0,0,0,0,0,11,0,0
450784,1,1,1984,26,26,26,26,26,26,26,26,26,26
450785,1,1,1984,3,3,3,3,3,3,3,3,3,3
450786,1,1,1984,26,0,0,0,0,10,0,0,28,0
450786,2,1,1984,0,13,3,0,0,0,14,0,0,0
450787,1,1,1984,0,0,0,0,0,0,0,0,0,0
450787,2,1,1984,0,0,0,0,0,0,0,0,0,0
450788,1,1,1984,9,14,21,38,16,15,16,19,12,8
450788,2,1,1984,0,0,0,0,0,0,0,0,0,21
450789,1,1,1984,12,13,0,2,0,37,16,31,21,15
450790,0,1,1984,10,0,0,0,0,0,7,0,0,0
450790,1,1,1984,0,9,0,14,8,0,0,0,12,0
450791,0,1,1984,24,22,33,16,0,32,18,25,19,50
450791,1,1,1984,0,0,0,0,0,0,0,0,0,0
450792,1,1,1984,14,13,19,8,13,8,14,12,11,6
450793,1,1,1984,17,17,17,17,17,17,17,17,17,17
450793,2,1,1984,0,0,0,0,0,0,0,0,19,0
450794,1,1,1984,13,18,32,8,17,10,22,12,20,13
450795,1,1,1984,0,28,17,15,18,26,37,10,14,0
450796,1,1,1984,0,0,0,0,0,0,0,0,0,0
450796,2,1,1984,0,0,0,0,0,0,0,0,0,0
450797,1,1,1984,18,18,18,18,18,18,18,18,18,18
450797,2,1,1984,14,0,17,0,14,0,21,0,31,15
450798,0,1,1984,0,0,0,0,0,0,0,0,0,0
450798,1,1,1984,0,0,0,0,0,0,0,0,0,0
450799,1,1,1984,0,18,29,0,0,0,0,17,10,11
450800,1,1,1984,14,14,14,14,14,14,14,14,14,14
450801,1,1,1984,12,0,0,0,18,0,0,27,0,16
450801,2,1,1984,22,0,3,0,0,0,0,0,20,7
450802,0,1,1984,18,23,51,7,16,27,5,25,29,36
450802,1,1,1984,10,0,0,6,13,0,0,18,15,0
450803,1,1,1984,7,0,23,15,12,12,15,0,0,8
450803,2,1,1984,0,0,0,0,0,0,0,0,0,0
450804,1,1,1984,0,0,0,0,0,0,0,0,0,0
450804,2,1,1984,0,17,7,0,15,3,0,14,0,6
450805,1,1,1984,6,23,14,19,7,21,12,14,25,13
450806,1,1,1984,0,0,0,0,0,0,0,0,0,0
450806,2,1,1984,0,0,0,24,0,9,0,0,0,0
450807,1,1,1984,20,20,20,20,20,20,20,20,20,20
450807,2,1,1984,0,0,0,0,0,0,0,0,13,0
450808,1,1,1984,8,8,8,8,8,8,8,8,8,8
450809,1,1,1984,11,0,0,18,14,16,0,21,32,0
450810,1,1,1984,0,0,0,0,0,0,0,0,0,0
450810,2,1,1984,0,0,0,12,0,19,0,0,8,16
450811,0,1,1984,17,30,12,32,3,16,0,13,6,33
450811,1,1,1984,0,0,0,0,0,0,0,0,0,0
450812,1,1,1984,28,10,27,16,33,25,12,26,13,32
450813,1,1,1984,17,19,0,27,26,13,16,16,8,10
450814,1,1,1984,0,0,0,0,0,0,0,0,0,0
450814,2,1,1984,0,16,25,12,0,0,0,0,0,11
450815,1,1,1984,0,0,0,0,0,6,16,0,0,0
450815,2,1,1984,20,20,20,20,20,20,20,20,20,20
450817,1,1,1984,11,0,19,28,13,13,0,17,9,38
450818,1,1,1984,8,32,13,28,25,9,15,10,28,10
450819,1,1,1984,0,0,0,6,0,0,0,0,0,0
450820,1,1,1984,0,0,0,0,0,0,0,0,0,0
450821,0,1,1984,25,13,20,14,38,31,33,16,17,20
450821,1,1,1984,0,0,12,4,0,0,9,0,18,0
450822,1,1,1984,0,0,0,0,0,0,0,0,0,0
450822,2,1,1984,0,0,0,0,0,0,10,0,0,0
450823,1,1,1984,14,0,0,11,0,13,0,0,0,0
450824,1,1,1984,11,14,10,18,14,18,15,14,14,29
450825,1,1,1984,0,0,0,0,14,0,0,0,0,0
450825,2,1,1984,6,0,0,0,0,28,0,0,0,19
450826,0,1,1984,21,22,14,0,25,28,20,0,20,0
450826,1,1,1984,0,0,0,0,0,0,0,0,0,0
450827,1,1,1984,0,0,0,0,0,0,0,0,0,0
450829,0,1,1984,0,0,27,41,27,20,18,38,0,26
450829,1,1,1984,0,12,0,0,0,17,14,0,0,0
450830,0,1,1984,0,0,36,12,0,22,7,18,19,25
450830,1,1,1984,0,0,0,0,0,0,0,0,0,0
450831,0,1,1984,0,0,0,0,0,0,0,0,0,0
450831,1,1,1984,0,0,0,0,0,0,0,0,0,0
450832,0,1,1984,25,25,21,20,19,20,15,24,8,16
450832,1,1,1984,0,0,0,0,0,0,0,11,0,13
450833,0,1,1984,0,0,0,17,0,0,0,0,0,0
450833,1,1,1984,0,0,0,0,0,0,0,0,18,0
460001,1,1,1984,0,0,0,0,0,0,0,0,0,0
460001,2,1,1984,0,0,0,0,0,0,0,0,0,0
460002,1,1,1984,6,6,6,6,6,6,6,6,6,6
460003,1,1,1984,0,0,0,0,0,0,0,0,0,0
460003,2,1,1984,0,0,0,0,0,0,0,0,0,0
460004,0,1,1984,0,0,0,0,0,0,0,0,0,0
460004,1,1,1984,0,0,0,0,0,0,0,0,0,0
460005,1,1,1984,0,17,0,0,0,0,0,0,0,0
460005,2,1,1984,0,0,0,0,0,16,0,12,0,0
460006,1,1,1984,19,19,19,19,19,19,19,19,19,19
460007,1,1,1984,20,20,20,20,20,20,20,20,20,20
460008,1,1,1984,18,18,18,18,18,18,18,18,18,18
460008,2,1,1984,0,0,0,0,0,0,0,0,0,0
460009,1,1,1984,21,21,21,21,21,21,21,21,21,21
460010,1,1,1984,0,0,0,0,0,0,0,0,0,0
460011,1,1,1984,24,24,24,24,24,24,24,24,24,24
460012,1,1,1984,0,0,0,0,9,0,0,0,34,0
460013,1,1,1984,0,0,0,0,0,12,0,0,0,0
460014,0,1,1984,0,29,0,0,0,0,0,14,0,0
460014,0,2,1984,9,0,0,0,0,17,0,0,0,0
460014,1,1,1984,0,0,0,0,0,0,0,0,0,0
460015,1,1,1984,2,0,0,7,0,0,0,24,24,26
460015,2,1,1984,15,15,15,15,15,15,15,15,15,15
460016,1,1,1984,0,0,0,0,0,0,0,0,0,0
460016,2,1,1984,0,0,0,0,0,0,0,0,0,0
460017,1,1,1984,0,0,0,0,0,0,0,0,0,0
460017,2,1,1984,0,0,0,0,0,0,0,0,0,0
460017,3,1,1984,24,24,24,24,24,24,24,24,24,24
460018,1,1,1984,0,0,0,0,0,0,0,0,0,0
460018,2,1,1984,0,0,0,0,0,0,0,0,0,0
460019,0,1,1984,0,0,0,0,0,0,0,0,0,0
460019,1,1,1984,0,0,0,0,0,0,0,0,0,0
460020,1,1,1984,10,0,17,0,0,0,0,0,0,12
460020,2,1,1984,0,0,0,0,0,0,0,0,0,0
460021,1,1,1984,0,0,0,0,0,0,0,0,0,0
460021,2,1,1984,0,0,0,0,0,0,0,0,0,0
460022,1,1,1984,15,15,15,15,15,15,15,15,15,15
460023,1,1,1984,7,7,7,7,7,7,7,7,7,7
460024,1,1,1984,23,23,23,23,23,23,23,23,23,23
460025,1,1,1984,25,25,25,25,25,25,25,25,25,25
460026,1,1,1984,18,18,18,18,18,18,18,18,18,18
460027,1,1,1984,32,32,32,32,32,32,32,32,32,32
460027,2,1,1984,0,0,0,0,0,0,0,0,0,0
460028,1,1,1984,14,0,13,0,0,0,0,0,0,9
460029,1,1,1984,0,0,0,0,0,0,0,9,0,0
460029,2,1,1984,0,0,0,18,0,0,0,0,0,0
460030,1,1,1984,0,0,0,0,0,0,0,0,0,0
460030,2,1,1984,0,0,0,0,0,0,0,0,0,0
460031,0,1,1984,5,5,5,5,5,5,5,5,5,5
460031,1,1,1984,0,0,0,0,0,0,0,0,0,0
460032,1,1,1984,0,0,0,0,0,0,0,0,0,0
460033,1,1,1984,0,0,0,0,0,0,0,0,0,0
460034,1,1,1984,0,0,0,10,0,0,0,0,0,0
460034,2,1,1984,1,1,1,1,1,1,1,1,1,1
460035,0,1,1984,15,10,9,0,0,24,27,17,0,6
460035,1,1,1984,0,0,0,0,0,0,0,0,0,0
460036,1,1,1984,0,0,0,0,0,0,0,0,0,0
460036,2,1,1984,0,0,0,0,0,13,0,0,0,0
460038,1,1,1984,0,0,0,0,6,0,0,0,0,0
460039,1,1,1984,13,13,13,13,13,13,13,13,13,13
460040,0,1,1984,0,0,11,0,0,0,0,0,0,0
460040,1,1,1984,0,0,0,0,0,0,0,0,0,0
460041,1,1,1984,9,0,0,0,14,26,16,29,0,32
460042,1,1,1984,0,0,0,0,0,0,0,0,0,0
460042,2,1,1984,0,0,0,0,0,0,0,0,0,0
460044,1,1,1984,5,5,5,5,5,5,5,5,5,5
460045,1,1,1984,1,1,1,1,1,1,1,1,1,1
460045,2,1,1984,10,10,10,10,10,10,10,10,10,10
460046,1,1,1984,0,0,0,0,18,0,0,0,8,0
460047,0,1,1984,20,20,20,20,20,20,20,20,20,20
460047,1,1,1984,8,3,10,10,0,9,0,0,2,0
460048,1,1,1984,0,0,0,0,0,0,0,0,0,0
460048,2,1,1984,0,0,0,0,0,0,0,0,0,0
460048,3,1,1984,0,0,0,0,0,0,0,0,0,0
460049,1,1,1984,0,0,0,0,0,0,0,0,0,0
460050,1,1,1984,12,12,12,12,12,12,12,12,12,12
460050,2,1,1984,0,0,0,0,0,0,0,0,0,0
460051,1,1,1984,20,20,20,20,20,20,20,20,20,20
460052,0,1,1984,0,0,0,0,0,0,0,0,0,0
460052,1,1,1984,0,0,0,0,0,0,0,0,0,0
460053,1,1,1984,3,3,3,3,3,3,3,3,3,3
460053,2,1,1984,26,0,13,15,2,17,6,16,23,0
460054,1,1,1984,21,21,21,21,21,21,21,21,21,21
460055,1,1,1984,0,0,0,0,0,0,0,0,0,0
460056,1,1,1984,0,0,0,0,0,0,0,0,0,12
460057,1,1,1984,0,0,0,0,0,0,0,0,0,0
460057,2,1,1984,0,0,0,0,0,0,0,0,0,0
460058,1,1,1984,14,22,17,14,17,14,21,17,6,29
460058,2,1,1984,0,0,0,0,0,0,0,0,0,0
460059,1,1,1984,6,6,6,6,6,6,6,6,6,6
460060,1,1,1984,12,12,12,12,12,12,12,12,12,12
460061,0,1,1984,16,16,16,16,16,16,16,16,16,16
460061,1,1,1984,8,0,16,9,13,20,25,0,0,35
460062,1,1,1984,29,29,29,29,29,29,29,29,29,29
460063,1,1,1984,0,0,0,0,0,0,0,0,0,0
460063,2,1,1984,9,9,9,9,9,9,9,9,9,9
460064,1,1,1984,7,7,7,7,7,7,7,7,7,7
460065,1,1,1984,0,0,0,0,0,0,16,15,0,0
460066,1,1,1984,0,0,0,0,0,0,0,0,0,0
460066,2,1,1984,0,0,0,0,0,0,0,0,0,0
460067,0,1,1984,0,0,0,0,0,0,15,12,0,0
460067,1,1,1984,0,13,0,0,10,0,0,0,0,0
460068,1,1,1984,0,0,0,0,14,0,0,0,0,0
460069,1,1,1984,23,23,23,23,23,23,23,23,23,23
460070,1,1,1984,0,0,11,27,0,0,20,0,0,0
460070,2,1,1984,15,15,15,15,15,15,15,15,15,15
460071,1,1,1984,0,0,0,0,0,0,0,0,0,0
460071,2,1,1984,0,0,0,0,0,0,0,0,0,0
460072,0,1,1984,10,10,10,10,10,10,10,10,10,10
460072,1,1,1984,14,14,14,14,14,14,14,14,14,14
460073,1,1,1984,21,21,21,21,21,21,21,21,21,21
460074,1,1,1984,0,0,0,13,0,0,0,0,0,2
460075,1,1,1984,5,5,5,5,5,5,5,5,5,5
460075,2,1,1984,3,3,3,3,3,3,3,3,3,3
460076,1,1,1984,23,23,23,23,23,23,23,23,23,23
460077,1,1,1984,31,31,31,31,31,31,31,31,31,31
460078,1,1,1984,0,0,0,0,0,0,0,0,0,0
460079,1,1,1984,13,13,13,13,13,13,13,13,13,13
460080,1,1,1984,0,0,0,0,0,0,0,0,0,0
460080,2,1,1984,4,0,0,0,0,0,0,0,0,0
460081,1,1,1984,0,0,0,0,15,19,18,0,0,0
460082,1,1,1984,0,0,0,0,0,0,0,0,0,0
460083,0,1,1984,0,0,0,0,0,0,0,0,0,0
460083,1,1,1984,0,0,0,0,0,0,0,0,0,0
460084,1,1,1984,0,0,0,0,0,0,0,0,0,0
460084,2,1,1984,1,1,1,1,1,1,1,1,1,1
460085,1,1,1984,0,0,0,0,0,0,0,0,0,0
460086,1,1,1984,0,0,0,0,0,0,0,0,0,0
460086,2,1,1984,2,2,2,2,2,2,2,2,2,2
460087,1,1,1984,25,0,0,10,0,0,0,0,0,16
460088,1,1,1984,0,0,0,0,0,0,0,0,0,0
460088,2,1,1984,28,28,28,28,28,28,28,28,28,28
460089,1,1,1984,22,0,11,13,20,0,18,0,18,14
460090,0,1,1984,13,13,13,13,13,13,13,13,13,13
460090,0,2,1984,0,16,0,4,0,18,0,0,9,0
460090,1,1,1984,19,19,19,19,19,19,19,19,19,19
460091,1,1,1984,0,0,0,0,0,0,0,22,0,0
460092,1,1,1984,15,29,15,0,0,16,0,21,20,22
460093,1,1,1984,0,0,0,0,0,0,0,0,0,0
460094,1,1,1984,0,0,0,0,0,0,0,0,0,0
460094,2,1,1984,0,0,0,0,0,8,0,0,15,0
460095,1,1,1984,19,19,19,19,19,19,19,19,19,19
460096,1,1,1984,13,13,13,13,13,13,13,13,13,13
460097,1,1,1984,9,9,9,9,9,9,9,9,9,9
460098,0,1,1984,10,10,10,10,10,10,10,10,10,10
460098,1,1,1984,0,0,0,0,0,0,0,0,0,0
460099,1,1,1984,21,21,21,21,21,21,21,21,21,21
460100,1,1,1984,19,19,19,19,19,19,19,19,19,19
460101,1,1,1984,0,0,0,0,0,26,0,0,0,0
460101,2,1,1984,0,0,0,0,0,0,0,0,0,0
460102,1,1,1984,31,31,31,31,31,31,31,31,31,31
460103,1,1,1984,0,0,0,0,0,0,0,0,0,0
460103,2,1,1984,0,0,0,0,0,0,0,0,0,0
460104,0,1,1984,11,11,11,11,11,11,11,11,11,11
460104,1,1,1984,0,0,0,29,0,0,0,19,0,0
460105,1,1,1984,21,21,21,21,21,21,21,21,21,21
460105,2,1,1984,0,0,0,0,0,0,0,0,0,0
460106,1,1,1984,7,7,7,7,7,7,7,7,7,7
460107,1,1,1984,0,0,20,0,0,0,0,0,0,0
460107,2,1,1984,0,0,0,0,0,0,0,0,0,0
460108,1,1,1984,19,19,19,19,19,19,19,19,19,19
460109,1,1,1984,0,0,0,0,0,0,0,0,0,0
460109,2,1,1984,2,2,2,2,2,2,2,2,2,2
460110,1,1,1984,0,0,0,0,0,0,0,0,0,0
460111,1,1,1984,4,4,4,4,4,4,4,4,4,4
460111,2,1,1984,0,0,0,0,0,0,0,0,0,0
460111,3,1,1984,0,0,0,0,0,0,0,0,0,0
460111,4,1,1984,0,0,0,0,0,0,0,11,0,0
460111,5,1,1984,0,0,0,0,0,0,0,0,0,0
460112,0,1,1984,0,0,0,0,0,0,0,0,0,0
460112,1,1,1984,0,0,0,0,0,0,0,0,0,0
460113,1,1,1984,24,24,24,24,24,24,24,24,24,24
460114,1,1,1984,18,18,18,18,18,18,18,18,18,18
460115,1,1,1984,12,12,12,12,12,12,12,12,12,12
460116,1,1,1984,26,24,25,15,27,0,19,28,10,16
460117,0,1,1984,19,19,19,19,19,19,19,19,19,19
460117,1,1,1984,0,0,0,0,0,0,0,0,0,0
460118,1,1,1984,22,22,22,22,22,22,22,22,22,22
460119,1,1,1984,0,0,0,0,0,0,0,0,0,0
460119,2,1,1984,25,25,25,25,25,25,25,25,25,25
460120,1,1,1984,10,16,0,16,10,26,36,16,14,32
460121,1,1,1984,10,10,10,10,10,10,10,10,10,10
460122,1,1,1984,12,24,0,0,26,13,8,0,29,16
460123,1,1,1984,0,0,0,0,0,0,0,0,0,0
460123,2,1,1984,0,0,15,0,10,0,0,7,15,0
460124,1,1,1984,0,0,0,0,0,0,0,0,0,0
460124,2,1,1984,0,0,0,0,13,0,0,0,5,0
460125,1,1,1984,43,43,43,43,43,43,43,43,43,43
460126,1,1,1984,9,9,9,9,9,9,9,9,9,9
460127,1,1,1984,17,23,16,9,20,36,24,20,24,38
460128,1,1,1984,0,0,0,0,0,0,0,0,0,0
460128,2,1,1984,0,0,0,0,0,0,0,0,0,0
460128,3,1,1984,0,0,0,0,0,0,0,0,0,0
460129,1,1,1984,0,0,0,0,0,0,0,0,0,0
460129,2,1,1984,0,0,0,0,0,0,0,0,0,0
460130,1,1,1984,0,0,0,0,0,0,0,0,0,0
460130,2,1,1984,0,0,15,0,0,0,0,0,0,0
460131,1,1,1984,0,0,0,0,30,0,0,0,0,0
460132,0,1,1984,22,22,22,22,22,22,22,22,22,22
460132,1,1,1984,0,0,0,0,0,0,0,0,0,0
460133,1,1,1984,12,0,11,11,18,6,24,27,17,16
460133,2,1,1984,16,12,10,5,0,0,14,8,0,0
460134,1,1,1984,16,16,16,16,16,16,16,16,16,16
470002,1,1,1984,32,32,32,32,32,32,32,32,32,32
470003,1,1,1984,22,22,22,22,22,22,22,22,22,22
470004,1,1,1984,13,13,13,13,13,13,13,13,13,13
470005,1,1,1984,15,16,18,12,20,19,0,15,24,20
470006,0,1,1984,0,0,0,0,0,0,0,0,0,0
470006,1,1,1984,0,7,9,0,0,5,0,0,16,0
470007,1,1,1984,2,2,2,2,2,2,2,2,2,2
470009,1,1,1984,0,0,0,0,0,0,0,0,0,0
470009,2,1,1984,0,0,0,0,0,0,0,0,0,0
470010,1,1,1984,0,0,0,0,0,0,0,0,0,0
470011,1,1,1984,19,19,19,19,19,19,19,19,19,19
470012,1,1,1984,0,0,0,0,0,0,0,0,0,0
470013,1,1,1984,0,0,0,0,0,0,0,0,0,0
470013,2,1,1984,27,27,27,27,27,27,27,27,27,27
470014,0,1,1984,0,0,0,0,0,0,0,0,0,0
470014,1,1,1984,16,0,0,0,0,0,0,0,0,0
470014,2,1,1984,0,0,0,18,0,0,0,0,0,0
470015,1,1,1984,0,0,0,0,0,0,0,0,0,0
470016,1,1,1984,0,0,0,0,0,0,0,0,0,0
470017,0,1,1984,8,27,0,21,19,5,0,19,0,5
470017,1,1,1984,11,11,11,11,11,11,11,11,11,11
470018,0,1,1984,12,0,0,10,18,27,0,45,10,0
470018,1,1,1984,0,0,0,0,0,0,0,0,0,0
470019,1,1,1984,0,0,0,0,0,0,0,16,0,0
470020,1,1,1984,0,10,0,4,10,9,0,0,0,5
470020,2,1,1984,12,12,12,12,12,12,12,12,12,12
470020,3,1,1984,0,0,0,0,0,0,0,0,0,0
470021,1,1,1984,0,0,0,0,0,0,0,0,0,0
470021,2,1,1984,0,0,0,0,0,0,0,0,0,0
470022,1,1,1984,0,0,0,0,0,0,0,0,0,0
470023,1,1,1984,28,28,28,28,28,28,28,28,28,28
470024,1,1,1984,7,7,7,7,7,7,7,7,7,7
470026,1,1,1984,0,0,0,0,0,0,0,0,0,0
470026,2,1,1984,0,0,0,0,0,0,0,0,0,0
470027,1,1,1984,0,0,0,0,0,0,0,0,0,0
470027,2,1,1984,0,0,0,17,0,0,21,0,0,14
470027,3,1,1984,0,34,0,0,0,0,15,15,37,31
470028,1,1,1984,19,19,19,19,19,19,19,19,19,19
470029,1,1,1984,0,0,0,0,0,0,0,0,0,0
470030,1,1,1984,34,34,34,34,34,34,34,34,34,34