ST_CASE,VEH_NO,PER_NO,YEAR,P1,P2,P3,P4,P5,P6,P7,P8,P9,P10
470031,1,1,1984,5,5,5,5,5,5,5,5,5,5
470031,2,1,1984,12,12,12,12,12,12,12,12,12,12
470032,1,1,1984,0,0,0,0,0,0,0,0,0,0
470032,2,1,1984,0,0,0,0,0,0,0,0,0,0
470033,1,1,1984,0,0,0,0,0,0,0,0,0,0
470034,1,1,1984,0,0,0,0,0,0,0,0,0,0
470034,2,1,1984,0,0,0,0,0,0,0,0,0,0
470035,1,1,1984,6,6,6,6,6,6,6,6,6,6
470035,2,1,1984,15,15,15,15,15,15,15,15,15,15
470036,1,1,1984,0,0,0,0,0,0,0,0,0,0
470037,1,1,1984,0,0,0,0,0,0,0,0,0,0
470037,2,1,1984,12,12,12,12,12,12,12,12,12,12
470038,1,1,1984,19,16,15,24,43,0,0,24,0,31
470039,1,1,1984,0,0,0,0,0,0,0,0,0,0
470039,2,1,1984,0,0,0,0,0,0,0,0,0,0
470040,1,1,1984,0,0,0,0,0,0,0,0,0,0
470040,2,1,1984,0,0,0,0,0,0,0,14,20,0
470041,1,1,1984,21,21,21,21,21,21,21,21,21,21
470042,0,1,1984,0,0,0,0,0,0,0,0,0,0
470042,1,1,1984,26,0,0,0,0,0,0,0,0,0
470043,1,1,1984,0,0,0,18,0,0,0,0,0,0
470043,2,1,1984,0,0,0,0,0,0,0,0,0,0
470044,1,1,1984,15,19,27,12,9,6,0,9,7,12
470045,1,1,1984,0,0,0,0,0,0,0,0,0,0
470045,2,1,1984,0,0,0,0,0,0,0,8,0,0
470046,1,1,1984,14,14,14,14,14,14,14,14,14,14
470047,1,1,1984,18,9,8,10,0,5,16,16,17,0
470048,1,1,1984,16,16,16,16,16,16,16,16,16,16
470049,1,1,1984,0,0,0,0,0,0,0,0,0,0
470049,2,1,1984,7,0,0,0,0,0,0,0,11,0
470050,1,1,1984,28,28,28,28,28,28,28,28,28,28
470051,1,1,1984,0,0,0,0,0,0,0,0,9,0
470051,2,1,1984,12,12,12,12,12,12,12,12,12,12
470052,0,1,1984,24,24,24,24,24,24,24,24,24,24
470052,1,1,1984,17,9,26,0,18,39,22,0,0,0
470053,1,1,1984,0,0,0,0,0,11,0,0,12,0
470054,1,1,1984,0,0,0,0,0,0,0,0,0,0
470055,1,1,1984,0,0,0,0,0,0,0,0,0,0
470055,2,1,1984,0,0,0,0,0,0,0,0,0,0
470055,3,1,1984,0,0,0,0,0,0,0,0,0,0
470056,1,1,1984,0,0,0,0,0,0,0,0,0,0
470056,2,1,1984,0,0,0,0,0,0,0,0,0,0
470057,1,1,1984,0,0,0,0,0,0,0,0,0,0
470057,2,1,1984,24,24,24,24,24,24,24,24,24,24
470057,3,1,1984,0,0,0,0,0,0,28,0,0,0
470057,4,1,1984,0,0,0,0,0,0,9,0,0,0
470058,1,1,1984,20,20,20,20,20,20,20,20,20,20
470059,1,1,1984,0,20,0,0,0,0,0,0,0,0
470059,2,1,1984,5,5,5,5,5,5,5,5,5,5
470060,1,1,1984,24,24,24,24,24,24,24,24,24,24
470061,1,1,1984,15,15,15,15,15,15,15,15,15,15
470062,1,1,1984,0,0,0,0,0,0,0,0,0,0
470062,2,1,1984,0,0,0,0,0,0,0,0,0,0
470063,1,1,1984,29,29,29,29,29,29,29,29,29,29
470064,1,1,1984,10,10,10,10,10,10,10,10,10,10
470065,1,1,1984,0,0,0,0,0,0,0,0,0,0
470065,2,1,1984,0,0,0,0,12,0,0,0,0,6
470066,1,1,1984,0,0,0,0,0,0,0,0,0,0
470066,2,1,1984,13,13,13,13,13,13,13,13,13,13
470067,1,1,1984,0,0,0,0,0,0,0,0,0,3
470067,2,1,1984,0,0,0,0,0,0,0,0,0,0
470068,1,1,1984,7,7,7,7,7,7,7,7,7,7
470068,2,1,1984,6,14,18,11,0,0,0,13,0,14
470069,1,1,1984,0,0,0,0,0,0,0,0,0,10
470069,2,1,1984,0,0,0,0,0,0,0,0,0,0
470070,1,1,1984,14,14,14,14,14,14,14,14,14,14
470071,1,1,1984,0,0,0,0,0,0,0,0,0,0
470071,2,1,1984,24,24,24,24,24,24,24,24,24,24
470072,1,1,1984,20,20,20,20,20,20,20,20,20,20
470073,1,1,1984,15,15,15,15,15,15,15,15,15,15
470073,2,1,1984,0,0,0,0,0,0,0,0,0,0
470074,1,3,1984,8,8,8,8,8,8,8,8,8,8
470075,1,1,1984,10,10,10,10,10,10,10,10,10,10
470075,2,1,1984,10,10,10,10,10,10,10,10,10,10
470076,0,1,1984,0,0,0,0,0,0,0,0,0,0
470076,1,1,1984,0,0,0,0,0,0,0,0,0,0
470077,1,1,1984,20,32,0,14,0,30,0,15,0,0
470077,2,1,1984,36,0,0,7,0,13,15,0,0,0
470078,1,1,1984,23,15,22,14,34,16,26,23,10,13
470079,1,1,1984,27,27,27,27,27,27,27,27,27,27
470080,1,1,1984,22,20,0,0,33,28,9,0,0,14
470081,1,1,1984,18,18,18,18,18,18,18,18,18,18
470082,1,1,1984,11,19,0,8,5,17,11,13,11,7
470082,2,1,1984,9,0,0,23,0,0,10,23,25,7
470083,1,1,1984,0,0,0,0,0,0,0,0,0,0
470083,2,1,1984,16,16,16,16,16,16,16,16,16,16
470084,1,1,1984,6,0,0,7,0,0,0,0,0,0
470084,2,1,1984,0,0,0,0,0,0,0,0,0,0
470085,1,1,1984,0,0,0,0,0,0,0,0,0,0
470086,0,1,1984,17,17,17,17,17,17,17,17,17,17
470086,1,1,1984,0,10,0,0,0,31,0,0,25,0
470087,1,1,1984,21,21,21,21,21,21,21,21,21,21
470088,1,1,1984,2,2,2,2,2,2,2,2,2,2
470089,1,1,1984,0,0,0,0,0,0,0,0,0,0
470089,2,1,1984,14,14,14,14,14,14,14,14,14,14
470090,1,1,1984,7,7,7,7,7,7,7,7,7,7
470091,1,1,1984,14,14,14,14,14,14,14,14,14,14
470092,1,1,1984,0,0,0,0,0,0,0,0,0,0
470092,2,1,1984,0,0,0,0,0,0,0,0,0,0
470093,1,1,1984,0,0,0,0,13,11,5,0,0,0
470094,0,1,1984,5,5,5,5,5,5,5,5,5,5
470094,1,1,1984,24,0,0,0,0,0,0,0,0,0
470095,1,1,1984,20,0,0,0,0,0,0,0,0,0
470095,2,1,1984,0,0,0,0,0,0,0,0,0,0
470096,1,1,1984,0,0,0,0,0,0,0,0,0,0
470097,1,1,1984,20,20,20,20,20,20,20,20,20,20
470097,2,1,1984,0,0,0,0,0,0,0,0,0,0
470098,1,1,1984,19,19,19,19,19,19,19,19,19,19
470099,1,1,1984,10,10,10,10,10,10,10,10,10,10
470100,1,1,1984,0,0,0,0,12,0,0,0,0,0
470100,2,1,1984,0,0,0,0,0,0,0,0,0,0
470100,3,1,1984,7,7,7,7,7,7,7,7,7,7
470101,1,1,1984,0,0,0,0,0,0,0,0,0,0
470102,1,1,1984,9,0,33,0,20,12,0,14,27,0
470103,1,1,1984,15,17,18,5,7,8,13,10,0,16
470103,2,1,1984,26,26,26,26,26,26,26,26,26,26
470104,1,1,1984,0,33,0,0,0,0,0,0,0,0
470104,2,1,1984,47,17,0,0,0,0,0,26,20,22
470105,1,1,1984,27,27,27,27,27,27,27,27,27,27
470106,1,1,1984,27,27,27,27,27,27,27,27,27,27
470107,1,1,1984,9,9,9,9,9,9,9,9,9,9
470107,2,1,1984,0,0,0,0,0,0,0,0,0,0
470108,0,1,1984,10,10,10,10,10,10,10,10,10,10
470108,0,2,1984,0,13,0,17,12,15,0,19,15,12
470108,1,1,1984,0,0,0,0,0,0,0,0,0,0
470109,1,2,1984,18,16,24,15,11,11,11,0,0,0
470110,1,1,1984,0,0,0,0,0,0,0,0,0,0
470110,2,1,1984,0,0,0,0,0,0,0,0,0,0
470112,1,1,1984,15,15,15,15,15,15,15,15,15,15
470113,1,1,1984,0,0,0,0,0,0,0,0,0,0
470113,2,1,1984,17,0,0,0,0,0,0,0,0,0
470114,1,1,1984,21,21,21,21,21,21,21,21,21,21
470115,1,1,1984,10,10,10,10,10,10,10,10,10,10
470116,1,1,1984,0,0,0,0,0,0,0,0,0,0
470117,1,1,1984,18,18,18,18,18,18,18,18,18,18
470117,2,1,1984,23,23,23,23,23,23,23,23,23,23
470118,1,1,1984,14,14,14,14,14,14,14,14,14,14
470119,2,1,1984,23,23,23,23,23,23,23,23,23,23
470119,3,1,1984,8,8,8,8,8,8,8,8,8,8
470120,1,1,1984,27,24,21,13,23,18,20,21,23,17
470120,2,1,1984,11,11,11,11,11,11,11,11,11,11
470121,1,1,1984,17,17,17,17,17,17,17,17,17,17
470121,2,1,1984,0,0,0,0,0,0,0,0,0,0
470122,1,1,1984,16,16,16,16,16,16,16,16,16,16
470123,1,1,1984,24,24,24,24,24,24,24,24,24,24
470124,0,1,1984,0,0,0,0,0,0,0,0,0,0
470124,1,1,1984,0,0,0,0,0,16,0,0,17,0
470125,1,1,1984,23,23,23,23,23,23,23,23,23,23
470126,1,1,1984,17,17,17,17,17,17,17,17,17,17
470126,2,1,1984,0,0,0,0,0,0,0,0,0,0
470127,1,1,1984,0,0,0,0,0,0,0,0,0,0
470127,2,1,1984,0,0,0,10,0,0,0,0,0,5
470128,1,1,1984,0,0,0,0,0,0,0,0,0,15
470128,2,1,1984,0,0,0,0,0,0,0,0,0,0
470129,1,1,1984,0,0,0,0,0,0,0,0,0,0
470129,2,1,1984,0,0,0,0,0,0,0,0,0,0
470130,0,1,1984,0,0,0,0,0,0,0,0,0,0
470130,1,1,1984,0,0,0,0,0,30,0,0,0,0
470131,1,1,1984,0,14,12,25,26,0,5,16,5,6
470132,1,1,1984,34,34,34,34,34,34,34,34,34,34
470133,0,1,1984,0,0,0,0,22,0,0,0,0,0
470133,1,1,1984,24,15,22,19,13,20,16,5,7,9
470134,1,1,1984,0,0,0,0,0,0,0,0,0,0
470134,2,1,1984,0,0,0,0,0,0,0,0,0,0
470135,1,1,1984,4,4,4,4,4,4,4,4,4,4
470136,1,1,1984,7,7,7,7,7,7,7,7,7,7
470137,1,1,1984,0,0,0,0,0,0,0,0,0,0
470138,1,1,1984,36,17,17,13,9,33,14,13,0,12
470139,1,1,1984,17,17,17,17,17,17,17,17,17,17
470140,0,1,1984,14,14,14,14,14,14,14,14,14,14
470140,1,1,1984,14,14,14,14,14,14,14,14,14,14
470141,1,1,1984,0,0,0,0,0,0,0,0,0,0
470141,2,1,1984,0,0,0,0,0,0,0,0,0,0
470142,1,1,1984,14,3,9,22,9,19,10,19,14,13
470142,2,1,1984,12,15,16,0,6,9,13,5,0,23
470142,3,1,1984,17,14,22,14,11,0,26,2,10,9
470143,1,1,1984,0,0,0,0,0,0,0,0,0,0
470143,2,1,1984,0,0,0,0,0,0,0,0,0,0
470144,1,1,1984,18,18,18,18,18,18,18,18,18,18
470145,0,1,1984,0,0,0,31,28,0,0,5,0,0
470145,1,1,1984,0,0,0,0,0,0,0,0,0,0
470146,1,1,1984,0,0,0,0,0,0,0,0,0,0
470146,2,1,1984,29,29,29,29,29,29,29,29,29,29
470147,1,1,1984,9,9,9,9,9,9,9,9,9,9
470148,1,1,1984,23,0,0,0,0,0,0,15,12,0
470148,2,1,1984,0,0,5,0,8,0,0,0,0,0
470149,1,1,1984,0,0,0,0,0,0,0,0,0,0
470149,2,1,1984,0,0,0,0,0,0,0,0,0,0
470149,3,1,1984,0,13,0,0,9,0,0,0,0,0
470150,1,1,1984,0,0,0,0,15,0,0,0,13,13
470150,2,1,1984,8,14,16,14,11,12,9,7,0,10
470151,1,1,1984,0,0,0,0,0,0,0,0,0,0
470152,1,1,1984,0,0,0,0,0,0,0,0,0,0
470152,2,1,1984,0,0,0,0,0,0,0,0,0,0
470152,3,1,1984,0,0,0,0,0,0,0,0,0,0
470153,1,1,1984,6,6,6,6,6,6,6,6,6,6
470154,1,1,1984,0,0,0,0,0,0,0,0,0,0
470155,1,1,1984,17,17,17,17,17,17,17,17,17,17
470155,2,1,1984,0,0,0,0,0,0,0,0,0,0
470156,1,1,1984,30,30,30,30,30,30,30,30,30,30
470157,1,1,1984,19,8,17,0,18,0,19,0,33,10
470158,1,1,1984,0,0,0,0,0,0,0,0,0,0
470158,2,1,1984,0,0,0,0,0,0,0,0,0,0
470159,0,1,1984,0,0,0,0,0,0,0,0,0,0
470159,0,2,1984,0,0,0,0,0,0,0,0,0,0
470159,0,3,1984,0,0,6,6,0,9,0,10,0,0
470159,1,1,1984,15,15,15,15,15,15,15,15,15,15
470160,1,1,1984,8,8,8,8,8,8,8,8,8,8
470161,1,1,1984,0,0,0,8,0,8,0,3,0,0
470161,2,1,1984,20,20,20,20,20,20,20,20,20,20
470162,1,1,1984,0,0,0,0,12,0,29,0,0,0
470162,2,1,1984,0,0,0,0,0,0,0,0,0,0
470163,1,1,1984,14,0,14,14,0,0,0,0,0,0
470164,1,1,1984,22,22,22,22,22,22,22,22,22,22
470164,2,1,1984,0,0,0,0,0,0,0,0,0,0
470165,1,1,1984,35,35,35,35,35,35,35,35,35,35
470166,1,1,1984,0,5,0,6,0,0,12,0,9,0
470166,2,1,1984,27,27,27,27,27,27,27,27,27,27
470166,3,1,1984,0,0,0,0,0,0,0,0,0,0
470167,1,1,1984,14,14,14,14,14,14,14,14,14,14
470168,1,1,1984,13,13,13,13,13,13,13,13,13,13
470169,0,1,1984,0,0,0,0,0,0,0,0,22,0
470169,0,2,1984,8,0,0,0,28,38,6,0,0,0
470169,1,1,1984,0,0,0,0,0,0,0,0,0,0
470170,1,1,1984,0,0,0,0,0,0,0,0,0,0
470170,2,1,1984,0,0,0,14,0,15,0,0,0,0
470171,1,1,1984,0,0,0,0,0,0,0,0,0,0
470171,2,1,1984,0,0,0,0,0,0,0,12,0,0
470172,0,1,1984,12,12,12,12,12,12,12,12,12,12
470172,1,1,1984,9,9,9,9,9,9,9,9,9,9
470173,1,1,1984,15,15,15,15,15,15,15,15,15,15
470174,1,1,1984,0,0,0,0,0,0,0,0,0,0
470174,2,1,1984,0,0,0,0,0,0,0,0,0,0
470176,1,1,1984,0,0,0,0,0,0,0,0,0,0
470176,2,1,1984,0,0,0,0,0,0,0,0,0,0
470177,0,1,1984,0,0,0,0,0,0,0,0,0,0
470177,1,1,1984,10,0,0,0,0,0,0,0,0,6
470178,1,1,1984,0,0,12,0,0,0,0,0,0,10
470178,2,1,1984,12,12,12,12,12,12,12,12,12,12
470179,1,1,1984,0,0,0,0,0,0,0,0,0,0
470179,2,1,1984,0,0,0,0,0,0,0,0,0,0
470180,0,1,1984,48,0,17,30,33,13,23,15,9,13
470180,1,1,1984,0,0,0,0,0,0,0,0,0,0
470181,1,1,1984,0,0,0,0,0,0,0,0,0,0
470181,2,1,1984,0,0,0,0,0,0,0,0,0,0
470182,1,1,1984,16,16,16,16,16,16,16,16,16,16
470183,1,1,1984,0,0,0,0,0,0,0,0,0,0
470183,2,1,1984,0,0,0,0,0,0,0,0,0,0
470184,1,1,1984,0,0,0,0,0,0,0,0,0,0
470185,1,1,1984,12,10,15,15,26,21,19,31,12,24
470186,1,1,1984,17,19,25,13,9,4,6,23,10,19
470187,1,1,1984,0,0,0,0,0,0,0,0,0,0
470187,2,1,1984,1,1,1,1,1,1,1,1,1,1
470188,1,1,1984,13,0,0,0,8,0,0,0,0,0
470189,0,1,1984,0,0,0,0,0,0,0,0,0,0
470189,0,2,1984,0,0,0,0,0,0,0,0,0,0
470189,1,1,1984,0,0,0,0,0,0,0,0,21,0
470190,1,1,1984,25,25,25,25,25,25,25,25,25,25
470190,2,1,1984,0,0,0,0,0,0,27,0,0,0
470191,1,1,1984,22,22,22,22,22,22,22,22,22,22
470192,1,1,1984,19,19,19,19,19,19,19,19,19,19
470193,1,1,1984,0,0,0,0,0,0,0,0,0,0
470194,1,1,1984,8,8,8,8,8,8,8,8,8,8
470195,1,1,1984,22,22,22,22,22,22,22,22,22,22
470195,2,1,1984,28,34,0,14,0,43,0,17,16,0
470196,1,1,1984,0,0,0,0,0,0,0,0,0,0
470196,2,1,1984,0,0,0,0,12,11,0,0,0,0
470197,0,1,1984,0,0,0,0,0,0,0,0,0,0
470197,1,1,1984,0,0,0,17,0,0,3,0,43,0
470198,1,1,1984,0,0,0,0,0,0,0,0,0,0
470198,2,1,1984,0,0,0,0,0,0,0,0,0,0
470199,1,1,1984,12,12,12,12,12,12,12,12,12,12
470200,1,1,1984,11,11,11,11,11,11,11,11,11,11
470201,1,1,1984,0,0,0,0,0,0,0,0,0,0
470201,2,1,1984,0,0,0,0,0,0,0,0,0,0
470202,1,1,1984,0,0,0,0,0,0,0,6,18,10
470203,1,1,1984,22,22,22,22,22,22,22,22,22,22
470204,1,1,1984,13,13,13,13,13,13,13,13,13,13
470205,1,1,1984,0,0,0,0,0,0,0,0,0,0
470205,2,1,1984,26,0,0,0,0,0,12,9,6,13
470206,1,1,1984,0,0,0,0,0,0,0,0,0,0
470207,1,1,1984,0,0,0,0,0,0,0,0,0,0
470207,2,1,1984,0,0,0,0,0,0,0,0,0,13
470208,1,1,1984,0,0,0,0,0,0,0,0,0,0
470208,2,1,1984,0,0,0,0,0,0,0,0,0,0
470209,1,1,1984,26,26,26,26,26,26,26,26,26,26
470210,1,1,1984,23,23,23,23,23,23,23,23,23,23
470211,1,1,1984,22,22,22,22,22,22,22,22,22,22
470212,1,1,1984,0,0,0,0,0,0,0,0,0,0
470212,2,1,1984,0,0,0,0,0,0,9,0,0,0
470213,1,1,1984,17,17,17,17,17,17,17,17,17,17
470214,1,1,1984,17,17,17,17,17,17,17,17,17,17
470215,1,1,1984,0,0,0,0,0,0,0,0,0,0
470215,2,1,1984,20,20,20,20,20,20,20,20,20,20
470216,1,1,1984,9,9,9,9,9,9,9,9,9,9
470216,2,1,1984,0,0,0,0,0,0,0,5,0,0
470216,3,1,1984,0,0,0,0,0,0,0,0,0,6
470217,0,1,1984,21,21,21,21,21,21,21,21,21,21
470217,1,1,1984,0,0,0,0,0,0,0,0,0,0
470218,1,1,1984,13,13,13,13,13,13,13,13,13,13
470219,1,1,1984,27,0,6,0,9,0,14,6,0,0
470220,1,1,1984,19,19,19,19,19,19,19,19,19,19
470220,2,1,1984,0,0,0,0,0,0,0,0,0,0
470221,1,1,1984,13,20,15,0,8,21,10,15,5,15
470222,1,1,1984,19,19,19,19,19,19,19,19,19,19
470223,1,1,1984,0,0,0,0,0,0,0,0,0,0
470223,2,1,1984,0,0,0,30,0,0,0,0,0,0
470224,1,1,1984,21,21,21,21,21,21,21,21,21,21
470224,2,1,1984,21,21,21,21,21,21,21,21,21,21
470225,1,1,1984,0,0,0,0,0,10,0,0,0,0
470225,2,1,1984,0,0,0,0,0,0,0,0,0,0
470225,3,1,1984,0,0,0,0,0,0,0,0,0,0
470226,1,1,1984,12,12,12,12,12,12,12,12,12,12
470227,1,1,1984,0,16,22,0,22,0,8,30,15,25
470228,1,1,1984,23,23,23,23,23,23,23,23,23,23
470229,1,1,1984,15,15,15,15,15,15,15,15,15,15
470229,2,1,1984,0,0,0,0,0,0,0,0,0,0
470230,1,1,1984,0,0,0,0,0,0,0,0,0,0
470231,1,1,1984,21,21,21,21,21,21,21,21,21,21
470232,1,1,1984,0,0,0,0,0,0,0,0,0,0
470233,1,1,1984,19,19,19,19,19,19,19,19,19,19
470233,2,1,1984,19,14,0,12,24,27,0,28,10,12
470233,3,1,1984,5,0,0,0,18,0,10,0,14,9
470235,1,1,1984,0,0,0,0,0,0,0,0,0,0
470236,1,1,1984,0,23,18,18,18,16,0,0,0,24
470237,1,1,1984,0,0,0,0,0,0,0,0,0,0
470238,0,1,1984,24,0,0,7,0,0,0,0,0,0
470238,1,1,1984,0,0,0,0,0,0,0,0,0,0
470239,1,1,1984,0,0,0,0,0,0,0,0,0,0
470239,2,1,1984,0,0,0,0,0,0,0,0,0,0
470240,1,1,1984,0,0,0,0,0,0,0,0,0,0
470240,2,1,1984,20,0,0,0,0,0,0,0,0,0
470241,1,1,1984,0,0,0,0,0,0,0,0,0,0
470242,1,1,1984,0,0,0,0,0,0,0,0,0,0
470242,2,1,1984,0,0,0,0,0,0,0,0,0,0
470243,1,2,1984,2,2,2,2,2,2,2,2,2,2
470244,1,1,1984,11,11,11,11,11,11,11,11,11,11
470245,1,1,1984,0,0,0,0,0,0,0,0,0,0
470246,1,1,1984,0,26,0,23,0,20,0,14,0,0
470246,2,1,1984,19,19,19,19,19,19,19,19,19,19
470246,3,1,1984,0,0,0,0,0,0,0,0,0,0
470247,1,1,1984,0,0,0,0,0,0,0,0,0,0
470248,1,1,1984,23,23,23,23,23,23,23,23,23,23
470249,1,2,1984,5,5,5,5,5,5,5,5,5,5
470250,0,1,1984,23,23,23,23,23,23,23,23,23,23
470250,1,1,1984,0,0,0,9,14,0,0,0,0,0
470252,1,1,1984,0,0,0,0,0,0,0,0,0,0
470253,1,1,1984,0,0,0,0,0,0,2,0,0,0
470253,2,1,1984,0,0,0,0,0,0,0,0,0,0
470254,1,1,1984,0,0,0,0,0,0,0,0,0,0
470255,1,1,1984,0,0,0,0,0,0,0,0,0,0
470256,1,1,1984,0,0,0,0,0,0,0,0,0,0
470256,2,1,1984,0,0,8,0,0,0,0,0,0,0
470257,1,1,1984,12,24,0,0,25,26,25,0,31,17
470258,1,1,1984,21,21,21,21,21,21,21,21,21,21
470259,1,1,1984,8,8,8,8,8,8,8,8,8,8
470259,2,1,1984,0,0,0,0,0,0,0,0,0,0
470260,1,1,1984,0,0,0,0,0,0,0,0,0,0
470260,2,1,1984,0,0,0,0,0,0,0,0,0,0
470261,1,1,1984,0,0,0,0,0,0,0,0,0,0
470261,2,1,1984,0,0,0,0,0,0,0,0,0,0
470262,1,1,1984,0,0,6,0,12,0,0,16,0,0
470263,1,1,1984,0,0,0,0,0,0,0,0,0,23
470263,2,1,1984,0,0,0,0,0,0,0,0,0,0
470264,0,1,1984,24,24,24,24,24,24,24,24,24,24
470264,1,1,1984,0,0,0,0,0,20,0,14,19,0
470265,1,1,1984,0,0,0,0,0,0,0,0,0,0
470265,2,1,1984,0,0,0,0,0,0,0,0,0,0
470265,3,1,1984,0,0,0,0,0,0,0,0,0,0
470266,1,1,1984,23,23,23,23,23,23,23,23,23,23
470267,1,1,1984,19,19,19,19,19,19,19,19,19,19
470268,1,1,1984,22,22,22,22,22,22,22,22,22,22
470268,2,1,1984,0,0,0,0,0,0,0,0,0,0
470269,1,1,1984,0,0,0,22,0,0,0,0,0,34
470269,2,1,1984,0,0,0,0,0,0,0,0,0,0
470270,1,1,1984,0,0,0,0,0,0,0,0,0,0
470270,2,1,1984,0,0,0,0,0,0,0,0,0,0
470271,1,1,1984,0,0,0,0,0,0,0,0,0,0
470271,2,1,1984,0,0,0,0,0,0,0,0,0,0
470272,1,1,1984,0,0,0,0,0,0,0,0,0,0
470272,2,1,1984,5,5,5,5,5,5,5,5,5,5
470273,1,1,1984,6,6,6,6,6,6,6,6,6,6
470273,2,1,1984,0,0,0,0,0,0,0,0,0,0
470274,1,1,1984,0,0,0,0,0,0,0,0,0,0
470274,2,1,1984,26,26,26,26,26,26,26,26,26,26
470275,0,1,1984,21,24,26,17,10,15,16,18,20,15
470275,0,2,1984,12,18,0,15,4,25,23,3,0,12
470275,0,3,1984,0,0,0,0,0,0,0,0,0,0
470275,1,1,1984,0,0,0,0,0,0,0,0,0,0
470276,1,1,1984,0,0,0,0,0,0,0,0,0,0
470277,1,1,1984,21,21,21,21,21,21,21,21,21,21
470278,1,1,1984,11,17,19,0,0,10,30,0,0,0
470279,1,1,1984,0,0,0,0,0,0,0,0,0,0
470280,0,1,1984,0,0,0,0,0,0,0,0,0,0
470280,1,1,1984,0,0,0,0,0,0,0,0,0,0
470281,0,1,1984,41,41,41,41,41,41,41,41,41,41
470281,1,1,1984,28,11,0,0,0,14,13,0,0,0
470282,1,1,1984,0,0,0,0,0,0,0,0,0,0
470283,1,1,1984,13,13,13,13,13,13,13,13,13,13
470284,1,1,1984,13,13,13,13,13,13,13,13,13,13
470285,1,1,1984,0,0,0,0,0,0,0,0,0,0
470285,2,1,1984,12,7,23,0,3,0,34,0,8,8
470286,1,1,1984,0,0,0,0,0,0,0,0,0,0
470286,2,1,1984,16,16,16,16,16,16,16,16,16,16
470287,1,1,1984,28,28,28,28,28,28,28,28,28,28
470288,1,1,1984,43,43,43,43,43,43,43,43,43,43
470288,2,1,1984,11,0,0,0,13,0,0,0,0,0
470289,1,1,1984,19,19,19,19,19,19,19,19,19,19
470290,1,1,1984,12,12,12,12,12,12,12,12,12,12
470290,2,1,1984,0,0,0,0,0,0,0,0,0,0
470291,1,1,1984,0,0,0,0,0,0,0,0,0,0
470291,2,1,1984,0,0,0,0,0,0,0,0,0,0
470292,1,1,1984,0,0,0,0,0,0,17,0,0,0
470292,2,1,1984,0,0,14,0,0,0,0,0,15,0
470293,1,1,1984,37,37,37,37,37,37,37,37,37,37
470294,1,1,1984,10,10,0,24,0,15,0,5,0,25
470294,2,1,1984,0,0,0,0,0,0,0,0,0,26
470295,1,1,1984,28,28,28,28,28,28,28,28,28,28
470296,1,1,1984,30,30,30,30,30,30,30,30,30,30
470297,1,1,1984,0,0,0,0,16,0,0,0,0,0
470298,1,1,1984,0,0,0,0,0,0,0,0,0,0
470298,2,1,1984,8,8,8,8,8,8,8,8,8,8
470299,1,1,1984,0,20,0,0,0,0,0,0,9,0
470299,2,1,1984,0,0,0,4,4,0,0,0,0,0
470300,1,1,1984,3,3,3,3,3,3,3,3,3,3
470301,1,1,1984,0,0,0,0,0,0,0,0,0,0
470301,2,1,1984,18,0,0,0,0,0,0,0,0,0
470302,1,1,1984,33,33,33,33,33,33,33,33,33,33
470303,0,1,1984,0,0,12,0,0,0,0,0,0,0
470303,1,1,1984,11,11,11,11,11,11,11,11,11,11
470304,1,1,1984,0,24,0,12,0,0,6,0,0,0
470304,2,1,1984,0,0,0,0,0,0,0,0,0,0
470305,1,1,1984,19,6,21,22,24,36,17,21,6,21
470306,1,1,1984,0,0,0,0,0,0,0,0,0,0
470306,2,1,1984,0,0,0,0,0,18,0,0,0,0
470306,3,1,1984,0,0,0,0,0,0,0,0,0,0
470307,0,1,1984,33,33,33,33,33,33,33,33,33,33
470307,1,1,1984,15,0,0,0,0,0,0,0,0,0
470308,1,1,1984,0,0,0,0,0,0,0,0,0,0
470309,0,1,1984,0,32,4,12,34,0,15,8,0,43
470309,1,1,1984,0,0,0,0,0,17,0,0,0,0
470310,1,1,1984,20,20,20,20,20,20,20,20,20,20
470311,1,1,1984,10,0,0,15,0,0,0,0,0,0
470311,2,1,1984,0,0,0,0,0,0,0,0,0,0
470311,3,1,1984,0,0,0,0,0,0,0,0,0,0
470312,1,1,1984,0,0,0,0,0,0,0,0,0,0
470313,1,1,1984,6,6,6,6,6,6,6,6,6,6
470314,1,1,1984,16,26,0,15,17,35,0,30,7,10
470315,1,1,1984,0,18,22,0,0,0,0,0,0,0
470316,1,1,1984,0,0,0,0,0,0,0,0,0,0
470316,2,1,1984,0,4,0,0,0,0,0,0,0,0
470318,0,1,1984,0,3,0,0,0,3,12,35,13,15
470318,0,2,1984,12,3,0,9,12,2,0,0,0,8
470318,1,1,1984,26,0,21,0,0,0,0,0,23,0
470319,1,1,1984,0,0,0,12,21,0,0,0,0,0