ST_CASE,VEH_NO,PER_NO,YEAR,P1,P2,P3,P4,P5,P6,P7,P8,P9,P10
480738,1,1,1984,0,16,0,0,0,0,0,0,0,0
480738,2,1,1984,0,0,0,0,0,0,0,0,0,0
480739,1,1,1984,37,26,25,14,12,28,0,0,19,19
480739,2,1,1984,16,24,18,26,27,15,0,32,28,19
480740,0,1,1984,0,0,0,0,0,26,0,0,0,0
480740,1,1,1984,0,0,0,0,0,0,0,0,0,0
480741,1,1,1984,0,6,22,8,8,8,11,21,11,23
480742,1,1,1984,0,0,0,0,0,0,0,0,0,0
480742,2,1,1984,4,0,0,0,0,19,9,0,0,6
480743,1,1,1984,0,0,0,0,0,19,0,0,0,0
480743,2,1,1984,0,0,27,0,0,0,0,4,0,13
480744,1,1,1984,0,0,0,0,0,0,0,0,0,0
480744,2,1,1984,0,0,0,0,0,0,0,0,0,0
480745,1,1,1984,14,33,0,0,0,9,21,13,8,30
480746,1,1,1984,18,0,0,22,0,0,0,0,0,0
480746,2,1,1984,0,0,0,0,0,0,0,0,0,0
480747,1,1,1984,0,0,0,0,9,0,0,0,14,10
480748,1,1,1984,16,0,0,12,0,8,24,6,0,0
480749,1,1,1984,0,0,0,0,0,0,0,0,0,0
480749,2,1,1984,0,0,0,0,0,0,0,26,0,0
480750,0,1,1984,0,18,0,20,0,0,0,0,0,17
480750,1,1,1984,16,29,0,18,0,22,0,7,27,0
480751,0,1,1984,0,0,0,0,0,0,0,11,0,0
480751,1,1,1984,0,0,0,0,0,0,18,0,0,0
480752,1,1,1984,0,0,0,0,0,0,0,0,0,0
480753,0,1,1984,0,0,0,0,0,0,0,0,0,0
480753,1,1,1984,0,0,0,0,0,25,0,19,14,21
480754,1,1,1984,0,28,17,22,19,22,0,24,0,40
480755,1,1,1984,16,16,16,16,16,16,16,16,16,16
480756,1,1,1984,0,0,0,0,0,0,0,0,0,0
480757,1,1,1984,7,23,8,0,14,0,0,22,15,0
480757,2,1,1984,22,0,0,0,0,0,6,0,0,0
480758,1,1,1984,7,20,8,24,26,40,19,22,28,16
480759,1,1,1984,20,15,19,14,21,15,16,0,23,15
480760,1,1,1984,0,0,16,0,0,24,0,0,0,0
480760,2,1,1984,0,0,0,0,0,0,0,0,0,0
480761,0,1,1984,0,0,0,0,0,0,0,0,0,0
480761,1,1,1984,17,0,0,0,9,0,15,0,8,0
480762,1,1,1984,0,17,22,9,18,23,5,29,16,20
480763,1,1,1984,0,0,0,0,0,0,0,0,0,0
480764,0,1,1984,15,34,19,29,29,23,33,21,21,16
480764,1,1,1984,34,10,23,0,11,0,0,13,0,0
480765,1,1,1984,0,0,0,0,0,0,0,0,15,0
480765,2,1,1984,0,0,0,0,0,0,0,0,0,0
480766,1,1,1984,18,0,15,22,14,26,27,13,33,16
480767,1,1,1984,22,20,5,26,15,18,25,8,22,16
480767,2,1,1984,0,15,22,13,0,0,6,23,29,0
480767,3,1,1984,12,0,17,0,0,0,0,8,3,5
480768,1,1,1984,0,25,11,25,11,10,7,0,23,0
480769,1,1,1984,20,29,25,14,8,0,0,12,37,15
480769,2,1,1984,0,6,12,0,0,0,0,5,0,0
480770,1,1,1984,18,16,16,16,0,21,0,23,0,12
480771,1,1,1984,39,22,13,32,17,32,14,14,15,10
480772,1,1,1984,17,13,36,37,19,26,32,0,13,15
480773,1,1,1984,24,11,25,15,17,19,29,33,27,38
480774,1,1,1984,0,0,0,0,0,0,20,0,0,36
480774,2,1,1984,19,0,0,16,0,0,0,17,16,0
480775,0,1,1984,14,28,16,16,19,0,12,18,15,31
480775,1,1,1984,0,0,0,10,0,0,0,0,0,0
480776,1,1,1984,14,0,0,25,12,40,18,27,8,12
480777,1,1,1984,0,0,0,0,0,0,0,0,0,0
480777,2,1,1984,0,0,8,0,0,0,0,6,0,0
480778,1,1,1984,0,0,21,0,16,0,0,0,9,0
480779,0,1,1984,0,0,0,0,0,0,0,0,0,0
480779,1,1,1984,0,0,0,0,0,0,0,0,0,0
480780,0,1,1984,0,0,41,25,20,39,0,15,30,25
480780,1,1,1984,14,0,0,12,16,12,12,0,0,12
480781,0,1,1984,0,0,0,0,0,0,0,0,0,0
480781,1,1,1984,0,0,5,0,0,0,0,0,8,0
480782,0,1,1984,15,8,9,5,0,0,0,0,0,0
480782,1,1,1984,0,5,22,11,19,22,0,0,0,9
480783,1,1,1984,19,44,25,17,13,18,11,19,5,30
480784,1,1,1984,9,24,0,16,10,22,20,12,13,17
480785,1,1,1984,0,0,0,0,0,0,0,0,0,0
480785,2,1,1984,0,0,9,6,19,0,24,6,0,13
480786,0,1,1984,0,0,0,0,0,0,0,0,0,0
480786,1,1,1984,0,20,0,0,0,0,0,16,0,0
480787,0,1,1984,18,27,15,0,22,16,27,9,13,9
480787,1,1,1984,0,0,14,0,0,25,2,13,0,0
480788,1,1,1984,15,15,17,16,17,10,16,26,17,15
480789,1,1,1984,0,0,0,16,0,0,0,24,0,0
480789,2,1,1984,0,0,0,0,0,0,21,0,0,0
480790,1,1,1984,9,31,24,13,7,0,11,7,8,13
480790,2,1,1984,39,0,12,0,13,0,8,26,0,0
480791,1,1,1984,0,0,0,0,0,0,22,11,0,0
480791,2,1,1984,0,6,0,15,0,13,5,0,4,0
480792,1,1,1984,0,0,0,0,0,0,0,0,0,0
480793,1,1,1984,0,0,0,15,0,0,0,0,8,0
480793,2,1,1984,0,0,0,0,0,0,10,0,0,0
480794,1,1,1984,0,0,0,15,0,0,9,0,0,4
480795,1,1,1984,0,0,19,24,0,31,12,0,0,0
480795,2,1,1984,0,0,0,0,0,0,0,0,0,0
480796,1,1,1984,0,0,0,0,0,0,0,0,0,0
480796,2,1,1984,0,0,0,0,8,0,0,0,0,0
480797,1,1,1984,29,13,0,0,19,15,14,24,14,12
480797,2,1,1984,0,0,0,0,0,0,0,9,0,0
480798,0,1,1984,0,0,0,0,0,0,0,0,0,0
480798,1,1,1984,0,0,0,0,0,0,11,17,0,0
480799,1,1,1984,0,0,0,0,0,0,0,0,0,8
480799,2,1,1984,0,0,14,0,0,0,0,0,0,0
480800,1,1,1984,15,9,0,26,25,0,23,0,9,0
480800,2,1,1984,13,18,9,0,15,33,22,0,15,0
480801,1,1,1984,8,14,28,16,0,13,0,11,17,22
480801,2,1,1984,12,25,35,0,10,0,4,26,17,9
480802,1,1,1984,0,0,0,0,0,0,22,0,0,0
480802,2,1,1984,0,0,0,0,0,0,0,0,0,0
480803,1,1,1984,15,0,0,6,0,14,0,0,19,22
480804,1,1,1984,0,0,0,0,6,0,0,26,20,0
480804,2,1,1984,0,0,0,0,9,0,0,16,0,0
480805,0,1,1984,11,0,19,0,0,0,21,8,15,23
480805,1,1,1984,0,0,0,8,0,0,0,12,0,0
480806,0,1,1984,0,0,0,0,0,0,0,0,0,0
480806,1,1,1984,0,0,0,0,0,0,0,0,0,0
480807,1,1,1984,0,0,0,0,15,0,0,0,0,7
480807,2,1,1984,0,8,0,10,9,8,14,0,7,15
480808,0,1,1984,0,0,0,0,0,0,0,0,0,0
480808,1,1,1984,10,0,0,0,0,0,0,0,0,8
480809,1,1,1984,0,0,0,11,23,9,0,20,6,0
480809,2,1,1984,17,0,0,0,0,0,0,31,17,0
480810,0,1,1984,24,0,0,0,0,0,24,0,14,7
480810,1,1,1984,0,0,0,0,17,0,10,0,10,0
480811,1,1,1984,34,34,34,34,34,34,34,34,34,34
480812,1,1,1984,0,0,0,0,0,0,0,0,0,0
480812,2,1,1984,0,0,0,19,0,0,0,0,0,0
480813,1,1,1984,0,0,0,0,0,0,0,0,0,0
480813,2,1,1984,0,0,0,0,0,0,0,6,0,0
480814,1,1,1984,19,11,0,27,7,35,22,12,22,19
480815,1,1,1984,0,27,0,1,0,0,0,0,0,0
480815,2,1,1984,0,0,19,0,0,0,0,0,0,0
480816,1,1,1984,15,16,13,9,22,13,25,7,6,29
480817,1,1,1984,16,6,21,22,35,0,30,30,20,12
480818,1,1,1984,30,0,13,9,23,4,16,12,28,9
480819,1,1,1984,18,0,16,11,10,0,19,3,16,7
480819,2,1,1984,11,0,0,0,0,0,0,18,2,0
480820,1,1,1984,0,0,0,0,0,0,0,0,0,0
480821,1,1,1984,0,0,0,0,0,0,0,0,0,0
480821,2,1,1984,0,0,0,0,0,0,0,0,23,0
480822,1,1,1984,11,11,11,11,11,11,11,11,11,11
480823,1,1,1984,0,0,20,0,0,0,0,0,0,0
480823,2,1,1984,21,0,16,0,0,0,18,17,5,22
480824,1,1,1984,0,0,0,0,0,0,0,0,0,0
480824,2,1,1984,0,0,0,0,8,0,0,0,0,18
480825,1,1,1984,11,19,0,13,0,0,11,0,14,12
480825,2,1,1984,0,22,0,0,7,11,0,0,0,3
480826,1,1,1984,24,19,12,25,23,21,32,18,23,8
480827,1,1,1984,0,0,5,0,0,0,0,0,0,0
480827,2,1,1984,0,0,5,0,0,22,0,0,0,0
480828,1,1,1984,0,0,0,0,0,0,0,0,0,0
480829,1,1,1984,0,0,0,18,25,0,0,0,0,0
480830,1,1,1984,22,12,15,22,19,10,22,9,32,14
480831,1,1,1984,17,5,20,19,10,22,0,13,7,0
480832,0,1,1984,0,0,0,0,0,0,0,0,0,0
480832,1,1,1984,0,5,0,0,0,0,35,0,0,6
480833,1,1,1984,20,3,20,12,21,19,10,22,16,13
480834,1,1,1984,14,3,18,6,8,14,0,17,10,0
480834,2,1,1984,23,15,0,11,29,17,6,32,21,8
480835,1,1,1984,23,6,11,7,15,12,14,14,9,18
480835,2,1,1984,11,0,38,0,37,2,0,13,13,0
480836,1,1,1984,10,9,19,7,16,6,11,15,2,15
480837,0,2,1984,6,9,7,19,17,23,23,18,21,0
480837,1,1,1984,4,4,4,4,4,4,4,4,4,4
480838,1,1,1984,19,0,36,14,6,28,0,0,2,26
480838,2,1,1984,0,0,27,43,18,0,31,0,17,7
480839,1,1,1984,0,0,0,25,0,0,0,0,0,0
480840,1,1,1984,14,30,34,12,19,21,13,22,18,18
480840,2,1,1984,9,0,0,3,0,14,9,0,0,0
480841,1,1,1984,10,10,10,10,10,10,10,10,10,10
480841,2,1,1984,0,7,21,0,0,0,6,0,0,13
480842,1,1,1984,7,24,11,14,16,16,19,20,14,14
480843,1,1,1984,9,23,8,0,0,2,12,16,5,16
480844,0,1,1984,0,0,35,13,0,0,24,0,23,0
480844,1,1,1984,3,0,0,0,0,0,0,16,0,13
480845,1,1,1984,23,0,23,24,11,11,0,0,14,8
480845,2,1,1984,0,8,0,0,0,17,0,0,0,0
480846,1,1,1984,0,0,0,0,11,13,0,0,0,0
480846,2,1,1984,0,0,0,0,0,7,0,0,0,0
480846,3,1,1984,0,0,0,0,0,0,0,0,0,0
480846,4,1,1984,0,0,0,0,0,0,0,0,0,0
480847,1,1,1984,0,0,0,0,0,0,0,0,0,0
480847,2,1,1984,0,8,0,0,0,0,4,0,0,0
480848,1,1,1984,0,28,26,12,22,12,8,5,21,15
480849,1,1,1984,28,10,17,17,0,0,16,15,6,14
480850,1,1,1984,0,16,22,0,13,0,0,0,25,4
480850,2,1,1984,7,0,5,0,0,0,0,0,0,0
480851,0,1,1984,0,21,0,34,9,0,0,0,22,10
480851,1,1,1984,3,5,0,0,20,0,5,7,9,8
480852,1,1,1984,5,11,0,25,17,0,0,0,13,14
480853,1,1,1984,14,14,14,14,14,14,14,14,14,14
480853,2,1,1984,0,0,0,0,16,8,15,6,0,17
480854,1,1,1984,0,0,0,0,0,0,0,12,0,0
480854,2,1,1984,0,0,0,0,0,0,0,0,0,0
480855,0,1,1984,15,17,20,25,52,12,28,5,0,18
480855,1,1,1984,0,9,9,0,0,0,0,0,0,0
480856,1,1,1984,23,26,16,26,12,14,24,18,22,16
480857,1,1,1984,0,0,0,0,0,0,0,0,0,0
480857,2,1,1984,12,0,0,0,0,0,0,0,33,0
480858,1,1,1984,0,0,0,0,0,0,0,0,0,10
480858,2,1,1984,18,0,0,0,8,0,0,0,0,0
480859,1,1,1984,0,0,11,13,0,15,13,27,0,28
480859,2,1,1984,0,33,0,0,0,11,5,0,0,0
480860,1,1,1984,32,5,25,23,8,28,32,15,12,25
480861,1,1,1984,0,0,0,0,0,0,0,0,0,0
480861,2,1,1984,0,0,0,0,10,0,0,0,0,0
480862,1,1,1984,0,0,0,0,0,0,0,0,0,0
480862,2,1,1984,10,0,35,0,11,20,14,15,26,8
480863,1,1,1984,17,0,14,0,0,0,0,0,0,0
480863,2,1,1984,0,0,32,0,0,0,4,0,0,0
480864,1,1,1984,17,0,0,0,0,19,0,0,0,0
480864,2,1,1984,0,0,21,0,18,0,20,6,0,0
480865,1,1,1984,8,32,24,25,16,17,16,13,0,0
480866,1,1,1984,16,20,17,0,20,15,24,0,0,0
480866,2,1,1984,0,19,29,0,0,0,0,0,0,0
480867,1,1,1984,0,0,0,0,0,0,0,0,0,0
480867,2,1,1984,0,0,0,0,0,0,0,0,0,0
480868,1,1,1984,17,18,0,25,23,24,27,19,21,10
480869,1,1,1984,31,26,13,0,0,18,15,19,27,12
480870,1,1,1984,0,0,7,0,0,0,0,19,0,0
480870,2,1,1984,0,0,0,13,0,0,0,0,0,0
480871,1,1,1984,29,14,31,24,0,20,29,12,34,14
480872,1,1,1984,21,21,20,15,12,17,23,16,19,8
480873,1,1,1984,30,3,25,23,15,13,17,15,9,20
480874,0,1,1984,23,25,15,13,13,0,0,30,29,16
480874,1,1,1984,10,0,13,23,11,0,17,15,4,0
480875,1,1,1984,0,0,0,33,0,0,8,17,0,5
480875,2,1,1984,0,10,0,0,0,0,0,0,0,0
480876,1,1,1984,32,16,20,17,17,22,0,0,23,18
480876,2,1,1984,15,8,20,13,10,12,8,11,17,28
480877,1,1,1984,0,0,11,0,0,9,0,0,0,0
480877,2,1,1984,0,0,0,0,0,0,0,0,0,0
480878,1,1,1984,0,0,0,0,19,0,0,0,0,8
480878,2,1,1984,17,8,19,6,7,7,23,16,0,0
480879,1,1,1984,17,0,19,31,26,6,36,25,5,10
480880,0,1,1984,0,0,0,0,0,25,0,0,0,0
480880,1,1,1984,16,0,21,0,0,0,0,0,0,0
480880,2,1,1984,0,0,0,8,0,0,0,0,0,0
480881,1,1,1984,0,0,0,0,0,0,22,0,0,0
480881,2,1,1984,19,11,27,5,0,10,0,9,7,10
480882,1,1,1984,10,7,21,8,6,15,22,17,9,16
480883,1,1,1984,24,29,24,20,17,21,12,22,0,34
480884,0,1,1984,0,0,0,0,0,0,0,0,0,0
480884,1,1,1984,0,13,0,0,0,0,0,0,0,0
480885,1,1,1984,5,22,15,7,0,16,0,10,11,11
480885,2,1,1984,0,0,16,24,0,0,0,12,10,0
480886,0,1,1984,30,18,32,14,21,17,19,13,28,12
480886,1,1,1984,0,0,0,0,0,0,17,14,15,0
480887,1,1,1984,0,0,0,6,0,0,0,0,0,0
480887,2,1,1984,0,0,0,0,0,0,0,0,0,0
480888,1,1,1984,6,20,19,11,14,0,16,18,0,21
480888,2,1,1984,0,0,0,0,0,0,0,0,0,0
480889,1,1,1984,16,14,4,20,12,6,5,0,17,21
480890,1,1,1984,16,11,6,14,15,11,9,14,14,9
480890,2,1,1984,24,19,25,12,14,5,14,17,21,33
480891,1,1,1984,14,16,12,24,18,10,23,14,21,17
480892,1,1,1984,0,17,28,12,0,15,0,0,22,4
480892,2,1,1984,9,0,0,0,5,0,24,11,16,0
480893,1,1,1984,14,13,12,6,15,20,7,10,17,0
480893,2,1,1984,0,0,0,0,0,0,4,0,0,8
480894,0,1,1984,0,0,0,0,0,0,0,0,0,0
480894,1,1,1984,0,0,0,23,0,0,0,0,0,0
480895,1,1,1984,0,14,18,15,18,19,19,0,23,20
480896,1,1,1984,0,11,0,0,15,0,0,30,0,8
480897,1,1,1984,26,37,0,0,0,0,0,19,6,7
480897,2,1,1984,21,22,18,0,20,12,21,0,43,0
480898,1,1,1984,33,18,11,8,31,15,23,16,29,33
480899,1,1,1984,11,26,35,15,22,25,10,19,29,17
480900,0,1,1984,0,0,0,0,0,0,0,0,0,0
480900,1,1,1984,0,0,0,0,0,0,0,0,0,0
480901,1,1,1984,29,0,11,0,15,0,0,0,9,13
480902,0,1,1984,28,0,8,36,0,0,0,0,0,0
480902,1,1,1984,0,0,0,0,0,0,0,0,0,0
480903,1,1,1984,17,19,0,33,10,0,0,24,14,0
480903,2,1,1984,0,0,0,0,9,16,0,0,0,6
480904,1,1,1984,0,0,0,0,0,24,0,0,0,0
480904,2,1,1984,0,0,0,0,0,0,0,0,0,0
480905,0,1,1984,0,0,0,0,0,0,0,0,0,0
480905,1,1,1984,0,0,0,0,12,0,0,0,0,0
480906,1,1,1984,0,0,16,14,0,13,0,0,0,28
480907,0,1,1984,0,0,0,0,0,0,0,0,0,0
480907,1,1,1984,0,0,0,0,10,10,0,0,0,0
480908,1,1,1984,0,0,0,0,0,0,0,0,0,0
480908,2,1,1984,12,10,0,0,16,0,22,0,0,23
480908,3,1,1984,0,0,0,0,0,0,0,0,0,0
480909,0,1,1984,0,0,0,0,0,0,0,0,0,0
480909,0,2,1984,0,0,0,0,0,0,0,0,0,0
480909,1,1,1984,0,12,0,0,0,0,0,0,15,0
480910,1,1,1984,8,17,21,33,0,0,14,23,28,40
480911,1,1,1984,4,29,8,10,14,13,20,30,11,17
480911,2,1,1984,0,0,0,0,11,0,0,0,17,0
480912,1,1,1984,25,22,17,36,13,13,10,22,22,6
480913,1,1,1984,0,10,12,8,12,0,0,0,8,0
480913,2,1,1984,0,0,0,16,9,0,0,14,0,1
480914,1,1,1984,36,22,15,36,0,17,10,8,23,16
480915,1,1,1984,25,29,15,0,0,10,8,0,11,13
480915,2,1,1984,0,0,14,0,0,0,36,0,0,24
480916,0,1,1984,0,0,0,5,15,0,19,0,0,0
480916,1,1,1984,21,0,0,0,0,15,0,0,0,23
480917,1,1,1984,13,0,0,0,0,15,0,0,0,8
480917,2,1,1984,0,4,0,0,0,9,0,0,0,0
480918,1,1,1984,17,0,0,0,0,0,0,0,0,0
480918,2,1,1984,0,0,0,11,15,26,0,0,0,15
480919,0,1,1984,0,0,0,0,0,0,0,0,0,17
480919,1,1,1984,0,0,0,0,0,0,0,0,0,7
480920,1,1,1984,0,9,0,8,0,6,0,13,0,0
480920,2,1,1984,0,13,27,18,27,19,29,16,32,27
480921,1,1,1984,18,14,21,0,16,12,15,0,12,36
480922,0,1,1984,0,0,0,0,0,0,0,0,0,0
480922,1,1,1984,0,0,0,0,0,0,0,0,0,0
480923,1,1,1984,0,11,26,20,13,28,32,22,12,0
480924,1,1,1984,13,0,15,0,0,0,0,0,0,0
480924,2,1,1984,0,0,0,0,0,0,20,7,0,0
480925,0,1,1984,12,0,0,0,0,0,0,0,0,0
480925,1,1,1984,0,0,0,0,0,12,0,0,0,0
480926,1,1,1984,0,0,0,0,0,0,0,0,0,8
480926,2,1,1984,0,0,0,0,0,0,0,0,0,0
480927,0,1,1984,0,0,0,0,0,0,0,0,0,0
480927,1,1,1984,0,0,0,0,0,0,0,0,0,0
480928,0,1,1984,14,0,15,0,0,16,18,19,0,0
480928,1,1,1984,14,7,0,0,0,35,0,18,25,8
480929,0,1,1984,50,0,0,0,0,9,0,11,21,28
480929,0,2,1984,27,17,0,0,15,13,0,8,27,18
480929,1,1,1984,8,8,8,8,8,8,8,8,8,8
480930,1,1,1984,27,27,27,27,27,27,27,27,27,27
480930,2,1,1984,16,0,0,0,0,12,11,0,11,0
480931,0,1,1984,14,33,28,18,16,21,16,17,29,7
480931,1,1,1984,0,0,10,9,19,5,14,8,17,12
480932,1,1,1984,0,0,0,0,7,0,15,9,0,22
480933,1,1,1984,0,0,0,19,0,0,0,0,0,0
480933,2,1,1984,0,11,0,0,8,0,0,0,0,0
480934,0,1,1984,0,9,17,0,18,0,0,0,13,11
480934,1,1,1984,0,0,0,0,0,0,0,0,0,0
480935,1,1,1984,20,20,20,20,20,20,20,20,20,20
480935,2,1,1984,0,0,20,0,20,0,4,0,0,0
480936,0,1,1984,0,0,0,0,0,0,0,0,0,0
480936,0,2,1984,5,2,0,21,0,21,0,0,0,0
480936,0,3,1984,16,4,0,0,0,0,0,0,0,0
480936,1,1,1984,10,0,0,0,24,0,0,0,0,0
480936,2,1,1984,0,0,0,0,0,0,0,0,0,0
480937,1,1,1984,0,0,0,16,32,10,0,0,0,20
480937,2,1,1984,0,0,0,0,0,0,0,29,0,0
480938,1,1,1984,19,19,0,25,10,13,12,24,24,33
480939,1,1,1984,0,18,0,0,0,0,0,0,0,0
480939,2,1,1984,0,0,0,0,0,0,0,0,0,0
480940,1,1,1984,10,0,16,0,0,21,0,0,15,0
480940,2,1,1984,0,0,0,9,0,0,0,0,0,0
480941,1,1,1984,0,0,0,0,0,0,0,0,0,0
480941,2,1,1984,0,0,0,0,0,0,0,0,0,0
480942,1,1,1984,0,13,10,21,0,16,0,17,29,30
480943,1,1,1984,0,7,0,0,0,0,0,0,13,0
480943,2,1,1984,0,0,10,0,0,0,0,7,0,0
480944,1,1,1984,8,16,10,30,15,0,27,30,0,29
480945,1,1,1984,0,0,24,23,0,0,0,14,0,0
480946,1,1,1984,27,11,16,12,9,18,22,24,34,20
480947,0,1,1984,16,20,8,17,13,0,26,0,0,26
480947,1,1,1984,0,0,11,9,0,0,16,23,15,0
480948,1,1,1984,7,0,20,19,10,20,9,17,3,17
480949,1,1,1984,0,0,29,0,14,4,0,0,24,28
480950,0,1,1984,0,0,0,0,0,31,24,0,0,18
480950,1,1,1984,12,0,27,19,0,0,22,0,19,0
480951,1,1,1984,17,2,20,12,0,20,0,0,0,14
480952,1,1,1984,20,0,16,0,26,0,0,0,0,0
480953,1,1,1984,9,14,22,7,17,19,33,13,9,22
480954,1,1,1984,0,0,0,0,0,0,0,0,17,0
480954,2,1,1984,0,0,0,0,0,0,0,0,0,0
480955,0,1,1984,0,9,0,0,41,20,14,4,29,32
480955,1,1,1984,0,9,11,0,10,13,21,19,14,0
480956,1,1,1984,0,0,21,17,0,0,25,20,0,0
480957,1,1,1984,0,5,0,12,0,6,0,0,0,0
480957,2,1,1984,0,0,0,0,0,0,0,20,0,10
480958,1,1,1984,33,31,15,5,32,19,0,5,22,22
480959,1,1,1984,12,24,28,4,15,13,17,9,14,6
480960,0,1,1984,0,7,22,0,20,0,0,0,29,21
480960,1,1,1984,21,8,14,16,19,0,9,0,18,9
480961,1,1,1984,13,0,15,18,26,9,18,14,13,10
480962,1,1,1984,5,0,23,14,0,0,0,19,0,0
480963,1,1,1984,17,16,19,9,10,14,19,17,24,23
480964,1,1,1984,5,0,0,12,0,0,14,0,0,0
480965,1,1,1984,10,18,0,15,0,0,19,18,15,0
480966,1,1,1984,0,0,0,21,0,0,0,0,24,0
480966,2,1,1984,0,19,20,0,11,7,0,0,0,17
480967,1,1,1984,16,12,14,35,24,18,14,13,11,9
480968,1,1,1984,16,22,13,19,9,20,36,24,13,18
480969,1,1,1984,0,18,0,0,15,8,0,0,13,0
480969,2,1,1984,0,0,15,16,54,22,13,0,0,15
480970,1,1,1984,0,0,10,0,0,0,18,0,0,0
480970,2,1,1984,0,11,0,16,0,0,8,0,0,0
480971,1,1,1984,0,0,0,0,0,24,0,0,0,0
480971,2,1,1984,0,0,0,0,0,0,0,0,0,0
480972,1,1,1984,20,12,15,11,18,23,28,12,0,0
480973,1,1,1984,0,0,0,0,0,0,0,0,0,0
480973,2,1,1984,0,0,0,0,0,0,0,0,0,21
480974,1,1,1984,22,0,8,13,29,7,0,18,9,0
480974,2,1,1984,0,13,0,0,0,0,0,0,0,0
480975,0,1,1984,0,0,28,16,23,13,0,0,20,0
480975,1,1,1984,21,0,0,11,5,0,8,0,0,18
480976,1,1,1984,0,0,0,0,0,0,0,0,0,0
480977,1,1,1984,10,14,14,17,15,0,23,20,24,18
480978,1,1,1984,10,14,17,17,14,29,17,20,32,9
480979,1,1,1984,14,26,4,17,12,25,0,17,11,10
480980,1,1,1984,0,0,0,0,0,0,0,0,0,0
480980,2,1,1984,0,6,0,0,0,18,10,0,29,17
480981,0,1,1984,0,23,0,0,0,20,16,0,27,0
480981,1,1,1984,0,5,0,0,0,0,14,0,0,0
480982,1,1,1984,0,0,0,0,0,0,0,0,0,0
480982,2,1,1984,0,0,21,0,0,0,0,0,16,0
480983,1,1,1984,0,0,0,0,0,0,0,0,0,0
480984,0,1,1984,0,0,0,0,0,0,0,19,0,0
480984,1,1,1984,0,0,0,0,0,0,18,0,13,0
480985,1,1,1984,7,14,0,9,23,25,24,20,15,15
480985,2,1,1984,0,0,0,16,0,0,0,4,0,20
480986,1,1,1984,35,0,0,0,20,0,19,26,18,17
480986,2,1,1984,0,11,0,0,0,0,0,0,0,0
480987,0,1,1984,23,16,9,18,27,0,28,17,24,15
480987,1,1,1984,0,0,0,0,0,0,21,0,0,25
480988,0,1,1984,0,0,0,0,0,13,21,0,0,31
480988,1,1,1984,0,0,0,0,0,0,0,0,0,0
480989,1,1,1984,0,9,6,0,12,19,18,19,0,17
480989,2,1,1984,17,6,15,5,14,8,21,0,0,0
480990,0,1,1984,0,16,24,0,0,0,0,18,22,16
480990,1,1,1984,8,0,0,4,0,0,0,0,9,13
480991,1,1,1984,6,0,9,18,29,18,7,14,15,27
480992,0,1,1984,0,0,0,24,31,0,0,0,0,0
480992,1,1,1984,14,14,14,14,14,14,14,14,14,14
480993,1,1,1984,0,0,0,0,0,0,13,0,0,0
480993,2,1,1984,0,0,0,0,0,0,0,0,0,0
480994,0,1,1984,13,15,0,0,24,20,0,13,40,31
480994,1,1,1984,10,0,15,30,20,12,27,0,21,0
480995,1,1,1984,3,17,19,13,20,19,11,25,16,17
480996,1,1,1984,31,21,21,25,9,24,25,16,8,13
480997,1,1,1984,6,23,11,6,32,7,9,15,23,10
480997,2,1,1984,0,0,0,0,0,0,0,0,19,0
480998,1,1,1984,8,0,0,0,15,0,0,18,0,0
480999,1,1,1984,23,0,25,7,15,23,20,18,0,0
481000,1,1,1984,0,15,0,0,0,9,0,0,16,11
481000,2,1,1984,0,0,0,0,0,0,0,0,0,0
481001,1,1,1984,19,20,23,11,18,11,0,21,17,13
481002,1,1,1984,0,17,10,0,0,0,0,0,0,0
481002,2,1,1984,0,10,0,0,0,0,0,13,16,0
481003,1,1,1984,15,0,23,0,16,0,11,0,0,0
481003,2,1,1984,0,0,0,0,0,0,0,0,0,7
481004,1,1,1984,13,19,29,15,6,10,19,21,5,15
481004,2,1,1984,0,0,0,0,0,0,0,0,0,0
481005,1,1,1984,11,19,16,23,11,19,12,13,15,13
481005,2,1,1984,0,0,0,0,0,0,0,0,0,9
481006,1,1,1984,33,21,15,15,8,7,14,21,22,15
481007,1,1,1984,48,23,14,8,28,16,15,7,11,25
481007,2,1,1984,14,0,0,0,0,0,0,0,0,0
481008,1,1,1984,29,28,0,28,13,18,18,0,0,3
481009,1,1,1984,16,7,6,0,16,27,0,0,11,0
481010,1,1,1984,25,0,22,18,21,23,16,17,10,29
481011,0,1,1984,20,3,14,5,25,2,18,8,7,0
481011,1,1,1984,0,0,0,0,0,0,0,0,0,11
481012,1,1,1984,0,0,0,0,0,15,0,0,0,0
481012,2,1,1984,0,0,0,0,0,0,0,0,0,0
481013,1,1,1984,0,0,0,0,0,12,0,0,0,0
481014,0,1,1984,0,0,0,0,0,0,0,0,0,0