ST_CASE,VEH_NO,PER_NO,YEAR,P1,P2,P3,P4,P5,P6,P7,P8,P9,P10
481014,1,1,1984,22,22,22,22,22,22,22,22,22,22
481015,1,1,1984,0,0,0,0,10,0,0,0,3,0
481016,1,1,1984,23,25,29,22,18,32,18,13,11,18
481017,1,1,1984,0,0,0,0,0,0,17,0,0,0
481018,1,1,1984,0,0,0,0,19,0,0,0,0,0
481018,2,1,1984,8,15,20,31,11,4,21,33,0,19
481019,1,1,1984,42,0,14,18,9,0,21,15,25,21
481020,1,1,1984,0,18,0,0,0,0,12,18,0,11
481020,2,1,1984,0,0,0,0,0,0,0,8,9,0
481021,1,1,1984,0,0,0,0,28,0,23,0,13,0
481021,2,1,1984,12,13,0,0,17,0,0,0,0,3
481022,1,1,1984,0,0,19,0,0,0,0,0,7,0
481022,2,1,1984,9,0,0,21,0,0,0,0,20,0
481023,1,1,1984,0,0,0,0,0,0,0,0,0,0
481023,2,1,1984,0,0,8,0,0,0,0,0,0,0
481024,1,1,1984,0,0,19,14,16,0,0,0,0,0
481025,1,1,1984,0,0,0,0,0,0,0,0,0,0
481025,2,1,1984,0,0,0,0,0,23,0,0,0,0
481026,1,1,1984,26,0,0,0,0,0,12,0,0,0
481027,1,1,1984,0,0,0,0,0,0,0,0,0,22
481028,1,1,1984,16,10,15,7,4,5,11,15,10,21
481029,0,1,1984,0,0,0,0,0,0,0,0,26,0
481029,1,1,1984,0,0,0,0,0,0,0,0,0,0
481030,1,1,1984,7,0,0,0,0,29,20,20,8,0
481031,1,1,1984,14,7,12,0,10,0,19,0,0,14
481032,1,1,1984,7,22,17,28,23,11,27,10,18,22
481033,1,1,1984,9,21,21,22,40,10,17,11,0,20
481033,2,1,1984,16,40,23,0,0,0,0,0,5,0
481034,1,1,1984,20,11,10,22,8,21,12,5,0,15
481035,0,1,1984,0,10,13,0,0,11,0,0,10,0
481035,0,2,1984,0,0,0,0,0,0,0,0,0,0
481036,0,1,1984,0,0,0,0,18,0,0,15,0,0
481036,1,1,1984,0,0,0,0,6,0,0,0,0,0
481037,1,1,1984,15,15,15,15,15,15,15,15,15,15
481037,2,1,1984,13,0,29,9,13,19,0,12,0,0
481038,1,1,1984,0,0,0,0,0,0,0,0,0,0
481038,2,1,1984,15,15,15,15,15,15,15,15,15,15
481039,1,1,1984,0,0,0,0,7,0,0,0,3,0
481040,0,1,1984,21,13,0,0,0,25,0,0,0,31
481040,1,1,1984,22,0,11,0,0,0,15,11,0,12
481041,1,1,1984,0,0,0,0,0,14,0,0,0,10
481042,1,1,1984,17,7,16,12,20,10,7,21,0,15
481043,1,1,1984,16,24,21,16,11,0,0,0,0,27
481044,1,1,1984,19,16,14,0,17,21,23,21,11,26
481045,0,1,1984,0,0,0,0,0,0,0,4,0,0
481045,1,1,1984,0,0,0,0,16,3,0,0,0,0
481046,1,1,1984,0,17,0,0,0,0,13,0,0,0
481047,1,1,1984,0,0,0,0,0,0,0,0,0,0
481048,1,1,1984,13,13,13,13,13,13,13,13,13,13
481049,1,1,1984,24,20,23,0,21,14,19,30,16,13
481050,0,1,1984,11,36,21,8,10,17,3,16,17,12
481050,1,1,1984,0,21,0,21,15,15,0,15,7,0
481051,1,1,1984,16,38,14,18,29,15,17,22,24,0
481052,0,1,1984,12,12,12,12,12,12,12,12,12,12
481052,1,1,1984,16,0,6,0,10,0,0,28,25,0
481052,2,1,1984,5,5,0,0,4,0,24,9,0,16
481053,1,1,1984,16,25,28,9,30,30,20,11,16,18
481053,2,1,1984,0,0,23,0,0,0,0,0,0,0
481054,1,1,1984,0,6,0,0,0,0,0,0,8,0
481054,2,1,1984,10,12,0,0,11,0,0,0,26,0
481055,0,1,1984,11,12,0,0,0,31,0,17,0,12
481055,1,1,1984,0,17,0,0,16,0,0,0,3,0
481056,1,1,1984,0,0,0,0,0,0,0,16,0,0
481057,1,1,1984,0,0,0,0,0,0,0,0,0,0
481058,1,1,1984,17,17,17,17,17,17,17,17,17,17
481059,1,1,1984,14,22,23,9,24,16,16,0,19,0
481060,1,1,1984,0,0,0,0,0,0,0,0,0,0
481060,2,1,1984,0,0,0,0,0,0,0,0,0,0
481061,1,1,1984,0,0,12,12,0,13,17,0,8,0
481061,2,1,1984,15,7,11,11,16,11,20,13,22,0
481062,1,1,1984,14,36,15,19,27,19,17,38,19,25
481063,1,1,1984,15,11,15,17,17,16,25,38,21,10
481064,1,1,1984,0,17,0,0,3,16,0,10,0,0
481064,2,1,1984,0,0,30,0,16,22,0,15,9,19
481065,1,1,1984,16,16,16,16,16,16,16,16,16,16
481066,1,1,1984,24,24,24,24,24,24,24,24,24,24
481066,2,1,1984,9,0,22,0,0,16,0,0,0,0
481067,1,1,1984,0,12,18,5,6,18,0,16,7,0
481068,1,1,1984,0,5,17,0,0,0,0,0,0,0
481069,1,1,1984,18,8,4,0,8,0,0,0,16,0
481070,1,1,1984,26,26,26,26,26,26,26,26,26,26
481071,1,1,1984,18,26,21,0,0,6,6,10,24,0
481072,1,1,1984,11,0,16,26,25,15,6,12,15,8
481073,1,1,1984,22,16,18,18,18,13,18,13,22,24
481074,0,1,1984,18,16,17,26,16,0,28,14,26,0
481074,1,1,1984,12,14,13,16,7,25,4,10,11,6
481075,1,1,1984,0,0,0,0,0,0,7,0,0,0
481075,2,1,1984,0,0,0,0,17,0,0,0,0,0
481076,1,1,1984,18,14,0,26,0,22,31,0,0,0
481077,1,1,1984,21,0,0,0,0,0,7,24,4,2
481077,2,1,1984,0,0,0,26,0,0,0,19,0,0
481078,1,1,1984,0,0,0,0,7,23,0,14,0,0
481078,2,1,1984,0,0,19,0,0,0,0,0,0,0
481079,0,1,1984,0,0,0,0,0,0,0,0,0,0
481079,1,1,1984,0,0,0,0,0,0,0,0,0,0
481080,1,1,1984,0,0,0,0,0,0,0,0,0,0
481080,2,1,1984,0,0,0,0,0,0,0,0,0,0
481081,1,1,1984,14,0,23,0,0,10,0,0,0,0
481081,2,1,1984,0,10,0,0,0,0,4,19,5,0
481082,0,1,1984,11,13,20,11,6,22,15,16,17,0
481082,1,1,1984,9,33,0,0,24,7,0,19,15,17
481083,1,1,1984,32,0,0,0,29,23,13,14,3,10
481084,1,1,1984,0,27,25,0,28,0,0,0,0,0
481085,0,1,1984,0,0,0,0,0,0,0,0,0,0
481085,1,1,1984,0,21,0,0,0,0,14,0,21,0
481086,1,1,1984,7,20,9,25,18,7,33,7,13,5
481087,1,1,1984,0,0,18,12,0,0,0,0,0,0
481088,1,1,1984,0,0,21,0,12,20,0,7,6,19
481089,1,1,1984,12,0,0,0,0,0,0,0,0,0
481090,1,1,1984,10,14,0,18,9,27,0,0,11,28
481091,1,1,1984,10,18,4,10,25,11,24,32,40,20
481092,1,1,1984,0,0,10,0,0,0,18,0,0,0
481093,1,1,1984,0,0,0,0,0,0,0,0,0,0
481093,2,1,1984,0,23,0,0,0,0,0,14,23,0
481094,1,1,1984,0,0,18,7,0,0,0,22,0,0
481094,2,1,1984,0,7,0,0,0,0,0,0,14,0
481095,1,1,1984,0,12,33,8,2,9,20,9,24,5
481096,1,1,1984,0,16,33,17,4,9,0,17,31,4
481096,2,1,1984,14,12,0,0,0,0,0,23,19,0
481097,1,1,1984,0,0,0,19,0,0,0,0,0,0
481097,2,1,1984,0,0,0,0,0,0,0,0,0,0
481098,1,1,1984,0,0,0,0,0,0,0,0,0,0
481098,2,1,1984,0,0,0,17,0,18,5,0,19,46
481098,3,1,1984,0,0,0,0,0,0,0,0,0,0
481099,1,1,1984,0,0,0,0,0,0,0,0,0,0
481099,2,1,1984,26,0,0,0,11,0,0,0,0,0
481100,1,1,1984,6,32,0,0,25,0,20,8,26,25
481101,0,1,1984,0,0,0,0,0,0,0,0,32,0
481101,1,1,1984,0,0,32,32,0,0,0,28,14,16
481102,1,1,1984,34,24,23,21,10,20,15,35,34,15
481103,1,1,1984,0,0,0,0,0,0,0,0,0,0
481103,2,1,1984,13,0,0,0,0,0,0,0,0,0
481104,0,1,1984,22,17,31,25,27,12,0,0,22,24
481104,1,1,1984,0,0,0,21,12,0,35,22,0,0
481105,1,1,1984,0,0,0,0,5,18,0,0,0,0
481105,2,1,1984,13,0,0,0,0,0,0,0,0,0
481106,1,1,1984,0,0,42,0,0,0,0,0,0,0
481106,2,1,1984,6,11,0,0,0,0,0,0,0,0
481107,1,1,1984,51,0,0,0,0,0,0,14,0,21
481107,2,1,1984,0,0,0,0,0,0,10,18,0,0
481108,1,1,1984,11,12,13,4,5,25,8,9,14,9
481108,2,1,1984,0,0,0,0,8,0,0,0,0,0
481109,1,1,1984,21,0,0,23,9,10,0,0,21,12
481110,1,1,1984,0,16,0,0,0,0,0,0,0,0
481110,2,1,1984,4,0,0,0,0,0,0,0,0,12
481111,1,1,1984,0,0,0,4,0,22,0,16,9,0
481111,2,1,1984,0,0,0,27,20,23,0,12,0,0
481112,1,1,1984,0,0,0,0,0,0,27,0,16,0
481112,2,1,1984,27,0,0,0,0,0,0,7,0,0
481113,1,1,1984,17,0,7,18,13,20,11,23,14,11
481114,1,1,1984,9,22,7,23,17,23,9,17,14,21
481115,1,1,1984,0,29,11,6,5,8,7,3,0,19
481115,2,1,1984,0,24,24,17,14,20,7,0,32,17
481116,1,1,1984,9,12,9,0,9,0,0,12,23,13
481116,2,1,1984,0,0,0,0,0,0,0,0,0,0
481116,3,1,1984,0,10,0,0,0,0,0,19,0,0
481117,1,1,1984,0,12,0,8,0,0,0,0,0,0
481118,1,1,1984,31,34,14,26,16,9,22,18,27,13
481119,1,1,1984,0,0,0,0,0,0,0,0,0,0
481119,2,1,1984,0,17,0,18,23,0,0,0,17,15
481120,1,1,1984,0,26,0,0,0,0,0,0,0,0
481121,1,1,1984,0,7,0,21,0,0,0,0,0,0
481121,2,1,1984,0,0,0,0,0,0,0,0,0,0
481122,0,1,1984,21,17,0,0,0,0,0,0,0,0
481122,0,2,1984,10,2,33,0,24,0,0,18,27,19
481122,0,3,1984,0,15,22,0,4,0,4,7,19,0
481122,1,1,1984,23,5,11,16,15,28,10,30,19,17
481123,0,1,1984,23,18,27,18,30,12,13,16,10,9
481123,1,1,1984,0,0,0,0,0,38,8,19,14,0
481124,1,1,1984,29,31,10,23,29,22,0,33,14,12
481125,1,1,1984,0,16,4,16,0,11,4,18,0,0
481125,2,1,1984,8,11,14,12,24,9,16,6,17,20
481126,1,1,1984,0,12,48,18,0,17,18,3,24,20
481126,2,1,1984,15,12,28,17,4,18,0,6,11,11
481127,1,1,1984,20,0,0,17,0,16,3,0,8,0
481127,2,1,1984,26,0,11,0,11,17,0,0,5,0
481128,1,1,1984,27,16,28,21,0,15,27,0,0,0
481129,1,1,1984,0,0,0,0,0,0,0,0,0,12
481130,1,1,1984,29,13,12,10,23,17,26,21,14,14
481131,1,1,1984,0,0,0,0,0,0,0,0,4,0
481131,2,1,1984,0,0,0,0,0,0,0,0,0,0
481132,1,1,1984,31,31,31,31,31,31,31,31,31,31
481132,2,1,1984,0,0,16,0,0,0,0,0,0,8
481132,3,1,1984,0,7,0,0,0,0,0,0,0,0
481133,1,1,1984,10,0,0,0,0,0,0,0,0,0
481133,2,1,1984,0,18,6,22,26,12,0,0,0,0
481134,1,1,1984,27,24,9,0,0,23,24,0,0,0
481135,0,1,1984,25,0,0,0,0,11,0,0,14,20
481135,1,1,1984,25,0,14,8,18,5,0,45,0,0
481136,0,1,1984,0,0,0,0,0,0,0,0,0,0
481136,1,1,1984,0,0,0,0,0,22,6,12,0,0
481137,1,1,1984,5,7,49,14,21,14,0,12,15,26
481138,0,1,1984,19,40,24,20,12,21,18,19,15,8
481138,1,1,1984,19,31,0,0,0,0,25,0,9,15
481139,1,1,1984,14,23,28,11,7,9,7,8,16,0
481140,1,1,1984,13,20,12,0,28,27,16,7,27,10
481140,2,1,1984,0,0,0,21,0,0,0,19,0,2
481141,1,1,1984,17,9,26,0,18,27,24,7,0,16
481142,1,1,1984,17,19,11,0,0,0,0,0,20,13
481143,1,1,1984,24,24,24,24,24,24,24,24,24,24
481144,1,1,1984,0,11,0,0,0,0,0,0,0,18
481144,2,1,1984,0,0,0,0,0,0,0,6,0,0
481145,1,1,1984,15,31,0,7,17,0,0,10,11,0
481146,1,1,1984,0,0,11,0,0,0,0,0,0,5
481146,2,1,1984,0,0,0,0,25,34,0,11,0,33
481147,1,1,1984,0,0,0,0,0,0,0,0,0,0
481147,2,1,1984,0,0,0,0,0,0,11,0,0,0
481148,0,1,1984,0,21,41,37,0,0,35,23,0,26
481148,1,1,1984,0,0,0,15,8,0,0,0,0,21
481149,1,1,1984,0,17,25,0,0,0,0,21,0,0
481150,0,1,1984,31,16,27,30,42,19,26,20,23,17
481150,1,1,1984,0,0,0,3,0,0,0,0,0,0
481151,1,1,1984,0,0,0,0,0,0,0,0,0,0
481151,2,1,1984,0,0,0,0,0,0,0,0,0,0
481152,1,1,1984,27,31,8,15,23,12,16,10,9,16
481152,2,1,1984,11,14,20,15,17,18,12,13,13,3
481153,1,1,1984,0,0,0,0,0,0,26,0,37,0
481153,2,1,1984,0,14,0,13,0,0,0,0,0,0
481154,1,1,1984,0,13,7,0,14,13,9,22,14,20
481155,1,1,1984,0,0,0,0,0,0,0,0,0,0
481155,2,1,1984,0,0,0,0,0,0,12,0,0,0
481156,1,1,1984,0,18,0,0,0,16,0,0,0,0
481157,1,1,1984,0,0,0,0,12,0,0,0,0,21
481158,1,1,1984,0,12,0,0,0,7,0,16,0,0
481158,2,1,1984,0,0,0,19,0,0,3,9,0,2
481159,1,1,1984,0,0,0,0,19,0,0,21,40,6
481159,2,1,1984,14,0,0,8,0,0,0,0,0,0
481160,0,1,1984,0,0,0,12,0,4,0,0,0,4
481160,1,1,1984,25,11,27,12,7,0,9,20,22,14
481161,1,1,1984,0,0,0,17,0,0,0,0,0,0
481162,0,1,1984,14,16,24,27,33,0,30,29,22,13
481162,1,1,1984,16,16,16,16,16,16,16,16,16,16
481163,1,1,1984,13,21,25,22,26,26,20,20,2,9
481164,1,1,1984,8,8,8,8,8,8,8,8,8,8
481164,2,1,1984,15,0,0,9,0,0,6,7,16,16
481165,1,1,1984,8,0,0,12,7,11,0,3,9,5
481165,2,1,1984,7,0,11,0,24,9,0,0,0,0
481166,1,1,1984,15,6,20,17,10,5,26,15,0,20
481167,1,1,1984,16,0,0,0,0,15,0,9,0,0
481167,2,1,1984,16,0,8,13,0,0,0,0,0,28
481168,1,1,1984,14,39,25,23,18,15,13,15,13,21
481169,1,1,1984,0,24,0,9,14,0,14,4,0,10
481169,2,1,1984,0,6,13,25,0,7,0,0,6,0
481170,1,1,1984,0,3,0,0,0,0,0,0,0,0
481170,2,1,1984,0,0,0,0,0,0,0,0,0,0
481171,1,1,1984,0,0,13,30,16,0,10,15,15,19
481171,2,1,1984,0,20,0,0,7,0,0,0,0,19
481172,1,1,1984,12,21,19,4,18,20,15,17,12,3
481173,1,1,1984,13,12,0,11,17,13,10,0,0,15
481174,1,1,1984,0,0,0,0,17,0,0,21,0,19
481174,2,1,1984,9,0,17,17,0,0,0,20,0,0
481175,1,1,1984,0,19,14,16,0,13,0,11,12,3
481176,1,1,1984,27,8,21,29,0,15,0,0,21,33
481177,1,1,1984,29,0,16,8,14,0,0,17,0,22
481177,2,1,1984,15,0,0,0,0,0,0,0,0,19
481178,1,1,1984,14,36,12,17,15,23,13,16,16,13
481179,0,1,1984,0,0,0,23,0,0,14,9,11,15
481179,1,1,1984,16,0,0,0,0,0,0,0,0,13
481180,1,1,1984,21,19,20,27,0,29,10,27,16,43
481181,1,1,1984,10,0,0,18,0,0,0,0,0,0
481181,2,1,1984,0,0,0,0,0,0,0,0,0,0
481182,1,1,1984,0,0,0,0,0,0,0,0,0,8
481182,2,1,1984,9,17,14,11,6,13,8,17,0,9
481183,1,1,1984,19,19,19,19,19,19,19,19,19,19
481184,1,1,1984,20,0,0,0,0,0,0,0,0,0
481184,2,1,1984,23,18,0,34,30,15,11,0,0,0
481185,0,1,1984,0,0,0,0,0,0,0,0,0,0
481185,1,1,1984,11,0,17,15,28,14,19,22,20,9
481186,0,1,1984,12,24,14,20,0,20,15,22,22,27
481186,1,1,1984,0,8,0,0,3,12,0,9,0,11
481187,1,1,1984,12,17,11,25,20,11,0,28,16,0
481188,0,1,1984,0,0,0,0,0,23,0,0,32,19
481188,1,1,1984,25,18,0,11,0,23,0,0,0,0
481189,0,1,1984,20,27,22,8,24,23,18,28,21,24
481189,1,1,1984,6,24,9,18,0,14,19,2,0,0
481190,1,1,1984,0,23,18,17,43,9,13,23,10,10
481191,0,1,1984,0,0,0,6,0,0,0,0,0,0
481191,1,1,1984,23,0,0,30,0,0,0,4,0,27
481192,1,1,1984,0,18,0,0,17,17,0,0,0,12
481192,2,1,1984,0,0,0,15,20,12,0,22,9,24
481193,1,1,1984,0,0,0,9,22,0,10,0,0,17
481193,2,1,1984,26,15,18,19,14,25,29,21,34,23
481194,1,1,1984,6,0,0,0,0,7,2,0,5,0
481194,2,1,1984,0,17,22,7,0,6,10,0,20,19
481195,1,1,1984,0,0,0,0,10,0,0,0,15,0
481195,2,1,1984,0,0,0,0,0,0,0,0,23,0
481196,1,1,1984,0,0,0,0,0,0,0,0,0,0
481196,2,1,1984,2,0,0,0,0,0,0,0,0,16
481197,1,1,1984,14,14,14,14,14,14,14,14,14,14
481198,1,1,1984,0,15,0,20,0,0,12,0,14,0
481198,2,1,1984,20,20,20,20,20,20,20,20,20,20
481199,1,1,1984,21,22,15,11,36,22,27,28,25,0
481200,1,1,1984,22,29,20,4,21,24,8,13,10,22
481201,1,1,1984,16,25,0,0,0,23,23,9,30,0
481202,0,1,1984,17,18,22,23,11,21,0,10,15,11
481202,1,1,1984,0,13,0,13,0,24,12,0,3,0
481203,1,1,1984,0,0,29,0,0,0,0,0,6,0
481204,1,1,1984,0,0,0,0,0,0,0,0,0,6
481204,2,1,1984,0,0,0,0,0,0,0,0,0,0
481205,1,1,1984,0,31,0,0,0,0,0,0,0,0
481205,2,1,1984,0,0,0,0,29,21,0,0,0,0
481206,1,1,1984,0,0,0,0,0,0,0,0,0,0
481206,2,1,1984,0,0,0,0,0,0,0,0,0,0
481207,1,1,1984,0,0,0,0,0,0,0,0,0,0
481208,1,1,1984,0,0,0,2,4,0,0,9,0,12
481208,2,1,1984,0,0,0,0,13,0,0,0,0,0
481209,1,1,1984,13,0,8,3,20,18,3,4,0,10
481210,1,1,1984,19,19,10,11,11,25,14,13,12,16
481211,1,1,1984,22,0,0,0,0,0,0,0,14,0
481211,2,1,1984,0,0,0,0,0,10,0,0,0,0
481212,1,1,1984,38,12,7,11,6,5,15,0,0,22
481213,1,1,1984,7,13,14,0,5,0,0,0,0,14
481214,1,1,1984,48,37,14,0,4,14,28,12,18,13
481215,1,1,1984,24,0,0,0,0,0,0,28,0,0
481215,2,1,1984,0,0,0,15,0,27,0,0,0,0
481216,1,1,1984,0,2,0,0,0,0,0,0,0,0
481216,2,1,1984,0,9,0,0,0,0,0,0,11,0
481217,0,1,1984,0,12,0,25,0,20,0,16,0,0
481217,1,1,1984,18,19,18,0,0,0,0,0,0,16
481218,1,1,1984,16,14,16,15,12,25,17,22,6,0
481219,1,1,1984,0,28,23,17,0,0,20,0,13,0
481220,1,1,1984,10,4,0,0,0,0,0,0,0,0
481220,2,1,1984,14,0,17,0,0,0,0,0,13,0
481221,1,1,1984,0,0,10,0,0,22,0,0,0,0
481222,1,1,1984,0,10,13,6,18,14,12,7,6,16
481222,2,1,1984,0,0,0,0,0,0,0,0,0,0
481223,1,1,1984,0,11,9,0,0,0,0,20,23,0
481223,2,1,1984,0,23,0,0,0,0,0,0,0,0
481224,0,1,1984,0,0,0,0,0,0,0,0,0,0
481224,1,1,1984,19,0,0,0,0,0,20,0,0,0
481225,0,1,1984,0,0,0,3,26,0,15,27,33,0
481225,1,1,1984,0,0,0,0,0,0,0,0,0,13
481226,1,1,1984,0,0,0,0,0,0,13,0,0,7
481226,2,1,1984,12,4,0,13,0,0,3,10,6,12
481227,0,1,1984,16,20,23,18,8,26,12,57,13,15
481227,1,1,1984,34,21,27,11,4,0,0,0,12,0
481228,1,1,1984,0,19,12,0,22,22,20,23,21,0
481228,2,1,1984,4,0,19,11,28,0,15,14,13,20
481229,1,1,1984,13,8,18,20,21,15,16,16,19,15
481230,1,1,1984,15,16,24,32,15,17,28,14,15,23
481231,1,1,1984,0,0,0,0,0,0,0,0,0,0
481231,2,1,1984,0,0,0,0,0,0,0,0,0,0
481231,3,1,1984,0,0,0,0,0,0,0,7,0,0
481232,0,1,1984,0,0,0,0,0,0,0,0,0,0
481232,1,1,1984,0,0,0,15,0,0,0,0,0,0
481233,1,1,1984,18,18,18,18,18,18,18,18,18,18
481233,2,1,1984,13,21,19,0,14,0,0,0,0,14
481234,1,1,1984,0,0,0,0,0,0,0,0,0,0
481234,2,1,1984,0,0,0,11,0,0,0,0,0,0
481235,1,1,1984,0,4,0,0,24,22,17,0,0,0
481236,0,1,1984,10,7,0,0,0,0,10,0,0,0
481236,0,2,1984,0,5,14,0,25,0,0,12,0,10
481236,1,1,1984,6,5,17,19,8,33,11,31,15,25
481237,1,1,1984,29,29,29,29,29,29,29,29,29,29
481237,2,1,1984,0,16,9,13,14,14,16,0,24,0
481238,1,1,1984,0,9,0,0,0,10,0,0,0,20
481238,2,1,1984,0,0,0,0,0,0,0,0,0,0
481239,1,1,1984,32,21,28,15,18,17,15,0,14,0
481240,0,1,1984,0,0,0,0,0,0,0,0,0,0
481240,1,1,1984,0,24,0,0,0,0,0,0,0,0
481241,0,1,1984,29,15,30,18,22,31,11,32,15,7
481241,1,1,1984,0,0,0,0,0,0,10,0,0,0
481242,1,1,1984,0,0,14,0,0,0,9,0,0,17
481242,2,1,1984,0,0,0,0,0,0,0,0,0,0
481243,1,1,1984,17,0,0,20,28,10,10,12,16,17
481244,1,1,1984,0,0,0,0,0,0,0,0,0,0
481244,2,1,1984,0,0,0,0,6,0,0,0,0,16
481245,1,1,1984,0,0,0,17,0,22,0,0,0,0
481245,2,1,1984,0,0,0,0,0,0,0,0,0,0
481246,1,1,1984,10,11,28,23,31,11,13,18,14,11
481247,1,1,1984,30,10,33,0,6,24,43,12,16,17
481248,1,1,1984,0,13,0,10,19,0,0,0,0,0
481249,1,1,1984,0,19,0,21,20,14,0,16,20,11
481250,1,1,1984,0,3,0,0,0,0,0,0,0,0
481251,1,1,1984,0,0,0,0,0,15,0,0,0,0
481251,2,1,1984,16,12,0,0,0,0,0,4,0,0
481252,1,1,1984,24,18,7,27,15,22,27,15,0,30
481253,1,1,1984,0,0,26,0,0,0,0,0,0,12
481253,2,1,1984,0,10,10,12,0,0,0,0,0,0
481254,1,1,1984,16,0,18,0,0,0,0,0,0,0
481254,2,1,1984,0,0,16,33,0,0,28,13,13,7
481255,1,1,1984,12,15,25,13,22,6,19,19,0,12
481256,1,1,1984,22,0,0,20,9,9,5,0,0,21
481256,2,1,1984,16,16,16,16,16,16,16,16,16,16
481257,1,1,1984,21,35,0,14,11,0,0,0,0,11
481258,1,1,1984,0,0,0,0,0,0,0,0,0,0
481258,2,1,1984,0,0,0,0,0,0,13,0,0,0
481259,1,1,1984,22,0,0,0,0,0,0,0,0,0
481259,2,1,1984,0,0,13,0,0,0,0,0,0,17
481260,1,1,1984,20,23,22,0,36,26,13,8,11,21
481261,1,1,1984,0,6,20,0,0,0,0,28,0,17
481262,1,1,1984,29,29,29,29,29,29,29,29,29,29
481263,1,1,1984,18,18,16,25,0,18,36,12,11,7
481264,0,1,1984,18,26,12,9,29,20,17,17,16,28
481264,1,1,1984,15,0,0,17,23,8,7,6,9,14
481265,1,1,1984,11,11,11,11,11,11,11,11,11,11
481266,1,1,1984,22,23,20,6,15,20,16,12,25,10
481267,1,1,1984,0,25,16,16,2,15,14,0,2,0
481268,1,1,1984,12,7,7,39,16,15,6,19,21,6
481268,2,1,1984,5,0,0,0,13,0,3,0,0,12
481269,1,1,1984,10,14,9,0,15,18,29,18,27,0
481270,1,1,1984,0,0,13,20,17,0,24,0,0,19
481270,2,1,1984,0,31,26,9,16,0,21,12,9,19
481271,1,1,1984,9,0,16,7,0,28,0,0,16,17
481271,2,1,1984,15,13,23,0,21,19,15,0,0,20
481272,0,1,1984,0,0,0,0,0,0,0,0,0,0
481272,1,1,1984,15,15,15,15,15,15,15,15,15,15
481273,0,1,1984,26,0,4,34,0,20,34,16,7,17
481273,1,1,1984,0,0,0,27,3,0,0,16,19,0
481274,0,1,1984,0,0,0,0,0,0,0,0,0,0
481274,1,1,1984,15,0,0,0,0,0,8,0,0,23
481275,0,1,1984,35,27,29,10,25,21,34,18,0,46
481275,1,1,1984,0,16,26,0,11,0,0,7,0,0
481276,1,1,1984,0,0,0,0,0,0,0,0,0,0
481276,2,1,1984,0,0,0,0,0,0,0,0,0,0
481277,1,1,1984,0,18,0,0,0,17,17,27,0,2
481277,2,1,1984,18,25,16,16,19,22,17,6,33,17
481278,1,1,1984,12,8,0,0,0,0,0,0,0,0
481278,2,1,1984,0,0,0,0,0,0,18,0,6,17
481279,1,1,1984,8,24,9,14,37,11,9,24,31,2
481279,2,1,1984,0,15,5,20,0,14,0,0,0,7
481280,1,1,1984,0,0,3,24,32,0,0,0,0,23
481281,1,1,1984,14,14,14,14,14,14,14,14,14,14
481282,1,1,1984,14,0,27,27,9,18,0,0,0,0
481282,2,1,1984,20,20,20,20,20,20,20,20,20,20
481283,1,1,1984,21,22,9,23,30,17,26,11,21,16
481283,2,1,1984,4,4,4,4,4,4,4,4,4,4
481284,1,1,1984,11,0,4,0,0,0,0,0,0,0
481284,2,1,1984,0,0,0,9,0,0,0,0,11,26
481285,1,1,1984,0,0,0,0,0,0,0,0,0,0
481286,0,1,1984,20,24,0,15,35,24,24,11,23,36
481286,1,1,1984,0,8,0,18,0,33,0,0,0,13
481287,1,1,1984,0,0,24,7,0,9,30,0,12,0
481288,1,1,1984,0,0,0,0,24,0,0,0,0,0
481288,2,1,1984,0,0,0,0,0,0,0,0,0,18
481289,1,1,1984,24,14,0,14,16,6,17,21,37,27
481290,1,1,1984,11,0,15,14,21,0,0,0,0,0
481291,1,1,1984,0,0,0,0,0,0,0,0,0,0
481292,1,1,1984,0,0,0,0,0,0,0,0,0,0
481293,0,1,1984,0,10,32,5,13,17,29,19,21,19
481293,1,1,1984,6,0,0,26,10,10,0,6,0,0
481294,1,1,1984,0,0,0,0,0,0,0,0,0,0
481294,2,1,1984,6,4,0,0,0,0,0,0,0,11
481295,0,1,1984,0,0,0,0,0,0,0,0,0,0
481295,1,1,1984,0,0,3,0,0,0,0,0,0,0
481296,1,1,1984,12,5,0,18,9,16,0,7,0,6
481297,1,1,1984,0,22,11,0,0,0,0,0,12,0
481298,1,1,1984,0,0,0,0,0,0,0,0,0,0
481298,2,1,1984,0,0,6,0,0,0,12,0,0,0
481299,1,1,1984,11,16,20,14,0,22,16,29,17,10