ST_CASE,VEH_NO,PER_NO,YEAR,P1,P2,P3,P4,P5,P6,P7,P8,P9,P10
481300,1,1,1984,0,0,0,0,40,0,0,0,0,0
481300,2,1,1984,0,0,0,24,0,0,0,0,0,0
481301,0,1,1984,0,0,0,0,0,0,0,0,0,0
481301,1,1,1984,0,0,0,0,0,0,0,0,0,0
481302,0,1,1984,31,0,21,33,11,0,22,0,0,27
481302,1,1,1984,8,0,0,0,0,0,22,0,0,0
481303,1,1,1984,17,20,22,10,21,27,34,24,27,21
481304,1,1,1984,0,6,10,2,0,0,15,0,0,20
481304,2,1,1984,0,0,0,14,0,0,0,6,24,0
481305,1,1,1984,14,0,0,0,0,13,0,0,0,0
481306,1,1,1984,16,19,16,0,30,17,18,13,14,29
481307,1,1,1984,9,17,18,23,13,9,14,36,35,4
481308,1,1,1984,12,9,17,10,0,17,26,23,6,12
481309,1,1,1984,0,17,12,18,8,6,10,19,10,19
481310,1,1,1984,0,0,15,0,0,16,0,0,16,0
481310,2,1,1984,0,0,0,0,0,0,25,0,0,0
481311,1,1,1984,0,0,0,0,16,0,0,0,0,0
481311,2,1,1984,0,0,0,0,0,0,0,0,0,0
481312,1,1,1984,0,0,0,0,0,0,0,0,0,0
481312,2,1,1984,0,0,0,0,0,0,0,0,0,0
481313,1,1,1984,34,19,13,13,33,15,25,0,8,14
481313,2,1,1984,0,0,0,10,0,0,0,7,0,25
481314,1,1,1984,0,0,0,0,16,0,0,0,0,0
481314,2,1,1984,0,0,0,0,0,0,0,0,0,0
481315,1,1,1984,13,17,0,0,9,7,0,22,0,21
481316,1,1,1984,20,3,13,0,0,19,0,12,7,12
481317,1,1,1984,0,0,0,0,0,0,13,0,0,0
481318,1,1,1984,0,3,0,15,0,0,0,0,16,0
481318,2,1,1984,28,0,0,0,16,0,0,0,31,17
481319,1,1,1984,0,0,17,17,14,0,0,19,0,0
481319,2,1,1984,0,0,0,0,0,0,0,0,0,0
481320,1,1,1984,0,0,0,0,0,0,0,0,0,0
481320,2,1,1984,0,0,0,0,0,0,0,0,0,0
481321,0,1,1984,0,12,0,0,9,0,7,0,0,24
481321,1,1,1984,11,0,28,0,0,0,0,0,0,26
481322,1,1,1984,0,0,27,23,0,13,0,0,0,0
481323,1,1,1984,0,11,0,0,17,0,0,0,0,0
481323,2,1,1984,0,0,0,0,0,0,0,0,0,9
481324,1,1,1984,17,20,7,25,16,15,12,8,28,6
481325,1,1,1984,18,19,0,12,15,19,12,18,32,16
481326,1,1,1984,23,0,0,0,0,0,0,0,0,0
481326,2,1,1984,0,0,11,0,17,0,21,0,5,0
481327,1,1,1984,16,16,16,16,16,16,16,16,16,16
481327,2,1,1984,26,31,17,11,0,20,19,11,17,0
481328,0,1,1984,0,0,0,0,0,0,0,18,0,18
481328,1,1,1984,0,0,0,0,0,0,0,13,0,0
481329,0,1,1984,0,0,20,0,25,29,26,0,0,0
481329,1,1,1984,0,5,0,0,0,0,0,10,4,8
481330,1,1,1984,0,13,30,17,0,16,24,0,21,0
481331,1,1,1984,29,17,8,17,9,10,3,0,0,0
481331,2,1,1984,25,0,0,0,0,0,0,18,0,0
481332,1,1,1984,18,30,24,10,0,8,8,13,20,14
481332,2,1,1984,0,0,0,0,0,0,45,0,0,0
481333,1,1,1984,0,16,9,0,24,27,37,10,13,18
481333,2,1,1984,0,0,3,0,28,27,0,0,0,0
481334,1,1,1984,6,0,16,7,33,11,14,46,29,5
481334,2,1,1984,8,21,4,14,4,21,16,14,6,27
481335,1,1,1984,0,0,0,0,0,0,0,0,0,0
481335,2,1,1984,0,0,0,0,0,0,0,0,0,0
481336,1,1,1984,23,3,19,16,14,14,18,14,15,23
481337,1,1,1984,0,0,0,0,0,0,0,12,0,0
481338,1,1,1984,13,19,0,0,15,31,0,11,0,15
481339,1,1,1984,13,5,20,15,14,19,28,8,18,12
481339,2,1,1984,11,0,0,15,14,8,36,30,11,11
481340,1,1,1984,11,18,24,9,0,22,24,24,11,18
481341,1,1,1984,0,0,0,8,2,0,0,0,0,0
481341,2,1,1984,13,13,13,13,13,13,13,13,13,13
481342,0,1,1984,17,27,12,3,25,18,0,0,0,0
481342,1,1,1984,20,20,20,20,20,20,20,20,20,20
481343,1,1,1984,23,23,30,17,15,27,18,13,29,15
481344,1,1,1984,0,0,0,0,0,0,0,0,17,0
481344,2,1,1984,0,0,0,0,0,0,0,0,0,0
481344,3,1,1984,0,0,0,0,0,0,0,0,0,0
481345,1,1,1984,0,0,0,0,0,0,12,0,16,21
481345,2,1,1984,0,0,16,0,0,0,0,7,0,0
481346,1,1,1984,15,12,29,14,23,18,12,15,22,15
481347,0,1,1984,0,0,0,0,0,0,0,0,0,0
481347,1,1,1984,0,0,14,0,0,0,0,0,3,0
481348,1,1,1984,5,8,22,13,33,28,15,8,15,4
481348,2,1,1984,0,0,6,0,0,0,0,0,12,16
481349,1,1,1984,27,12,18,17,21,6,17,12,17,0
481350,1,1,1984,0,0,0,0,0,0,0,0,0,0
481350,2,1,1984,11,18,20,31,24,16,23,22,15,0
481351,0,1,1984,26,13,0,13,19,0,17,23,0,0
481351,1,1,1984,0,0,0,13,0,15,26,0,0,0
481352,1,1,1984,0,0,12,0,0,0,0,27,0,25
481353,1,1,1984,29,10,0,0,19,26,24,6,26,27
481354,1,1,1984,13,13,13,13,13,13,13,13,13,13
481355,1,1,1984,0,8,18,22,20,12,23,6,21,10
481356,0,1,1984,27,23,17,22,24,28,25,20,30,20
481356,1,1,1984,0,15,0,0,11,0,13,0,0,0
481357,1,1,1984,9,11,5,0,16,18,0,26,0,20
481358,1,1,1984,22,0,2,13,8,16,18,23,12,28
481358,2,1,1984,0,0,0,0,0,0,0,0,5,0
481359,1,1,1984,23,18,23,15,15,2,11,21,37,8
481360,1,1,1984,0,0,9,2,0,0,0,10,0,0
481360,2,1,1984,10,11,15,18,15,6,12,14,11,33
481361,0,1,1984,0,0,0,0,0,0,0,0,0,0
481361,1,1,1984,0,0,0,0,0,0,0,0,0,0
481362,1,1,1984,0,0,20,0,15,0,0,0,0,0
481363,1,1,1984,0,0,7,0,0,10,0,0,0,0
481363,2,1,1984,0,0,0,0,17,0,0,0,0,0
481364,1,1,1984,0,0,0,0,0,0,0,0,9,0
481364,2,1,1984,0,0,0,0,0,0,0,0,0,0
481365,1,1,1984,16,20,9,13,15,15,20,14,21,13
481366,0,1,1984,0,0,0,30,15,0,0,0,0,0
481366,1,1,1984,0,0,0,26,0,0,29,0,0,0
481367,1,1,1984,0,0,0,0,0,0,0,0,0,0
481367,2,1,1984,0,0,0,0,0,0,0,5,0,9
481368,1,1,1984,0,0,13,20,13,9,0,0,26,26
481369,1,1,1984,7,14,21,19,9,37,16,40,9,9
481370,1,1,1984,18,18,8,11,28,33,5,14,16,0
481371,1,1,1984,0,0,0,0,0,13,0,0,0,0
481371,2,1,1984,0,0,0,0,0,0,0,0,0,0
481371,3,1,1984,13,0,25,22,0,0,0,22,15,7
481372,0,1,1984,0,0,0,0,0,0,0,0,0,0
481372,0,2,1984,0,0,0,0,0,0,0,0,0,0
481372,0,3,1984,16,0,5,0,0,0,6,21,24,4
481372,1,1,1984,9,4,0,22,12,22,17,17,0,19
481373,1,1,1984,31,0,18,10,14,25,8,0,0,19
481373,2,1,1984,0,0,0,0,0,0,0,0,12,0
481374,1,1,1984,12,0,0,19,10,3,10,13,15,0
481374,2,1,1984,20,10,0,20,0,0,0,0,0,0
481375,1,1,1984,0,16,0,0,25,7,0,18,9,18
481376,1,1,1984,0,0,0,0,0,15,0,0,0,0
481376,2,1,1984,0,0,0,0,0,0,0,0,0,0
481377,1,1,1984,0,0,0,0,0,0,0,0,0,0
481378,1,1,1984,29,24,22,25,34,17,8,38,23,10
481378,2,1,1984,0,12,0,0,0,7,0,0,0,0
481379,0,1,1984,22,0,4,14,0,0,0,10,22,0
481379,1,1,1984,0,0,0,26,0,0,0,0,0,0
481380,1,1,1984,0,18,0,0,0,3,0,27,0,9
481380,2,1,1984,0,28,21,0,0,0,2,0,11,0
481381,0,1,1984,10,27,7,9,17,9,0,28,0,4
481381,0,2,1984,12,11,10,11,22,12,42,0,31,0
481381,1,1,1984,3,18,0,0,0,4,0,0,0,30
481382,1,1,1984,0,30,13,0,0,12,0,10,19,3
481382,2,1,1984,0,18,0,0,0,0,0,0,0,0
481383,1,1,1984,0,0,0,5,0,0,0,0,17,0
481384,1,1,1984,24,19,16,12,27,25,10,7,39,17
481385,1,1,1984,0,0,0,0,0,0,0,0,0,0
481386,1,1,1984,0,13,0,0,40,0,0,0,0,0
481386,2,1,1984,0,0,0,16,0,0,0,0,0,0
481387,1,1,1984,16,22,29,17,25,0,11,33,25,0
481387,2,1,1984,4,0,0,0,2,0,0,0,0,0
481388,1,1,1984,0,18,0,0,0,0,0,14,0,0
481388,2,1,1984,0,0,0,0,0,0,0,0,4,0
481389,1,1,1984,14,0,0,0,0,0,0,0,0,0
481389,2,1,1984,0,0,0,0,0,0,0,0,0,9
481390,0,1,1984,11,24,0,0,16,0,25,36,30,0
481390,1,1,1984,6,0,10,0,0,17,0,0,0,0
481391,1,1,1984,14,0,17,13,0,20,23,11,7,0
481392,1,1,1984,23,0,15,14,16,0,0,9,0,0
481392,2,1,1984,0,0,0,0,0,0,0,0,0,0
481392,3,1,1984,11,0,0,32,0,25,22,11,0,0
481393,1,1,1984,0,0,0,0,0,16,17,22,5,0
481394,1,1,1984,0,0,0,0,0,0,0,0,0,0
481395,1,1,1984,0,0,0,0,0,0,0,0,0,24
481395,2,1,1984,0,0,10,0,0,0,0,0,0,15
481396,1,1,1984,11,25,17,26,9,12,15,16,8,23
481397,1,1,1984,29,19,29,10,24,17,29,20,19,9
481398,1,1,1984,8,12,7,10,14,12,8,18,18,17
481399,1,1,1984,16,16,16,16,16,16,16,16,16,16
481399,2,1,1984,0,0,0,13,0,0,0,0,0,0
481400,1,1,1984,0,0,0,0,0,0,16,0,0,0
481400,2,1,1984,0,0,0,24,0,16,2,11,0,10
481401,1,1,1984,23,16,22,26,35,20,21,13,4,13
481401,2,1,1984,0,0,0,0,0,0,0,14,0,0
481402,1,1,1984,0,0,0,14,0,0,0,16,12,0
481402,2,1,1984,0,10,0,0,10,0,0,0,0,0
481403,1,1,1984,20,16,14,0,28,14,15,0,34,10
481404,1,1,1984,0,0,0,0,6,15,0,14,0,0
481405,1,1,1984,0,0,0,0,0,0,0,0,0,0
481405,2,1,1984,0,0,0,0,0,0,0,0,0,0
481405,3,1,1984,0,0,0,0,0,0,0,0,0,0
481406,1,1,1984,22,16,33,16,27,15,10,21,15,17
481407,1,1,1984,0,0,0,0,0,0,0,0,0,0
481407,2,1,1984,0,0,0,0,0,0,13,0,0,0
481407,3,1,1984,0,0,14,0,0,23,0,0,0,0
481408,1,1,1984,14,31,11,14,14,31,32,19,25,17
481409,1,1,1984,0,0,0,0,0,0,18,0,0,0
481409,2,1,1984,19,8,0,14,16,19,16,21,0,9
481410,0,1,1984,0,0,0,0,0,0,0,0,0,0
481410,0,2,1984,43,10,0,0,24,0,0,12,7,0
481410,1,1,1984,0,0,0,0,25,0,0,0,0,0
481411,1,1,1984,0,22,22,0,0,0,0,22,19,0
481412,1,1,1984,0,0,29,19,20,13,10,9,7,14
481413,1,1,1984,0,0,0,0,0,0,15,0,0,1
481413,2,1,1984,7,10,13,0,0,14,17,13,0,0
481414,0,1,1984,18,0,0,24,0,0,0,0,0,0
481414,1,1,1984,0,10,23,0,6,16,9,19,13,12
481415,0,1,1984,14,19,14,0,11,9,5,18,12,0
481415,1,1,1984,23,0,11,9,0,0,14,0,0,0
481416,0,1,1984,20,21,19,9,23,22,18,27,20,33
481416,1,1,1984,0,0,16,0,14,0,0,0,0,0
481417,1,1,1984,0,15,0,0,15,0,9,22,0,0
481418,0,1,1984,30,15,27,14,25,8,16,23,18,19
481418,1,1,1984,8,17,22,0,0,11,9,0,0,11
481419,1,1,1984,0,0,0,0,0,0,0,0,0,0
481419,2,1,1984,0,0,0,0,0,0,0,0,0,0
481420,1,1,1984,12,12,23,18,34,15,8,20,11,12
481420,2,1,1984,16,31,14,26,2,19,21,19,13,17
481421,1,1,1984,0,0,0,0,14,20,0,0,0,0
481421,2,1,1984,0,4,34,0,0,0,0,10,0,0
481421,3,1,1984,0,0,13,17,0,0,0,0,19,0
481422,1,1,1984,14,26,21,22,0,0,0,12,11,0
481423,1,1,1984,7,0,20,0,0,0,0,0,0,6
481424,1,1,1984,20,20,19,28,17,16,26,29,15,22
481425,1,1,1984,5,5,5,5,5,5,5,5,5,5
481426,1,1,1984,20,14,12,11,17,0,10,15,23,0
481426,2,1,1984,0,0,0,0,0,0,0,0,0,0
481427,1,1,1984,22,0,19,0,0,0,0,0,0,31
481428,0,1,1984,19,0,6,14,0,0,0,19,14,17
481428,1,1,1984,24,24,24,24,24,24,24,24,24,24
481429,1,1,1984,0,0,0,0,0,0,0,0,0,0
481429,2,1,1984,0,0,0,0,0,0,0,0,0,0
481430,1,1,1984,14,21,14,9,14,0,22,26,6,4
481430,2,1,1984,0,14,0,9,0,0,0,0,0,9
481431,1,1,1984,18,0,0,16,13,13,25,0,0,0
481432,1,1,1984,9,0,34,0,14,0,0,15,0,9
481432,2,1,1984,0,0,0,0,0,14,0,9,18,0
481433,1,1,1984,0,0,0,0,0,0,19,0,0,0
481433,2,1,1984,0,0,0,0,0,0,0,0,0,0
481434,0,1,1984,0,0,0,0,0,0,0,0,0,0
481434,1,1,1984,0,0,0,0,0,8,0,12,0,0
481435,1,1,1984,30,13,15,4,12,6,15,31,9,8
481436,1,1,1984,0,0,4,0,31,0,0,0,0,0
481437,1,1,1984,12,12,12,12,12,12,12,12,12,12
481437,2,1,1984,0,0,0,0,9,0,0,0,0,0
481438,1,1,1984,13,0,15,28,0,15,0,0,9,0
481439,1,1,1984,0,0,0,0,0,0,0,0,0,0
481439,2,1,1984,0,0,0,0,0,0,0,0,0,0
481440,0,1,1984,0,0,0,0,0,0,0,0,0,0
481440,1,1,1984,8,8,8,8,8,8,8,8,8,8
481441,1,1,1984,0,0,0,0,0,0,0,0,0,11
481441,2,1,1984,0,0,0,0,0,0,0,0,0,0
481442,0,1,1984,0,0,0,0,0,0,6,0,0,20
481442,1,1,1984,14,13,17,12,11,14,0,0,33,0
481443,1,1,1984,15,0,0,0,0,0,29,0,0,0
481443,2,1,1984,8,6,8,0,13,0,13,0,0,0
481444,1,1,1984,24,0,0,0,16,0,19,0,0,0
481445,1,1,1984,20,0,18,15,0,0,9,0,0,0
481445,2,1,1984,9,12,24,0,12,22,24,10,8,3
481446,0,1,1984,0,0,0,0,0,0,0,0,0,0
481446,1,1,1984,0,0,0,0,0,29,0,11,0,0
481447,1,1,1984,21,13,12,10,0,0,0,26,8,0
481447,2,1,1984,0,0,0,0,8,0,0,0,5,27
481448,1,1,1984,16,0,15,26,10,0,17,25,8,20
481449,0,1,1984,31,0,13,17,32,16,21,0,0,0
481449,1,1,1984,0,0,19,0,0,0,12,31,0,21
481450,1,1,1984,0,0,0,0,0,0,0,0,0,0
481451,1,1,1984,0,9,0,0,0,0,0,0,0,0
481451,2,1,1984,0,0,16,0,0,0,0,0,0,0
481452,1,1,1984,0,0,13,22,11,0,0,19,0,0
481452,2,1,1984,22,22,22,22,22,22,22,22,22,22
481453,0,1,1984,0,0,0,0,0,0,0,0,0,0
481453,1,1,1984,0,0,0,0,0,0,0,0,0,0
481454,1,1,1984,0,0,0,0,0,0,0,0,0,0
481454,2,1,1984,0,16,0,0,0,8,0,18,18,0
481455,1,1,1984,18,14,12,0,19,10,21,8,0,15
481456,1,1,1984,10,7,18,39,7,14,13,21,20,14
481457,1,1,1984,0,36,0,26,7,0,0,0,0,0
481458,0,1,1984,22,17,34,20,0,27,17,0,21,16
481458,1,1,1984,0,14,0,0,0,0,0,0,0,4
481459,0,1,1984,0,0,0,0,0,0,0,7,10,0
481459,1,1,1984,0,9,0,0,0,2,0,0,0,0
481460,1,1,1984,0,0,16,0,18,6,0,0,22,24
481460,2,1,1984,0,16,28,10,4,14,18,0,15,0
481461,0,1,1984,0,22,6,12,24,16,0,9,19,8
481461,1,1,1984,15,0,0,0,0,0,0,0,0,0
481462,1,1,1984,0,0,0,0,0,0,0,0,0,0
481462,2,1,1984,20,0,0,0,17,0,0,0,0,0
481463,1,1,1984,6,13,8,21,32,23,16,3,38,22
481463,2,1,1984,0,16,14,0,0,19,22,0,0,0
481464,1,1,1984,16,12,0,0,0,0,0,0,0,12
481464,2,1,1984,23,12,0,0,9,0,0,0,0,0
481465,1,1,1984,10,4,0,0,17,0,0,0,21,0
481466,1,1,1984,8,0,5,14,15,2,0,12,0,14
481466,2,1,1984,41,39,0,20,24,29,0,43,16,10
481467,1,1,1984,0,7,22,18,33,0,0,17,19,0
481468,0,1,1984,23,10,36,5,7,37,15,23,14,28
481468,1,1,1984,0,0,0,0,5,0,0,8,0,0
481469,1,1,1984,19,22,22,18,21,12,17,32,10,34
481470,1,1,1984,0,0,0,0,0,0,0,0,0,0
481470,2,1,1984,0,0,0,0,0,0,0,0,0,0
481471,1,1,1984,11,27,30,17,31,9,28,17,14,28
481472,1,1,1984,0,0,0,0,0,0,0,0,0,0
481472,2,1,1984,0,0,0,0,0,4,0,5,0,0
481473,1,1,1984,26,18,26,22,30,16,20,30,20,28
481474,1,1,1984,24,0,0,33,0,22,15,26,18,22
481474,2,1,1984,0,0,13,27,20,0,0,0,20,8
481475,1,1,1984,16,16,19,24,22,21,15,13,44,16
481475,2,1,1984,0,23,15,20,16,0,0,0,14,21
481476,1,1,1984,13,9,17,18,20,17,0,5,15,36
481477,1,1,1984,23,16,31,21,13,17,24,15,12,26
481478,1,1,1984,0,0,0,0,0,21,22,23,0,0
481478,2,1,1984,0,12,16,0,9,0,0,0,0,0
481479,1,1,1984,20,14,34,12,7,25,14,18,27,16
481480,0,1,1984,14,38,31,18,9,11,17,18,8,30
481480,1,1,1984,0,10,10,10,12,0,23,0,5,9
481481,1,1,1984,0,11,11,26,16,0,0,0,0,27
481482,1,1,1984,0,0,0,5,0,0,0,0,0,0
481482,2,1,1984,15,0,0,15,0,0,0,15,0,3
481483,1,1,1984,10,22,20,28,29,17,18,14,23,13
481484,0,1,1984,0,0,0,0,0,0,0,0,0,0
481484,1,1,1984,0,0,0,0,0,0,0,0,0,0
481485,1,1,1984,0,32,0,9,16,14,0,10,23,14
481486,1,1,1984,0,13,0,0,4,0,9,0,0,12
481487,1,1,1984,0,19,9,7,0,15,0,18,0,0
481487,2,1,1984,0,0,19,0,0,14,0,0,0,23
481488,1,1,1984,24,23,0,22,27,14,4,19,20,0
481489,1,1,1984,23,23,26,19,25,25,35,16,33,15
481490,1,1,1984,5,0,0,0,0,19,0,0,0,0
481491,0,1,1984,0,26,21,30,0,10,21,0,0,25
481491,1,1,1984,7,7,7,7,7,7,7,7,7,7
481492,1,1,1984,0,0,0,12,0,17,0,0,0,0
481493,1,1,1984,9,20,16,18,13,0,0,24,7,9
481494,1,1,1984,0,0,0,10,0,0,0,0,0,0
481494,2,1,1984,0,0,0,0,0,0,0,0,0,0
481495,1,1,1984,0,0,0,0,25,0,9,10,17,19
481495,2,1,1984,0,5,0,0,0,0,0,0,0,0
481496,1,1,1984,10,0,14,0,11,0,0,0,0,22
481497,1,1,1984,0,0,0,0,19,0,0,0,0,0
481497,2,1,1984,0,0,0,0,0,0,0,0,0,0
481498,1,1,1984,0,0,0,0,0,0,0,0,0,0
481498,2,1,1984,0,8,7,0,0,0,0,0,0,0
481499,0,1,1984,0,0,0,0,31,0,0,0,8,14
481499,0,2,1984,0,7,0,0,0,0,7,0,0,19
481499,1,1,1984,6,0,0,0,0,0,0,0,0,0
481500,1,1,1984,0,0,24,0,0,0,0,0,16,0
481500,2,1,1984,0,0,0,0,0,0,0,0,26,0
481501,1,1,1984,0,0,0,0,21,0,0,0,0,0
481501,2,1,1984,0,0,10,0,0,0,0,0,0,0
481502,1,1,1984,0,0,0,0,0,0,0,0,9,0
481502,2,1,1984,0,0,0,0,0,0,0,0,0,0
481503,1,1,1984,0,13,0,0,0,0,14,23,29,0
481504,1,1,1984,0,0,0,0,0,27,0,0,0,0
481504,2,1,1984,0,12,0,0,0,0,0,0,0,0
481505,1,1,1984,1,1,1,1,1,1,1,1,1,1
481505,2,1,1984,0,10,0,0,14,0,0,12,0,13
481506,1,1,1984,2,0,0,0,0,25,0,0,0,0
481507,1,1,1984,12,19,16,15,14,13,17,14,21,14
481507,2,1,1984,0,18,0,0,0,0,0,0,0,0
481508,1,1,1984,19,30,14,16,17,28,16,19,24,19
481509,1,1,1984,0,11,9,12,17,17,22,10,0,0
481510,1,1,1984,8,24,15,11,41,16,12,29,30,21
481511,1,1,1984,27,12,18,12,15,16,0,25,0,20
481512,1,1,1984,9,31,7,17,26,15,19,0,21,0
481513,1,1,1984,0,0,0,0,0,10,0,0,0,0
481513,2,1,1984,0,0,0,0,0,0,0,0,0,0
481514,1,1,1984,0,0,0,0,8,0,0,0,0,0
481514,2,1,1984,0,0,0,0,0,0,20,22,7,0
481515,1,1,1984,23,38,32,20,0,0,12,8,0,36
481515,2,1,1984,0,0,0,0,0,0,0,0,0,0
481516,1,1,1984,0,0,28,0,12,0,13,0,0,0
481516,2,1,1984,0,0,0,0,13,0,3,9,0,42
481517,1,1,1984,11,0,0,23,0,6,0,0,0,0
481517,2,1,1984,0,0,14,12,3,0,18,7,0,0
481518,1,1,1984,0,12,7,8,8,6,13,12,22,13
481519,1,1,1984,8,14,12,0,4,16,8,7,10,14
481519,2,1,1984,0,3,10,0,19,17,0,9,0,0
481520,1,1,1984,4,18,14,10,15,20,18,25,28,4
481521,1,1,1984,32,21,22,0,26,26,29,29,30,22
481522,1,1,1984,0,0,0,15,0,0,20,0,0,0
481522,2,1,1984,0,0,0,0,0,0,0,0,0,0
481523,1,1,1984,0,0,0,0,0,5,0,0,0,0
481523,2,1,1984,0,0,0,0,0,0,0,0,0,8
481524,1,1,1984,16,24,6,16,20,12,17,27,8,11
481524,2,1,1984,0,0,0,6,3,0,0,0,0,0
481525,1,1,1984,0,0,0,18,0,0,0,0,0,29
481525,2,1,1984,45,14,9,17,29,10,10,24,29,16
481526,1,1,1984,0,30,0,20,0,0,0,0,0,0
481527,1,1,1984,6,15,19,16,16,8,15,11,0,16
481528,1,1,1984,0,0,8,0,9,0,17,0,21,0
481529,1,1,1984,20,21,9,34,29,15,11,19,27,27
481529,2,1,1984,0,0,0,16,10,0,0,0,0,0
481530,1,1,1984,5,21,29,0,22,20,22,9,21,19
481531,1,1,1984,0,0,0,0,0,0,0,0,0,0
481531,2,1,1984,11,0,0,0,0,0,0,0,0,5
481532,1,1,1984,0,15,9,25,17,20,14,7,22,0
481532,2,1,1984,0,30,11,21,19,21,21,14,27,17
481533,1,1,1984,21,21,21,21,21,21,21,21,21,21
481534,1,1,1984,11,13,25,29,17,24,0,18,28,3
481535,1,1,1984,0,23,0,12,18,0,19,0,15,0
481535,2,1,1984,0,0,24,0,20,0,0,0,13,0
481536,0,1,1984,0,0,0,0,0,0,0,0,0,0
481536,1,1,1984,0,0,0,0,0,0,0,0,0,0
481537,1,1,1984,0,0,0,0,0,24,0,26,0,0
481538,1,1,1984,12,16,19,6,33,10,10,11,28,12
481539,0,1,1984,37,23,0,19,36,0,34,0,0,0
481539,1,1,1984,16,0,0,19,0,0,0,15,15,0
481540,0,1,1984,0,9,0,0,0,0,0,0,0,17
481540,1,1,1984,16,0,7,0,0,0,0,13,16,16
481541,1,1,1984,19,26,15,0,28,19,23,18,17,16
481542,0,1,1984,0,0,0,0,0,0,0,0,0,0
481542,0,2,1984,0,0,0,0,0,0,0,0,0,0
481542,1,1,1984,0,0,0,0,0,0,0,0,0,0
481542,2,1,1984,0,0,0,0,11,0,0,0,0,0
481543,1,1,1984,0,0,0,0,23,0,0,26,0,0
481544,0,1,1984,0,0,0,0,0,0,0,0,0,0
481544,1,1,1984,0,0,26,0,0,0,11,0,0,10
481545,1,1,1984,0,6,5,11,0,0,7,0,0,0
481545,2,1,1984,0,3,0,17,0,0,8,9,0,0
481546,1,1,1984,0,28,0,12,21,0,18,18,13,0
481547,1,1,1984,0,9,0,0,0,0,0,0,0,0
481547,2,1,1984,0,0,0,0,0,0,0,0,0,0
481548,1,1,1984,19,0,9,0,13,31,10,14,13,0
481548,2,1,1984,0,0,0,0,13,0,0,0,0,0
481549,1,1,1984,15,22,18,30,16,0,30,16,6,15
481549,2,1,1984,0,0,0,10,7,10,0,0,0,0
481550,0,1,1984,0,34,0,9,16,2,0,34,0,38
481550,1,1,1984,0,0,0,7,18,0,44,0,19,14
481551,1,1,1984,0,0,0,0,0,0,0,0,0,0
481551,2,1,1984,0,0,0,0,0,0,0,0,0,0
481552,1,1,1984,0,0,0,0,0,0,0,0,0,0
481552,2,1,1984,0,0,0,0,0,0,10,3,0,0
481553,1,1,1984,19,13,14,12,16,11,0,13,22,0
481553,2,1,1984,18,0,0,13,14,26,20,0,32,22
481554,1,1,1984,0,0,0,0,0,0,0,0,0,0
481555,0,1,1984,0,32,0,0,29,0,0,47,0,0
481555,1,1,1984,0,0,8,0,0,0,0,0,0,0
481556,1,1,1984,0,0,25,0,25,0,17,0,0,9
481557,0,1,1984,0,0,22,0,3,0,19,0,21,0
481557,1,1,1984,0,0,0,0,0,0,0,13,8,16
481558,1,1,1984,0,9,0,0,0,0,0,0,0,0
481558,2,1,1984,0,0,0,0,0,0,0,3,0,0
481558,3,1,1984,0,0,0,0,0,0,0,0,0,11
481559,0,1,1984,10,14,0,20,25,17,16,8,20,34
481559,1,1,1984,11,0,0,9,0,0,0,0,12,0
481560,1,1,1984,0,0,0,13,0,0,0,0,0,0
481560,2,1,1984,0,0,0,0,6,0,0,11,0,0
481561,1,1,1984,21,0,23,4,0,20,0,0,0,20
481561,2,1,1984,0,6,8,11,7,29,19,3,16,4
481561,3,1,1984,18,0,0,0,0,0,4,0,0,2
481562,1,1,1984,10,10,10,10,10,10,10,10,10,10
481563,1,1,1984,18,0,0,21,19,0,0,0,18,0
481563,2,1,1984,0,0,9,0,0,0,0,0,0,0
481564,1,1,1984,0,0,9,4,0,0,0,0,0,17
481564,2,1,1984,0,0,15,0,9,9,17,0,0,11
481564,3,1,1984,8,0,10,12,0,0,13,14,7,14
481565,1,1,1984,22,14,12,33,9,15,21,4,11,13
481566,0,1,1984,14,0,0,0,26,0,13,8,3,0
481566,1,1,1984,0,9,29,0,23,27,16,21,27,14
481567,1,1,1984,0,11,0,12,28,16,0,9,7,14
481568,0,1,1984,0,0,0,0,0,0,0,0,0,0
481568,1,1,1984,0,0,0,0,0,0,0,0,0,0
481569,1,1,1984,25,29,25,0,27,17,31,23,20,33
481569,2,1,1984,28,26,0,4,22,21,9,0,0,23
481570,1,1,1984,21,23,14,20,18,18,24,25,28,21
481571,1,1,1984,0,0,0,0,0,13,0,0,19,0
481571,2,1,1984,20,9,3,9,11,11,15,0,15,18
481572,1,1,1984,0,0,7,0,0,0,0,0,0,0
481572,2,1,1984,0,0,10,0,0,0,6,0,4,7
481573,1,1,1984,6,6,6,6,6,6,6,6,6,6
481574,1,1,1984,26,12,22,28,22,28,18,18,9,27