ST_CASE,VEH_NO,PER_NO,YEAR,P1,P2,P3,P4,P5,P6,P7,P8,P9,P10
481575,1,1,1984,0,0,0,0,0,0,0,0,13,0
481575,2,1,1984,0,0,0,0,0,0,3,0,0,0
481575,3,1,1984,0,0,0,0,0,0,0,0,0,20
481576,1,1,1984,0,0,0,0,0,0,0,0,0,0
481576,2,1,1984,0,0,0,0,0,0,0,0,0,0
481577,0,1,1984,0,0,0,0,0,0,0,0,0,0
481577,0,2,1984,14,0,0,0,0,0,17,10,0,0
481577,1,1,1984,0,0,17,0,0,0,20,0,0,0
481578,1,1,1984,0,0,0,0,0,0,0,15,0,0
481578,2,1,1984,21,0,0,24,14,18,14,23,0,16
481579,1,1,1984,0,0,0,0,0,0,0,7,0,0
481579,2,1,1984,22,18,27,12,6,18,15,5,16,11
481580,0,1,1984,0,0,0,0,0,0,0,0,0,0
481580,1,1,1984,11,11,11,11,11,11,11,11,11,11
481581,1,1,1984,35,11,8,22,14,24,21,14,18,25
481582,0,1,1984,21,9,6,27,35,8,14,22,11,10
481582,1,1,1984,10,0,17,18,19,3,15,0,19,0
481583,1,1,1984,37,13,15,8,46,12,12,12,24,26
481583,2,1,1984,0,0,0,27,0,0,0,0,0,0
481583,3,1,1984,0,0,0,0,0,0,0,0,0,0
481584,1,1,1984,0,0,0,8,13,0,0,0,0,0
481584,2,1,1984,16,0,0,0,0,0,0,12,0,0
481585,1,1,1984,0,0,0,0,0,0,0,0,0,0
481586,1,1,1984,21,0,0,0,12,0,0,0,0,0
481587,1,1,1984,0,0,0,0,0,0,0,0,0,0
481588,1,1,1984,14,0,0,12,44,33,9,19,14,31
481588,2,1,1984,9,21,10,0,19,0,0,15,0,11
481589,1,1,1984,0,0,0,0,0,0,20,0,0,0
481589,2,1,1984,0,10,0,0,7,0,0,0,26,0
481590,1,1,1984,8,29,8,6,22,24,0,22,16,25
481590,2,1,1984,12,0,0,0,0,23,0,6,12,12
481591,1,1,1984,17,8,37,0,20,10,15,12,11,16
481592,1,1,1984,17,26,0,10,0,0,19,9,21,0
481593,1,1,1984,0,6,20,19,25,18,31,20,23,19
481593,2,1,1984,0,6,0,0,0,5,0,19,0,0
481594,1,1,1984,23,0,0,0,0,0,0,0,0,0
481594,2,1,1984,3,0,0,0,0,0,0,0,0,0
481594,3,1,1984,0,0,0,0,0,0,0,0,0,0
481595,1,1,1984,0,0,0,9,18,9,0,0,0,16
481595,2,1,1984,12,0,0,13,15,0,11,24,0,23
481596,1,1,1984,16,16,16,16,16,16,16,16,16,16
481596,2,1,1984,21,11,8,0,0,0,5,0,0,0
481597,1,1,1984,20,15,14,13,5,11,7,12,3,0
481598,1,1,1984,17,0,0,0,0,21,0,0,18,0
481598,2,1,1984,0,13,16,11,8,0,7,20,5,12
481599,1,1,1984,0,0,13,0,0,0,0,0,20,0
481599,2,1,1984,0,0,0,0,0,0,0,0,0,0
481600,0,1,1984,10,0,0,0,16,22,0,0,7,0
481600,1,1,1984,0,0,25,15,0,0,0,0,29,31
481601,0,1,1984,12,0,0,9,7,14,10,5,0,19
481601,1,1,1984,11,0,9,15,21,17,12,14,14,9
481602,1,1,1984,0,5,0,0,0,0,0,4,0,0
481603,1,1,1984,0,0,21,5,8,0,0,0,23,0
481603,2,1,1984,9,0,23,9,0,0,19,17,0,7
481604,0,1,1984,0,0,0,0,0,0,0,0,0,0
481604,1,1,1984,0,0,0,0,0,0,0,0,0,0
481605,1,1,1984,0,0,27,0,0,0,0,0,0,0
481606,1,1,1984,14,0,14,14,18,27,25,7,13,28
481607,1,1,1984,0,0,0,0,0,0,0,0,6,0
481607,2,1,1984,0,0,0,0,0,0,0,0,0,0
481608,1,1,1984,0,0,12,0,0,0,0,0,0,0
481608,2,1,1984,0,0,0,0,15,0,0,0,0,0
481609,1,1,1984,0,0,0,0,10,0,28,27,17,0
481609,2,1,1984,24,16,20,16,15,10,32,29,16,23
481610,1,1,1984,22,13,24,29,18,17,0,17,15,8
481611,0,1,1984,0,0,0,0,0,0,0,0,0,0
481611,1,1,1984,0,0,0,16,0,0,0,0,0,0
481612,0,1,1984,19,0,0,0,23,0,0,25,0,0
481612,1,1,1984,0,22,0,0,0,0,15,14,5,20
481613,1,1,1984,0,7,28,0,0,0,0,0,0,0
481614,1,1,1984,0,11,0,0,0,0,0,0,0,0
481615,1,1,1984,30,0,0,22,0,0,0,0,0,0
481616,1,1,1984,23,14,8,15,16,0,11,18,25,28
481616,2,1,1984,0,11,0,0,0,14,20,17,10,0
481617,0,1,1984,0,0,0,0,0,0,0,0,0,0
481617,1,1,1984,23,0,7,25,0,7,0,0,0,0
481618,1,1,1984,0,0,0,20,11,0,0,12,0,0
481619,1,1,1984,16,16,16,16,16,16,16,16,16,16
481619,2,1,1984,0,0,11,0,0,0,0,0,40,0
481620,1,1,1984,0,0,0,0,0,0,0,0,0,0
481621,1,1,1984,15,22,17,17,29,6,26,0,33,0
481622,1,1,1984,17,0,29,13,0,27,18,9,15,14
481623,1,1,1984,16,30,8,12,18,19,28,23,9,21
481623,2,1,1984,0,10,14,4,12,0,9,0,21,15
481624,1,1,1984,3,0,13,0,13,11,16,0,0,15
481625,1,1,1984,10,16,13,26,17,27,16,17,13,23
481626,1,1,1984,0,12,0,16,0,25,25,0,22,0
481627,1,1,1984,17,7,15,4,18,17,19,6,13,13
481627,2,1,1984,0,0,0,0,12,0,25,15,22,0
481628,1,1,1984,32,9,13,25,12,10,9,10,6,12
481628,2,1,1984,0,0,11,0,0,0,0,0,0,0
481629,1,1,1984,16,10,14,27,16,15,17,20,18,27
481630,0,1,1984,10,18,0,24,19,0,19,20,0,29
481630,1,1,1984,9,15,20,0,0,17,16,0,0,0
481631,1,1,1984,14,11,19,26,9,0,0,5,21,6
481632,1,1,1984,0,3,19,16,20,0,20,0,0,18
481633,1,1,1984,8,15,13,12,17,18,20,17,16,8
481634,1,1,1984,9,11,13,0,8,0,15,0,0,13
481635,1,1,1984,0,0,0,0,0,0,0,0,0,0
481635,2,1,1984,21,0,0,0,0,14,0,0,0,0
481636,1,1,1984,13,19,0,18,12,12,17,8,19,15
481637,1,1,1984,0,0,0,15,0,0,9,30,24,0
481638,1,1,1984,22,10,23,18,8,13,17,24,13,18
481639,1,1,1984,19,19,19,19,19,19,19,19,19,19
481640,1,1,1984,13,0,0,0,0,0,0,0,0,0
481641,1,1,1984,0,0,0,0,0,0,0,0,0,7
481641,2,1,1984,0,0,0,0,2,0,0,0,0,17
481642,1,1,1984,28,0,0,0,4,0,27,14,7,16
481643,1,1,1984,17,0,21,0,0,15,0,0,0,0
481643,2,1,1984,0,0,0,0,0,0,0,0,0,0
481644,1,1,1984,0,0,0,0,0,0,0,0,0,5
481644,2,1,1984,0,0,0,0,0,0,0,0,0,0
481644,3,1,1984,0,0,0,0,0,0,0,12,0,0
481645,1,1,1984,26,21,10,26,16,6,23,11,22,0
481646,1,1,1984,0,3,0,0,0,0,0,21,0,0
481646,2,1,1984,0,0,0,0,0,0,0,0,0,0
481647,1,1,1984,16,14,14,22,19,22,15,9,23,20
481648,1,1,1984,0,0,11,0,0,0,0,0,0,0
481648,2,1,1984,0,0,0,0,0,9,0,0,0,0
481649,0,1,1984,22,11,6,31,25,21,21,12,43,14
481649,1,1,1984,0,30,3,23,15,0,12,6,11,0
481650,1,1,1984,7,0,30,15,11,10,0,27,23,20
481651,1,1,1984,15,0,0,0,15,11,0,17,5,0
481652,1,1,1984,16,11,12,12,26,11,22,14,20,13
481652,2,1,1984,18,0,12,11,7,16,14,3,8,23
481653,1,1,1984,9,0,0,12,15,4,0,7,16,0
481653,2,1,1984,0,16,19,21,12,7,16,7,14,0
481654,1,1,1984,0,0,0,6,0,0,0,11,12,0
481655,1,1,1984,13,13,13,13,13,13,13,13,13,13
481655,2,1,1984,0,13,18,0,0,20,7,29,13,0
481656,1,1,1984,0,0,0,0,0,0,0,12,0,0
481656,2,1,1984,0,0,0,0,0,0,0,0,0,0
481657,0,1,1984,0,0,0,0,6,6,0,0,0,0
481657,1,1,1984,6,0,15,0,0,0,0,0,0,0
481658,0,1,1984,0,0,0,0,0,10,0,0,0,27
481658,1,1,1984,0,0,0,0,0,0,17,0,0,0
481659,1,1,1984,0,0,0,0,0,0,0,12,0,0
481660,1,1,1984,3,15,17,8,8,26,18,42,11,20
481661,1,1,1984,0,0,0,0,0,14,0,0,0,0
481661,2,1,1984,0,0,7,0,0,0,0,0,0,0
481662,1,1,1984,15,0,0,0,0,0,0,0,0,0
481662,2,1,1984,9,9,9,9,9,9,9,9,9,9
481663,1,1,1984,21,21,17,24,21,17,20,24,0,17
481664,1,1,1984,0,20,0,0,0,0,0,36,0,0
481665,0,1,1984,0,0,0,0,0,0,0,0,0,0
481665,0,2,1984,8,0,0,0,0,17,0,6,6,0
481665,1,1,1984,0,0,0,0,0,0,0,0,0,17
481666,1,1,1984,13,9,21,0,2,0,18,9,0,0
481666,2,1,1984,0,0,0,0,23,0,0,15,5,0
481667,1,1,1984,16,16,16,16,16,16,16,16,16,16
481667,2,1,1984,22,0,12,0,13,22,26,0,25,0
481668,1,1,1984,2,0,0,0,0,0,0,0,0,0
481668,2,1,1984,27,19,9,15,8,13,12,22,0,7
481669,1,1,1984,26,28,25,26,24,28,24,0,21,13
481670,1,1,1984,26,24,26,29,26,29,28,22,27,13
481671,1,1,1984,0,0,0,0,0,0,0,0,0,0
481671,2,1,1984,0,0,0,0,0,0,0,0,0,0
481672,1,1,1984,15,25,0,9,18,3,9,8,8,0
481672,2,1,1984,12,15,0,16,18,10,6,6,19,21
481673,1,1,1984,0,0,0,0,0,0,0,0,18,0
481673,2,1,1984,31,0,21,21,13,10,9,9,13,16
481674,0,1,1984,25,0,0,0,20,17,0,0,0,5
481674,1,1,1984,15,15,15,15,15,15,15,15,15,15
481675,1,1,1984,0,0,0,0,0,0,0,22,0,16
481675,2,1,1984,0,0,0,0,0,0,0,0,0,0
481676,0,1,1984,0,0,0,0,0,0,0,0,0,0
481676,1,1,1984,0,17,0,0,10,0,16,32,27,0
481677,0,1,1984,9,6,9,0,13,12,43,3,20,20
481677,1,1,1984,0,0,0,15,14,0,0,0,0,0
481678,1,1,1984,37,14,0,9,34,18,11,14,17,13
481678,2,1,1984,0,0,0,0,0,0,0,15,0,7
481679,1,1,1984,0,32,0,11,0,0,9,0,0,0
481679,2,1,1984,0,0,0,0,0,0,0,0,0,0
481680,1,1,1984,0,0,0,12,14,0,0,0,0,0
481680,2,1,1984,0,0,0,0,0,0,0,0,0,0
481681,1,1,1984,0,4,0,0,0,0,0,0,0,0
481681,2,1,1984,19,0,0,0,0,0,0,0,0,0
481682,1,1,1984,29,0,14,0,0,0,0,0,0,0
481683,1,1,1984,25,25,26,0,11,16,0,0,18,7
481684,1,1,1984,18,18,18,18,18,18,18,18,18,18
481685,1,1,1984,10,10,10,10,10,10,10,10,10,10
481686,1,1,1984,25,20,19,23,10,19,26,10,9,19
481687,0,1,1984,16,13,38,10,15,10,39,21,10,33
481687,1,1,1984,14,0,0,8,21,19,0,0,0,0
481688,1,1,1984,0,2,0,8,12,0,0,0,0,26
481688,2,1,1984,13,16,23,16,17,12,7,8,19,12
481689,1,1,1984,17,16,15,15,16,16,12,8,13,15
481690,1,1,1984,20,0,10,18,12,19,20,7,16,28
481691,0,1,1984,16,21,18,3,17,34,15,16,22,19
481691,1,1,1984,21,0,0,0,0,24,9,16,0,0
481692,1,1,1984,21,26,32,7,24,27,21,19,8,9
481693,1,1,1984,7,0,10,15,0,6,17,0,0,13
481693,2,1,1984,0,0,0,3,0,0,0,0,13,0
481694,0,1,1984,0,0,0,0,0,0,9,0,0,0
481694,1,1,1984,0,0,0,19,0,0,0,0,18,14
481695,1,1,1984,0,0,0,0,0,0,0,0,0,0
481695,2,1,1984,17,19,12,0,31,19,0,0,32,23
481696,1,1,1984,16,0,13,0,7,0,4,6,9,0
481697,1,1,1984,18,7,19,18,12,6,21,14,11,7
481698,1,1,1984,5,10,13,7,13,11,12,14,28,13
481699,1,1,1984,15,12,27,4,13,11,18,17,11,7
481699,2,1,1984,0,0,0,0,0,0,0,0,0,0
481700,1,1,1984,0,0,0,0,0,0,0,0,0,0
481700,2,1,1984,0,14,0,13,12,14,18,0,0,0
481701,1,1,1984,0,0,0,18,0,26,0,0,0,0
481702,1,1,1984,15,16,0,13,13,0,14,0,0,0
481702,2,1,1984,0,13,24,19,10,0,0,0,12,7
481703,1,1,1984,9,0,0,0,0,0,0,0,12,0
481703,2,1,1984,0,0,0,0,0,0,0,0,0,26
481704,1,1,1984,16,8,0,0,14,0,0,0,0,0
481704,2,1,1984,13,8,22,28,24,3,27,5,9,21
481705,1,1,1984,0,0,17,0,0,0,0,0,0,0
481705,2,1,1984,0,0,0,0,0,0,0,0,0,0
481706,1,1,1984,17,14,13,0,14,31,11,18,4,0
481707,1,1,1984,21,0,0,0,0,20,0,0,0,0
481707,2,1,1984,0,0,0,0,0,3,5,0,0,0
481708,0,1,1984,0,0,42,0,12,0,0,37,0,0
481708,1,1,1984,0,0,0,14,0,0,8,0,0,0
481709,0,1,1984,0,0,17,25,33,31,15,23,33,31
481709,1,1,1984,0,10,0,0,0,0,0,0,0,0
481710,1,1,1984,0,0,0,0,0,22,15,0,0,0
481711,1,1,1984,0,0,0,0,0,0,0,0,0,15
481711,2,1,1984,0,0,0,0,0,0,0,0,0,9
481712,0,1,1984,0,0,19,0,13,0,0,0,10,16
481712,1,1,1984,24,0,0,24,0,9,0,0,0,9
481713,1,1,1984,0,0,0,15,17,0,0,32,0,5
481714,1,1,1984,0,5,0,0,0,0,17,0,0,6
481714,2,1,1984,0,0,0,7,0,10,0,0,0,0
481715,1,1,1984,23,0,23,17,13,21,16,21,16,13
481716,1,1,1984,0,0,0,0,0,0,0,0,0,0
481716,2,1,1984,17,25,0,7,0,0,0,17,5,0
481717,1,1,1984,0,0,16,0,0,0,0,21,0,0
481718,1,1,1984,9,6,13,15,33,17,12,22,10,11
481719,1,1,1984,0,0,0,0,0,15,0,0,0,0
481719,2,1,1984,0,0,0,0,0,0,0,0,0,0
481720,1,1,1984,0,0,0,0,0,0,0,0,0,0
481720,2,1,1984,16,0,0,0,0,0,0,0,7,0
481721,1,1,1984,2,0,0,9,10,0,19,6,23,7
481722,0,1,1984,9,9,18,22,14,17,14,3,23,40
481722,1,1,1984,0,0,0,0,0,0,0,0,17,0
481723,1,1,1984,33,0,0,0,0,9,0,0,0,0
481723,2,1,1984,0,0,0,0,0,0,0,0,0,0
481724,0,1,1984,0,0,0,0,0,0,0,0,0,0
481724,1,1,1984,0,15,0,0,0,15,0,0,0,0
481725,1,1,1984,0,0,17,18,0,0,0,0,0,0
481726,0,1,1984,0,0,0,0,0,0,0,0,0,0
481727,1,1,1984,0,15,5,0,0,11,7,0,0,0
481728,1,1,1984,0,0,15,0,0,0,14,0,6,15
481728,2,1,1984,40,5,32,22,7,11,30,22,12,28
481729,1,1,1984,0,19,25,0,27,5,0,12,0,22
481730,1,1,1984,0,0,0,0,14,0,14,0,0,0
481731,1,1,1984,22,18,0,5,4,0,0,0,11,0
481732,1,1,1984,16,9,17,14,31,32,12,16,7,22
481733,0,1,1984,0,0,21,9,0,0,0,0,19,0
481733,1,1,1984,0,17,17,20,4,6,7,18,4,0
481734,1,1,1984,0,0,13,0,14,0,0,15,0,13
481734,2,1,1984,19,0,27,21,0,0,27,0,0,0
481735,1,1,1984,0,0,0,0,0,0,0,0,0,0
481735,2,1,1984,0,0,0,0,0,0,0,0,0,0
481736,1,1,1984,20,15,0,19,0,9,0,0,10,9
481736,2,1,1984,0,21,0,13,0,0,0,0,10,0
481737,1,1,1984,45,22,15,13,30,8,8,16,15,23
481737,2,1,1984,0,24,14,4,13,23,1,8,15,6
481738,1,1,1984,0,0,0,0,0,0,0,0,0,0
481738,2,1,1984,0,10,0,0,27,0,0,0,21,0
481739,1,1,1984,0,9,6,0,0,0,0,0,0,0
481739,2,1,1984,0,0,0,0,0,0,0,0,0,0
481740,0,1,1984,64,16,28,0,0,5,0,15,0,37
481740,1,1,1984,14,7,16,0,7,0,8,0,22,0
481741,1,1,1984,16,0,14,33,16,14,14,0,12,0
481742,1,1,1984,13,0,12,15,9,0,28,0,0,15
481743,1,1,1984,0,0,0,21,0,0,0,9,13,0
481744,0,1,1984,0,0,0,0,0,0,0,0,0,0
481744,1,1,1984,0,0,0,0,0,2,0,31,10,13
481745,1,1,1984,0,14,15,0,20,0,16,23,21,0
481746,1,1,1984,0,0,8,7,17,0,30,22,25,22
481747,1,1,1984,8,27,23,53,24,0,16,24,18,13
481747,2,1,1984,15,15,15,15,15,15,15,15,15,15
481748,0,1,1984,13,21,7,23,7,18,21,14,30,10
481748,1,1,1984,0,0,8,0,13,0,0,20,0,11
481749,1,1,1984,0,0,16,0,0,0,0,0,0,0
481749,2,1,1984,0,0,0,0,0,0,0,0,0,0
481750,1,1,1984,0,18,27,10,0,13,25,0,17,13
481751,1,1,1984,0,0,5,0,8,0,6,34,4,0
481752,0,1,1984,0,0,0,0,0,0,0,0,0,0
481752,1,1,1984,0,12,7,8,0,0,0,9,29,0
481753,1,1,1984,18,0,13,14,0,21,10,15,8,23
481754,1,1,1984,0,0,0,0,0,0,0,0,16,0
481755,1,1,1984,22,6,20,17,13,0,30,17,9,9
481756,0,1,1984,9,21,24,7,15,14,23,25,22,16
481756,1,1,1984,0,0,0,5,0,0,0,0,0,8
481757,1,1,1984,0,14,0,0,36,6,33,30,11,22
481757,2,1,1984,0,13,0,5,0,0,0,0,0,0
481758,1,1,1984,0,18,0,0,0,0,0,0,0,0
481759,1,1,1984,19,19,19,19,19,19,19,19,19,19
481759,2,1,1984,17,0,26,0,0,0,0,0,0,0
481760,1,1,1984,4,0,18,14,0,19,29,18,26,23
481761,1,1,1984,0,11,0,0,0,0,17,0,11,7
481761,2,1,1984,4,17,0,0,21,12,0,0,0,0
481762,1,1,1984,20,20,20,20,20,20,20,20,20,20
481763,1,1,1984,0,0,0,14,11,0,30,0,0,18
481764,1,1,1984,0,0,0,0,0,0,11,0,15,0
481764,2,1,1984,11,0,0,0,0,0,0,0,0,0
481765,0,1,1984,11,25,12,8,0,0,43,13,0,0
481765,1,1,1984,35,26,14,15,20,0,0,0,0,4
481766,1,1,1984,19,13,0,0,13,4,19,19,18,0
481766,2,1,1984,6,20,16,13,18,24,21,18,9,6
481767,0,1,1984,0,0,0,0,0,0,0,0,0,0
481767,1,1,1984,0,0,0,0,0,0,0,0,0,5
481768,1,1,1984,33,0,0,6,14,12,17,15,0,15
481769,1,1,1984,0,14,23,3,5,0,26,12,7,0
481770,1,1,1984,15,0,0,0,0,0,0,10,0,0
481771,0,1,1984,25,0,48,26,0,25,25,0,0,24
481771,1,1,1984,21,13,19,0,0,0,8,0,0,0
481772,1,1,1984,16,21,14,25,14,12,23,14,12,23
481773,1,1,1984,6,16,0,0,11,9,0,10,19,21
481773,2,1,1984,15,15,15,15,15,15,15,15,15,15
481774,1,1,1984,10,0,18,8,26,13,11,0,1,0
481775,1,1,1984,0,0,0,0,7,0,0,0,44,9
481775,2,1,1984,0,0,0,40,0,0,0,0,0,0
481776,1,1,1984,0,27,0,0,0,0,0,0,0,8
481777,1,1,1984,11,27,16,36,15,15,12,14,24,26
481778,1,1,1984,0,0,0,0,0,0,0,4,0,0
481779,2,1,1984,17,10,0,0,0,9,6,23,23,16
481780,1,1,1984,0,0,0,0,17,0,0,0,18,0
481780,2,1,1984,0,0,0,0,0,5,0,7,0,0
481781,1,1,1984,14,44,10,11,13,16,5,16,7,6
481781,2,1,1984,0,0,0,0,0,18,0,0,0,0
481782,1,1,1984,20,23,17,0,8,8,22,0,16,0
481783,1,1,1984,17,0,0,0,0,0,0,0,0,0
481783,2,1,1984,0,0,16,0,6,26,18,0,0,22
481784,1,1,1984,28,21,20,27,22,16,18,17,26,28
481785,1,1,1984,0,0,0,0,0,0,0,0,0,18
481786,1,1,1984,17,17,17,17,17,17,17,17,17,17
481787,1,1,1984,0,0,16,0,18,7,0,0,10,0
481788,1,1,1984,13,7,27,20,14,6,23,4,27,20
481789,0,1,1984,0,0,0,15,0,7,18,17,0,4
481789,1,1,1984,12,15,14,7,11,23,13,9,3,14
481790,1,1,1984,0,15,9,7,10,11,0,0,13,18
481791,1,1,1984,29,29,29,29,29,29,29,29,29,29
481792,0,1,1984,11,12,3,16,0,9,0,2,20,0
481792,1,1,1984,0,0,0,0,8,0,0,0,26,16
481793,1,1,1984,0,0,34,20,0,0,0,8,20,8
481793,2,1,1984,0,0,0,0,13,0,0,0,14,0
481794,1,1,1984,0,0,0,0,10,0,0,12,0,0
481795,1,1,1984,13,0,0,16,10,0,19,19,0,0
481795,2,1,1984,0,12,0,16,0,21,0,0,0,0
481796,1,1,1984,26,18,21,23,21,13,10,27,15,19
481797,1,1,1984,0,0,0,0,0,0,22,24,0,0
481798,1,1,1984,0,0,0,0,0,0,0,0,0,0
481798,2,1,1984,0,0,0,0,16,0,0,0,0,9
481799,1,1,1984,19,14,15,28,21,7,19,22,21,17
481800,1,1,1984,13,20,11,21,26,23,11,17,29,17
481801,1,1,1984,13,13,13,13,13,13,13,13,13,13
481802,1,1,1984,8,32,20,30,10,25,41,15,26,18
481803,1,1,1984,18,0,0,0,0,0,0,0,0,0
481803,2,1,1984,22,17,14,19,21,14,0,24,0,15
481804,1,1,1984,10,27,15,19,19,24,21,0,17,10
481805,1,1,1984,25,25,25,25,25,25,25,25,25,25
481806,0,1,1984,20,24,20,10,30,5,32,14,42,0
481806,1,1,1984,19,13,14,9,24,11,0,0,3,0
481807,0,1,1984,12,21,14,14,8,12,11,19,16,20
481807,1,1,1984,11,14,0,11,13,11,0,19,0,15
481808,1,1,1984,10,30,18,16,14,31,0,0,13,0
481809,1,1,1984,16,8,0,0,0,0,0,0,16,0
481809,2,1,1984,17,8,0,15,8,0,0,0,0,15
481810,1,1,1984,14,0,0,0,0,0,0,0,0,0
481810,2,1,1984,17,4,26,0,0,0,14,0,0,0
481811,1,1,1984,16,8,28,0,19,0,19,29,10,0
481812,1,1,1984,5,12,29,7,13,14,25,6,17,9
481812,2,1,1984,26,31,21,35,22,0,9,13,10,24
481813,1,1,1984,0,31,17,21,0,0,2,0,8,0
481813,2,1,1984,0,20,14,16,20,0,0,0,4,26
481814,1,1,1984,11,27,22,0,0,22,0,23,8,0
481814,2,1,1984,21,0,0,0,7,26,36,0,0,0
481815,1,1,1984,0,0,0,0,0,0,0,0,0,18
481815,2,1,1984,0,0,6,0,0,16,0,7,0,0
481815,3,1,1984,0,0,0,0,0,0,0,0,0,0
481816,1,1,1984,0,0,0,0,0,0,0,0,0,0
481816,2,1,1984,0,0,19,15,9,14,0,29,11,0
481817,1,1,1984,19,0,0,0,9,0,4,0,0,0
481817,2,1,1984,8,9,0,20,0,0,0,9,24,0
481818,1,1,1984,22,38,10,26,27,20,14,10,12,25
481819,1,1,1984,0,0,0,7,0,0,0,8,0,0
481820,1,1,1984,0,0,0,0,8,9,0,8,0,0
481820,2,1,1984,15,0,0,0,0,0,5,15,0,22
481820,3,1,1984,0,0,0,0,13,21,0,0,0,0
481821,1,1,1984,22,0,21,0,20,12,11,25,29,8
481822,1,1,1984,0,21,28,31,22,25,10,44,13,16
481823,1,1,1984,15,15,15,15,15,15,15,15,15,15
481824,1,1,1984,15,32,27,31,19,20,12,11,18,21
481825,1,1,1984,0,0,0,6,0,7,0,9,0,17
481826,1,1,1984,9,8,0,0,6,19,12,0,11,0
481827,1,1,1984,14,33,0,14,0,0,29,10,28,33
481828,1,1,1984,0,0,0,0,0,0,0,0,0,0
481828,2,1,1984,17,17,0,0,15,0,0,0,13,16
481829,1,1,1984,0,10,28,11,0,11,27,14,13,8
481830,1,1,1984,18,0,9,9,10,18,19,19,2,0
481830,2,1,1984,0,9,0,0,0,7,0,0,0,0
481831,1,1,1984,0,0,0,16,0,0,0,0,0,0
481831,2,1,1984,13,16,11,13,19,13,0,8,20,10
481832,1,1,1984,22,29,12,0,29,12,0,0,0,0
481833,1,1,1984,0,0,0,0,0,0,0,0,0,0
481833,2,1,1984,0,0,0,21,0,0,0,0,0,0
481834,1,1,1984,0,0,0,0,0,0,0,0,0,0
481834,2,1,1984,0,0,0,0,11,0,0,0,0,23
481835,1,1,1984,0,20,0,20,11,0,20,12,0,21
481835,2,1,1984,0,0,24,0,8,20,30,0,0,31
481836,1,1,1984,12,0,0,0,0,30,0,0,0,0
481836,2,1,1984,0,0,0,0,0,0,0,0,0,0
481837,1,1,1984,0,4,10,0,14,0,0,0,13,0
481837,2,1,1984,16,0,0,0,24,0,0,0,0,13
481837,3,1,1984,0,24,6,0,0,16,14,13,8,0
481838,1,1,1984,18,18,18,18,18,18,18,18,18,18
481838,2,1,1984,10,14,25,25,16,9,20,19,23,0
481839,0,1,1984,0,0,0,0,0,0,0,0,0,0
481839,1,1,1984,0,0,6,0,3,0,0,0,0,0
481840,1,1,1984,0,0,0,21,0,0,0,0,0,0
481840,2,1,1984,0,19,0,0,10,0,0,0,16,0
481841,0,1,1984,0,19,0,8,6,0,27,8,19,0
481841,1,1,1984,0,12,0,0,7,0,0,0,0,0
481842,1,1,1984,12,0,25,19,0,0,0,30,0,0
481842,2,1,1984,0,0,0,0,0,0,0,0,0,16
481843,0,1,1984,21,21,21,21,21,21,21,21,21,21
481843,1,1,1984,0,14,15,6,12,0,8,18,4,29
481844,0,1,1984,0,32,0,0,0,0,0,0,0,0
481844,1,1,1984,0,0,0,0,0,0,0,0,0,0
481845,1,1,1984,11,0,15,13,15,0,0,0,5,0
481845,2,1,1984,0,0,7,18,28,18,9,0,6,0
481846,1,1,1984,26,26,21,30,20,15,25,23,10,19
481847,1,1,1984,13,21,0,18,11,30,23,30,15,27
481848,1,1,1984,17,17,17,17,17,17,17,17,17,17
481848,2,1,1984,0,0,0,0,0,0,0,21,15,0
481849,0,1,1984,0,0,0,0,0,0,0,0,0,0
481849,1,1,1984,13,12,0,11,0,15,0,0,0,0
481850,1,1,1984,11,19,15,12,5,11,7,13,7,19
481850,2,1,1984,10,10,0,24,13,15,0,31,21,15
481851,1,1,1984,8,29,16,22,26,35,30,24,34,32
481851,2,1,1984,0,0,0,0,0,0,0,0,10,0
481852,1,1,1984,0,0,0,0,0,0,0,0,4,0
481852,2,1,1984,0,0,0,0,0,0,0,0,0,0
481853,1,1,1984,10,12,0,0,15,0,0,8,0,0
481853,2,1,1984,13,10,19,14,9,5,29,22,17,15
481854,1,1,1984,22,0,21,32,10,0,16,31,0,17
481855,1,1,1984,0,0,0,13,0,0,24,0,0,0
481855,2,1,1984,0,0,0,0,0,0,0,0,0,0
481856,0,1,1984,0,0,0,0,0,0,0,0,0,0
481856,1,1,1984,0,0,0,0,0,7,0,0,0,0
481857,1,1,1984,0,0,16,0,0,0,12,12,18,0
481857,2,1,1984,0,0,0,0,0,0,6,0,0,8
481858,1,1,1984,30,18,0,5,0,14,15,14,0,24