ST_CASE,VEH_NO,PER_NO,YEAR,P1,P2,P3,P4,P5,P6,P7,P8,P9,P10
482138,1,1,1984,15,15,15,15,15,15,15,15,15,15
482139,1,1,1984,0,0,0,0,0,0,0,0,4,26
482139,2,1,1984,14,0,15,14,3,14,4,9,6,20
482140,0,1,1984,0,0,26,25,0,9,0,14,21,24
482140,1,1,1984,0,0,0,0,0,0,0,0,0,15
482141,1,1,1984,0,0,0,0,0,0,0,0,9,0
482141,2,1,1984,21,0,25,20,19,0,0,0,0,23
482142,1,1,1984,0,0,0,0,0,0,0,0,0,0
482142,2,1,1984,9,0,0,0,0,0,0,0,20,0
482143,1,1,1984,0,0,12,0,0,0,0,11,22,0
482143,2,1,1984,0,0,0,0,0,0,0,0,0,0
482144,1,1,1984,0,0,0,5,0,0,0,0,0,0
482144,2,1,1984,6,0,11,11,25,12,0,6,0,0
482144,3,1,1984,0,0,0,0,0,0,0,0,0,0
482145,1,1,1984,15,0,0,0,18,17,0,15,0,0
482146,1,1,1984,19,18,17,28,0,34,22,0,15,16
482146,2,1,1984,0,0,26,16,8,0,44,14,0,9
482147,1,1,1984,0,0,12,5,0,0,33,0,4,0
482147,2,1,1984,0,0,7,0,0,0,0,0,0,0
482148,1,1,1984,13,13,13,13,13,13,13,13,13,13
482149,1,1,1984,0,0,0,0,0,0,12,0,0,0
482149,2,1,1984,0,0,2,0,0,0,0,0,0,0
482150,1,1,1984,31,19,28,21,13,12,19,15,11,12
482151,1,1,1984,29,11,11,19,21,7,20,0,16,23
482152,1,1,1984,13,7,20,11,10,20,22,27,34,0
482153,1,1,1984,0,0,0,0,12,0,0,0,0,0
482153,2,1,1984,0,0,2,0,18,0,0,0,0,18
482154,1,1,1984,0,0,16,0,0,0,0,0,4,0
482155,1,1,1984,0,0,0,0,0,0,0,0,0,0
482155,2,1,1984,0,0,0,0,4,0,0,0,27,0
482156,1,1,1984,14,0,14,0,0,29,29,10,23,28
482157,1,1,1984,0,27,18,23,17,18,19,20,0,35
482158,0,1,1984,20,16,11,16,22,28,30,32,15,25
482158,1,1,1984,0,18,0,13,0,13,0,0,13,0
482159,0,1,1984,14,23,47,25,32,24,3,32,27,17
482159,1,1,1984,0,10,0,0,0,0,0,0,20,0
482160,0,1,1984,14,8,0,0,0,44,14,0,12,0
482160,0,2,1984,15,0,0,0,0,20,0,19,2,25
482160,0,3,1984,0,0,0,0,19,7,0,0,0,0
482160,1,1,1984,15,0,8,13,0,0,11,14,15,7
482161,1,1,1984,0,0,15,0,0,0,0,0,0,14
482162,0,1,1984,29,17,17,20,12,32,0,9,16,15
482162,0,2,1984,25,14,43,32,45,10,19,0,21,20
482162,1,1,1984,0,16,30,19,14,0,17,0,11,0
482163,1,1,1984,9,11,23,0,0,19,19,0,10,26
482164,0,1,1984,0,16,25,0,0,0,42,0,11,0
482164,1,1,1984,22,0,0,6,0,9,4,0,0,27
482165,1,1,1984,12,13,0,0,14,13,15,17,8,16
482166,1,1,1984,0,0,0,23,0,13,0,0,0,0
482166,2,1,1984,0,0,0,0,0,0,0,0,0,0
482167,1,1,1984,0,0,0,0,0,0,0,0,0,0
482167,2,1,1984,0,0,0,0,0,0,0,0,0,0
482168,0,1,1984,0,0,0,0,0,0,0,0,0,0
482168,1,1,1984,0,0,0,0,0,0,0,0,0,0
482169,0,1,1984,23,32,33,9,3,21,31,3,14,13
482169,1,1,1984,17,0,3,24,10,6,0,8,0,14
482170,1,1,1984,10,23,21,6,13,9,20,0,19,11
482170,2,1,1984,0,18,12,13,0,0,18,9,0,0
482171,0,1,1984,0,9,0,0,0,0,0,15,0,0
482171,1,1,1984,0,0,0,27,23,14,0,11,0,5
482172,0,1,1984,17,0,13,5,16,3,32,10,23,26
482172,1,1,1984,0,30,0,0,0,0,0,0,0,0
482173,1,1,1984,0,0,0,0,16,0,0,0,0,0
482174,2,1,1984,4,24,23,2,34,17,0,28,24,20
482175,1,1,1984,0,0,0,0,0,0,12,7,0,0
482175,2,1,1984,20,0,0,0,0,0,0,0,0,0
482176,1,1,1984,0,0,0,0,27,20,0,0,0,0
482176,2,1,1984,0,0,0,0,0,0,0,0,0,0
482177,1,1,1984,0,0,0,0,0,0,0,0,0,0
482177,2,1,1984,0,0,0,0,0,0,0,0,0,0
482178,1,1,1984,11,21,17,27,35,38,26,14,18,27
482179,1,1,1984,24,13,19,26,0,0,18,33,37,17
482180,0,1,1984,12,9,16,12,27,15,19,24,16,26
482180,1,1,1984,0,0,0,0,0,0,8,0,0,0
482181,1,1,1984,0,9,0,0,11,10,0,9,22,0
482182,1,1,1984,18,20,21,34,21,23,35,12,11,13
482183,1,1,1984,10,0,0,0,0,0,13,12,0,15
482183,2,1,1984,13,13,13,13,13,13,13,13,13,13
482184,1,1,1984,19,21,13,14,24,20,20,28,19,30
482185,1,1,1984,0,0,0,0,10,9,12,0,0,0
482185,2,1,1984,13,0,0,0,0,0,0,0,0,0
482186,1,1,1984,26,35,30,17,25,17,13,12,0,18
482187,1,1,1984,11,0,0,0,33,20,0,0,6,0
482188,1,1,1984,19,22,0,0,36,0,12,0,22,26
482188,2,1,1984,0,0,0,14,0,0,0,0,0,4
482189,1,1,1984,0,0,0,0,0,0,0,0,0,0
482189,2,1,1984,0,0,0,0,24,0,0,0,0,0
482190,1,1,1984,11,0,0,30,0,0,0,0,0,0
482190,2,1,1984,0,0,0,0,0,0,0,12,0,0
482191,1,1,1984,0,0,0,0,0,0,0,0,3,0
482191,2,1,1984,0,0,0,0,0,0,0,0,0,6
482192,1,1,1984,0,0,0,0,0,0,0,0,0,0
482192,2,1,1984,0,0,14,0,0,4,0,0,0,0
482193,1,1,1984,0,0,0,0,0,0,0,0,0,0
482193,2,1,1984,0,0,0,0,0,0,10,0,0,0
482194,1,1,1984,34,0,17,40,11,0,17,0,0,18
482195,1,1,1984,0,0,0,0,0,0,0,0,0,0
482195,2,1,1984,0,0,0,0,0,0,0,0,0,0
482196,0,1,1984,28,39,16,15,11,15,6,11,23,23
482196,1,1,1984,21,14,14,0,27,0,0,0,0,17
482197,1,1,1984,24,24,24,24,24,24,24,24,24,24
482198,1,1,1984,0,0,0,0,0,0,0,0,0,6
482199,0,1,1984,0,16,24,28,27,23,24,13,12,14
482199,1,1,1984,0,0,19,15,0,0,4,0,0,0
482200,1,1,1984,0,0,0,0,0,23,0,0,0,0
482200,2,1,1984,0,0,0,15,0,0,0,0,0,0
482201,1,1,1984,19,7,23,4,32,10,13,17,14,0
482202,1,1,1984,16,27,14,15,6,25,17,21,14,0
482203,1,1,1984,0,0,0,0,0,0,0,0,0,0
482203,2,1,1984,25,25,25,6,36,6,14,15,0,33
482204,1,1,1984,0,13,0,3,9,0,11,12,19,21
482205,1,1,1984,0,0,0,0,0,0,0,0,22,0
482205,2,1,1984,0,0,0,0,0,0,0,0,0,0
482206,1,1,1984,12,0,22,4,21,25,0,24,40,20
482207,1,1,1984,19,0,21,18,0,0,7,0,0,0
482208,0,1,1984,30,19,20,30,24,23,42,22,21,10
482208,1,1,1984,0,23,0,19,0,0,0,37,0,0
482209,1,1,1984,12,15,14,6,17,13,14,8,18,42
482209,2,1,1984,0,14,38,7,0,20,21,23,11,19
482210,1,1,1984,15,0,6,20,18,21,8,13,35,10
482211,1,1,1984,19,0,15,22,10,24,21,14,21,21
482212,1,1,1984,13,0,11,0,0,0,17,11,9,16
482212,2,1,1984,12,21,19,17,19,19,0,12,0,22
482213,1,1,1984,15,0,0,0,0,18,0,0,0,0
482214,1,1,1984,12,34,34,18,17,17,27,26,27,23
482215,1,1,1984,0,0,0,0,0,0,0,0,0,0
482216,0,1,1984,18,0,19,17,29,21,22,0,31,12
482216,1,1,1984,25,0,19,5,15,0,0,27,21,14
482217,1,1,1984,6,0,8,13,16,23,16,17,29,9
482217,2,1,1984,0,0,0,5,0,0,0,0,0,0
482218,1,1,1984,12,22,25,26,23,0,0,23,14,11
482219,1,1,1984,12,0,22,0,20,32,0,16,31,4
482220,1,1,1984,22,17,15,14,13,21,27,10,10,21
482221,1,1,1984,0,0,0,21,0,0,0,23,0,0
482222,1,1,1984,17,15,13,22,23,25,17,35,15,28
482223,1,1,1984,16,9,15,14,11,31,27,15,9,18
482224,0,1,1984,19,0,26,0,0,25,19,0,9,8
482224,1,1,1984,0,18,31,19,25,0,16,18,18,15
482225,0,1,1984,0,0,0,0,0,0,0,0,0,0
482225,1,1,1984,0,0,0,0,0,0,0,0,0,0
482226,1,1,1984,19,19,19,19,19,19,19,19,19,19
482227,0,1,1984,0,0,0,0,0,0,0,0,0,0
482227,1,1,1984,13,0,0,0,0,11,0,16,10,0
482228,1,1,1984,26,16,0,12,9,25,26,9,0,13
482228,2,1,1984,0,18,0,0,0,10,8,0,0,0
482229,0,1,1984,0,0,4,12,6,11,20,0,0,0
482229,0,2,1984,0,0,0,0,0,0,0,0,0,0
482229,1,1,1984,0,0,0,0,0,22,13,0,25,0
482230,1,1,1984,0,5,4,19,4,13,12,0,11,29
482231,1,1,1984,0,2,0,0,0,11,0,0,0,0
482231,2,1,1984,0,17,28,0,16,15,24,0,20,12
482232,1,1,1984,27,12,0,14,0,9,24,0,0,0
482232,2,1,1984,5,0,0,0,0,0,0,0,0,11
482233,1,1,1984,12,18,28,17,12,19,16,9,10,13
482234,1,1,1984,0,20,9,22,0,0,0,0,0,0
482234,2,1,1984,0,0,0,0,0,0,0,0,0,0
482235,1,1,1984,0,0,0,0,0,0,0,20,0,24
482236,1,1,1984,2,17,0,15,10,13,12,0,9,10
482237,1,1,1984,23,21,0,17,38,10,21,34,7,28
482238,1,1,1984,0,0,0,0,0,0,0,0,0,0
482238,2,1,1984,34,34,34,34,34,34,34,34,34,34
482239,1,1,1984,0,0,0,23,0,0,0,12,0,0
482240,1,1,1984,0,0,0,0,28,0,0,15,0,23
482240,2,1,1984,0,0,0,0,0,0,7,10,0,0
482241,1,1,1984,0,0,0,19,11,0,11,15,22,0
482241,2,1,1984,0,0,0,0,0,0,0,22,0,0
482242,1,1,1984,38,15,11,10,13,15,32,14,0,33
482243,0,1,1984,27,8,28,8,19,34,19,0,12,8
482243,1,1,1984,16,10,14,21,10,8,11,13,3,22
482244,1,1,1984,0,15,0,0,0,0,0,0,11,0
482245,1,1,1984,16,14,24,0,31,26,27,0,13,18
482246,0,1,1984,9,32,15,21,18,29,22,18,23,18
482246,1,1,1984,9,13,11,9,9,12,16,0,0,0
482247,1,1,1984,0,0,0,0,15,0,0,0,0,0
482247,2,1,1984,21,0,0,0,17,0,32,19,22,32
482248,1,1,1984,0,0,15,32,10,37,11,0,0,0
482249,1,1,1984,21,21,21,21,21,21,21,21,21,21
482250,1,1,1984,0,0,6,0,0,0,0,0,0,0
482251,1,1,1984,38,16,18,25,24,11,0,17,22,14
482252,1,1,1984,21,0,18,2,0,19,23,13,7,12
482252,2,1,1984,0,0,0,7,12,0,8,0,0,0
482253,1,1,1984,0,0,0,0,0,0,0,0,0,0
482253,2,1,1984,0,0,0,0,0,0,0,0,0,0
482254,0,1,1984,0,0,0,0,0,0,0,0,0,0
482254,1,1,1984,0,0,23,0,0,0,0,0,8,0
482255,0,1,1984,15,9,10,24,25,0,0,0,22,26
482255,1,1,1984,0,0,0,0,16,0,0,0,10,6
482256,1,1,1984,0,0,0,20,0,0,0,0,0,0
482256,2,1,1984,13,0,0,0,0,0,0,0,0,0
482257,1,1,1984,0,18,0,7,0,0,0,0,0,7
482258,1,1,1984,6,0,6,0,5,0,0,0,0,0
482259,1,1,1984,0,0,0,7,0,6,0,0,0,0
482259,2,1,1984,0,0,0,0,0,0,0,0,0,0
482260,1,1,1984,0,0,0,0,0,0,0,0,0,21
482260,2,1,1984,0,4,0,0,5,3,0,0,0,0
482261,1,1,1984,0,0,0,0,0,0,0,23,15,22
482261,2,1,1984,31,0,11,25,12,27,15,25,0,0
482262,1,1,1984,6,10,15,10,34,0,9,0,25,17
482262,2,1,1984,9,9,9,9,9,9,9,9,9,9
482263,1,1,1984,0,0,0,0,0,0,0,0,22,0
482263,2,1,1984,0,0,0,0,0,0,0,0,0,0
482264,1,1,1984,6,23,5,16,27,23,19,0,15,17
482265,1,1,1984,15,18,4,17,19,21,16,10,19,17
482266,1,1,1984,0,0,0,0,0,0,0,0,16,0
482266,2,1,1984,0,0,0,0,0,0,0,0,0,0
482267,1,1,1984,12,26,11,22,0,27,33,18,25,29
482268,0,1,1984,0,0,12,18,0,0,43,30,28,0
482268,1,1,1984,0,0,0,0,8,0,17,0,0,0
482269,0,1,1984,0,29,0,0,0,0,0,11,26,0
482269,1,1,1984,9,0,13,0,0,0,0,20,0,0
482270,1,1,1984,22,29,19,0,26,15,20,14,7,0
482271,1,1,1984,0,0,0,0,0,0,0,5,0,0
482271,2,1,1984,17,0,0,0,14,0,8,0,25,0
482271,3,1,1984,0,0,4,0,10,0,23,0,0,0
482272,1,1,1984,27,6,25,8,16,16,3,22,8,6
482273,1,1,1984,12,0,0,0,18,0,0,16,0,18
482274,1,1,1984,0,0,0,0,0,0,0,0,0,0
482274,2,1,1984,0,0,0,0,0,0,11,0,0,0
482275,0,1,1984,0,0,0,0,0,0,0,0,0,0
482275,1,1,1984,0,0,0,0,0,0,0,0,0,0
482276,1,1,1984,6,0,0,0,8,0,0,10,14,0
482276,2,1,1984,0,0,0,0,6,0,12,0,0,0
482277,1,1,1984,17,0,0,0,0,13,17,0,0,29
482277,2,1,1984,12,23,8,23,20,31,10,17,7,18
482278,0,1,1984,0,0,18,0,0,0,0,0,0,0
482278,1,1,1984,0,0,0,0,18,0,0,0,0,40
482279,0,1,1984,21,27,21,0,20,6,10,0,18,0
482279,1,1,1984,15,0,0,0,0,9,22,0,0,17
482280,0,1,1984,11,14,6,9,13,4,18,39,9,9
482280,1,1,1984,4,11,13,13,0,0,27,6,17,10
482281,0,1,1984,19,17,15,0,24,14,16,11,23,20
482281,1,1,1984,3,0,10,11,0,0,14,14,0,11
482282,1,1,1984,22,36,25,21,28,13,26,30,30,33
482283,1,1,1984,8,29,18,31,0,25,17,0,25,18
482284,1,1,1984,0,0,0,0,0,0,0,0,0,0
482284,2,1,1984,0,0,13,0,7,0,0,0,0,0
482285,1,1,1984,0,0,0,0,0,0,0,0,0,0
482285,2,1,1984,0,0,0,31,0,0,15,0,0,0
482286,1,1,1984,22,10,19,26,15,0,8,0,11,26
482287,1,1,1984,0,0,0,0,0,0,10,0,0,0
482288,1,1,1984,12,0,0,0,0,0,12,0,0,0
482289,1,1,1984,9,14,11,29,10,12,18,0,0,14
482290,1,1,1984,5,5,5,5,5,5,5,5,5,5
482290,2,1,1984,0,0,14,22,17,24,14,0,14,15
482291,1,1,1984,18,0,18,25,0,0,0,18,18,10
482292,1,1,1984,0,15,11,9,17,29,13,15,21,25
482293,0,1,1984,21,14,10,29,0,10,14,7,22,12
482293,1,1,1984,15,20,0,0,0,33,0,0,11,16
482294,1,1,1984,16,13,11,10,6,18,7,0,10,18
482295,0,1,1984,19,17,8,24,21,10,25,15,18,23
482295,1,1,1984,6,23,0,0,0,0,27,0,0,0
482296,1,1,1984,0,0,16,14,0,0,0,0,0,0
482296,2,1,1984,0,0,0,0,0,0,0,0,0,0
482297,1,1,1984,9,18,13,17,23,18,11,18,18,16
482298,1,1,1984,0,16,13,0,0,11,0,0,0,0
482298,2,1,1984,18,0,0,16,0,0,0,0,0,0
482298,3,1,1984,0,0,0,0,0,0,0,0,0,0
482299,0,1,1984,0,0,0,0,0,0,0,0,0,0
482299,1,1,1984,0,27,8,0,0,0,28,0,10,0
482300,1,1,1984,11,26,0,0,26,22,11,25,18,16
482300,2,1,1984,0,0,3,0,0,23,15,9,0,0
482301,1,1,1984,0,0,0,0,0,0,0,0,0,0
482301,2,1,1984,11,5,13,5,19,0,0,0,0,13
482302,1,1,1984,17,17,17,17,17,17,17,17,17,17
482302,2,1,1984,0,20,0,0,18,19,0,0,4,0
482303,1,1,1984,17,7,3,12,4,19,14,21,20,12
482304,1,1,1984,14,15,9,12,11,9,16,16,29,3
482305,1,1,1984,14,18,21,11,25,25,24,19,18,29
482306,1,1,1984,0,0,0,0,0,0,0,0,0,0
482306,2,1,1984,0,0,0,0,0,26,0,0,29,0
482307,1,1,1984,0,0,0,4,0,0,0,0,0,0
482308,1,1,1984,22,0,9,13,20,30,16,21,23,28
482309,0,1,1984,0,0,0,27,11,13,0,0,0,18
482309,1,1,1984,17,0,13,0,0,16,0,19,11,3
482310,1,1,1984,4,20,36,22,19,19,13,27,17,41
482311,0,1,1984,0,0,0,0,0,0,0,0,0,0
482311,1,1,1984,0,0,0,0,0,0,0,0,0,0
482312,1,1,1984,23,23,23,23,23,23,23,23,23,23
482313,1,1,1984,0,0,15,0,0,0,0,0,0,13
482314,1,1,1984,9,14,21,5,17,6,4,10,13,12
482314,2,1,1984,0,9,12,0,0,0,0,8,26,10
482315,1,1,1984,0,0,0,0,0,0,0,0,0,0
482315,2,1,1984,0,17,0,0,0,0,0,0,0,0
482316,1,1,1984,0,11,10,12,0,12,0,0,0,31
482317,1,1,1984,0,0,0,0,0,0,0,0,0,0
482317,2,1,1984,20,14,20,0,10,22,22,0,26,16
482318,0,1,1984,0,0,0,0,0,0,0,0,0,0
482318,1,1,1984,0,0,20,0,0,0,9,15,2,0
482319,1,1,1984,6,11,12,18,19,12,20,24,6,29
482320,0,1,1984,0,0,0,0,25,0,0,5,0,0
482320,1,1,1984,12,8,0,0,6,0,0,15,0,0
482321,0,1,1984,16,14,17,9,24,17,8,35,15,0
482321,1,1,1984,0,15,0,6,0,0,0,0,11,0
482322,1,1,1984,0,0,0,0,0,0,0,0,0,0
482322,2,1,1984,0,21,0,0,0,0,7,0,0,0
482323,1,1,1984,42,21,0,32,22,37,0,18,0,0
482324,0,1,1984,25,34,20,12,0,0,23,15,24,36
482324,1,1,1984,22,22,22,22,22,22,22,22,22,22
482325,1,1,1984,0,0,0,3,0,0,0,0,0,0
482325,2,1,1984,0,0,0,0,0,0,0,0,0,0
482326,1,1,1984,24,0,0,4,5,0,0,0,13,0
482326,2,1,1984,0,0,0,0,10,0,0,0,10,0
482327,1,1,1984,21,20,16,32,30,15,13,24,33,15
482328,1,1,1984,0,0,0,0,0,0,0,6,0,0
482328,2,1,1984,0,0,0,0,0,0,0,0,0,0
482329,0,1,1984,0,0,33,26,0,27,18,0,0,0
482329,1,1,1984,5,0,0,13,0,14,0,0,20,14
482330,0,1,1984,0,0,0,0,0,0,0,0,0,0
482330,1,1,1984,23,5,0,0,0,0,0,0,22,0
482331,1,1,1984,14,14,21,17,23,24,22,0,20,20
482332,0,1,1984,0,0,0,0,0,0,0,0,0,0
482332,1,1,1984,0,0,0,0,0,0,0,18,0,0
482333,1,1,1984,0,0,0,0,0,0,0,0,6,12
482333,2,1,1984,0,0,0,0,0,0,16,12,0,0
482334,1,1,1984,0,27,0,20,0,33,0,33,0,0
482335,1,1,1984,0,9,0,9,0,0,11,17,0,24
482336,1,1,1984,0,0,0,0,0,0,0,0,0,0
482336,2,1,1984,5,0,0,0,0,0,2,0,0,0
482337,1,1,1984,21,18,8,0,17,33,13,0,10,17
482338,1,1,1984,19,0,14,25,24,10,10,18,2,10
482339,0,1,1984,16,7,18,0,20,22,15,20,18,33
482339,1,1,1984,0,0,0,0,0,4,0,5,0,12
482340,0,1,1984,0,27,17,0,27,6,29,0,0,20
482340,1,1,1984,5,33,0,0,0,0,9,8,0,12
482341,1,1,1984,7,7,7,7,7,7,7,7,7,7
482342,1,1,1984,0,15,0,0,16,0,10,0,17,0
482342,2,1,1984,0,14,11,10,12,22,20,0,0,15
482343,0,1,1984,0,0,27,0,0,0,0,0,4,0
482343,1,1,1984,22,0,0,34,12,11,0,0,0,0
482344,1,1,1984,16,11,7,21,17,26,20,18,11,18
482345,1,1,1984,0,10,5,6,15,31,0,13,0,33
482346,1,1,1984,27,15,26,14,12,7,18,19,13,24
482346,2,1,1984,31,0,13,16,16,17,14,14,5,8
482347,1,1,1984,13,39,16,18,22,24,0,0,17,25
482347,2,1,1984,0,0,0,0,0,0,66,0,0,0
482348,1,1,1984,0,5,4,5,10,11,0,3,0,0
482348,2,1,1984,18,18,18,18,18,18,18,18,18,18
482349,1,1,1984,14,14,14,14,14,14,14,14,14,14
482350,0,1,1984,26,13,16,21,15,20,12,44,4,44
482350,1,1,1984,10,0,0,6,0,26,3,0,0,0
482351,0,1,1984,0,42,0,0,0,17,0,8,0,6
482351,1,1,1984,15,0,0,12,0,26,0,0,0,0
482352,0,1,1984,0,22,11,0,21,0,9,0,0,0
482352,1,1,1984,0,24,0,0,0,28,0,0,0,19
482353,1,1,1984,5,24,18,18,24,26,0,24,14,22
482354,1,1,1984,21,0,13,0,0,0,0,0,0,0
482354,2,1,1984,11,16,15,0,15,11,22,0,0,0
482355,0,1,1984,0,0,0,0,0,0,0,0,0,0
482355,1,1,1984,0,0,0,0,0,0,0,0,0,0
482356,0,1,1984,13,18,26,17,8,22,11,0,15,0
482356,1,1,1984,0,0,22,0,0,8,0,0,13,9
482357,1,1,1984,9,0,0,0,0,0,0,0,19,0
482358,1,1,1984,13,13,13,13,13,13,13,13,13,13
482358,2,1,1984,0,20,18,21,0,6,0,15,0,18
482359,1,1,1984,29,15,15,23,30,11,21,24,13,10
482360,1,1,1984,0,9,21,0,0,18,18,8,4,0
482360,2,1,1984,19,0,8,14,22,0,0,6,0,0
482360,3,1,1984,0,0,5,8,11,24,16,0,0,23
482361,1,1,1984,0,0,5,0,0,0,13,7,0,14
482361,2,1,1984,0,14,7,9,0,22,12,24,20,0
482362,1,1,1984,23,23,13,12,7,3,25,12,13,6
482363,1,1,1984,22,22,25,22,14,5,16,24,16,22
482364,1,1,1984,19,9,17,18,15,5,28,15,0,14
482365,1,1,1984,16,22,7,21,23,12,11,21,16,14
482366,0,1,1984,0,0,0,0,0,0,0,0,0,0
482366,1,1,1984,15,0,20,11,0,0,11,0,0,20
482367,1,1,1984,19,19,19,19,19,19,19,19,19,19
482368,1,1,1984,23,23,23,23,23,23,23,23,23,23
482369,1,1,1984,29,21,26,0,0,22,22,0,25,23
482369,2,1,1984,22,0,0,33,24,27,26,14,0,27
482370,1,1,1984,15,15,23,16,32,9,23,14,0,8
482371,1,1,1984,17,17,17,17,17,17,17,17,17,17
482371,2,1,1984,30,3,8,12,24,27,17,0,13,11
482372,1,1,1984,26,16,5,11,12,25,17,14,26,20
482373,1,1,1984,21,34,9,9,17,16,13,15,20,16
482374,1,1,1984,0,9,0,4,0,0,0,0,0,0
482375,1,1,1984,8,0,0,0,0,18,0,16,16,37
482376,1,1,1984,0,0,0,21,0,0,0,0,0,0
482377,0,1,1984,0,15,0,0,0,25,0,25,0,0
482377,1,1,1984,28,5,0,0,0,0,15,10,0,12
482378,1,1,1984,0,0,0,0,0,0,0,0,0,0
482378,2,1,1984,0,0,0,0,0,0,0,0,0,0
482378,3,1,1984,0,9,0,0,0,20,0,0,0,7
482379,1,1,1984,14,0,0,14,0,14,10,2,27,0
482380,1,1,1984,15,0,0,0,5,0,0,0,0,0
482380,2,1,1984,30,0,0,0,0,0,17,0,0,9
482381,1,1,1984,0,28,0,20,14,23,16,0,11,0
482381,2,1,1984,5,0,14,0,0,0,0,19,0,14
482382,1,1,1984,0,17,10,0,0,0,0,0,0,0
482383,1,1,1984,19,33,22,18,17,27,22,22,14,29
482384,1,1,1984,0,0,0,0,0,0,0,0,0,0
482385,1,1,1984,14,17,7,23,6,9,10,0,13,0
482386,1,1,1984,25,18,25,33,21,10,15,16,28,16
482387,1,1,1984,13,18,0,0,9,22,13,15,15,0
482388,1,1,1984,28,27,0,18,14,20,21,32,25,29
482389,1,1,1984,22,20,18,9,15,0,15,28,19,21
482390,1,1,1984,0,0,13,0,0,0,0,0,0,0
482390,2,1,1984,0,0,0,0,0,0,0,0,0,0
482391,0,1,1984,0,0,0,0,0,0,0,0,0,0
482391,1,1,1984,0,0,0,0,0,0,0,0,0,0
482392,1,1,1984,0,27,9,14,17,12,23,10,26,0
482392,2,1,1984,0,0,0,0,0,0,0,0,0,0
482393,0,1,1984,0,0,0,0,0,0,0,0,0,0
482393,1,1,1984,0,0,0,0,0,0,0,19,0,9
482394,1,1,1984,38,0,0,0,0,19,26,10,0,8
482395,1,1,1984,12,12,12,12,12,12,12,12,12,12
482395,2,1,1984,0,0,9,0,18,12,8,0,22,17
482396,1,1,1984,0,0,0,0,0,0,0,0,0,0
482396,2,1,1984,0,0,0,0,0,0,0,0,0,0
482397,1,1,1984,20,16,23,17,17,19,22,0,15,12
482397,2,1,1984,0,0,0,0,0,0,6,0,0,0
482398,1,1,1984,23,0,0,6,0,0,0,0,9,0
482399,1,1,1984,0,8,30,5,0,0,3,17,0,0
482399,2,1,1984,0,0,0,0,0,0,0,0,0,0
482400,1,1,1984,0,0,0,0,0,0,16,0,0,0
482400,2,1,1984,0,0,0,14,0,0,0,0,0,0
482401,1,1,1984,0,4,0,0,6,0,0,0,0,0
482402,1,1,1984,0,0,0,0,0,0,0,0,0,0
482402,2,1,1984,0,0,7,0,0,0,0,0,11,0
482403,1,1,1984,12,9,12,29,0,27,21,52,16,14
482404,0,1,1984,0,0,0,0,0,0,0,14,0,0
482404,1,1,1984,0,0,5,0,0,0,0,14,20,0
482405,1,1,1984,8,16,25,15,4,21,13,14,12,19
482406,1,1,1984,10,0,0,0,0,0,0,13,0,0
482406,2,1,1984,0,0,0,0,22,0,5,0,0,0
482407,1,1,1984,8,8,0,0,0,0,13,0,0,4
482408,0,1,1984,0,0,0,0,0,0,0,0,0,0
482408,1,1,1984,0,0,0,0,13,0,0,0,0,0
482409,1,1,1984,14,16,0,13,14,17,17,7,0,0
482410,1,1,1984,36,0,0,0,0,0,0,0,0,0
482411,0,1,1984,0,0,25,0,24,19,0,0,0,0
482411,1,1,1984,14,0,20,11,15,0,14,11,0,0
482412,1,1,1984,0,23,21,10,0,0,0,0,7,18
482413,0,1,1984,0,0,0,0,14,0,0,23,0,0
482413,1,1,1984,0,0,0,0,0,0,0,0,0,0
482414,1,1,1984,27,27,27,27,27,27,27,27,27,27
482414,2,1,1984,0,0,0,32,7,0,0,0,22,26
482415,1,1,1984,22,0,0,0,22,0,21,0,21,0
482416,0,1,1984,13,35,31,10,20,27,9,12,21,19
482416,1,1,1984,0,0,0,0,0,0,0,0,0,0
482417,1,1,1984,3,0,0,0,12,6,0,0,0,0
482417,2,1,1984,0,0,0,0,0,10,0,0,0,0
482418,1,1,1984,0,0,0,0,18,0,9,10,0,0
482418,2,1,1984,0,0,0,17,4,0,0,8,0,0
482419,1,1,1984,0,18,0,0,20,13,24,9,19,9
482419,2,1,1984,0,0,0,0,0,0,0,0,0,0
482420,1,1,1984,13,5,12,17,15,5,0,33,16,9
482420,2,1,1984,7,0,11,0,25,0,13,0,10,0
482421,1,1,1984,10,25,0,0,33,24,28,15,7,23
482422,1,1,1984,0,9,9,0,0,0,0,0,0,0