ST_CASE,VEH_NO,PER_NO,YEAR,P1,P2,P3,P4,P5,P6,P7,P8,P9,P10
482423,1,1,1984,17,17,17,17,17,17,17,17,17,17
482424,1,1,1984,0,20,18,9,22,9,16,8,0,9
482425,1,1,1984,13,33,0,24,17,11,20,0,9,13
482426,1,1,1984,0,0,0,0,0,0,0,0,0,21
482426,2,1,1984,0,0,0,17,0,0,0,0,0,0
482427,1,1,1984,0,0,0,0,0,0,0,16,0,8
482427,2,1,1984,31,9,7,9,20,14,17,9,18,0
482428,1,1,1984,13,17,10,21,18,28,7,6,9,15
482429,1,1,1984,9,18,18,16,32,26,10,12,13,26
482429,2,1,1984,8,12,24,0,0,6,0,0,0,0
482430,1,1,1984,3,18,12,5,7,30,18,26,9,20
482431,1,1,1984,0,0,0,29,0,20,0,15,17,0
482431,2,1,1984,0,0,0,0,0,0,0,0,0,0
482431,3,1,1984,0,22,0,17,4,0,0,0,0,0
482432,0,1,1984,0,0,0,0,0,0,38,0,0,0
482432,1,1,1984,12,0,13,3,13,11,0,15,19,7
482433,1,1,1984,9,0,0,0,0,7,0,11,0,0
482434,1,1,1984,24,24,24,24,24,24,24,24,24,24
482434,2,1,1984,4,5,14,8,7,18,10,19,13,9
482435,1,1,1984,25,20,12,19,27,20,0,40,40,41
482436,1,1,1984,0,0,0,0,0,0,0,0,0,0
482436,2,1,1984,0,0,0,0,0,0,0,0,0,0
482437,1,1,1984,0,0,0,0,10,0,0,0,0,0
482437,2,1,1984,0,0,0,0,0,0,0,0,0,0
482438,1,1,1984,0,18,0,14,0,0,0,0,17,0
482439,1,1,1984,15,15,15,15,15,15,15,15,15,15
482440,1,1,1984,0,18,2,0,14,4,7,17,0,0
482441,0,1,1984,15,19,29,14,22,43,21,23,43,17
482441,1,1,1984,0,23,0,0,0,0,13,21,0,0
482442,1,1,1984,22,0,29,20,21,0,0,21,0,9
482443,1,1,1984,0,0,20,10,0,23,8,13,0,0
482443,2,1,1984,22,0,11,30,18,17,14,16,7,8
482444,1,1,1984,5,0,0,0,0,0,0,6,0,0
482444,2,1,1984,31,18,0,0,0,0,19,22,0,3
482445,1,1,1984,21,18,0,14,0,0,0,0,17,0
482446,1,1,1984,0,0,0,14,0,0,0,0,0,0
482446,2,1,1984,0,0,0,13,15,0,0,0,0,0
482447,1,1,1984,0,0,16,0,14,0,0,0,0,0
482447,2,1,1984,0,0,28,9,31,0,0,0,0,3
482448,1,1,1984,10,0,0,0,0,0,0,14,16,0
482448,2,1,1984,0,0,17,3,0,0,0,0,0,11
482449,1,1,1984,0,26,0,0,0,0,0,10,0,0
482449,2,1,1984,0,0,3,19,26,22,15,21,0,0
482450,1,1,1984,0,30,0,12,0,0,18,0,17,0
482450,2,1,1984,0,0,0,0,0,0,0,0,0,0
482451,1,1,1984,9,19,7,10,16,18,15,17,19,10
482452,1,1,1984,23,20,10,20,14,23,16,14,19,18
482453,1,1,1984,6,30,36,25,17,20,29,13,20,15
482454,1,1,1984,0,0,15,18,0,29,0,13,0,0
482455,1,1,1984,0,13,0,0,0,0,0,0,0,0
482455,2,1,1984,12,0,8,22,0,18,0,0,0,0
482455,3,1,1984,11,17,0,19,12,16,0,13,4,20
482456,1,1,1984,0,0,0,0,0,0,0,0,0,0
482456,2,1,1984,0,0,0,0,0,0,0,0,0,0
482457,0,1,1984,0,0,0,0,0,0,0,0,0,0
482457,1,1,1984,0,0,0,0,0,0,0,0,0,0
482458,1,1,1984,26,18,31,5,9,21,22,22,21,22
482459,1,1,1984,14,10,21,24,33,11,20,13,19,23
482460,1,1,1984,0,7,0,0,0,0,0,9,0,0
482461,0,1,1984,0,0,0,0,0,0,0,0,0,0
482461,1,1,1984,0,0,0,0,0,0,0,0,0,0
482462,1,1,1984,18,0,15,20,0,0,0,0,16,21
482463,1,1,1984,0,0,0,0,0,0,0,0,0,0
482464,0,1,1984,0,0,0,0,0,0,0,16,12,0
482464,1,1,1984,8,11,7,18,0,11,0,12,9,8
482465,1,1,1984,25,14,21,12,19,11,19,30,27,40
482466,1,1,1984,18,0,8,0,0,0,12,0,14,7
482467,1,1,1984,0,0,9,0,0,0,28,15,0,17
482467,2,1,1984,7,0,5,18,3,15,14,8,0,16
482468,1,1,1984,14,14,14,14,14,14,14,14,14,14
482468,2,1,1984,0,0,0,0,0,0,0,4,0,0
482469,1,1,1984,0,0,0,0,0,0,0,0,0,0
482469,2,1,1984,0,0,0,0,0,0,0,0,0,0
482470,1,1,1984,0,0,0,0,18,0,17,0,0,0
482470,2,1,1984,0,0,0,0,0,0,0,0,0,0
482471,1,1,1984,24,9,0,19,23,0,0,0,19,16
482471,2,1,1984,7,0,0,0,0,0,0,30,0,0
482472,1,1,1984,14,14,29,19,9,19,29,19,19,13
482473,1,1,1984,38,33,15,23,35,19,18,20,0,27
482473,2,1,1984,0,0,0,0,0,0,0,0,0,0
482474,1,1,1984,0,0,0,0,7,0,0,0,0,0
482475,1,1,1984,0,0,0,0,0,0,15,6,0,21
482476,1,1,1984,28,24,15,15,41,27,41,22,18,20
482477,1,1,1984,0,0,0,0,0,0,0,0,0,0
482477,2,1,1984,0,0,0,0,0,0,0,0,0,0
482478,1,1,1984,17,10,22,38,42,23,33,11,9,26
482479,0,1,1984,0,0,24,0,0,20,0,0,15,24
482479,1,1,1984,0,0,0,0,0,30,0,0,0,12
482480,1,1,1984,15,0,7,9,0,0,0,7,29,0
482480,2,1,1984,0,6,0,6,0,0,10,0,9,0
482481,1,1,1984,17,24,10,23,8,29,19,14,20,29
482481,2,1,1984,0,0,0,0,9,0,10,17,0,0
482482,1,1,1984,6,0,0,0,0,23,0,0,0,0
482482,2,1,1984,11,11,11,11,11,11,11,11,11,11
482483,1,1,1984,0,0,0,0,0,0,6,12,8,0
482484,1,1,1984,0,0,0,0,0,12,22,21,0,0
482485,1,1,1984,16,16,16,16,16,16,16,16,16,16
482485,2,1,1984,0,0,0,10,0,0,0,0,0,0
482486,1,1,1984,11,18,20,12,0,18,0,14,0,8
482487,0,1,1984,0,11,5,0,13,0,17,13,4,6
482487,1,1,1984,24,13,9,27,14,0,0,0,5,39
482488,1,1,1984,14,19,0,0,0,0,21,0,18,0
482488,2,1,1984,0,0,0,11,5,0,13,0,0,11
482489,0,1,1984,13,19,26,24,14,8,4,15,22,13
482489,1,1,1984,15,15,15,15,15,15,15,15,15,15
482490,1,1,1984,18,33,33,29,19,0,17,21,11,16
482490,2,1,1984,11,0,18,0,0,0,0,0,0,2
482491,1,1,1984,21,5,13,23,33,23,16,8,16,12
482491,2,1,1984,14,0,13,0,8,13,18,13,11,0
482492,1,1,1984,0,15,0,0,0,0,0,34,9,13
482493,1,1,1984,22,29,16,6,12,12,23,0,16,13
482493,2,1,1984,0,18,0,0,18,16,13,26,0,25
482494,1,1,1984,5,18,8,13,16,13,15,22,26,18
482495,1,1,1984,9,0,0,0,16,0,12,17,0,22
482496,1,1,1984,0,10,18,21,16,25,11,16,17,10
482496,2,1,1984,0,0,0,10,0,0,13,18,9,0
482496,3,1,1984,6,7,10,0,0,6,0,10,17,0
482497,1,1,1984,9,26,7,16,28,18,13,10,10,15
482498,1,1,1984,20,17,14,47,41,17,18,16,21,14
482499,0,1,1984,0,0,0,0,0,0,15,0,0,0
482499,1,1,1984,19,0,0,0,0,0,11,12,7,0
482500,1,1,1984,8,0,14,6,31,17,0,14,18,0
482501,1,1,1984,25,10,14,0,25,16,7,0,22,21
482502,1,1,1984,6,0,0,0,0,0,0,0,0,0
482502,2,1,1984,0,0,0,0,0,0,28,0,0,0
482503,1,1,1984,20,20,20,20,20,20,20,20,20,20
482503,2,1,1984,0,0,0,0,0,0,0,22,0,0
482504,1,1,1984,15,12,15,22,18,15,28,13,0,18
482504,2,1,1984,0,0,0,0,26,0,0,0,0,0
482505,1,1,1984,19,0,13,0,21,0,20,0,0,0
482505,2,1,1984,19,19,19,19,19,19,19,19,19,19
482506,1,1,1984,0,0,0,4,0,0,0,0,0,0
482506,2,1,1984,0,0,0,0,0,0,0,0,0,34
482507,1,1,1984,17,20,13,22,17,0,18,22,37,31
482508,0,1,1984,21,0,16,33,0,19,21,18,26,24
482508,1,1,1984,12,0,19,14,0,29,8,0,12,9
482509,1,1,1984,19,16,22,8,15,10,7,17,10,5
482510,0,1,1984,0,23,7,27,35,10,18,26,30,13
482510,1,1,1984,0,0,0,0,12,0,14,13,21,10
482511,1,1,1984,0,0,0,0,0,0,0,0,0,0
482512,0,1,1984,17,29,0,0,0,0,15,11,20,37
482512,1,1,1984,19,19,19,19,19,19,19,19,19,19
482513,1,1,1984,8,21,13,0,0,0,0,0,24,14
482513,2,1,1984,0,8,0,0,0,0,0,0,0,0
482514,1,1,1984,0,3,0,10,0,0,0,0,0,0
482514,2,1,1984,10,0,0,0,20,0,0,0,0,0
482515,0,1,1984,0,13,19,36,32,22,0,13,17,0
482515,1,1,1984,0,0,0,8,9,0,8,18,0,0
482516,0,1,1984,0,0,0,0,0,0,0,0,0,0
482516,1,1,1984,0,0,0,0,27,0,0,0,0,0
482517,1,1,1984,17,0,16,0,0,0,0,0,0,0
482517,2,1,1984,0,0,0,0,0,0,0,0,0,0
482518,0,1,1984,0,0,0,0,0,0,0,0,0,0
482518,1,1,1984,0,0,0,0,0,0,0,0,0,0
482519,1,1,1984,24,13,19,18,8,29,27,10,0,18
482519,2,1,1984,0,14,21,0,0,25,0,16,0,0
482520,1,1,1984,16,21,23,15,18,18,34,15,33,14
482521,1,1,1984,0,23,0,0,22,0,0,0,31,20
482521,2,1,1984,19,0,12,24,5,3,17,0,13,0
482522,0,1,1984,0,15,0,0,0,0,0,0,0,0
482522,1,1,1984,0,0,0,0,6,8,0,9,0,0
482523,1,1,1984,8,8,8,8,8,8,8,8,8,8
482523,2,1,1984,0,0,21,0,0,0,16,0,0,0
482524,1,1,1984,8,0,7,13,0,26,0,0,0,27
482525,1,1,1984,0,0,0,36,0,6,0,5,0,19
482525,2,1,1984,0,0,0,0,0,0,0,0,0,0
482526,1,1,1984,0,0,0,0,0,0,0,0,0,0
482526,2,1,1984,0,8,9,25,9,18,19,25,19,10
482527,1,1,1984,11,0,0,0,0,0,12,0,0,0
482527,2,1,1984,0,2,12,0,18,10,0,15,19,7
482528,1,1,1984,14,14,12,0,14,0,18,21,7,17
482529,1,1,1984,0,0,0,0,0,10,8,17,0,13
482529,2,1,1984,0,0,0,7,0,0,0,0,0,0
482530,1,1,1984,26,0,0,12,18,22,0,0,13,0
482531,0,1,1984,0,0,0,0,0,0,0,0,0,0
482531,1,1,1984,0,0,0,0,0,0,0,0,0,0
482532,0,1,1984,0,0,0,0,0,0,0,0,0,0
482532,1,1,1984,14,19,0,17,0,34,0,18,4,33
482533,1,1,1984,0,0,11,0,0,0,29,0,0,0
482534,0,1,1984,9,20,15,0,35,10,13,28,0,0
482534,1,1,1984,0,0,18,0,0,0,0,0,0,0
482535,1,1,1984,10,0,19,15,13,9,11,4,4,12
482535,2,1,1984,18,10,19,0,15,7,0,10,0,12
482536,1,1,1984,0,0,0,0,0,0,0,0,0,0
482537,1,1,1984,12,18,13,9,6,13,11,24,11,9
482538,0,1,1984,22,12,0,0,16,0,0,21,18,35
482538,1,1,1984,14,8,26,0,7,0,16,0,0,0
482539,1,1,1984,0,0,35,17,0,0,0,28,0,11
482539,2,1,1984,8,15,0,0,0,13,11,0,0,0
482540,1,1,1984,0,0,19,22,0,0,0,16,24,0
482541,1,1,1984,11,0,0,0,0,13,6,0,5,27
482541,2,1,1984,0,27,0,21,14,0,15,16,17,15
482542,1,1,1984,0,0,0,35,12,28,0,24,19,14
482543,1,1,1984,17,13,0,10,18,0,8,9,0,0
482543,2,1,1984,7,0,20,24,17,28,0,0,0,5
482544,0,1,1984,0,0,0,0,26,0,0,0,0,0
482544,1,1,1984,0,0,0,0,7,0,0,19,11,27
482545,0,1,1984,0,0,20,0,24,0,13,9,19,0
482545,1,1,1984,0,0,0,12,20,25,20,12,15,0
482546,1,1,1984,0,0,0,21,0,0,0,0,0,0
482546,2,1,1984,0,21,0,22,5,0,0,0,0,0
482547,1,1,1984,29,6,27,26,13,17,19,13,31,6
482548,1,1,1984,12,9,6,7,6,29,19,0,7,19
482549,1,1,1984,0,0,17,30,19,22,21,19,0,0
482550,1,1,1984,29,0,20,25,12,12,12,21,19,20
482550,2,1,1984,0,0,0,0,0,0,0,0,0,0
482551,1,1,1984,0,0,0,0,0,0,0,0,24,0
482552,1,1,1984,23,21,18,22,30,11,42,23,18,26
482553,1,1,1984,15,8,0,0,0,0,18,0,0,13
482554,1,1,1984,12,12,12,12,12,12,12,12,12,12
482555,1,1,1984,17,44,0,0,11,32,0,38,20,0
482556,1,1,1984,6,16,21,17,22,19,12,18,18,0
482557,1,1,1984,0,0,0,7,0,0,0,5,11,0
482557,2,1,1984,22,22,22,22,22,22,22,22,22,22
482558,1,1,1984,20,5,24,0,0,20,0,0,0,8
482559,1,1,1984,0,0,0,0,0,0,0,0,0,0
482559,2,1,1984,0,0,8,12,0,6,0,0,0,9
482560,1,1,1984,33,22,32,22,14,6,14,18,12,22
482561,1,1,1984,15,7,0,9,12,0,21,26,35,24
482562,1,1,1984,0,0,0,0,0,0,0,0,0,0
482562,2,1,1984,0,3,0,10,0,0,9,0,0,11
482563,1,1,1984,0,0,0,0,0,0,0,0,0,0
482564,1,1,1984,0,0,9,7,21,9,10,13,16,0
482564,2,1,1984,0,0,22,0,19,0,20,0,0,18
482565,0,1,1984,0,0,17,0,6,28,19,0,0,0
482565,1,1,1984,0,0,0,0,0,0,0,16,0,0
482566,1,1,1984,7,0,15,0,14,0,0,0,36,33
482567,1,1,1984,4,0,2,0,0,0,13,10,6,0
482568,1,1,1984,15,0,11,19,0,16,12,0,14,16
482569,1,1,1984,0,0,0,12,0,12,0,0,0,0
482569,2,1,1984,0,0,0,12,0,0,0,9,0,0
482570,1,1,1984,10,6,28,0,16,23,14,18,21,19
482571,0,1,1984,14,12,0,22,0,0,0,45,0,0
482571,1,1,1984,10,0,4,0,0,0,0,0,0,18
482572,1,1,1984,19,26,35,21,22,19,21,0,3,0
482573,1,1,1984,21,20,17,16,17,0,0,17,17,20
482574,1,1,1984,0,0,0,0,0,0,0,0,7,0
482575,1,1,1984,8,41,0,0,20,13,13,23,0,0
482576,1,1,1984,15,15,13,20,30,5,20,14,14,7
482576,2,1,1984,0,0,0,0,0,4,0,19,26,0
482577,0,1,1984,0,12,13,32,0,32,18,18,28,18
482577,1,1,1984,0,0,0,0,15,18,0,0,0,0
482578,0,1,1984,0,0,0,0,0,0,29,0,0,0
482578,1,1,1984,16,24,0,21,29,0,30,7,15,0
482579,1,1,1984,0,0,0,0,0,0,0,0,0,0
482579,2,1,1984,0,0,0,0,0,0,0,0,0,0
482580,1,1,1984,0,0,0,26,0,0,0,0,0,0
482581,1,1,1984,0,0,0,0,0,0,0,0,0,0
482581,2,1,1984,0,11,0,0,0,0,0,0,0,0
482582,0,1,1984,32,7,11,15,23,25,34,24,22,16
482582,1,1,1984,13,0,0,27,0,0,0,0,0,0
482583,1,1,1984,0,13,8,0,0,14,0,0,0,0
482583,2,1,1984,0,22,10,17,9,15,12,20,10,4
482584,1,1,1984,25,26,28,18,0,34,20,20,26,15
482585,1,1,1984,12,0,0,0,0,21,0,0,0,25
482585,2,1,1984,0,0,0,0,0,0,0,0,25,0
482586,1,1,1984,9,9,9,9,9,9,9,9,9,9
482587,1,1,1984,0,7,0,0,4,0,0,16,12,21
482588,1,1,1984,19,12,16,4,18,11,23,0,16,0
482588,2,1,1984,0,21,0,20,0,0,0,16,0,0
482589,1,1,1984,24,26,6,0,10,0,10,16,0,25
482590,1,1,1984,25,15,36,16,23,0,8,17,22,24
482591,1,1,1984,7,0,10,7,30,8,13,16,5,5
482591,2,1,1984,6,29,0,20,8,0,30,14,13,13
482592,0,1,1984,18,0,0,0,0,0,0,0,0,0
482592,1,1,1984,0,0,0,0,0,0,0,0,0,0
482593,1,1,1984,15,18,16,24,21,21,28,28,17,11
482594,1,1,1984,30,0,0,0,11,11,0,0,29,20
482595,0,1,1984,16,10,16,20,26,26,0,24,0,24
482595,1,1,1984,14,23,21,31,4,38,0,18,25,0
482595,2,1,1984,0,26,21,17,0,9,0,31,0,18
482596,0,1,1984,19,28,11,11,9,25,16,17,29,16
482596,1,1,1984,8,0,8,17,0,18,0,0,11,15
482597,1,1,1984,22,23,16,18,30,12,26,14,35,0
482598,1,1,1984,0,0,0,0,0,0,20,0,0,8
482598,2,1,1984,0,0,0,0,0,14,0,0,0,0
482599,0,1,1984,19,0,0,16,13,0,0,12,38,14
482599,1,1,1984,10,11,13,13,16,12,4,22,25,12
482600,1,1,1984,15,8,14,0,10,17,14,27,0,9
482601,1,1,1984,0,0,22,11,11,0,0,22,0,21
482602,0,1,1984,30,19,19,0,28,26,25,17,15,27
482602,1,1,1984,4,10,0,8,10,10,7,17,7,4
482603,1,1,1984,9,9,9,9,9,9,9,9,9,9
482604,1,1,1984,0,0,0,0,0,0,0,0,0,0
482604,2,1,1984,0,0,0,0,0,22,0,0,0,0
482605,1,1,1984,18,18,18,18,18,18,18,18,18,18
482606,1,1,1984,32,20,22,16,9,17,15,3,8,0
482607,0,1,1984,0,0,0,52,15,4,17,19,0,40
482607,1,1,1984,20,2,30,0,0,0,0,16,0,0
482608,0,1,1984,28,19,30,32,14,12,17,2,25,23
482608,1,1,1984,0,15,0,0,0,34,12,21,12,0
482609,1,1,1984,23,14,16,13,20,24,27,25,0,8
482610,1,1,1984,0,18,0,0,0,0,0,0,0,0
482611,0,1,1984,40,24,24,20,25,31,15,21,28,6
482611,1,1,1984,0,0,7,0,0,0,0,15,0,0
482612,2,1,1984,17,0,0,0,0,0,0,0,0,0
482613,1,1,1984,18,18,18,18,18,18,18,18,18,18
482613,2,1,1984,13,17,15,0,24,0,0,0,11,0
482614,1,1,1984,22,29,12,18,21,13,11,0,21,22
482615,1,1,1984,0,0,0,0,0,0,8,0,0,0
482615,2,1,1984,0,0,0,0,0,0,0,0,0,0
482616,1,1,1984,31,0,0,0,10,0,22,0,0,35
482617,0,1,1984,23,16,15,14,6,43,10,18,0,15
482617,1,1,1984,24,24,24,24,24,24,24,24,24,24
482618,1,1,1984,0,0,0,0,0,0,0,0,0,0
482618,2,1,1984,0,0,0,0,0,0,2,0,0,0
482619,1,1,1984,0,0,0,0,0,0,0,0,0,0
482620,0,1,1984,0,0,0,0,0,0,0,0,0,10
482620,1,1,1984,15,15,15,15,15,15,15,15,15,15
482621,0,1,1984,45,0,0,8,0,0,6,26,0,0
482621,1,1,1984,15,0,8,0,4,0,0,0,14,0
482622,0,1,1984,0,0,13,0,8,0,24,0,0,9
482622,1,1,1984,13,13,13,13,13,13,13,13,13,13
482623,0,1,1984,0,38,19,19,15,9,21,18,45,31
482623,1,1,1984,16,0,26,0,0,0,18,0,11,0
482624,0,1,1984,0,0,0,0,0,0,0,0,7,26
482624,1,1,1984,0,0,21,0,0,0,0,17,16,12
482625,0,1,1984,0,21,0,19,0,19,8,11,0,20
482625,1,1,1984,0,0,0,0,15,18,0,8,11,0
482626,1,1,1984,0,0,0,3,19,14,8,19,14,0
482626,2,1,1984,12,15,0,0,0,0,0,0,5,0
482627,1,1,1984,12,7,18,16,23,21,43,20,15,18
482628,1,1,1984,0,17,9,0,0,0,7,0,0,11
482628,2,1,1984,0,0,0,0,0,0,26,6,0,0
482629,1,1,1984,17,15,4,7,0,11,21,0,5,8
482629,2,1,1984,17,5,0,25,14,0,0,0,23,0
482630,1,1,1984,18,0,0,0,0,0,0,0,0,0
482631,0,1,1984,18,0,0,0,10,13,21,13,0,0
482631,1,1,1984,8,0,15,0,0,0,0,0,0,0
482632,1,1,1984,14,17,8,27,31,25,28,27,25,28
482633,1,1,1984,8,0,0,0,0,0,0,11,0,0
482633,2,1,1984,8,9,5,0,7,0,0,3,13,6
482634,1,1,1984,25,25,25,25,25,25,25,25,25,25
482634,2,1,1984,0,16,0,22,0,14,0,10,0,0
482635,1,1,1984,0,0,0,0,0,0,15,0,0,0
482635,2,1,1984,0,0,0,0,0,0,0,0,0,0
482636,1,1,1984,17,17,20,22,14,13,8,19,7,0
482637,1,1,1984,0,0,0,7,0,10,0,18,0,0
482637,2,1,1984,24,0,0,5,0,0,0,0,27,0
482638,0,1,1984,0,0,0,0,0,0,0,0,0,0
482638,1,1,1984,0,0,0,0,6,18,0,0,0,0
482639,1,1,1984,11,0,0,0,0,0,0,0,0,27
482640,1,1,1984,15,15,15,15,15,15,15,15,15,15
482641,1,1,1984,0,11,13,14,2,16,16,0,0,20
482642,1,1,1984,0,0,0,0,21,7,0,13,0,0
482643,1,1,1984,16,0,0,0,0,0,0,8,0,13
482644,1,1,1984,0,0,0,0,0,20,21,0,0,10
482644,2,1,1984,20,0,13,0,0,0,0,0,10,17
482645,1,1,1984,8,0,0,0,14,0,0,0,0,0
482645,2,1,1984,0,0,12,0,0,0,17,0,0,0
482646,1,1,1984,16,0,12,6,0,0,10,0,8,14
482646,2,1,1984,0,0,0,18,0,0,0,0,0,0
482647,1,1,1984,5,0,0,0,6,20,10,0,0,0
482647,2,1,1984,8,0,0,0,0,0,0,0,0,0
482648,1,1,1984,0,10,22,20,29,8,8,13,23,27
482649,1,1,1984,13,8,13,25,26,18,15,17,19,18
482650,1,1,1984,29,14,7,27,8,16,17,7,31,25
482651,1,1,1984,0,0,18,0,5,0,11,0,0,10
482651,2,1,1984,0,14,0,0,0,0,0,19,0,0
482652,0,1,1984,0,0,0,0,0,0,0,0,0,0
482652,0,2,1984,0,0,23,0,22,19,0,22,0,15
482652,0,3,1984,0,0,0,0,25,0,0,0,0,20
482652,1,1,1984,13,12,6,25,13,33,13,16,10,3
482653,1,1,1984,0,10,7,8,0,4,17,0,6,14
482653,2,1,1984,18,0,11,17,0,28,26,8,12,22
482654,0,1,1984,0,6,24,41,0,30,0,19,0,0
482654,1,1,1984,12,0,9,0,0,13,0,0,16,0
482655,0,1,1984,17,20,0,0,29,0,23,0,0,0
482655,1,1,1984,0,0,17,0,0,0,0,0,0,0
482656,1,1,1984,4,4,4,4,4,4,4,4,4,4
482657,0,1,1984,0,0,0,0,0,0,0,0,0,0
482657,1,1,1984,8,8,8,8,8,8,8,8,8,8
482658,1,1,1984,0,0,0,0,0,0,0,18,0,0
482659,1,1,1984,25,13,6,26,8,12,10,17,0,4
482659,2,1,1984,24,21,0,0,0,16,18,27,25,8
482660,1,1,1984,0,0,0,0,0,0,0,0,0,0
482660,2,1,1984,4,0,0,0,0,0,0,0,16,0
482661,1,1,1984,0,0,0,0,0,0,0,0,0,0
482661,2,1,1984,0,4,0,0,0,0,23,0,17,0
482662,1,1,1984,10,8,0,19,10,0,0,13,14,27
482663,1,1,1984,0,36,27,14,0,15,30,11,0,13
482664,1,1,1984,10,17,11,37,21,15,28,32,22,19
482665,1,1,1984,0,0,0,0,0,0,0,0,0,0
482665,2,1,1984,0,0,0,0,0,0,0,0,0,0
482666,1,1,1984,14,29,40,31,8,22,17,19,33,34
482667,1,1,1984,0,0,0,0,0,0,0,0,0,0
482667,2,1,1984,0,0,0,0,0,0,0,0,0,16
482668,1,1,1984,9,9,9,9,9,9,9,9,9,9
482668,2,1,1984,19,16,12,13,12,13,4,5,11,21
482669,1,1,1984,17,17,16,29,17,13,5,11,15,27
482670,1,1,1984,10,11,20,9,23,7,14,21,22,0
482670,2,1,1984,11,11,11,11,11,11,11,11,11,11
482671,1,1,1984,0,9,7,0,0,4,17,16,0,8
482671,2,1,1984,18,18,18,18,18,18,18,18,18,18
482672,1,1,1984,8,21,16,36,11,18,20,20,18,13
482673,1,1,1984,0,20,0,0,0,0,0,0,0,0
482674,0,1,1984,0,0,0,0,0,0,0,0,0,0
482674,1,1,1984,0,0,12,0,0,0,0,0,0,0
482675,0,1,1984,16,0,0,9,0,0,0,0,0,0
482675,1,1,1984,0,0,0,0,0,0,0,0,0,0
482676,1,1,1984,18,12,9,13,23,14,16,14,28,23
482677,0,1,1984,0,0,17,0,0,0,0,0,0,0
482677,1,1,1984,0,0,0,18,0,33,0,12,0,0
482678,1,1,1984,0,0,0,0,0,0,0,0,0,0
482678,2,1,1984,0,0,0,0,0,0,0,0,0,0
482679,1,1,1984,0,0,0,16,11,0,0,0,0,0
482679,2,1,1984,0,11,0,20,0,0,22,0,11,22
482680,0,1,1984,0,0,0,0,0,0,0,0,0,0
482680,1,1,1984,0,21,0,0,0,0,0,0,0,0
482681,1,1,1984,18,30,28,0,15,20,0,18,18,19
482682,1,1,1984,0,31,0,7,0,10,24,15,27,15
482683,0,1,1984,0,0,0,0,0,0,0,0,0,0
482683,1,1,1984,0,0,0,0,0,0,0,0,0,0
482684,1,1,1984,0,0,0,0,0,0,0,0,0,0
482685,0,1,1984,0,22,0,0,0,0,0,0,0,0
482685,1,1,1984,0,0,0,0,0,0,0,0,0,0
482686,0,1,1984,19,18,24,16,34,12,21,45,28,15
482686,1,1,1984,16,9,18,13,8,21,10,26,10,34
482687,1,1,1984,0,0,6,0,0,0,0,0,0,0
482688,1,1,1984,12,18,11,12,25,11,12,18,0,22
482689,1,1,1984,13,0,0,24,0,14,9,13,9,4
482690,0,1,1984,0,21,14,20,12,17,12,30,13,14
482690,1,1,1984,0,0,0,0,7,0,0,27,0,8
482691,1,1,1984,0,0,0,11,0,0,11,0,2,0
482691,2,1,1984,0,0,17,0,0,0,0,0,0,0
482692,1,1,1984,12,27,0,15,15,6,16,11,18,0
482692,2,1,1984,0,0,0,0,21,24,8,22,20,13
482693,1,1,1984,0,14,10,0,20,0,16,0,0,0
482693,2,1,1984,28,0,0,0,0,36,0,0,11,0
482694,1,1,1984,12,0,2,0,24,0,0,0,5,0
482694,2,1,1984,27,10,16,20,0,17,0,20,18,0
482695,1,1,1984,0,0,0,0,0,0,0,0,0,0
482695,2,1,1984,0,0,0,0,0,0,0,0,0,0
482696,0,1,1984,0,12,5,0,5,23,21,25,20,12
482696,1,1,1984,0,19,13,12,0,14,7,14,0,19
482697,1,1,1984,15,0,19,20,23,9,14,16,11,18
482697,2,1,1984,0,0,0,0,0,0,0,19,0,11
482698,0,1,1984,13,0,10,26,0,0,14,0,5,0
482698,1,1,1984,0,0,4,0,0,0,0,0,0,0
482698,2,1,1984,0,0,0,0,0,0,0,0,0,0
482699,0,1,1984,0,0,0,0,0,0,0,0,0,0
482699,1,1,1984,0,0,0,0,0,0,0,0,0,0
482700,1,1,1984,4,20,22,26,9,0,32,27,17,0
482701,1,1,1984,0,0,0,0,0,0,39,20,25,8
482701,2,1,1984,0,0,0,0,12,0,0,17,0,0
482702,1,1,1984,24,0,0,0,0,0,13,0,6,0
482703,1,1,1984,0,0,16,0,0,0,18,16,23,0
482704,1,1,1984,11,7,0,0,0,0,0,0,0,0
482704,2,1,1984,0,0,21,0,0,0,0,0,21,0
482705,1,1,1984,0,7,0,0,0,0,8,0,0,0