ST_CASE,VEH_NO,PER_NO,YEAR,P1,P2,P3,P4,P5,P6,P7,P8,P9,P10
482705,2,1,1984,0,0,0,0,11,0,11,15,0,25
482706,1,1,1984,0,0,0,0,0,0,0,0,12,17
482706,2,1,1984,0,0,0,24,0,0,0,0,31,0
482707,1,1,1984,8,6,14,15,0,18,0,19,8,12
482707,2,1,1984,22,26,13,17,28,19,32,14,16,12
482708,1,1,1984,0,0,0,0,0,0,0,0,0,0
482708,2,1,1984,0,0,0,0,0,0,0,0,0,0
482709,1,1,1984,0,10,0,0,0,36,14,17,3,5
482710,0,1,1984,17,0,27,3,12,2,18,32,13,18
482710,1,1,1984,0,0,0,6,0,0,0,0,0,0
482711,1,1,1984,0,0,0,5,3,0,0,9,0,0
482712,1,1,1984,0,0,0,6,0,10,32,17,0,24
482713,1,1,1984,11,2,7,0,0,13,28,19,0,15
482714,1,1,1984,0,18,26,4,18,20,21,0,0,29
482715,1,1,1984,4,30,23,13,19,10,22,10,18,21
482716,1,1,1984,0,0,13,14,12,22,13,11,0,25
482717,1,1,1984,29,26,16,0,29,13,30,31,21,25
482718,1,1,1984,0,0,0,0,22,0,0,17,0,0
482718,2,1,1984,0,0,0,0,0,0,0,0,0,0
482719,1,1,1984,22,49,21,25,29,29,11,10,8,30
482720,0,1,1984,28,28,28,28,28,28,28,28,28,28
482720,1,1,1984,0,19,13,0,0,0,0,0,0,19
482721,0,1,1984,0,14,0,0,16,28,0,0,0,0
482721,1,1,1984,18,0,29,0,0,0,0,0,0,0
482722,1,1,1984,10,10,10,10,10,10,10,10,10,10
482723,1,1,1984,15,20,17,14,24,26,5,32,23,13
482723,2,1,1984,13,0,0,20,0,0,23,0,0,0
482724,1,1,1984,20,18,21,0,0,22,12,18,14,0
482725,1,1,1984,25,7,17,7,21,10,16,13,12,21
482726,1,1,1984,0,0,0,0,0,0,0,0,0,0
482726,2,1,1984,15,0,0,0,9,9,0,0,0,0
482727,1,1,1984,14,22,16,5,7,12,17,15,18,10
482728,1,1,1984,23,19,23,8,11,3,15,19,19,7
482728,2,1,1984,4,24,0,0,23,0,0,0,0,12
482729,1,1,1984,0,0,0,0,0,0,0,0,0,0
482729,2,1,1984,0,0,0,0,17,6,0,13,0,0
482730,1,1,1984,22,22,22,22,22,22,22,22,22,22
482730,2,1,1984,0,0,0,0,0,0,0,0,0,0
482731,1,1,1984,22,22,22,22,22,22,22,22,22,22
482731,2,1,1984,0,10,16,20,0,0,0,0,0,16
482732,1,1,1984,0,23,0,8,0,16,11,0,0,10
482732,2,1,1984,0,12,9,14,13,14,0,8,14,7
482733,0,1,1984,27,29,11,19,15,1,0,30,11,13
482733,1,1,1984,0,14,0,11,0,0,7,11,0,0
482734,1,1,1984,0,31,29,15,16,14,16,25,16,24
482734,2,1,1984,16,0,0,16,0,0,0,0,0,0
482735,1,1,1984,0,0,0,0,0,0,8,0,6,0
482736,1,1,1984,6,0,0,0,0,0,0,0,18,0
482737,0,1,1984,0,0,19,0,0,0,0,0,0,0
482737,1,1,1984,23,12,12,21,10,14,13,14,0,21
482738,1,1,1984,0,0,0,0,0,0,0,0,0,0
482738,2,1,1984,0,0,13,0,12,0,0,11,0,0
482739,1,1,1984,0,0,12,0,0,0,0,0,0,0
482739,2,1,1984,20,14,16,18,24,19,18,14,34,12
482740,1,1,1984,0,0,0,25,0,10,0,0,0,12
482740,2,1,1984,4,0,28,0,0,0,0,0,0,0
482741,1,1,1984,0,0,0,0,0,0,0,0,0,0
482742,1,1,1984,13,29,12,11,18,22,11,11,14,26
482743,1,1,1984,15,14,9,25,0,6,9,6,18,16
482743,2,1,1984,0,0,0,16,0,0,5,11,27,17
482744,1,1,1984,13,13,10,16,17,9,21,17,19,23
482744,2,1,1984,0,0,13,7,0,0,0,0,0,0
482745,1,1,1984,0,0,0,0,0,0,0,0,0,0
482745,2,1,1984,0,0,28,0,0,0,0,24,0,9
482746,1,1,1984,0,0,0,16,0,0,0,0,0,0
482746,2,1,1984,0,0,0,0,0,0,0,18,0,0
482747,1,1,1984,0,0,0,0,0,0,0,0,0,0
482747,2,1,1984,45,0,8,27,0,2,34,27,24,38
482748,0,1,1984,0,0,40,17,0,0,0,0,0,0
482748,1,1,1984,0,0,0,0,0,0,0,0,0,0
482749,0,1,1984,0,0,0,0,0,0,20,0,0,0
482749,1,1,1984,23,0,5,0,5,17,0,0,11,16
482750,0,1,1984,48,0,0,0,0,37,0,0,0,0
482750,1,1,1984,0,0,0,23,0,19,6,0,30,26
482751,1,1,1984,0,0,0,0,0,0,0,0,0,7
482751,2,1,1984,0,0,0,0,0,0,0,0,0,0
482752,1,1,1984,0,0,14,10,0,0,0,18,0,0
482753,1,1,1984,0,7,0,11,6,10,0,31,0,0
482754,0,1,1984,0,0,39,0,0,0,0,0,0,20
482754,1,1,1984,14,0,0,16,0,0,0,0,0,0
482755,1,1,1984,0,18,21,34,13,0,26,31,10,22
482756,1,1,1984,9,0,15,0,0,34,0,0,0,0
482756,2,1,1984,0,0,0,0,0,0,0,0,0,0
482757,1,1,1984,28,21,15,0,0,0,0,0,0,0
482757,2,1,1984,0,0,14,0,0,0,0,0,19,0
482758,0,1,1984,6,22,0,34,13,14,13,9,36,20
482758,1,1,1984,9,9,13,26,15,11,16,18,10,14
482759,1,1,1984,20,0,0,0,15,15,8,0,0,0
482759,2,1,1984,0,0,0,0,1,0,0,11,0,3
482760,1,1,1984,17,9,0,13,26,0,14,7,15,3
482760,2,1,1984,0,29,0,0,9,16,8,0,13,0
482761,0,1,1984,0,0,0,0,0,0,0,0,0,0
482761,1,1,1984,8,19,27,0,0,19,2,0,0,0
482762,0,1,1984,0,0,0,0,0,0,0,0,0,0
482762,1,1,1984,12,0,0,0,0,0,0,14,0,0
482763,1,1,1984,16,13,20,38,15,0,14,22,20,14
482764,1,1,1984,34,7,8,25,23,13,19,38,30,11
482765,1,1,1984,0,0,16,0,19,19,10,14,13,0
482766,0,1,1984,0,0,0,0,0,0,0,0,0,0
482766,1,1,1984,0,0,0,0,0,4,0,0,0,0
482767,0,1,1984,43,0,0,0,0,22,0,36,0,0
482767,1,1,1984,0,0,0,0,0,23,0,20,6,14
482768,1,1,1984,16,0,0,0,0,0,0,0,0,0
482768,2,1,1984,0,0,0,0,0,0,0,0,0,0
482769,1,1,1984,10,0,31,0,0,9,0,21,13,0
482769,2,1,1984,18,18,18,18,18,18,18,18,18,18
482770,1,1,1984,0,0,0,0,0,0,0,0,0,0
482771,1,1,1984,0,0,5,0,19,0,0,0,0,0
482771,2,1,1984,10,0,0,0,16,0,0,0,15,0
482772,1,1,1984,31,23,13,25,29,14,0,17,26,7
482773,1,1,1984,24,13,15,18,20,8,19,14,7,17
482774,1,1,1984,0,0,0,0,0,0,16,0,0,0
482775,1,1,1984,0,0,0,0,0,0,0,0,8,0
482775,2,1,1984,0,13,15,15,0,0,0,11,0,0
482776,1,1,1984,23,23,23,23,23,23,23,23,23,23
482777,1,1,1984,18,0,24,0,8,0,22,0,0,11
482777,2,1,1984,13,0,19,0,0,0,0,0,0,0
482778,1,1,1984,13,13,13,13,13,13,13,13,13,13
482778,2,1,1984,0,19,0,0,2,0,0,19,0,13
482779,1,1,1984,38,0,15,7,17,17,11,11,0,21
482780,1,1,1984,2,14,0,13,3,6,11,14,6,4
482780,2,1,1984,0,0,0,0,0,0,0,0,0,0
482781,1,1,1984,0,10,0,0,0,0,0,0,0,0
482781,2,1,1984,0,0,0,0,18,0,0,0,0,17
482782,1,1,1984,19,34,0,0,0,0,0,13,33,0
482782,2,1,1984,0,0,0,21,10,0,0,0,0,0
482783,0,1,1984,0,0,30,0,32,0,26,0,0,13
482783,1,1,1984,14,13,12,34,19,18,16,14,9,17
482784,1,1,1984,0,0,0,0,0,15,0,0,0,0
482785,1,1,1984,0,0,22,6,0,0,13,0,0,25
482786,1,1,1984,0,0,0,0,0,11,0,0,0,0
482786,2,1,1984,0,24,0,0,9,0,0,0,0,3
482787,1,1,1984,0,0,0,0,0,49,17,18,15,0
482788,1,1,1984,0,0,0,0,0,0,0,0,0,0
482788,2,1,1984,0,0,14,0,0,0,15,0,0,23
482789,1,1,1984,13,19,19,4,12,10,22,4,25,25
482790,1,1,1984,0,0,0,0,0,0,11,0,0,0
482791,0,1,1984,10,12,12,10,0,0,0,36,3,7
482791,1,1,1984,4,4,4,4,4,4,4,4,4,4
482792,0,1,1984,0,17,0,0,0,0,0,0,0,0
482792,1,1,1984,0,14,0,0,0,0,0,9,20,0
482793,0,1,1984,0,0,0,0,0,0,15,0,0,0
482793,1,1,1984,0,0,47,0,0,0,0,0,0,0
482794,1,1,1984,0,0,15,0,0,0,0,0,0,0
482795,0,1,1984,0,0,0,0,0,0,0,0,0,0
482795,1,1,1984,0,0,0,0,0,7,0,0,0,0
482796,0,1,1984,0,0,0,0,0,0,0,0,0,0
482796,1,1,1984,0,7,0,20,16,0,20,0,0,18
482797,1,1,1984,15,0,0,0,0,0,0,0,0,0
482798,1,1,1984,0,0,12,0,0,0,0,0,0,0
482799,0,1,1984,0,0,0,0,0,0,0,0,0,0
482799,1,1,1984,0,0,0,0,0,0,14,0,0,18
482800,1,1,1984,16,0,0,0,30,5,10,0,25,0
482801,0,1,1984,0,0,39,11,0,19,42,0,25,24
482801,1,1,1984,0,0,0,16,0,12,0,27,0,0
482802,1,1,1984,0,0,0,0,0,0,0,0,0,0
482803,0,1,1984,9,9,9,9,9,9,9,9,9,9
482803,1,1,1984,0,4,0,0,0,0,0,0,0,9
482804,1,1,1984,8,0,0,17,0,0,0,0,4,0
482804,2,1,1984,0,20,31,0,8,8,0,9,6,5
482805,0,1,1984,0,30,5,0,0,0,0,0,0,0
482805,1,1,1984,0,0,0,0,0,0,0,0,0,0
482806,0,1,1984,29,23,18,35,46,14,19,7,9,22
482806,1,1,1984,19,19,19,19,19,19,19,19,19,19
482807,1,1,1984,13,22,10,11,11,0,18,7,11,11
482808,1,1,1984,27,15,21,33,13,26,19,6,21,18
482809,1,1,1984,21,20,0,10,26,0,21,35,27,14
482810,1,1,1984,28,17,0,0,0,0,0,10,0,30
482810,2,1,1984,0,0,12,0,0,0,0,0,0,0
482811,1,1,1984,27,21,15,42,27,19,31,26,32,25
482812,1,1,1984,9,9,9,9,9,9,9,9,9,9
482813,0,1,1984,0,0,0,0,0,0,0,0,0,0
482813,1,1,1984,0,13,0,0,15,0,15,14,0,0
482814,1,1,1984,0,0,22,0,0,0,7,10,0,0
482814,2,1,1984,23,7,20,13,8,28,17,11,7,16
482815,1,1,1984,19,21,19,24,14,17,24,0,24,21
482816,1,1,1984,0,0,24,0,10,46,0,19,0,0
482817,1,1,1984,13,0,24,0,0,0,0,7,0,0
482818,1,1,1984,12,12,12,12,12,12,12,12,12,12
482819,1,1,1984,15,11,0,18,0,15,9,15,17,26
482819,2,1,1984,6,0,0,0,0,0,0,0,0,0
482820,1,1,1984,0,24,0,0,0,0,0,28,0,0
482820,2,1,1984,0,0,0,0,0,0,0,0,0,0
482821,1,1,1984,0,12,0,0,0,14,8,0,0,16
482822,0,1,1984,0,0,0,0,0,0,20,0,0,0
482822,1,1,1984,0,0,12,0,0,0,0,0,11,0
482823,0,1,1984,0,0,0,0,0,0,0,0,0,0
482823,1,1,1984,22,0,14,10,0,14,6,0,33,0
482824,1,1,1984,0,0,0,0,0,0,0,6,0,11
482824,2,1,1984,19,0,0,0,0,0,0,0,0,0
482825,1,1,1984,0,0,12,0,0,0,0,17,0,0
482825,2,1,1984,0,0,7,0,0,0,0,0,0,0
482826,1,1,1984,16,18,15,15,28,0,5,9,4,15
482827,1,1,1984,0,0,0,0,0,20,0,0,0,0
482828,1,1,1984,0,0,0,0,0,21,6,0,0,0
482828,2,1,1984,0,0,0,0,0,0,0,0,0,0
482829,1,1,1984,26,0,18,15,16,20,0,18,13,11
482830,0,1,1984,0,15,21,21,10,0,29,16,0,0
482830,1,1,1984,0,0,0,0,0,21,6,0,7,0
482831,1,1,1984,0,0,0,0,0,0,0,0,0,0
482831,2,1,1984,0,0,0,0,0,0,0,0,0,0
482832,0,1,1984,0,0,0,0,0,0,0,0,0,0
482832,1,1,1984,0,0,0,0,0,0,0,0,0,0
482833,1,1,1984,0,0,0,0,0,0,0,0,0,6
482833,2,1,1984,0,0,0,0,0,0,0,0,0,0
482834,1,1,1984,23,19,0,0,0,0,0,22,0,0
482834,2,1,1984,0,0,14,0,20,0,0,0,0,0
482835,1,1,1984,22,10,33,21,28,23,20,12,29,9
482836,0,1,1984,36,34,27,27,11,15,20,25,33,0
482836,1,1,1984,12,0,0,0,44,0,0,0,0,0
482837,1,1,1984,12,12,12,12,12,12,12,12,12,12
482838,1,1,1984,9,7,14,23,16,3,20,0,9,16
482839,1,1,1984,0,0,0,0,0,4,0,0,0,0
482839,2,1,1984,0,0,0,19,0,29,0,0,0,0
482840,1,1,1984,15,24,8,0,19,18,0,18,15,25
482841,1,1,1984,0,36,33,6,20,12,10,17,4,18
482842,0,1,1984,23,21,16,14,28,19,20,30,19,16
482842,1,1,1984,0,0,12,0,13,0,0,0,0,0
482843,1,1,1984,0,0,0,0,0,0,0,0,0,0
482843,2,1,1984,0,18,0,18,0,0,0,31,11,0
482844,1,1,1984,0,0,0,0,0,0,0,0,0,0
482844,2,1,1984,0,0,0,0,0,0,0,0,0,0
482845,0,1,1984,0,8,36,0,35,0,19,26,22,0
482845,1,1,1984,12,0,16,21,0,0,0,0,28,10
482846,1,1,1984,0,0,0,0,0,0,0,0,7,0
482846,2,1,1984,0,0,0,0,0,0,0,0,0,0
482847,1,1,1984,0,0,0,0,0,0,0,0,0,0
482848,1,1,1984,18,11,9,20,14,22,6,20,6,17
482849,1,1,1984,0,0,0,0,0,0,6,0,0,0
482849,2,1,1984,0,0,0,0,0,0,0,0,0,0
482850,1,1,1984,0,0,0,0,0,0,0,0,0,0
482850,2,1,1984,0,0,0,0,0,0,0,0,0,0
482850,3,1,1984,0,0,0,0,25,0,0,0,0,5
482851,1,1,1984,0,0,0,0,0,0,0,0,0,0
482852,0,1,1984,26,0,0,14,8,0,0,0,0,13
482852,0,2,1984,40,0,0,13,21,14,0,22,0,4
482852,1,1,1984,20,9,5,14,0,18,22,11,12,19
482853,0,1,1984,0,0,0,0,0,0,0,0,0,0
482853,1,1,1984,0,0,0,0,0,0,17,5,0,0
482854,1,1,1984,0,0,0,0,0,0,0,0,0,0
482854,2,1,1984,0,0,17,0,0,0,0,0,0,0
482855,0,1,1984,0,0,0,0,0,0,0,0,0,0
482855,1,1,1984,0,0,0,0,0,0,0,14,0,0
482856,1,1,1984,18,16,26,18,16,26,14,0,0,19
482857,1,1,1984,14,20,22,17,23,32,11,24,17,7
482858,1,1,1984,13,0,10,19,0,16,0,0,0,0
482858,2,1,1984,0,0,0,0,0,0,0,0,0,0
482859,1,1,1984,0,0,0,15,0,0,10,0,0,0
482859,2,1,1984,0,0,19,7,0,0,0,0,0,0
482859,3,1,1984,0,0,0,27,11,0,25,0,41,0
482860,1,1,1984,13,19,7,0,24,0,13,21,13,7
482860,2,1,1984,14,24,20,0,0,0,0,33,10,47
482861,1,1,1984,13,0,29,16,0,28,16,27,0,22
482861,2,1,1984,0,0,12,0,0,10,0,0,0,0
482862,0,1,1984,0,12,0,0,0,0,0,0,0,0
482862,1,1,1984,13,23,19,10,11,0,21,11,8,5
482863,1,1,1984,0,0,0,13,9,0,7,0,0,11
482864,1,1,1984,14,0,0,11,0,11,0,0,8,0
482865,0,1,1984,0,15,18,21,0,0,31,0,21,20
482865,1,1,1984,0,20,0,0,11,0,26,19,11,0
482866,0,1,1984,0,0,0,0,0,0,0,0,0,0
482866,1,1,1984,0,0,0,13,0,0,0,19,19,18
482867,1,1,1984,0,0,0,0,0,0,0,0,0,0
482867,2,1,1984,0,0,8,0,0,9,12,0,0,0
482868,0,1,1984,13,31,13,28,35,36,36,0,43,40
482868,1,1,1984,8,31,22,24,0,20,11,30,31,0
482869,0,1,1984,40,30,18,22,0,38,18,18,16,47
482869,1,1,1984,10,17,8,9,5,10,0,9,0,11
482870,1,1,1984,34,18,19,19,24,12,24,12,24,14
482871,1,1,1984,0,0,0,0,0,0,0,0,0,0
482871,2,1,1984,0,0,0,0,0,0,0,0,0,0
482872,0,1,1984,0,21,0,25,40,24,18,7,12,15
482872,1,1,1984,22,0,0,0,12,8,0,22,0,0
482873,1,1,1984,0,0,0,0,0,0,10,13,0,0
482873,2,1,1984,0,0,0,0,17,0,0,18,0,0
482874,1,1,1984,0,14,26,0,23,0,0,16,31,13
482875,0,1,1984,0,0,0,0,0,0,16,0,0,4
482875,1,1,1984,0,0,0,7,0,0,0,0,23,0
482876,1,1,1984,10,0,0,0,0,0,0,17,0,11
482876,2,1,1984,12,18,19,18,12,26,17,6,9,20
482877,1,1,1984,23,23,23,23,23,23,23,23,23,23
482877,2,1,1984,11,11,11,11,11,11,11,11,11,11
482878,1,1,1984,0,0,16,17,12,0,0,0,0,0
482878,2,1,1984,0,26,0,0,0,0,0,0,0,0
482879,1,1,1984,20,0,0,0,0,0,0,10,8,0
482879,2,1,1984,0,0,0,0,0,0,0,0,0,9
482880,1,1,1984,14,0,0,0,0,0,15,19,0,0
482881,1,1,1984,0,0,0,0,9,0,0,0,0,8
482882,0,1,1984,0,0,0,0,0,0,0,0,0,0
482882,1,1,1984,28,7,22,9,5,15,23,24,17,4
482883,1,1,1984,9,0,0,0,0,0,0,0,0,0
482884,1,1,1984,16,0,0,0,20,0,0,0,9,0
482885,1,1,1984,9,19,12,0,0,0,6,0,0,15
482885,2,1,1984,0,0,8,25,15,0,12,16,0,17
482886,1,1,1984,0,0,0,0,0,0,0,0,0,0
482886,2,1,1984,4,0,0,0,5,0,0,0,19,6
482887,0,1,1984,22,11,25,0,30,31,0,0,13,22
482887,1,1,1984,6,14,13,10,6,9,15,21,21,5
482888,1,1,1984,9,6,11,10,20,27,12,22,11,24
482889,1,1,1984,18,16,0,30,0,0,0,13,14,0
482889,2,1,1984,22,7,0,9,11,33,29,2,18,20
482890,1,1,1984,13,25,16,16,35,13,8,9,12,13
482891,0,1,1984,0,0,0,0,0,0,0,0,0,0
482891,1,1,1984,0,0,11,25,0,0,0,23,11,0
482892,0,1,1984,5,31,0,14,0,20,27,15,12,31
482892,1,1,1984,0,0,0,0,0,0,0,0,33,0
482893,1,1,1984,8,0,3,0,0,14,0,45,0,0
482893,2,1,1984,0,16,0,6,0,0,0,0,0,6
482894,1,1,1984,6,0,0,26,0,22,12,11,12,17
482895,0,1,1984,0,0,0,0,0,0,0,0,0,0
482895,1,1,1984,0,16,10,0,0,0,0,9,0,0
482896,1,1,1984,17,0,0,0,13,0,0,9,0,0
482896,2,1,1984,10,0,0,0,0,0,0,0,0,0
482897,0,1,1984,0,0,0,0,0,0,0,0,0,0
482897,1,1,1984,0,4,0,0,0,0,0,0,0,0
482898,0,1,1984,27,0,19,0,15,24,18,27,0,0
482898,1,1,1984,0,0,0,0,0,0,0,0,7,0
482899,1,1,1984,25,0,0,0,0,0,0,0,0,0
482899,2,1,1984,0,0,0,21,0,0,0,0,0,0
482900,1,1,1984,0,0,0,0,0,0,0,0,0,0
482901,1,1,1984,18,18,18,18,18,18,18,18,18,18
482901,2,1,1984,15,10,0,0,0,0,0,7,23,0
482902,1,1,1984,0,0,0,0,0,0,0,0,0,0
482902,2,1,1984,0,8,0,0,0,0,0,0,0,0
482903,0,1,1984,0,0,0,0,0,0,0,0,0,0
482903,1,1,1984,7,0,13,0,17,0,0,0,12,15
482904,1,1,1984,27,0,27,26,24,16,12,0,25,16
482905,1,1,1984,0,0,0,0,0,0,0,0,0,0
482905,2,1,1984,0,0,0,0,0,0,0,0,0,0
482906,1,1,1984,0,4,21,0,0,0,0,12,0,11
482907,0,1,1984,0,0,0,0,0,0,0,0,0,0
482907,1,1,1984,0,0,0,17,0,0,0,0,0,0
482908,1,1,1984,0,0,0,0,0,14,0,0,0,0
482908,2,1,1984,0,0,0,0,0,0,15,0,0,0
482909,1,1,1984,0,0,0,2,0,0,0,0,0,0
482909,2,1,1984,0,0,22,0,0,0,0,0,0,0
482910,0,1,1984,0,0,0,0,0,0,0,0,0,0
482910,1,1,1984,0,0,4,0,0,0,0,0,0,0
482911,1,1,1984,0,0,0,17,0,0,0,9,0,7
482911,2,1,1984,20,14,22,19,22,8,27,6,21,17
482912,0,1,1984,19,0,0,19,25,21,37,38,37,18
482912,1,1,1984,11,6,0,14,0,13,0,14,19,0
482913,1,1,1984,0,0,0,0,0,0,0,0,0,0
482913,2,1,1984,0,0,0,0,0,0,0,0,0,0
482914,1,1,1984,0,0,0,0,0,0,0,14,0,0
482914,2,1,1984,0,15,0,0,0,0,0,0,0,0
482915,1,1,1984,7,15,22,15,22,24,15,12,10,12
482916,1,1,1984,0,0,0,0,0,0,0,0,0,0
482916,2,1,1984,19,0,0,0,24,0,0,0,5,0
482917,1,1,1984,31,24,8,16,0,18,19,13,18,19
482918,1,1,1984,0,0,0,0,0,0,0,0,0,0
482918,2,1,1984,0,0,0,10,0,0,0,0,0,0
482919,0,1,1984,29,0,9,18,21,9,0,15,21,6
482919,1,1,1984,0,0,0,15,19,0,16,0,0,0
482920,0,1,1984,0,0,0,7,0,0,23,0,0,0
482920,1,1,1984,14,0,0,0,0,0,0,0,20,0
482921,1,1,1984,11,19,15,28,14,11,18,0,21,7
482922,1,1,1984,0,0,0,0,0,0,11,32,12,0
482922,2,1,1984,10,16,13,26,16,14,24,10,10,16
482923,0,1,1984,21,21,21,21,21,21,21,21,21,21
482923,1,1,1984,12,0,22,7,0,12,0,8,15,5
482924,1,1,1984,19,19,19,19,19,19,19,19,19,19
482924,2,1,1984,14,0,0,24,5,25,0,21,0,0
482925,0,1,1984,0,0,0,17,0,0,9,4,0,0
482925,1,1,1984,0,0,0,14,0,0,13,9,0,0
482926,1,1,1984,14,7,0,12,15,5,6,19,13,19
482927,1,1,1984,8,21,26,24,15,15,13,18,29,15
482927,2,1,1984,9,34,9,15,32,11,22,11,25,28
482928,1,1,1984,19,19,16,15,12,7,0,22,20,28
482929,1,1,1984,32,11,10,8,14,10,20,15,8,0
482930,1,1,1984,15,15,15,15,15,15,15,15,15,15
482931,0,1,1984,10,33,29,13,20,22,0,14,16,13
482931,1,1,1984,22,0,20,16,0,0,34,0,0,0
482932,1,1,1984,22,20,27,16,16,16,12,37,17,12
482933,1,1,1984,19,8,25,17,31,12,16,9,11,29
482934,1,1,1984,0,0,18,14,21,24,9,10,15,21
482934,2,1,1984,25,23,0,0,24,22,50,20,25,29
482935,1,1,1984,23,17,17,7,16,20,20,13,17,15
482936,1,1,1984,0,7,21,0,0,0,11,0,24,0
482936,2,1,1984,15,0,14,0,0,0,0,0,0,0
482937,1,1,1984,8,2,26,10,9,20,13,33,19,17
482938,1,1,1984,17,16,16,12,13,17,12,11,18,9
482939,1,1,1984,28,28,28,28,28,28,28,28,28,28
482940,1,1,1984,31,10,33,24,21,21,18,15,25,16
482941,0,1,1984,0,0,0,0,0,0,0,0,0,0
482941,0,2,1984,8,23,0,0,18,21,0,17,19,11
482941,1,1,1984,21,11,19,25,7,15,19,7,15,17
482942,0,1,1984,0,0,0,0,0,17,0,0,0,0
482942,1,1,1984,14,0,0,0,0,0,0,0,0,0
482943,1,1,1984,16,22,10,14,15,17,22,20,16,12
482943,2,1,1984,17,17,17,17,17,17,17,17,17,17
482944,1,1,1984,19,29,18,23,13,20,31,0,12,20
482945,1,1,1984,23,16,6,31,4,11,14,6,23,9
482945,2,1,1984,11,13,0,19,18,0,0,0,0,0
482946,1,1,1984,0,0,0,0,0,0,0,0,0,0
482947,1,1,1984,0,0,0,0,7,0,0,0,0,0
482947,2,1,1984,0,0,0,0,0,0,0,0,0,0
482948,1,1,1984,0,0,0,0,0,10,0,0,0,0
482948,2,1,1984,0,0,0,0,0,0,0,0,0,0
482949,1,1,1984,0,0,0,0,0,0,0,0,0,0
482949,2,1,1984,0,0,0,0,0,0,20,0,0,7
482950,1,1,1984,7,17,10,9,9,16,9,11,5,20
482950,2,1,1984,13,0,11,0,0,11,0,0,0,0
482951,0,1,1984,18,22,25,32,24,18,7,0,0,26
482951,0,2,1984,22,14,16,20,23,0,16,22,0,13
482951,0,3,1984,32,9,18,7,48,29,25,17,8,0
482951,1,1,1984,7,2,9,10,11,4,9,6,17,16
482952,1,1,1984,30,0,14,0,20,0,0,0,0,0
482953,1,1,1984,0,0,0,0,0,0,0,0,0,0
482954,1,1,1984,14,14,0,7,0,0,0,0,0,0
482954,2,1,1984,0,0,0,0,0,0,0,5,0,0
482955,1,1,1984,0,0,18,0,0,13,0,0,0,0
482955,2,1,1984,0,0,3,27,0,26,19,25,0,0
482956,0,1,1984,0,0,0,0,0,0,0,0,0,0
482956,1,1,1984,7,0,21,0,0,14,0,15,20,14
482957,0,1,1984,0,0,0,0,0,0,0,0,0,0
482957,0,2,1984,0,0,0,0,0,0,0,0,0,0
482957,1,1,1984,0,0,0,0,0,4,0,0,0,0
482958,1,1,1984,16,4,17,28,12,14,26,21,19,16
482959,0,1,1984,0,0,0,0,0,0,0,0,0,0
482959,1,1,1984,0,0,0,0,0,0,0,0,0,0
482960,1,1,1984,31,0,0,0,0,22,29,0,0,13
482961,1,1,1984,3,13,13,7,18,23,13,0,9,15
482962,0,1,1984,14,20,36,8,29,0,24,10,23,7
482962,0,2,1984,19,48,0,13,15,19,17,20,33,17
482962,0,3,1984,30,28,25,32,7,9,14,14,26,29
482962,1,1,1984,6,6,6,6,6,6,6,6,6,6
482963,1,1,1984,13,10,12,0,18,15,28,17,0,0
482964,1,1,1984,0,0,0,0,0,0,0,0,0,0
482964,2,1,1984,0,0,0,25,0,0,0,0,13,0
482965,1,1,1984,25,15,7,15,0,0,34,20,25,16
482966,1,1,1984,0,0,0,0,0,0,0,0,0,29
482967,0,1,1984,31,13,0,0,0,0,0,0,0,13
482967,1,1,1984,13,20,0,15,0,0,0,0,0,0
482968,1,1,1984,23,10,16,0,10,9,4,13,14,0
482968,2,1,1984,0,0,4,0,0,0,0,0,0,0
482969,1,1,1984,12,18,10,29,9,9,12,16,17,18
482970,1,1,1984,0,0,0,0,0,0,0,0,0,0
482971,1,1,1984,4,15,10,16,5,8,8,0,0,17
482972,0,1,1984,20,7,0,0,18,11,0,0,0,27
482972,1,1,1984,10,10,10,10,10,10,10,10,10,10
482973,1,1,1984,0,11,0,0,0,0,0,0,0,0
482974,1,1,1984,6,23,20,0,29,39,14,25,10,16
482975,1,1,1984,0,0,0,0,11,0,22,0,0,18
482976,1,1,1984,10,10,10,10,10,10,10,10,10,10
482976,2,1,1984,16,0,26,40,0,7,0,0,0,0
482977,1,1,1984,0,0,0,18,15,0,0,0,12,0
482977,2,1,1984,0,0,0,0,0,0,0,13,0,0
482978,1,1,1984,0,0,0,0,0,0,0,0,17,0
482978,2,1,1984,0,0,0,0,0,0,0,0,0,0
482979,1,1,1984,17,37,18,25,0,15,1,16,24,18
482980,1,1,1984,9,0,0,23,0,0,0,0,0,13
482980,2,1,1984,8,0,5,11,0,0,0,16,19,0
482981,1,1,1984,17,0,0,10,0,0,0,0,5,0