ST_CASE,VEH_NO,PER_NO,YEAR,P1,P2,P3,P4,P5,P6,P7,P8,P9,P10
482981,2,1,1984,0,0,0,0,0,0,0,0,0,0
482982,1,1,1984,0,0,0,0,0,0,0,0,0,0
482982,2,1,1984,0,31,0,0,0,0,0,0,0,11
482983,1,1,1984,11,7,0,33,37,0,31,46,29,6
482984,1,1,1984,0,16,11,23,0,2,0,13,0,20
482985,1,1,1984,0,0,14,0,15,0,29,0,19,0
482985,2,1,1984,0,0,0,0,0,0,0,0,0,0
482986,1,1,1984,14,12,2,27,0,13,0,20,20,21
482987,1,1,1984,7,7,7,7,7,7,7,7,7,7
482988,1,1,1984,0,34,0,0,22,0,0,0,0,0
482988,2,1,1984,25,0,0,16,0,0,0,0,25,0
482989,1,1,1984,0,0,0,0,0,0,0,0,0,0
482989,2,1,1984,0,0,0,19,0,0,0,0,0,10
482990,1,1,1984,0,15,14,0,8,18,0,0,12,0
482990,2,1,1984,8,0,0,0,14,14,0,17,0,5
482990,3,1,1984,0,0,0,0,0,0,0,0,0,11
482991,1,1,1984,15,0,4,43,19,29,35,18,24,21
482992,1,1,1984,12,17,19,13,24,23,0,0,12,19
482993,1,1,1984,0,0,8,0,0,0,0,0,0,0
482993,2,1,1984,13,0,0,0,0,0,0,0,0,0
482994,1,1,1984,19,22,26,33,26,35,24,11,28,10
482995,1,1,1984,0,21,0,5,26,0,0,15,0,13
482995,2,1,1984,0,0,0,0,0,0,0,0,0,0
482996,1,1,1984,0,0,0,0,0,0,0,0,0,0
482996,2,1,1984,0,12,0,0,0,0,0,0,0,0
482997,1,1,1984,15,0,20,21,20,10,0,18,13,13
482998,1,1,1984,18,18,18,18,18,18,18,18,18,18
482998,2,1,1984,5,0,0,0,0,0,0,0,0,0
482999,1,1,1984,7,0,15,0,0,15,0,20,0,0
482999,2,1,1984,6,0,6,12,0,0,0,0,0,2
483000,1,1,1984,20,18,7,4,0,12,0,25,22,13
483001,1,1,1984,14,21,14,27,23,20,24,38,17,9
483002,1,1,1984,15,18,9,15,20,13,19,15,17,14
483002,2,1,1984,0,10,17,10,30,14,9,0,17,17
483003,1,1,1984,32,32,32,32,32,32,32,32,32,32
483003,2,1,1984,0,8,0,0,19,0,0,0,12,0
483004,0,1,1984,17,13,3,11,12,6,12,21,22,24
483004,1,1,1984,0,0,6,0,20,0,0,0,0,0
483005,1,1,1984,0,0,0,18,15,11,0,0,22,0
483006,0,1,1984,0,0,0,0,0,0,0,0,0,0
483006,1,1,1984,0,0,0,0,0,6,10,0,0,0
483007,1,1,1984,16,30,0,18,13,27,24,25,12,11
483007,2,1,1984,0,10,0,0,27,0,0,0,9,0
483008,1,1,1984,18,22,37,15,13,18,27,27,21,12
483009,1,1,1984,12,11,15,3,16,4,2,17,8,3
483010,1,1,1984,24,0,12,17,17,0,14,10,27,7
483011,1,1,1984,0,9,25,24,25,0,41,0,9,18
483012,1,1,1984,0,0,0,18,0,22,0,33,0,0
483012,2,1,1984,16,0,19,19,8,8,8,4,27,8
483013,1,1,1984,0,0,0,13,19,16,0,12,0,0
483013,2,1,1984,0,0,4,0,0,0,0,0,0,0
483014,1,1,1984,23,23,23,23,23,23,23,23,23,23
483015,1,1,1984,25,25,25,25,25,25,25,25,25,25
483015,2,1,1984,0,0,24,10,0,0,0,0,24,0
483016,1,1,1984,0,9,12,9,0,8,9,26,14,18
483016,2,1,1984,12,8,0,0,0,0,0,18,0,0
483017,1,1,1984,0,0,0,0,12,11,17,0,8,0
483018,1,1,1984,26,6,14,26,10,7,21,15,14,18
483018,2,1,1984,14,6,8,0,22,0,12,0,0,0
483019,1,1,1984,20,20,15,19,8,20,9,19,25,31
483020,1,1,1984,26,35,23,0,13,25,2,17,10,21
483021,1,1,1984,14,0,0,22,19,0,0,0,0,13
483022,1,1,1984,16,16,16,16,16,16,16,16,16,16
483022,2,1,1984,0,0,0,0,0,0,0,0,0,6
483023,1,1,1984,0,0,0,0,0,0,0,0,0,0
483023,2,1,1984,0,9,11,0,0,14,0,13,0,0
483024,1,1,1984,19,21,14,0,22,13,0,15,4,25
483024,2,1,1984,14,3,14,0,0,14,3,10,0,0
483025,1,1,1984,31,22,31,0,24,19,18,20,22,24
483026,1,1,1984,21,7,22,12,25,16,25,11,5,17
483027,1,1,1984,24,12,7,10,9,8,6,21,12,17
483027,2,1,1984,15,0,0,0,0,18,0,0,15,10
483028,1,1,1984,15,0,15,29,28,33,15,6,20,26
483028,2,1,1984,0,0,0,0,2,0,0,0,0,10
483029,1,1,1984,4,9,0,11,0,21,18,7,5,21
483029,2,1,1984,0,0,0,18,0,0,0,0,0,0
483030,1,1,1984,22,11,32,25,10,21,16,21,6,11
483031,1,1,1984,0,14,14,6,0,25,8,0,18,15
483032,1,1,1984,20,0,23,0,6,14,0,6,0,25
483032,2,1,1984,17,4,14,0,12,0,24,11,27,10
483033,1,1,1984,38,29,7,6,14,20,22,28,0,11
483033,2,1,1984,0,0,0,0,0,0,0,0,0,0
483034,1,1,1984,0,0,0,0,12,0,0,0,0,0
483034,2,1,1984,21,29,5,16,0,9,0,13,35,0
483035,1,1,1984,0,0,0,0,0,0,0,0,0,0
483036,1,1,1984,0,17,15,0,0,0,9,0,0,12
483037,1,1,1984,8,0,0,0,0,0,4,12,0,0
483038,1,1,1984,0,0,0,9,26,20,0,0,18,0
483039,1,1,1984,30,0,22,6,13,8,10,0,15,0
483040,1,1,1984,0,0,21,11,0,0,0,0,0,0
483040,2,1,1984,0,0,0,18,0,0,19,0,0,0
483041,1,1,1984,0,0,0,0,0,0,0,20,9,0
483041,2,1,1984,20,0,0,0,8,21,7,11,0,0
483042,1,1,1984,33,33,38,17,24,29,17,37,12,42
483043,1,1,1984,14,25,18,0,0,0,11,0,0,0
483043,2,1,1984,0,0,39,25,23,0,22,17,7,0
483044,1,1,1984,12,9,20,24,13,18,0,26,27,15
483045,1,1,1984,0,0,0,0,7,21,0,0,0,41
483046,1,1,1984,19,9,19,29,18,0,20,2,0,16
483047,1,1,1984,17,26,22,19,10,15,11,23,10,7
483048,0,1,1984,14,0,11,28,36,15,0,23,0,20
483048,1,1,1984,27,0,16,0,24,10,0,0,0,0
483049,1,1,1984,0,0,8,0,0,0,0,0,0,0
483049,2,1,1984,0,22,0,0,9,4,0,0,0,0
483049,3,1,1984,14,17,0,0,0,0,0,0,0,0
483049,4,1,1984,11,0,0,0,0,15,0,0,0,0
483050,0,1,1984,0,17,0,28,18,0,24,0,0,13
483050,1,1,1984,0,0,9,0,0,31,14,0,15,0
483051,1,1,1984,24,0,0,0,0,12,0,0,25,0
483052,0,1,1984,0,0,0,0,0,0,0,0,0,4
483052,1,1,1984,0,0,0,0,0,0,0,0,15,0
483053,1,1,1984,11,27,10,6,20,19,16,8,18,23
483054,1,1,1984,0,14,7,0,36,20,25,8,4,24
483054,2,1,1984,0,10,14,13,6,12,26,11,0,13
483055,1,1,1984,19,14,29,24,28,17,17,11,28,19
483056,1,1,1984,32,9,19,23,15,18,16,22,13,21
483056,2,1,1984,0,0,0,0,0,37,34,0,27,0
483057,1,1,1984,0,0,0,0,0,0,0,0,0,21
483057,2,1,1984,0,0,0,0,0,0,0,0,0,0
483057,3,1,1984,0,0,0,0,0,0,0,0,0,0
483057,4,1,1984,0,0,0,0,0,0,0,0,0,0
483058,1,1,1984,0,12,0,0,18,15,0,5,0,0
483058,2,1,1984,0,0,0,11,0,6,0,14,0,0
483059,0,1,1984,0,0,14,0,0,0,0,0,0,0
483059,1,1,1984,0,0,16,0,0,0,0,25,0,0
483060,0,1,1984,0,0,7,0,0,0,0,0,0,11
483060,0,2,1984,0,0,26,17,0,0,0,0,0,0
483060,1,1,1984,0,0,0,9,13,0,7,0,6,8
483061,1,1,1984,18,11,19,0,25,19,15,12,24,17
483062,1,1,1984,0,0,0,0,0,19,0,0,0,0
483062,2,1,1984,0,0,0,0,0,0,0,0,0,0
483063,1,1,1984,17,17,0,0,0,37,0,0,12,0
483063,2,1,1984,27,0,0,0,0,0,0,0,0,0
483064,0,1,1984,11,24,0,0,0,0,14,0,21,22
483064,1,1,1984,22,22,22,22,22,22,22,22,22,22
483065,0,1,1984,19,9,0,45,43,17,16,20,0,15
483065,1,1,1984,0,0,0,0,32,0,0,0,0,0
483066,1,1,1984,0,0,0,0,0,0,0,0,0,0
483066,2,1,1984,0,0,0,0,0,0,0,0,0,0
483067,1,1,1984,0,0,25,0,0,20,22,0,0,0
483067,2,1,1984,0,0,13,0,0,0,0,5,0,0
483068,1,1,1984,8,18,2,0,0,0,0,0,0,35
483069,0,1,1984,0,0,0,33,26,0,0,0,0,0
483069,1,1,1984,0,0,0,0,11,0,0,0,26,0
483070,1,1,1984,0,0,0,25,0,0,0,0,0,0
483070,2,1,1984,12,0,0,0,0,0,0,0,0,0
483071,1,1,1984,16,10,14,13,27,14,19,22,13,30
483072,1,1,1984,23,23,25,34,15,0,0,0,0,35
483073,1,1,1984,0,0,0,0,0,0,0,0,0,0
483073,2,1,1984,13,0,17,0,7,5,5,0,0,0
483074,0,1,1984,11,0,0,0,32,0,0,18,0,0
483074,1,1,1984,0,0,7,0,0,0,0,0,0,0
483075,1,1,1984,0,0,0,0,0,0,22,0,0,0
483075,2,1,1984,0,0,0,0,0,0,0,13,0,0
483076,1,1,1984,0,12,0,17,0,0,0,0,0,0
483076,2,1,1984,0,0,0,0,0,0,0,0,0,0
483077,1,1,1984,0,0,0,0,0,0,29,0,40,13
483077,2,1,1984,0,0,0,0,0,0,0,5,0,17
483078,1,1,1984,7,0,0,0,0,0,0,0,0,0
483078,2,1,1984,0,0,0,0,0,0,0,0,0,0
483079,1,1,1984,0,0,9,0,0,0,0,15,0,17
483079,2,1,1984,5,0,0,0,0,6,0,0,0,4
483080,0,1,1984,0,0,0,0,0,0,0,0,0,0
483080,1,1,1984,0,0,8,0,6,0,0,0,0,0
483081,1,1,1984,0,9,0,0,5,0,0,0,0,0
483082,0,1,1984,22,39,17,21,19,11,20,22,14,27
483082,1,1,1984,0,0,17,0,7,17,0,13,19,8
483083,0,1,1984,0,0,0,0,0,0,0,0,0,0
483083,1,1,1984,0,0,0,0,0,0,6,0,0,15
483084,1,1,1984,23,18,18,6,30,19,22,12,8,2
483085,0,1,1984,0,0,0,0,0,0,0,0,19,0
483085,1,1,1984,0,15,0,0,0,0,0,0,0,0
483086,0,1,1984,27,27,25,8,18,24,21,14,16,26
483086,1,1,1984,0,0,8,22,0,14,12,10,0,15
483087,1,1,1984,0,12,19,10,16,23,22,14,21,0
483088,1,1,1984,13,14,7,12,15,13,19,10,12,9
483089,1,1,1984,0,7,0,0,0,0,13,6,0,0
483090,1,1,1984,0,0,0,31,17,0,17,12,28,19
483090,2,1,1984,13,17,11,0,29,13,11,0,10,12
483091,1,1,1984,5,0,0,0,0,12,10,0,29,24
483091,2,1,1984,24,0,0,10,12,15,0,16,0,0
483092,1,1,1984,0,0,3,0,0,0,0,0,0,0
483092,2,1,1984,11,0,0,0,39,0,0,0,0,24
483093,0,1,1984,23,11,11,11,20,19,21,25,0,0
483093,1,1,1984,0,0,0,0,0,11,0,7,0,0
483094,0,1,1984,0,0,0,0,0,0,0,0,0,0
483094,1,1,1984,0,0,0,0,0,0,0,0,14,0
483095,1,1,1984,0,9,16,13,0,7,21,19,23,19
483096,0,1,1984,0,28,0,7,26,17,38,3,29,16
483096,1,1,1984,21,7,11,17,0,6,0,0,0,7
483097,1,1,1984,0,0,0,2,0,0,0,0,0,0
483098,1,1,1984,0,24,0,0,26,0,0,0,0,0
483099,0,1,1984,15,6,2,0,0,0,18,16,13,37
483099,1,1,1984,4,0,25,8,9,0,0,0,0,0
483100,0,1,1984,0,0,0,0,0,0,0,0,0,0
483100,1,1,1984,0,0,0,0,0,0,0,0,0,0
483101,1,1,1984,20,20,20,20,20,20,20,20,20,20
483102,1,1,1984,0,0,0,0,0,0,10,17,0,0
483102,2,1,1984,0,0,0,0,0,0,0,0,0,0
483103,0,1,1984,0,0,0,0,0,17,0,0,0,0
483103,1,1,1984,0,0,0,0,0,0,10,0,0,18
483104,0,1,1984,11,8,16,28,44,25,22,13,11,16
483104,1,1,1984,8,20,23,3,5,9,15,13,21,12
483105,1,1,1984,30,17,9,22,16,19,22,20,21,27
483105,2,1,1984,21,5,12,11,9,23,8,13,0,0
483106,1,1,1984,28,10,17,19,30,20,12,20,19,36
483107,1,1,1984,0,21,31,11,19,9,34,18,14,0
483108,1,1,1984,0,0,0,0,0,0,0,0,0,0
483108,2,1,1984,0,0,0,0,0,0,0,13,0,0
483109,1,1,1984,0,0,0,0,0,0,0,0,8,0
483110,1,1,1984,19,11,0,15,12,0,11,13,28,2
483110,2,1,1984,0,0,18,0,0,0,0,0,0,0
483111,1,1,1984,18,8,35,6,22,11,6,6,4,13
483111,2,1,1984,0,16,0,0,0,23,0,4,6,0
483112,1,1,1984,11,31,12,18,0,16,19,0,5,0
483112,2,1,1984,0,0,0,0,24,0,0,18,15,0
483113,0,1,1984,0,0,0,0,0,0,0,0,0,0
483113,1,1,1984,0,0,0,0,0,0,0,0,0,0
483114,1,1,1984,0,0,0,0,0,6,0,0,0,0
483114,2,1,1984,0,0,0,0,0,0,0,0,0,0
483115,1,1,1984,22,12,21,18,19,15,9,3,9,21
483116,1,1,1984,0,0,23,25,0,0,0,0,0,17
483117,0,1,1984,14,0,8,0,0,7,0,12,14,3
483117,0,2,1984,0,21,0,0,0,14,8,11,0,0
483117,0,3,1984,0,37,0,14,27,18,11,0,0,18
483117,1,1,1984,27,22,23,0,19,0,0,6,5,18
483118,1,1,1984,17,0,0,43,0,18,0,11,0,16
483119,1,1,1984,0,12,14,0,0,24,38,14,0,0
483120,0,1,1984,22,22,7,0,0,25,27,16,0,24
483120,1,1,1984,0,0,0,0,0,0,0,0,0,0
483121,0,1,1984,25,3,10,39,30,0,0,28,20,7
483121,1,1,1984,15,11,8,16,3,0,9,10,16,24
483122,1,1,1984,16,28,27,4,14,19,19,26,29,15
483123,0,1,1984,0,31,0,8,0,11,18,21,16,11
483123,1,1,1984,8,0,15,10,14,0,0,14,15,0
483124,1,1,1984,18,9,11,21,0,3,15,17,22,21
483125,1,1,1984,0,0,0,0,0,0,0,0,0,0
483125,2,1,1984,0,0,0,0,0,26,0,0,0,0
483126,1,1,1984,16,13,0,0,0,0,12,20,0,0
483127,0,1,1984,9,9,9,9,9,9,9,9,9,9
483127,1,1,1984,0,0,23,11,23,0,5,0,17,0
483128,1,1,1984,0,0,32,0,0,0,16,0,10,0
483128,2,1,1984,0,27,8,28,3,0,18,18,0,0
483129,0,1,1984,12,0,0,14,12,17,0,23,0,0
483129,1,1,1984,21,21,21,21,21,21,21,21,21,21
483130,1,1,1984,5,0,0,0,0,0,0,0,0,0
483131,0,1,1984,0,0,0,15,0,0,0,0,0,0
483131,1,1,1984,24,0,8,20,7,10,10,0,13,0
483132,1,1,1984,0,0,0,0,0,0,14,0,0,0
483132,2,1,1984,0,14,19,6,0,0,0,0,0,0
483133,1,1,1984,20,17,0,9,29,21,11,19,0,21
483134,1,1,1984,13,13,13,13,13,13,13,13,13,13
483134,2,1,1984,30,0,0,19,8,13,9,0,0,13
483135,1,1,1984,0,0,0,0,0,0,0,0,0,0
483135,2,1,1984,0,23,0,0,0,0,0,0,0,0
483136,1,1,1984,23,26,16,0,17,18,18,20,18,24
483137,1,1,1984,11,0,10,10,13,0,25,11,15,17
483138,1,1,1984,15,12,2,14,26,0,17,0,0,0
483139,1,1,1984,31,24,24,24,14,18,15,15,23,27
483140,0,1,1984,7,10,18,8,23,10,8,4,0,22
483140,1,1,1984,0,13,0,19,0,0,0,0,0,0
483141,0,1,1984,11,30,28,14,8,0,25,9,26,28
483141,1,1,1984,19,12,17,25,8,0,0,0,16,26
483142,1,1,1984,4,30,18,23,22,10,17,19,11,6
483143,1,1,1984,18,23,8,14,0,36,31,23,18,19
483144,1,1,1984,26,36,24,12,13,9,17,0,26,21
483144,2,1,1984,0,22,0,26,4,22,48,0,20,15
483145,1,1,1984,0,0,7,0,0,0,0,0,0,0
483145,2,1,1984,0,0,0,0,0,0,0,0,34,0
483146,0,1,1984,14,8,18,11,14,19,19,19,9,10
483146,1,1,1984,0,29,0,0,5,0,0,15,20,0
483147,1,1,1984,0,0,0,16,0,26,0,0,24,0
483148,1,1,1984,3,5,19,5,17,8,0,13,16,25
483149,1,1,1984,25,9,18,0,0,16,22,7,12,12
483150,0,1,1984,0,0,0,0,0,0,0,0,0,0
483150,1,1,1984,0,0,12,0,0,0,0,40,0,0
483151,0,1,1984,4,0,21,35,0,22,23,20,0,7
483151,0,2,1984,14,10,4,0,26,0,15,16,0,0
483151,1,1,1984,29,51,18,14,25,21,0,25,16,29
483152,1,1,1984,0,0,0,0,0,0,0,0,26,0
483153,1,1,1984,0,30,16,18,16,21,15,4,0,0
483153,2,1,1984,19,17,12,8,17,9,16,13,10,12
483154,1,1,1984,33,0,19,22,30,14,28,8,10,24
483154,2,1,1984,0,0,0,0,0,7,0,0,0,0
483155,1,1,1984,15,23,39,9,20,12,16,19,12,25
483156,1,1,1984,0,0,0,20,0,4,18,0,0,0
483156,2,1,1984,0,0,19,0,0,0,0,16,0,8
483157,1,1,1984,0,0,0,0,0,0,0,0,0,0
483157,2,1,1984,0,0,0,0,29,0,0,25,0,0
483158,0,1,1984,0,0,0,0,0,0,0,0,0,0
483158,1,1,1984,0,0,0,0,0,0,0,0,0,0
483159,1,1,1984,0,0,0,0,0,15,0,20,0,27
483160,1,1,1984,32,19,0,15,20,0,12,11,33,14
483161,1,1,1984,28,0,14,13,0,0,0,0,0,0
483162,1,1,1984,17,11,16,23,17,26,29,19,18,25
483162,2,1,1984,0,0,19,8,0,0,22,0,0,0
483163,1,1,1984,15,21,13,27,25,9,9,16,26,0
483164,1,1,1984,0,19,0,6,19,0,0,0,18,0
483164,2,1,1984,15,0,0,0,0,0,0,0,0,0
483165,1,1,1984,0,0,0,0,0,0,0,0,0,0
483165,2,1,1984,22,25,9,19,15,21,12,34,9,18
483166,0,1,1984,0,0,0,0,0,0,0,0,0,0
483166,1,1,1984,0,0,0,0,0,0,0,0,0,0
483167,0,1,1984,0,0,15,28,23,8,26,8,21,17
483167,1,1,1984,11,11,11,11,11,11,11,11,11,11
483168,1,1,1984,0,11,0,0,11,0,0,0,23,10
483168,2,1,1984,0,0,0,0,17,0,0,0,0,0
483169,1,1,1984,0,0,0,0,0,0,0,0,0,0
483169,2,1,1984,0,0,0,0,0,0,0,0,0,0
483170,1,1,1984,0,0,0,20,0,16,19,29,26,0
483170,2,1,1984,9,0,0,6,0,0,0,0,0,0
483171,0,1,1984,26,8,12,25,0,31,13,0,5,17
483171,1,1,1984,0,0,0,0,0,0,0,0,0,0
483172,1,1,1984,11,27,20,17,14,19,9,3,15,19
483173,1,1,1984,0,0,0,0,0,0,0,0,0,0
483173,2,1,1984,0,16,0,0,0,20,0,0,0,0
483174,1,1,1984,0,0,0,0,0,0,0,3,0,0
483174,2,1,1984,0,0,0,0,0,24,0,2,0,0
483175,1,1,1984,16,6,13,17,14,11,36,28,21,0
483176,1,1,1984,16,16,16,16,16,16,16,16,16,16
483176,2,1,1984,0,9,11,6,0,0,16,19,0,6
483177,1,1,1984,0,0,0,0,19,0,0,0,0,0
483177,2,1,1984,0,0,0,0,0,0,0,0,0,0
483178,1,1,1984,0,0,0,0,0,0,13,0,0,2
483179,0,1,1984,0,0,0,0,0,0,0,0,0,0
483179,1,1,1984,0,9,0,0,9,0,0,13,0,0
483180,1,1,1984,9,0,0,0,4,0,0,0,0,0
483180,2,1,1984,14,0,21,25,11,33,0,0,15,23
483181,1,1,1984,0,0,0,0,0,0,0,0,0,0
483181,2,1,1984,0,0,0,0,0,0,0,0,6,0
483181,3,1,1984,0,27,0,0,11,0,11,0,0,0
483181,4,1,1984,0,0,0,0,0,0,0,0,0,0
483182,1,1,1984,0,0,7,5,0,41,0,0,23,0
483183,0,1,1984,0,0,0,0,0,0,0,0,0,19
483183,1,1,1984,5,5,5,5,5,5,5,5,5,5
483184,1,1,1984,10,26,34,17,18,17,22,13,26,17
483185,1,1,1984,16,41,14,20,27,15,17,18,21,22
483186,1,1,1984,22,22,19,0,0,0,25,23,0,0
483186,2,1,1984,13,13,13,13,13,13,13,13,13,13
483187,1,1,1984,0,0,0,0,0,0,0,18,11,0
483188,1,1,1984,15,11,20,24,26,11,13,20,30,14
483188,2,1,1984,11,22,16,22,3,0,14,12,4,0
483189,1,1,1984,6,14,31,10,16,17,21,16,23,12
483190,1,1,1984,23,5,15,23,0,25,0,27,16,16
483191,0,1,1984,0,0,0,0,0,0,0,0,18,0
483191,1,1,1984,4,4,4,4,4,4,4,4,4,4
483192,0,1,1984,14,24,18,8,13,19,25,32,0,17
483192,1,1,1984,17,18,0,9,0,31,0,0,8,0
483193,1,1,1984,0,0,0,19,0,0,0,0,0,18
483193,2,1,1984,0,0,0,0,0,0,0,0,0,0
483194,1,1,1984,27,27,27,27,27,27,27,27,27,27
483194,2,1,1984,16,0,0,0,0,0,0,0,0,0
483195,1,1,1984,0,0,0,0,0,0,0,0,0,0
483195,2,1,1984,11,0,0,0,0,0,0,0,0,0
483196,1,1,1984,0,16,11,32,15,37,3,0,12,7
483196,2,1,1984,0,0,0,0,40,0,18,2,0,0
483197,1,1,1984,0,16,12,0,0,13,0,0,0,0
483198,1,1,1984,21,33,4,29,13,20,21,8,27,15
483199,1,1,1984,0,0,11,8,12,0,15,0,9,0
483199,2,1,1984,24,20,0,0,10,0,0,18,13,15
483200,1,1,1984,21,39,38,27,28,31,35,23,18,39
483201,1,1,1984,0,20,0,0,10,0,0,17,21,14
483201,2,1,1984,0,0,21,0,0,0,0,14,0,21
483202,1,1,1984,9,41,18,12,21,23,10,15,23,11
483203,1,1,1984,20,20,20,20,20,20,20,20,20,20
483204,1,1,1984,0,0,11,0,21,0,0,0,0,0
483204,2,1,1984,0,0,8,19,17,0,5,0,17,0
483205,0,1,1984,0,0,0,0,0,0,0,0,0,0
483205,1,1,1984,0,0,0,6,0,17,0,0,0,0
483206,1,1,1984,0,25,0,0,0,12,22,8,0,0
483206,2,1,1984,16,0,0,0,11,0,0,19,0,0
483207,0,1,1984,19,20,12,0,16,17,29,0,5,0
483207,1,1,1984,0,0,0,0,0,0,0,0,0,0
483208,1,1,1984,0,0,0,6,22,13,0,0,0,0
483208,2,1,1984,16,14,14,12,14,8,17,16,9,19
483209,1,1,1984,0,0,0,0,5,0,0,0,0,0
483209,2,1,1984,0,0,0,0,0,0,0,0,0,0
483210,0,1,1984,0,0,0,0,0,0,0,18,18,0
483210,1,1,1984,0,0,0,12,25,0,0,0,0,0
483211,1,1,1984,0,0,0,0,0,0,0,0,0,0
483211,2,1,1984,0,0,0,0,0,0,0,0,0,0
483212,1,1,1984,9,5,10,19,27,0,4,10,27,27
483212,2,1,1984,11,10,9,9,5,0,18,30,9,13
483213,1,1,1984,15,0,0,0,0,0,0,0,0,0
483213,2,1,1984,0,0,0,4,0,0,0,0,0,0
483214,1,1,1984,0,0,17,0,22,0,22,17,0,0
483214,2,1,1984,9,0,0,0,0,8,0,0,0,18
483215,1,1,1984,0,0,0,0,0,0,0,0,0,0
483215,2,1,1984,0,0,0,0,0,0,12,0,0,0
483216,1,1,1984,23,5,21,8,27,20,8,0,4,10
483217,1,1,1984,4,0,0,0,0,0,17,11,12,0
483217,2,1,1984,8,0,14,0,14,14,13,0,22,9
483218,1,1,1984,0,0,0,0,0,0,0,0,0,0
483218,2,1,1984,0,0,21,0,0,18,0,0,0,0
483219,1,1,1984,15,15,15,15,15,15,15,15,15,15
483220,0,1,1984,0,0,0,0,0,20,0,0,6,0
483220,1,1,1984,17,18,0,0,0,0,0,0,0,9
483221,1,1,1984,0,0,0,0,0,0,0,0,0,0
483221,2,1,1984,0,0,0,0,0,12,0,0,5,0
483222,0,1,1984,0,0,0,0,0,0,0,0,0,0
483222,1,1,1984,0,0,0,0,0,0,0,0,0,0
483223,0,1,1984,0,0,0,0,0,0,0,0,0,5
483223,1,1,1984,0,0,0,0,0,0,0,7,0,0
483224,1,1,1984,0,0,0,0,0,0,0,0,14,0
483225,1,1,1984,24,16,13,19,15,23,25,10,15,0
483226,1,1,1984,0,16,0,0,2,12,0,0,0,14
483227,1,1,1984,32,20,35,13,36,9,18,12,24,19
483228,1,1,1984,0,0,0,0,5,0,14,14,18,17
483228,2,1,1984,0,0,0,0,0,0,2,0,0,0
483229,1,1,1984,0,0,30,28,0,0,0,0,1,0
483229,2,1,1984,0,0,0,0,0,0,19,0,0,0
483230,1,1,1984,26,30,18,31,32,12,17,22,21,14
483231,1,1,1984,0,0,0,9,0,0,9,0,0,0
483231,2,1,1984,0,15,0,0,0,0,0,11,0,0
483232,1,1,1984,24,0,20,0,7,25,26,23,18,21
483233,1,1,1984,10,9,6,14,0,5,15,20,20,11
483234,1,1,1984,14,21,14,15,14,6,7,18,25,0
483235,1,1,1984,0,0,0,0,0,0,0,0,0,0
483236,1,1,1984,0,0,0,0,0,0,0,0,0,0
483236,2,1,1984,0,0,0,0,0,0,0,0,0,0
483237,0,1,1984,0,0,0,0,0,0,0,0,0,0
483237,1,1,1984,14,38,18,15,11,17,29,11,7,30
483238,1,1,1984,0,0,0,0,10,17,0,0,24,14
483239,1,1,1984,6,15,0,10,0,0,0,30,11,0
483240,0,1,1984,0,0,0,0,0,0,0,0,0,0
483240,0,2,1984,0,0,0,0,0,0,0,0,0,0
483240,1,1,1984,0,10,0,0,0,3,0,15,0,0
483241,1,1,1984,14,18,13,22,0,22,9,21,11,0
483242,1,1,1984,0,0,0,0,0,13,11,6,0,27
483243,1,1,1984,0,0,0,0,0,0,0,0,0,0
483243,2,1,1984,0,0,9,0,0,14,0,0,0,0
483244,1,1,1984,0,0,0,0,0,0,19,0,0,0
483244,2,1,1984,0,0,31,0,0,10,0,0,5,0
483245,0,1,1984,26,5,0,26,21,10,9,35,12,24
483245,2,1,1984,16,11,13,15,6,4,15,13,18,15
483246,0,1,1984,17,22,13,0,0,13,17,0,0,0
483246,1,1,1984,0,0,0,0,0,0,0,0,0,0
483247,1,1,1984,8,10,0,16,0,13,0,0,29,0
483247,2,1,1984,26,0,0,0,0,0,0,7,17,12
483248,0,1,1984,19,44,0,10,12,26,13,0,34,24
483248,1,1,1984,0,0,11,17,12,0,0,0,0,0
483249,0,1,1984,15,21,10,3,8,14,15,15,16,12
483249,1,1,1984,18,24,21,17,18,15,10,22,4,18
483250,0,1,1984,0,0,0,0,0,0,0,0,0,0
483250,1,1,1984,46,0,0,11,0,0,7,13,22,9
483251,1,1,1984,16,0,13,23,0,41,0,21,0,0
483252,1,1,1984,20,0,0,9,0,0,22,0,0,19
483253,1,1,1984,0,0,0,3,0,37,0,0,0,0
483253,2,1,1984,12,12,0,19,0,18,23,31,0,0
483254,0,1,1984,0,19,3,38,21,29,16,12,27,18
483254,1,1,1984,21,18,16,0,0,0,13,21,0,9
483255,1,1,1984,0,9,0,0,0,0,18,0,13,0
483256,0,1,1984,0,0,0,0,0,0,0,0,0,0