ST_CASE,VEH_NO,PER_NO,YEAR,P1,P2,P3,P4,P5,P6,P7,P8,P9,P10
490068,1,1,1984,0,0,0,0,0,0,0,0,0,0
490068,2,1,1984,22,22,22,22,22,22,22,22,22,22
490069,1,1,1984,8,8,8,8,8,8,8,8,8,8
490069,2,1,1984,4,4,4,4,4,4,4,4,4,4
490070,0,1,1984,0,0,0,0,0,0,0,0,0,0
490070,1,1,1984,0,0,0,0,0,0,0,0,0,0
490071,1,1,1984,9,9,9,9,9,9,9,9,9,9
490072,1,1,1984,30,30,30,30,30,30,30,30,30,30
490073,1,1,1984,23,23,23,23,23,23,23,23,23,23
490073,2,1,1984,0,0,0,0,0,0,0,0,0,0
490074,1,1,1984,21,0,4,0,0,0,0,0,0,0
490075,1,1,1984,0,0,0,0,0,0,0,0,0,0
490075,2,1,1984,0,0,0,0,0,0,0,0,0,0
490076,1,1,1984,0,0,0,0,0,0,0,0,0,0
490077,0,1,1984,0,0,0,0,0,0,0,0,0,0
490077,1,1,1984,0,0,0,0,0,0,0,0,0,0
490078,1,1,1984,0,0,0,0,0,0,0,0,0,0
490078,2,1,1984,0,0,0,0,0,0,0,0,0,0
490079,1,1,1984,0,0,0,0,0,0,30,0,0,0
490079,2,1,1984,0,0,0,0,0,0,0,0,0,0
490080,1,1,1984,0,0,0,0,0,0,0,0,16,0
490080,2,1,1984,0,0,0,0,0,0,0,0,0,0
490081,1,1,1984,12,12,12,12,12,12,12,12,12,12
490082,1,1,1984,0,0,0,0,0,0,0,0,0,0
490082,2,1,1984,0,0,0,0,0,0,0,0,0,0
490083,1,1,1984,0,0,0,0,0,0,0,0,0,0
490083,2,1,1984,0,0,0,0,0,0,0,0,0,0
490084,1,1,1984,0,0,0,0,0,0,0,0,0,0
490085,0,1,1984,17,17,17,17,17,17,17,17,17,17
490085,1,1,1984,0,0,0,0,0,0,0,0,0,0
490086,0,1,1984,14,14,14,14,14,14,14,14,14,14
490086,1,1,1984,4,4,4,4,4,4,4,4,4,4
490087,1,1,1984,20,20,20,20,20,20,20,20,20,20
490088,1,1,1984,17,17,17,17,17,17,17,17,17,17
490088,2,1,1984,0,0,0,0,0,0,0,0,0,0
490089,1,1,1984,18,18,18,18,18,18,18,18,18,18
490090,1,1,1984,3,3,3,3,3,3,3,3,3,3
490091,1,1,1984,19,19,19,19,19,19,19,19,19,19
490091,2,1,1984,0,0,0,0,0,0,0,0,0,0
490091,3,1,1984,17,17,17,17,17,17,17,17,17,17
490094,1,1,1984,0,0,0,0,0,0,0,0,0,0
490094,2,1,1984,0,0,9,0,0,10,0,0,0,0
490095,1,1,1984,0,0,0,0,0,0,0,0,0,0
490096,1,1,1984,19,14,13,14,8,22,17,7,17,12
490097,1,1,1984,0,0,0,0,0,0,0,0,0,0
490097,2,1,1984,18,18,18,18,18,18,18,18,18,18
490098,1,1,1984,17,17,17,17,17,17,17,17,17,17
490098,2,1,1984,0,0,0,0,0,0,0,0,0,0
490099,1,1,1984,11,11,11,11,11,11,11,11,11,11
490100,1,1,1984,3,3,3,3,3,3,3,3,3,3
490101,1,1,1984,0,0,0,0,0,0,0,0,0,0
490101,2,1,1984,0,0,0,0,0,0,0,0,0,0
490102,0,1,1984,0,0,0,0,0,0,0,0,0,0
490102,1,1,1984,0,0,0,0,0,0,0,0,0,0
490103,1,1,1984,0,0,0,20,0,2,8,0,0,0
490104,1,1,1984,15,15,15,15,15,15,15,15,15,15
490104,2,1,1984,0,0,0,0,0,0,0,0,0,0
490105,1,1,1984,0,0,0,0,0,0,0,0,0,0
490105,2,1,1984,0,0,0,0,0,0,0,0,0,0
490106,1,1,1984,17,0,0,5,20,9,0,0,17,20
490107,1,1,1984,0,0,0,0,0,0,0,0,0,0
490107,2,1,1984,0,0,0,0,0,0,0,0,0,0
490109,1,1,1984,0,0,0,0,0,0,0,0,0,0
490110,1,1,1984,29,29,29,29,29,29,29,29,29,29
490111,1,1,1984,0,0,0,0,0,0,0,0,0,0
490112,1,1,1984,0,0,0,0,0,0,0,0,0,0
490113,1,1,1984,0,0,0,0,0,0,0,0,0,0
490114,0,1,1984,0,0,0,0,0,18,0,0,0,0
490114,1,1,1984,0,0,0,0,0,0,0,0,0,0
490115,1,1,1984,15,15,15,15,15,15,15,15,15,15
490116,1,1,1984,0,0,0,0,0,0,0,0,0,0
490116,2,1,1984,0,0,0,0,0,0,0,0,0,0
490117,1,1,1984,17,17,17,17,17,17,17,17,17,17
490118,1,1,1984,0,0,0,0,0,0,0,0,0,0
490119,1,1,1984,0,0,0,0,0,0,0,0,0,0
490120,1,1,1984,0,0,0,0,0,0,0,0,0,0
490121,1,1,1984,0,0,0,0,0,0,0,0,0,0
490121,2,1,1984,0,0,0,0,0,0,0,0,0,0
490122,0,1,1984,18,18,18,18,18,18,18,18,18,18
490122,1,1,1984,0,0,0,0,0,0,0,0,0,0
490123,0,1,1984,0,0,0,0,0,0,0,0,0,0
490123,1,1,1984,19,19,19,19,19,19,19,19,19,19
490124,1,1,1984,0,0,0,0,0,0,0,0,0,0
490124,2,1,1984,0,0,0,0,0,0,0,0,0,0
490125,1,1,1984,0,0,0,0,0,0,0,0,0,0
490125,2,1,1984,0,0,0,0,0,0,0,0,0,0
490126,1,1,1984,0,0,0,0,0,0,0,0,0,0
490126,2,1,1984,3,3,3,3,3,3,3,3,3,3
490127,1,1,1984,8,8,8,8,8,8,8,8,8,8
490127,2,1,1984,0,0,0,0,0,0,0,0,0,0
490128,1,1,1984,0,19,24,0,22,0,0,0,0,8
490128,2,1,1984,0,0,0,18,0,0,0,0,0,0
490129,0,1,1984,7,7,7,7,7,7,7,7,7,7
490129,1,1,1984,14,14,14,14,14,14,14,14,14,14
490130,1,1,1984,0,0,0,0,0,0,0,0,0,0
490130,2,1,1984,0,4,0,0,10,0,4,0,0,14
490130,3,1,1984,0,0,0,0,0,0,0,0,0,0
490130,4,1,1984,0,0,0,0,0,0,0,0,0,0
490130,5,1,1984,0,0,0,0,0,0,0,0,0,0
490130,6,1,1984,0,0,0,0,0,0,0,0,0,0
490131,0,1,1984,19,19,19,19,19,19,19,19,19,19
490131,1,1,1984,0,0,0,0,0,0,0,0,0,0
490132,1,1,1984,0,0,0,0,0,0,0,0,0,0
490134,1,1,1984,15,19,15,15,19,11,0,7,15,15
490135,1,1,1984,0,0,0,0,0,0,0,0,0,0
490135,2,1,1984,0,0,0,0,0,0,0,0,0,0
490135,3,1,1984,0,12,0,0,0,0,0,0,0,0
490136,0,1,1984,15,15,15,15,15,15,15,15,15,15
490136,1,1,1984,4,4,4,4,4,4,4,4,4,4
490137,0,1,1984,35,35,35,35,35,35,35,35,35,35
490137,1,1,1984,16,0,13,0,0,26,13,0,0,19
490138,1,1,1984,13,13,13,13,13,13,13,13,13,13
490139,1,1,1984,0,0,0,0,0,0,0,0,0,0
490139,2,1,1984,0,0,0,0,0,0,0,0,0,0
490140,0,1,1984,0,0,0,0,0,0,0,0,0,0
490140,1,1,1984,0,0,0,0,0,0,0,9,0,0
490141,0,1,1984,0,16,0,0,0,0,0,21,0,0
490141,1,1,1984,3,3,3,3,3,3,3,3,3,3
490142,1,1,1984,0,0,0,0,0,0,0,0,0,0
490143,1,1,1984,8,8,8,8,8,8,8,8,8,8
490144,0,1,1984,6,0,0,0,0,0,0,0,0,0
490144,0,2,1984,0,0,0,0,0,0,0,0,0,0
490144,1,1,1984,0,0,0,0,0,0,0,0,0,0
490145,1,1,1984,0,0,0,0,0,0,0,0,0,0
490145,2,1,1984,0,0,0,0,0,0,0,0,0,0
490145,3,1,1984,0,0,0,0,0,0,0,10,0,0
490145,4,1,1984,0,0,0,0,0,0,0,0,0,0
490145,5,1,1984,0,0,0,0,0,0,0,0,0,0
490145,6,1,1984,0,0,0,0,0,0,0,0,0,0
490146,1,1,1984,0,0,0,0,0,0,0,0,0,0
490147,1,1,1984,8,8,8,8,8,8,8,8,8,8
490148,1,1,1984,6,6,6,6,6,6,6,6,6,6
490149,1,1,1984,0,0,0,0,0,0,0,0,0,0
490149,2,1,1984,0,0,0,0,0,0,0,0,0,0
490150,1,1,1984,20,20,20,20,20,20,20,20,20,20
490151,0,1,1984,20,20,20,20,20,20,20,20,20,20
490151,1,1,1984,21,21,21,21,21,21,21,21,21,21
490152,1,1,1984,0,0,0,0,0,0,0,0,0,0
490154,1,1,1984,0,0,0,0,0,0,0,0,0,0
490155,0,1,1984,0,0,0,0,0,0,0,0,0,0
490155,1,1,1984,0,0,0,0,0,0,0,0,0,0
490156,1,1,1984,21,0,10,0,8,16,0,0,0,0
490157,1,1,1984,0,26,0,14,0,0,0,0,0,19
490158,1,1,1984,0,0,0,0,0,0,0,0,0,0
490159,1,1,1984,3,3,3,3,3,3,3,3,3,3
490159,2,1,1984,0,0,0,0,0,0,0,0,0,0
490160,1,1,1984,0,0,0,0,0,0,0,0,0,0
490160,2,1,1984,27,27,27,27,27,27,27,27,27,27
490161,0,1,1984,10,10,10,10,10,10,10,10,10,10
490161,1,1,1984,0,0,0,0,0,0,0,0,0,0
490162,0,1,1984,36,36,36,36,36,36,36,36,36,36
490162,1,1,1984,0,0,0,0,0,0,0,0,0,0
490162,2,1,1984,0,15,0,0,0,0,0,0,0,0
490163,1,1,1984,12,12,12,12,12,12,12,12,12,12
490164,1,1,1984,0,0,0,0,0,0,0,0,0,0
490165,1,1,1984,25,25,25,25,25,25,25,25,25,25
490166,1,1,1984,0,0,0,0,0,0,0,0,0,0
490167,1,1,1984,15,15,15,15,15,15,15,15,15,15
490168,1,1,1984,19,19,19,19,19,19,19,19,19,19
490169,1,1,1984,0,0,0,0,0,0,0,0,0,0
490170,1,1,1984,0,23,0,0,0,0,0,0,21,19
490171,0,1,1984,0,0,0,0,0,0,0,0,0,0
490171,1,1,1984,4,4,4,4,4,4,4,4,4,4
490172,1,1,1984,0,0,0,0,0,0,0,0,0,0
490173,0,1,1984,2,14,0,28,0,0,0,17,0,0
490173,0,2,1984,0,0,0,0,0,14,0,19,0,0
490173,1,1,1984,0,0,0,0,0,0,0,0,0,0
490174,1,1,1984,0,0,0,0,0,0,0,0,0,0
490175,1,1,1984,0,0,0,0,0,0,0,0,0,0
490175,2,1,1984,0,0,0,0,0,0,0,0,0,0
490176,0,1,1984,0,0,0,0,0,0,0,0,0,0
490176,1,1,1984,0,0,0,0,0,0,0,0,0,0
490177,1,1,1984,0,0,0,12,16,0,0,0,0,0
490177,2,1,1984,0,0,0,0,0,0,0,0,0,0
490178,1,1,1984,0,0,0,0,0,0,0,0,0,0
490179,1,1,1984,0,0,0,0,15,0,0,0,0,0
490180,1,1,1984,23,23,23,23,23,23,23,23,23,23
490181,1,1,1984,18,18,18,18,18,18,18,18,18,18
490183,1,1,1984,18,18,18,18,18,18,18,18,18,18
490183,2,1,1984,11,11,11,11,11,11,11,11,11,11
490184,1,1,1984,15,15,15,15,15,15,15,15,15,15
490185,1,1,1984,0,0,0,0,0,0,0,0,0,0
490186,1,1,1984,12,12,12,12,12,12,12,12,12,12
490186,2,1,1984,4,4,4,4,4,4,4,4,4,4
490187,0,1,1984,0,0,0,0,0,0,0,0,0,0
490187,1,1,1984,0,0,0,0,0,0,0,0,0,0
490188,1,1,1984,0,0,0,0,0,0,0,0,0,0
490188,2,1,1984,0,0,0,0,0,0,0,0,0,0
490189,1,1,1984,0,0,0,0,0,0,0,0,0,0
490190,1,1,1984,0,0,0,0,0,0,0,0,0,0
490191,1,1,1984,10,10,10,10,10,10,10,10,10,10
490192,0,1,1984,0,0,0,0,0,0,0,0,0,0
490192,1,1,1984,0,0,0,0,0,0,0,0,0,0
490193,1,1,1984,0,0,0,0,0,0,0,0,0,0
490193,2,1,1984,0,0,0,0,0,0,0,0,0,0
490193,3,1,1984,0,0,0,0,9,0,0,0,0,0
490193,4,1,1984,0,0,0,0,0,0,0,0,0,0
490193,5,1,1984,0,0,0,0,0,0,0,0,0,0
490193,6,1,1984,0,0,0,0,0,0,0,0,0,0
490194,1,1,1984,0,0,0,0,0,0,0,0,0,0
490195,1,1,1984,0,0,0,0,0,0,0,0,0,0
490195,2,1,1984,0,0,0,0,0,0,0,0,0,0
490196,1,1,1984,0,0,0,0,0,0,0,0,0,0
490196,2,1,1984,0,0,0,0,0,0,0,0,0,0
490197,0,1,1984,0,0,0,13,0,0,0,3,0,12
490197,0,2,1984,0,0,0,0,19,0,23,6,0,0
490197,1,1,1984,9,9,9,9,9,9,9,9,9,9
490198,1,1,1984,0,0,0,0,0,0,0,0,0,0
490198,2,1,1984,0,0,0,0,0,0,0,0,0,0
490199,1,1,1984,0,0,0,0,0,0,0,0,0,0
490200,1,1,1984,0,0,0,0,0,0,0,0,0,0
490200,2,1,1984,22,0,19,11,0,0,0,0,0,0
490201,0,1,1984,0,0,0,0,0,0,0,0,0,0
490201,1,1,1984,0,0,0,0,0,0,0,0,0,0
490202,1,1,1984,0,0,0,0,0,11,0,0,0,0
490203,1,1,1984,41,11,21,0,14,24,0,13,0,12
490204,1,1,1984,19,19,19,19,19,19,19,19,19,19
490205,1,1,1984,0,0,0,0,0,0,0,0,0,0
490206,1,1,1984,0,0,0,0,0,0,0,0,0,0
490207,1,1,1984,0,0,0,0,0,0,0,0,0,0
490207,2,1,1984,0,0,0,0,0,0,0,0,0,0
490208,1,1,1984,0,0,0,0,0,0,0,0,0,0
490208,2,1,1984,0,0,0,0,0,0,0,0,0,0
490209,1,1,1984,0,0,0,0,0,0,0,0,0,0
490210,1,1,1984,32,32,32,32,32,32,32,32,32,32
490211,1,1,1984,22,22,22,22,22,22,22,22,22,22
490212,1,1,1984,0,0,0,0,0,0,0,0,0,0
490212,2,1,1984,0,0,0,0,0,0,0,0,0,0
490213,1,1,1984,0,0,0,0,0,0,0,0,0,0
490213,2,1,1984,0,0,0,0,4,0,0,0,0,0
490213,3,1,1984,0,0,0,0,0,0,0,0,0,0
490214,0,1,1984,0,0,0,0,0,22,0,0,0,0
490214,1,1,1984,0,0,0,0,0,0,0,0,0,0
490215,1,1,1984,0,0,0,0,0,0,0,0,0,0
490215,2,1,1984,0,0,0,0,15,7,0,0,0,0
490216,0,1,1984,26,26,26,26,26,26,26,26,26,26
490216,1,1,1984,6,6,6,6,6,6,6,6,6,6
490217,1,1,1984,3,3,3,3,3,3,3,3,3,3
490217,2,1,1984,0,0,0,0,0,0,0,0,0,0
490218,1,1,1984,28,28,28,28,28,28,28,28,28,28
490219,1,1,1984,10,10,10,10,10,10,10,10,10,10
490219,2,1,1984,20,20,20,20,20,20,20,20,20,20
490220,1,1,1984,27,27,27,27,27,27,27,27,27,27
490221,1,1,1984,0,0,0,0,0,0,0,0,0,0
490221,2,1,1984,0,0,0,0,0,0,0,0,0,0
490222,1,1,1984,0,0,0,0,0,0,0,0,0,0
490222,2,1,1984,0,0,0,0,0,0,0,0,0,0
490223,0,1,1984,19,19,19,19,19,19,19,19,19,19
490223,1,1,1984,0,0,0,0,0,0,0,0,0,0
490224,1,1,1984,22,22,22,22,22,22,22,22,22,22
490224,2,1,1984,14,14,14,14,14,14,14,14,14,14
490225,1,1,1984,0,0,0,0,0,0,0,0,0,0
490225,2,1,1984,0,0,0,0,0,0,0,0,0,0
490225,3,1,1984,0,0,0,0,0,0,0,0,0,0
490226,0,1,1984,11,0,0,0,0,0,0,24,23,0
490226,1,1,1984,0,0,0,0,0,0,0,0,0,0
490227,1,1,1984,13,13,13,13,13,13,13,13,13,13
490228,1,1,1984,0,0,0,0,0,0,0,0,0,0
490229,1,1,1984,15,15,15,15,15,15,15,15,15,15
490230,1,1,1984,0,0,0,0,0,0,0,0,0,0
490230,2,1,1984,0,0,0,0,0,0,0,0,0,0
490230,3,1,1984,0,0,0,0,0,0,0,0,0,0
490231,0,1,1984,15,15,15,15,15,15,15,15,15,15
490231,1,1,1984,11,11,11,11,11,11,11,11,11,11
490232,1,1,1984,35,0,16,0,0,0,0,0,9,0
490233,1,1,1984,0,9,0,12,9,0,0,35,12,0
490233,2,1,1984,0,0,0,0,0,0,13,0,0,0
490234,1,1,1984,0,0,0,0,0,0,0,0,0,0
490234,2,1,1984,0,0,0,0,0,0,0,0,0,0
490235,1,1,1984,0,0,0,0,0,0,0,0,0,0
490235,2,1,1984,0,0,0,0,0,0,0,0,0,0
490236,1,1,1984,0,0,0,0,0,0,0,0,0,0
490237,1,1,1984,17,17,17,17,17,17,17,17,17,17
490238,0,1,1984,0,0,0,0,0,0,0,0,0,0
490238,1,1,1984,0,0,0,0,0,0,0,0,0,0
490239,1,1,1984,0,0,0,0,0,0,0,0,0,0
490239,2,1,1984,0,0,0,0,0,0,0,0,0,0
490240,1,1,1984,4,4,4,4,4,4,4,4,4,4
490240,2,1,1984,0,0,0,0,0,0,0,0,0,0
490240,3,1,1984,0,0,0,0,0,0,0,0,0,0
490241,1,1,1984,0,0,0,0,0,0,0,0,0,0
490242,1,1,1984,0,0,0,0,13,10,0,0,0,0
490242,2,1,1984,0,0,0,0,0,0,0,0,0,0
490243,1,1,1984,0,16,0,0,0,0,0,0,0,0
490244,0,1,1984,2,2,2,2,2,2,2,2,2,2
490244,0,2,1984,14,0,0,25,0,0,0,7,0,0
490244,1,1,1984,0,0,0,0,0,0,23,0,0,0
490245,1,1,1984,0,0,0,0,0,0,0,0,0,0
490246,1,1,1984,25,12,0,21,20,12,25,0,11,33
490247,1,1,1984,0,0,0,0,0,0,0,0,0,0
490247,2,1,1984,0,0,0,0,0,0,0,0,0,0
490248,1,1,1984,0,0,0,0,0,0,0,0,0,0
490248,2,1,1984,0,0,0,0,0,0,0,0,0,0
490249,1,1,1984,0,0,0,0,0,0,0,0,0,0
490249,2,1,1984,0,0,0,0,0,0,0,0,0,0
490249,3,1,1984,0,0,0,0,0,0,0,0,0,0
490250,0,1,1984,0,0,0,0,0,0,0,0,0,0
490250,1,1,1984,0,0,0,0,0,0,0,0,0,0
490251,1,1,1984,0,0,0,0,0,0,0,0,0,0
490252,1,1,1984,0,0,0,0,0,0,0,0,0,0
490252,2,1,1984,7,7,7,7,7,7,7,7,7,7
490253,0,1,1984,0,0,0,0,0,0,16,0,0,0
490253,1,1,1984,0,0,0,0,0,0,0,0,0,0
490254,1,1,1984,0,0,0,0,0,0,0,0,0,0
490254,2,1,1984,0,0,0,0,0,0,0,0,0,0
490255,1,1,1984,0,0,0,0,0,0,0,0,0,0
490256,1,1,1984,0,0,0,0,0,0,0,0,0,0
490256,2,1,1984,0,0,0,0,0,0,0,0,0,0
490257,1,1,1984,19,19,19,19,19,19,19,19,19,19
490258,1,1,1984,0,0,0,0,0,0,0,0,0,0
490259,0,1,1984,0,0,0,0,0,0,0,0,0,0
490259,1,1,1984,0,0,0,0,0,0,0,0,0,0
490260,1,1,1984,18,18,18,18,18,18,18,18,18,18
490261,1,1,1984,27,27,27,27,27,27,27,27,27,27
490262,0,1,1984,0,0,0,0,0,18,0,0,0,0
490262,1,1,1984,0,0,0,0,0,0,0,0,0,0
490263,1,1,1984,21,28,21,13,7,4,0,0,22,9
490264,1,1,1984,0,6,0,0,0,0,0,4,0,0
490264,2,1,1984,0,0,0,12,0,0,0,0,0,12
490265,1,1,1984,0,0,0,0,0,0,0,0,0,0
490265,2,1,1984,0,0,0,0,0,0,0,0,0,0
490266,1,1,1984,11,11,11,11,11,11,11,11,11,11
490266,2,1,1984,0,0,0,0,0,0,0,0,0,0
490267,1,1,1984,0,0,0,0,0,0,0,0,0,0
490268,1,1,1984,0,0,0,0,0,0,0,0,0,0
490268,2,1,1984,10,10,10,10,10,10,10,10,10,10
490269,1,1,1984,0,0,0,0,0,0,0,0,0,0
490269,2,1,1984,0,0,0,20,0,0,0,0,0,0
490270,1,1,1984,17,17,17,17,17,17,17,17,17,17
490270,2,1,1984,3,8,0,0,10,0,0,0,0,0
490271,1,1,1984,22,22,22,22,22,22,22,22,22,22
490271,2,1,1984,0,0,0,0,0,0,0,0,0,0
490271,3,1,1984,0,0,0,0,0,0,0,0,0,0
490271,4,1,1984,0,0,0,0,0,0,0,0,0,0
490271,5,1,1984,0,0,0,0,0,0,0,0,0,0
490272,0,1,1984,1,1,1,1,1,1,1,1,1,1
490272,1,1,1984,0,0,0,0,0,0,0,0,0,0
490273,1,1,1984,0,0,0,3,16,0,11,0,0,0
490273,2,1,1984,0,0,0,0,0,0,0,0,0,0
490274,1,1,1984,0,0,0,0,0,0,0,0,0,0
490275,1,1,1984,0,0,0,0,0,0,0,0,0,0
490275,2,1,1984,0,0,0,0,0,0,0,0,0,0
490276,0,1,1984,0,0,0,0,0,0,0,0,0,0
490276,1,1,1984,24,24,24,24,24,24,24,24,24,24
490277,0,1,1984,0,0,0,0,0,0,0,0,0,0
490277,0,2,1984,0,10,19,0,29,0,28,22,33,9
490277,1,1,1984,0,0,0,0,0,0,0,0,0,0
490278,1,1,1984,0,0,0,0,0,0,0,0,0,0
490278,2,1,1984,15,15,15,15,15,15,15,15,15,15
490279,0,1,1984,0,0,0,0,0,0,0,0,0,0
490280,0,1,1984,0,0,0,0,0,0,0,0,0,0
490281,1,1,1984,14,14,14,14,14,14,14,14,14,14
490282,1,1,1984,29,29,29,29,29,29,29,29,29,29
490282,2,1,1984,0,17,0,0,0,0,0,0,0,0
490282,3,1,1984,0,0,0,0,0,0,0,0,0,0
490283,1,1,1984,0,0,0,0,0,0,0,0,0,0
490283,2,1,1984,0,0,0,0,0,0,0,0,0,0
490284,0,1,1984,0,0,0,0,0,0,0,0,0,0
490284,1,1,1984,0,0,0,0,0,0,0,0,0,0
500001,1,1,1984,0,0,0,0,0,0,0,0,0,0
500001,2,1,1984,0,0,0,0,0,0,0,0,0,0
500002,0,1,1984,21,21,21,21,21,21,21,21,21,21
500002,1,1,1984,23,10,10,29,17,11,21,3,15,6
500003,1,1,1984,1,1,1,1,1,1,1,1,1,1
500003,2,1,1984,0,0,0,0,0,0,0,0,0,0
500004,1,1,1984,0,0,0,0,0,0,0,0,0,0
500004,2,1,1984,0,0,0,0,0,0,0,0,0,0
500005,1,1,1984,26,26,26,26,26,26,26,26,26,26
500006,1,1,1984,8,8,8,8,8,8,8,8,8,8
500007,1,1,1984,17,17,17,17,17,17,17,17,17,17
500008,0,1,1984,0,0,0,0,0,0,0,0,0,0
500008,0,2,1984,0,0,0,0,0,0,0,0,0,0
500008,1,1,1984,0,0,0,0,0,0,0,0,0,0
500009,1,1,1984,30,30,30,30,30,30,30,30,30,30
500010,1,1,1984,10,6,22,21,22,13,20,17,20,8
500011,1,1,1984,29,29,29,29,29,29,29,29,29,29
500012,1,1,1984,20,20,20,20,20,20,20,20,20,20
500013,1,1,1984,4,5,7,8,0,4,4,0,18,6
500013,2,1,1984,0,0,0,0,0,0,0,0,0,0
500014,1,1,1984,22,22,22,22,22,22,22,22,22,22
500015,1,1,1984,0,0,0,0,0,0,0,0,0,0
500016,0,1,1984,0,0,0,26,0,0,0,0,0,0
500016,1,1,1984,7,7,7,7,7,7,7,7,7,7
500017,1,1,1984,0,0,0,0,0,0,0,0,0,0
500018,1,1,1984,19,19,19,19,19,19,19,19,19,19
500019,0,1,1984,12,12,12,12,12,12,12,12,12,12
500019,1,1,1984,12,12,12,12,12,12,12,12,12,12
500020,1,1,1984,15,15,15,15,15,15,15,15,15,15
500020,2,1,1984,0,0,0,0,0,0,0,0,0,0
500021,1,1,1984,13,13,13,13,13,13,13,13,13,13
500022,0,1,1984,0,0,0,0,0,0,0,0,0,0
500022,1,1,1984,0,0,0,0,0,0,0,0,0,0
500023,1,1,1984,0,0,0,0,0,0,0,0,0,0
500023,2,1,1984,17,17,17,17,17,17,17,17,17,17
500024,1,1,1984,0,0,0,0,0,0,0,0,0,0
500024,2,1,1984,0,0,0,0,0,0,0,0,0,0
500025,1,1,1984,0,0,0,0,0,0,0,0,0,0
500026,1,1,1984,0,0,0,0,0,0,0,0,0,0
500027,1,1,1984,32,32,32,32,32,32,32,32,32,32
500028,0,1,1984,0,0,0,0,0,0,0,0,0,0
500028,1,1,1984,4,4,4,4,4,4,4,4,4,4
500028,2,1,1984,0,0,0,0,0,0,0,0,0,0
500029,1,1,1984,15,15,15,15,15,15,15,15,15,15
500029,2,1,1984,0,0,0,0,0,0,0,0,0,0
500030,1,1,1984,21,21,21,21,21,21,21,21,21,21
500031,1,1,1984,0,0,0,0,0,0,0,0,0,0
500032,1,1,1984,15,15,15,15,15,15,15,15,15,15
500033,1,1,1984,13,13,13,13,13,13,13,13,13,13
500034,0,1,1984,0,0,0,0,0,0,0,0,0,0
500034,1,1,1984,0,0,0,0,0,0,0,0,0,0
500035,1,1,1984,10,10,10,10,10,10,10,10,10,10
500036,1,1,1984,0,0,0,0,0,0,0,0,0,0
500036,2,1,1984,0,0,0,0,0,0,0,0,0,0
500037,1,1,1984,14,14,14,14,14,14,14,14,14,14
500038,1,1,1984,16,16,16,16,16,16,16,16,16,16
500038,2,1,1984,0,0,0,0,0,0,0,0,0,0
500039,1,1,1984,0,0,0,0,0,0,0,0,0,0
500039,2,1,1984,0,0,0,0,0,0,0,0,0,0
500040,1,1,1984,0,0,0,0,0,0,0,0,0,0
500040,2,1,1984,0,0,0,14,0,0,0,0,0,0
500041,1,1,1984,11,11,11,11,11,11,11,11,11,11
500042,1,1,1984,17,17,17,17,17,17,17,17,17,17
500043,1,1,1984,11,11,11,11,11,11,11,11,11,11
500044,1,1,1984,0,0,0,0,0,0,0,0,0,0
500045,1,1,1984,0,0,0,0,0,0,0,0,0,0
500045,2,1,1984,0,0,0,0,0,0,0,0,0,0
500045,3,1,1984,0,0,0,0,0,0,0,0,0,0
500045,4,1,1984,0,0,0,0,0,0,0,0,0,0
500046,1,1,1984,0,0,0,0,0,0,0,0,0,0
500046,2,1,1984,0,0,0,0,0,0,0,0,0,0
500047,0,1,1984,0,0,0,0,0,0,0,0,0,0
500047,1,1,1984,0,0,0,0,0,0,0,0,0,0
500048,1,1,1984,0,0,0,0,0,0,0,0,0,0
500049,0,1,1984,0,0,0,0,0,0,0,0,0,0
500049,1,1,1984,0,0,0,0,0,0,0,0,0,0
500050,1,1,1984,0,0,0,0,0,0,0,0,0,0
500050,2,1,1984,0,0,0,0,0,0,0,0,0,8
500051,1,1,1984,0,0,0,0,0,0,0,0,0,0
500052,1,1,1984,0,0,0,0,0,10,0,0,0,0
500053,1,1,1984,1,1,1,1,1,1,1,1,1,1
500054,1,1,1984,19,19,19,19,19,19,19,19,19,19
500055,1,1,1984,24,24,24,24,24,24,24,24,24,24
500056,1,1,1984,4,4,4,4,4,4,4,4,4,4
500057,1,1,1984,0,0,0,0,0,0,0,0,0,0
500058,1,1,1984,7,7,7,7,7,7,7,7,7,7
500059,1,1,1984,16,16,16,16,16,16,16,16,16,16
500059,2,1,1984,1,1,1,1,1,1,1,1,1,1
500060,1,1,1984,24,24,24,24,24,24,24,24,24,24
500060,2,1,1984,0,0,0,0,0,0,0,0,0,0
500060,3,1,1984,0,0,0,0,0,0,0,0,0,0
500061,1,1,1984,20,14,11,15,0,0,14,19,9,20
500061,2,1,1984,0,0,0,0,0,0,0,0,0,0
500062,1,1,1984,0,0,0,0,0,0,0,0,0,0
500062,2,1,1984,0,0,0,0,0,0,0,0,0,0
500063,1,1,1984,0,0,0,0,0,0,0,0,0,0
500064,1,1,1984,9,0,0,0,17,12,0,0,0,0
500065,1,1,1984,15,15,15,15,15,15,15,15,15,15
500066,1,1,1984,0,0,0,0,0,0,0,0,0,0
500067,0,1,1984,12,12,12,12,12,12,12,12,12,12
500067,1,1,1984,0,0,0,0,21,0,0,0,0,0
500068,1,1,1984,0,0,0,0,0,0,0,0,0,0
500069,1,1,1984,0,0,0,0,0,0,0,0,0,0
500069,2,1,1984,0,0,0,0,0,0,0,0,0,0
500070,1,1,1984,0,0,0,0,0,0,0,0,0,0
500071,1,1,1984,0,0,0,0,0,0,0,0,0,0
500072,1,1,1984,32,32,32,32,32,32,32,32,32,32
500073,1,1,1984,0,0,0,0,0,0,0,0,0,0