ST_CASE,VEH_NO,PER_NO,YEAR,P1,P2,P3,P4,P5,P6,P7,P8,P9,P10
510541,1,1,1984,15,15,15,15,15,15,15,15,15,15
510542,1,1,1984,0,0,0,0,0,0,0,0,0,0
510542,2,1,1984,0,0,0,0,0,0,0,0,0,0
510543,1,1,1984,10,22,9,0,17,0,10,0,16,22
510544,1,1,1984,22,22,22,22,22,22,22,22,22,22
510545,1,1,1984,0,0,0,0,0,0,0,0,0,0
510545,2,1,1984,0,0,0,0,0,0,0,0,0,0
510546,0,1,1984,0,0,0,0,0,0,0,0,0,0
510546,1,1,1984,0,0,4,0,0,0,9,0,0,0
510547,1,1,1984,27,27,27,27,27,27,27,27,27,27
510548,1,1,1984,10,24,8,20,11,8,10,20,0,9
510549,1,1,1984,11,25,13,10,25,7,17,9,7,4
510549,2,1,1984,0,0,0,0,0,0,0,0,0,0
510549,3,1,1984,0,0,0,0,0,0,0,0,0,0
510550,1,1,1984,16,16,16,16,16,16,16,16,16,16
510550,2,1,1984,0,0,0,0,0,0,0,0,0,0
510550,3,1,1984,0,10,0,0,0,0,0,0,0,0
510551,1,1,1984,9,28,12,8,2,10,0,8,8,30
510552,1,1,1984,15,15,15,15,15,15,15,15,15,15
510552,2,1,1984,0,0,0,0,0,0,0,0,0,0
510553,1,1,1984,0,0,0,0,0,0,0,0,0,0
510554,1,1,1984,20,0,9,20,14,8,4,14,11,23
510554,2,1,1984,0,0,11,0,0,0,17,0,0,0
510554,3,1,1984,0,0,0,0,0,0,0,0,0,4
510555,0,1,1984,7,7,7,7,7,7,7,7,7,7
510555,1,1,1984,0,0,0,0,0,0,0,0,0,0
510556,1,1,1984,11,23,20,26,14,17,21,26,0,29
510557,1,1,1984,0,0,0,0,0,0,0,0,0,0
510557,2,1,1984,0,0,15,0,0,0,0,0,0,0
510558,1,1,1984,0,0,0,0,0,0,0,0,0,0
510559,1,1,1984,15,15,15,15,15,15,15,15,15,15
510559,2,1,1984,0,0,0,0,0,0,0,0,0,0
510560,1,1,1984,7,7,7,7,7,7,7,7,7,7
510561,1,1,1984,13,21,12,4,12,34,15,17,11,15
510562,1,1,1984,0,0,0,0,0,0,0,0,0,0
510562,2,1,1984,0,0,0,0,0,0,0,0,11,16
510563,0,1,1984,1,1,1,1,1,1,1,1,1,1
510563,1,1,1984,0,9,0,0,0,0,0,9,0,0
510564,1,1,1984,28,28,28,28,28,28,28,28,28,28
510565,1,1,1984,0,0,0,0,0,0,0,0,0,0
510566,0,1,1984,16,16,16,16,16,16,16,16,16,16
510566,1,1,1984,4,7,0,19,0,0,0,0,22,10
510567,0,1,1984,19,19,19,19,19,19,19,19,19,19
510567,1,1,1984,0,0,0,0,0,0,0,0,0,0
510568,1,1,1984,0,0,0,0,0,5,0,0,15,0
510568,2,1,1984,0,0,0,0,0,0,14,0,0,0
510568,3,1,1984,0,0,0,0,0,13,0,18,0,0
510569,1,1,1984,7,24,21,18,14,6,25,20,22,11
510569,2,1,1984,5,15,13,7,16,21,15,19,7,10
510571,1,1,1984,0,0,0,0,0,0,0,0,0,0
510571,2,1,1984,0,0,0,0,0,0,0,0,0,0
510572,1,1,1984,15,15,15,15,15,15,15,15,15,15
510573,1,1,1984,0,0,0,0,0,0,0,0,0,0
510574,1,1,1984,0,0,0,0,0,0,0,0,0,0
510575,0,1,1984,0,0,0,0,0,0,0,24,0,0
510575,1,1,1984,0,0,0,0,0,0,0,0,0,0
510576,1,1,1984,0,0,0,0,12,0,0,0,13,0
510578,1,1,1984,0,0,0,0,0,0,0,0,0,0
510578,2,1,1984,13,0,0,0,0,0,0,13,0,0
510579,0,1,1984,0,0,0,0,0,0,0,0,0,0
510579,0,2,1984,0,0,0,0,0,0,0,0,0,0
510579,0,3,1984,21,10,0,7,0,20,14,0,29,16
510579,1,1,1984,0,0,0,0,0,0,0,0,0,0
510580,1,1,1984,0,0,0,0,0,0,0,0,0,0
510580,2,1,1984,0,0,0,0,0,0,0,0,0,0
510581,0,1,1984,0,0,0,0,0,0,0,0,0,0
510581,1,1,1984,0,0,0,0,0,0,0,0,0,0
510582,0,1,1984,32,32,32,32,32,32,32,32,32,32
510582,1,1,1984,0,10,22,5,11,34,10,9,17,8
510583,1,1,1984,5,14,21,10,17,7,19,15,9,10
510584,1,1,1984,27,5,39,17,18,18,18,15,15,15
510585,1,1,1984,10,16,8,5,25,9,13,25,24,19
510586,1,1,1984,7,7,7,7,7,7,7,7,7,7
510586,2,1,1984,0,0,0,0,0,0,0,0,0,0
510587,1,1,1984,0,0,0,4,0,21,0,0,0,0
510587,2,1,1984,0,0,0,0,0,0,0,0,0,22
510587,3,1,1984,0,0,0,0,0,0,0,0,0,0
510587,4,1,1984,0,0,0,0,0,0,0,0,0,0
510587,5,1,1984,0,0,0,0,0,0,0,0,0,0
510587,6,1,1984,0,0,0,0,0,0,0,0,0,20
510588,1,1,1984,36,36,36,36,36,36,36,36,36,36
510589,1,1,1984,28,28,28,28,28,28,28,28,28,28
510590,1,1,1984,0,0,0,0,0,0,0,0,0,0
510590,2,1,1984,0,0,0,0,0,0,0,0,0,10
510591,1,1,1984,0,0,0,0,0,0,0,0,0,0
510592,0,1,1984,0,0,0,0,0,0,0,0,0,0
510592,1,1,1984,0,0,0,0,0,0,0,0,0,0
510593,1,1,1984,0,0,0,0,0,0,0,0,0,0
510594,1,1,1984,0,0,0,0,0,0,0,0,0,0
510594,2,1,1984,0,0,0,0,0,0,0,0,0,0
510595,1,1,1984,0,0,0,0,0,0,0,0,0,0
510595,2,1,1984,0,0,0,0,0,0,0,13,0,8
510595,3,1,1984,0,0,0,0,0,0,0,0,0,0
510596,0,1,1984,29,29,29,29,29,29,29,29,29,29
510596,1,1,1984,8,0,0,0,0,0,0,0,0,0
510597,1,1,1984,0,0,0,0,0,0,0,0,0,0
510597,2,1,1984,9,9,9,9,9,9,9,9,9,9
510598,1,1,1984,0,0,0,0,0,0,0,0,0,0
510599,1,1,1984,0,0,0,0,0,0,0,0,0,0
510600,1,1,1984,0,0,0,0,0,0,0,0,0,0
510601,1,1,1984,0,0,0,0,0,0,0,0,0,0
510602,1,1,1984,0,0,0,0,0,0,0,0,0,0
510603,0,1,1984,10,10,10,10,10,10,10,10,10,10
510603,1,1,1984,0,0,3,0,0,0,0,0,0,0
510604,1,1,1984,0,28,0,0,0,0,0,27,0,0
510605,1,1,1984,0,0,0,0,0,23,0,0,0,26
510606,1,1,1984,7,7,7,0,2,19,21,15,7,19
510607,0,1,1984,8,8,8,8,8,8,8,8,8,8
510607,1,1,1984,2,0,0,0,0,0,6,20,0,17
510607,2,1,1984,24,0,18,0,0,13,0,0,0,6
510608,1,1,1984,0,0,0,0,0,0,0,0,0,0
510608,2,1,1984,13,15,19,0,0,19,13,0,17,12
510609,1,1,1984,0,0,0,0,8,0,0,13,0,0
510609,2,1,1984,0,0,0,0,0,0,0,0,0,0
510610,1,1,1984,0,0,0,0,0,0,0,0,0,0
510611,0,1,1984,25,25,25,25,25,25,25,25,25,25
510611,1,1,1984,7,0,0,0,0,0,0,3,0,0
510612,1,1,1984,0,0,0,0,0,0,0,0,0,0
510613,1,1,1984,0,0,0,0,0,0,0,0,0,0
510614,1,1,1984,0,0,0,0,0,0,11,0,0,0
510614,2,1,1984,0,0,0,0,0,0,0,0,0,0
510614,3,1,1984,0,0,0,0,0,0,0,0,0,0
510615,1,1,1984,0,15,10,10,15,11,12,4,19,11
510616,1,1,1984,16,16,16,16,16,16,16,16,16,16
510617,1,1,1984,3,3,3,3,3,3,3,3,3,3
510618,1,1,1984,0,0,0,0,0,0,0,0,0,0
510619,1,1,1984,0,0,0,0,0,0,0,0,0,0
510620,1,1,1984,0,0,0,6,0,0,0,0,0,0
510621,0,1,1984,1,1,1,1,1,1,1,1,1,1
510621,1,1,1984,0,0,0,0,0,0,0,0,0,0
510622,1,1,1984,0,20,13,0,30,18,35,20,11,0
510622,2,1,1984,12,6,6,25,23,19,22,5,24,40
510622,3,1,1984,18,7,9,15,10,7,8,9,9,12
510623,1,1,1984,0,28,13,17,0,12,16,0,9,10
510624,1,1,1984,6,6,6,6,6,6,6,6,6,6
510625,1,1,1984,0,28,0,0,0,0,0,0,0,0
510625,2,1,1984,0,0,0,0,0,0,0,0,0,0
510626,1,1,1984,0,0,0,0,0,0,0,0,0,0
510626,2,1,1984,7,15,29,14,16,30,16,13,4,2
510627,1,1,1984,0,0,0,0,0,0,0,0,0,0
510627,2,1,1984,0,0,0,0,0,0,0,0,0,0
510628,1,1,1984,10,10,10,10,10,10,10,10,10,10
510629,1,1,1984,0,0,0,23,0,0,0,0,0,0
510629,2,1,1984,0,0,0,0,0,0,0,0,0,0
510630,1,1,1984,0,0,0,0,0,0,0,0,0,0
510630,2,1,1984,0,0,0,0,0,0,0,0,0,0
510631,0,1,1984,0,0,0,0,0,0,0,0,0,0
510631,1,1,1984,0,0,0,0,0,0,0,0,0,0
510632,1,1,1984,0,0,0,0,0,0,0,0,0,0
510633,1,1,1984,21,11,15,12,16,16,18,13,8,5
510634,1,1,1984,12,11,2,6,9,9,9,7,20,7
510634,2,1,1984,4,4,4,4,4,4,4,4,4,4
510635,1,1,1984,0,0,0,0,0,0,0,0,0,0
510636,1,1,1984,11,11,11,11,11,11,11,11,11,11
510637,0,1,1984,0,0,0,0,0,0,0,0,0,0
510637,1,1,1984,0,0,0,0,0,0,0,0,0,0
510638,1,1,1984,2,2,2,2,2,2,2,2,2,2
510638,2,1,1984,14,19,14,25,16,9,12,30,13,23
510639,1,1,1984,21,21,21,21,21,21,21,21,21,21
510639,2,1,1984,0,0,0,0,0,0,0,0,0,0
510640,1,1,1984,0,0,26,6,0,5,0,0,5,4
510641,0,1,1984,0,0,0,0,0,0,0,0,0,0
510641,1,1,1984,18,0,3,7,14,16,0,16,7,11
510642,1,1,1984,0,0,0,0,12,0,0,0,0,0
510643,1,1,1984,8,8,8,8,8,8,8,8,8,8
510644,1,1,1984,0,0,0,0,0,0,0,0,0,0
510644,2,1,1984,0,0,0,0,0,0,0,0,0,0
510645,1,1,1984,0,0,0,0,0,0,0,0,8,0
510646,1,1,1984,0,0,0,0,0,0,0,0,0,0
510646,2,1,1984,0,0,0,0,0,0,0,0,0,0
510647,0,1,1984,0,0,0,0,0,0,0,0,0,0
510647,1,1,1984,0,0,0,0,0,0,0,0,0,0
510648,1,1,1984,8,18,14,0,10,11,20,7,0,5
510649,1,1,1984,16,0,13,22,18,7,15,17,20,8
510649,2,1,1984,0,0,0,0,0,0,0,0,0,0
510650,1,1,1984,30,30,30,30,30,30,30,30,30,30
510650,2,1,1984,0,0,0,0,0,0,0,0,29,0
510651,0,1,1984,0,0,0,0,0,0,0,0,0,0
510651,1,1,1984,0,0,0,0,0,0,0,0,0,0
510652,1,1,1984,0,0,0,0,0,0,0,0,0,0
510652,2,1,1984,0,0,0,0,0,0,0,0,0,0
510652,3,1,1984,0,0,0,0,0,0,0,0,0,0
510653,1,1,1984,0,0,0,0,0,0,0,0,0,0
510653,2,1,1984,0,0,0,0,0,0,0,0,0,23
510654,1,1,1984,12,0,14,17,6,16,17,23,20,15
510655,1,1,1984,24,24,24,24,24,24,24,24,24,24
510657,1,1,1984,16,15,14,8,10,14,22,12,3,13
510658,1,1,1984,0,0,30,0,0,0,21,0,0,9
510659,0,1,1984,2,2,2,2,2,2,2,2,2,2
510659,1,1,1984,11,0,0,26,17,0,16,0,0,0
510660,1,1,1984,8,8,8,8,8,8,8,8,8,8
510661,1,1,1984,13,13,13,13,13,13,13,13,13,13
510662,1,1,1984,35,35,35,35,35,35,35,35,35,35
510663,1,1,1984,0,0,0,27,0,0,0,0,14,0
510663,2,1,1984,0,0,0,0,18,0,28,11,24,20
510664,1,1,1984,17,17,17,17,17,17,17,17,17,17
510665,1,1,1984,11,16,18,9,24,39,8,13,21,13
510666,0,1,1984,19,19,19,19,19,19,19,19,19,19
510666,1,1,1984,0,0,0,0,20,0,0,0,0,0
510667,1,1,1984,13,0,10,15,9,11,17,13,7,14
510667,2,1,1984,0,0,0,0,0,0,0,0,0,0
510668,1,1,1984,9,9,9,9,9,9,9,9,9,9
510669,1,1,1984,26,26,26,26,26,26,26,26,26,26
510670,1,1,1984,0,0,0,0,0,0,0,0,0,0
510671,1,1,1984,0,0,0,0,0,0,0,20,0,0
510671,2,1,1984,0,0,0,0,0,0,0,0,0,0
510672,1,1,1984,0,0,0,0,0,0,0,0,0,0
510672,2,1,1984,0,0,0,0,0,0,0,0,0,0
510673,0,1,1984,0,0,0,0,0,0,0,0,0,0
510673,1,1,1984,0,0,0,0,0,0,0,0,0,0
510674,1,1,1984,0,0,0,0,0,0,0,11,0,0
510674,2,1,1984,0,0,0,0,0,0,0,0,0,0
510674,3,1,1984,0,0,0,0,0,0,0,0,0,0
510674,4,1,1984,0,0,12,0,0,0,0,0,0,0
510675,1,1,1984,14,14,14,14,14,14,14,14,14,14
510676,1,1,1984,0,0,0,0,0,0,0,0,0,0
510677,1,1,1984,0,0,0,16,0,15,0,0,0,20
510678,1,1,1984,21,21,21,21,21,21,21,21,21,21
510679,1,1,1984,0,0,0,0,0,0,0,0,0,0
510679,2,1,1984,0,0,0,0,0,0,0,0,0,0
510680,1,1,1984,0,0,0,0,0,0,0,0,0,0
510680,2,1,1984,0,0,0,0,0,0,0,0,0,0
510681,1,1,1984,21,16,18,13,9,26,12,11,26,12
510682,0,1,1984,21,12,5,0,16,25,16,33,0,0
510682,1,1,1984,0,0,0,0,0,20,8,0,10,0
510683,0,1,1984,0,0,0,0,0,0,0,0,0,0
510683,1,1,1984,17,13,15,10,24,18,23,14,15,17
510684,1,1,1984,0,0,0,0,0,0,0,0,0,0
510684,2,1,1984,0,0,0,0,0,0,0,0,0,0
510685,1,1,1984,6,6,6,6,6,6,6,6,6,6
510686,0,1,1984,17,17,17,17,17,17,17,17,17,17
510686,1,1,1984,0,0,0,0,0,0,0,0,0,19
510687,1,1,1984,0,0,0,0,0,0,0,0,0,0
510687,2,1,1984,0,0,0,0,0,0,0,0,0,0
510688,1,1,1984,15,13,9,4,14,9,15,17,18,0
510689,1,1,1984,0,0,0,0,0,0,0,0,0,0
510690,1,1,1984,23,17,15,0,9,7,10,6,17,15
510691,1,2,1984,0,0,0,0,0,0,0,0,0,0
510692,1,1,1984,27,27,27,27,27,27,27,27,27,27
510693,1,1,1984,15,15,15,15,15,15,15,15,15,15
510695,0,1,1984,28,28,28,28,28,28,28,28,28,28
510695,1,1,1984,0,0,0,0,0,0,0,0,0,0
510696,1,1,1984,0,0,0,0,0,0,0,0,0,0
510697,1,1,1984,18,18,18,18,18,18,18,18,18,18
510698,0,1,1984,37,37,37,37,37,37,37,37,37,37
510698,1,1,1984,0,0,0,0,0,0,0,0,0,0
510699,1,1,1984,9,13,12,27,18,28,23,19,23,31
510700,1,1,1984,0,0,0,0,0,0,0,0,0,0
510701,1,1,1984,0,0,0,0,0,0,0,0,0,0
510702,1,1,1984,0,19,0,22,0,0,0,8,7,20
510702,2,1,1984,0,0,0,0,0,0,0,0,0,0
510702,3,1,1984,0,0,0,0,0,0,0,0,0,0
510703,1,1,1984,24,24,24,24,24,24,24,24,24,24
510703,2,1,1984,0,0,0,0,0,0,0,0,0,0
510703,3,1,1984,16,0,0,0,0,0,0,0,0,0
510704,0,1,1984,27,27,27,27,27,27,27,27,27,27
510704,1,1,1984,0,13,0,0,0,0,0,0,0,0
510705,1,1,1984,0,0,0,0,0,0,0,0,0,0
510705,2,1,1984,0,0,0,0,0,0,0,0,0,0
510705,3,1,1984,0,0,0,0,0,0,0,0,0,0
510706,0,1,1984,0,0,0,0,0,0,0,0,0,0
510706,1,1,1984,0,0,0,0,0,0,0,0,0,0
510708,1,1,1984,16,19,18,29,21,26,16,18,4,6
510708,2,1,1984,0,0,0,0,0,0,0,0,0,0
510709,1,1,1984,0,0,0,0,0,0,0,0,0,0
510709,2,1,1984,0,0,0,0,0,0,0,0,0,0
510710,1,1,1984,0,0,0,0,0,0,0,0,0,0
510711,1,1,1984,0,0,0,0,0,4,0,0,0,0
510711,2,1,1984,18,0,12,8,0,13,0,17,0,19
510712,1,1,1984,0,0,0,0,12,0,0,30,11,22
510713,1,1,1984,13,13,13,13,13,13,13,13,13,13
510713,2,1,1984,0,0,0,0,0,0,0,0,0,0
510714,1,1,1984,0,0,0,0,0,0,0,0,0,0
510714,2,1,1984,0,0,0,0,0,0,0,0,0,0
510715,1,1,1984,0,0,0,15,0,0,12,0,10,0
510715,2,1,1984,0,0,7,10,0,0,0,0,0,0
510716,1,1,1984,0,0,0,0,0,0,0,0,0,0
510716,2,1,1984,0,17,0,0,0,0,0,0,0,0
510717,0,1,1984,0,0,0,0,0,0,0,0,0,0
510717,1,1,1984,0,0,0,0,0,0,0,0,0,0
510718,1,1,1984,37,37,37,37,37,37,37,37,37,37
510718,2,1,1984,0,0,0,0,0,13,0,0,0,0
510719,0,1,1984,20,20,20,20,20,20,20,20,20,20
510719,1,1,1984,29,0,18,9,0,0,0,0,9,0
510719,2,1,1984,0,9,0,0,0,0,0,10,0,10
510720,1,1,1984,13,0,0,0,10,0,0,0,0,0
510721,0,1,1984,12,12,12,12,12,12,12,12,12,12
510721,1,1,1984,21,6,24,24,12,21,15,20,27,22
510722,1,1,1984,0,0,0,0,0,0,0,0,0,0
510722,2,1,1984,0,0,0,0,0,0,0,0,0,0
510723,1,1,1984,19,19,19,19,19,19,19,19,19,19
510724,0,1,1984,0,0,0,0,0,0,0,0,0,0
510724,1,1,1984,0,0,0,0,0,0,0,0,0,2
510725,1,1,1984,14,14,14,14,14,14,14,14,14,14
510725,2,1,1984,0,0,0,0,0,0,0,0,0,0
510726,0,1,1984,0,0,0,0,0,0,0,0,0,0
510726,1,1,1984,0,0,0,0,0,0,0,0,0,0
510727,1,1,1984,0,0,0,0,0,0,0,0,0,0
510728,1,1,1984,0,0,0,0,0,0,0,0,0,11
510729,0,1,1984,24,24,24,24,24,24,24,24,24,24
510729,0,2,1984,0,0,0,0,0,0,0,0,0,0
510729,1,1,1984,0,0,0,12,0,0,0,0,0,0
510730,1,1,1984,26,16,32,12,11,8,5,25,29,12
510731,1,1,1984,7,20,8,32,11,17,16,13,18,20
510731,2,1,1984,0,0,0,0,0,0,0,0,0,0
510731,3,1,1984,6,13,9,13,9,26,9,0,7,9
510732,1,1,1984,0,0,0,0,0,0,0,13,0,22
510733,1,1,1984,5,15,13,8,22,15,14,11,14,9
510733,2,1,1984,0,0,0,0,0,0,0,0,0,0
510733,3,1,1984,0,0,0,0,0,0,0,0,17,0
510734,0,1,1984,0,0,0,0,0,0,0,0,0,0
510734,1,1,1984,0,0,0,0,0,0,0,5,0,0
510735,0,1,1984,0,0,0,0,0,0,0,0,0,0
510735,1,1,1984,13,0,0,0,0,0,0,22,0,0
510736,1,1,1984,10,9,25,31,0,5,20,26,7,10
510736,2,1,1984,13,29,0,20,11,0,9,15,24,22
510737,0,1,1984,40,13,48,15,9,32,36,13,26,21
510737,1,1,1984,9,19,13,10,23,20,9,7,9,25
510738,1,1,1984,0,0,0,0,0,0,0,0,0,0
510738,2,1,1984,0,0,0,0,0,0,0,0,0,0
510739,1,1,1984,12,6,0,0,0,18,0,0,0,0
510739,2,1,1984,8,11,0,20,12,17,6,4,16,17
510740,1,1,1984,0,0,0,0,0,0,0,0,0,0
510741,1,1,1984,0,0,6,0,5,0,0,11,0,0
510741,2,1,1984,35,35,35,35,35,35,35,35,35,35
510742,0,1,1984,38,38,38,38,38,38,38,38,38,38
510742,1,1,1984,0,0,0,0,0,0,0,0,0,0
510743,1,1,1984,0,0,0,0,0,0,0,0,0,0
510743,2,1,1984,11,23,28,0,0,0,25,21,12,22
510744,1,1,1984,15,5,26,20,12,0,12,3,14,20
510745,1,1,1984,0,0,0,0,0,30,0,0,0,0
510746,1,1,1984,18,18,18,18,18,18,18,18,18,18
510747,1,1,1984,35,35,35,35,35,35,35,35,35,35
510748,1,1,1984,20,20,20,20,20,20,20,20,20,20
510749,1,1,1984,20,11,12,11,5,3,26,12,16,21
510749,2,1,1984,0,0,0,0,0,0,0,0,0,0
510750,1,1,1984,0,0,0,0,0,0,0,0,0,0
510751,1,1,1984,0,0,0,0,0,0,0,0,0,0
510751,2,1,1984,0,11,0,0,0,0,0,0,0,0
510752,1,1,1984,0,0,0,0,0,0,0,0,0,0
510752,2,1,1984,23,14,30,9,19,0,11,6,12,8
510753,1,1,1984,0,0,0,12,0,0,0,0,0,0
510753,2,1,1984,0,0,0,0,0,0,0,0,0,0
510754,1,1,1984,25,25,25,25,25,25,25,25,25,25
510754,2,1,1984,0,0,0,0,0,0,0,0,0,0
510755,1,1,1984,0,0,0,0,0,0,0,0,0,0
510756,1,1,1984,12,12,12,12,12,12,12,12,12,12
510757,1,1,1984,0,0,8,0,9,0,0,0,15,0
510757,2,1,1984,0,0,0,0,0,0,0,0,0,0
510758,1,1,1984,0,10,14,4,14,23,4,12,11,0
510759,1,1,1984,12,45,15,22,29,19,17,0,11,0
510759,2,1,1984,0,0,0,0,0,0,0,0,0,0
510760,1,1,1984,23,19,16,8,19,29,9,12,15,13
510761,1,1,1984,0,10,16,12,11,0,0,0,0,0
510762,1,1,1984,21,21,21,21,21,21,21,21,21,21
510763,1,1,1984,0,0,15,12,0,24,20,23,31,3
510764,1,1,1984,0,16,0,0,0,0,0,0,0,0
510765,1,1,1984,16,14,0,0,0,24,16,0,0,15
510765,2,1,1984,7,22,5,8,0,0,16,14,9,11
510766,1,1,1984,0,0,0,0,0,0,0,0,0,0
510766,2,1,1984,16,27,10,14,12,4,11,23,17,11
510767,1,1,1984,0,0,0,0,0,0,0,0,0,0
510768,1,1,1984,26,26,26,26,26,26,26,26,26,26
510769,1,1,1984,16,16,16,16,16,16,16,16,16,16
510770,1,1,1984,14,14,14,14,14,14,14,14,14,14
510771,0,1,1984,0,0,0,0,0,0,0,0,0,0
510771,1,1,1984,0,0,0,0,0,0,0,0,0,0
510772,0,1,1984,5,5,5,5,5,5,5,5,5,5
510772,0,2,1984,0,0,0,0,0,0,0,0,0,0
510772,1,1,1984,10,16,25,8,0,0,0,21,5,12
510772,2,1,1984,0,0,0,0,0,0,6,0,1,0
510773,1,1,1984,0,0,0,0,0,0,0,0,0,0
510773,2,1,1984,0,0,0,0,0,0,0,0,0,0
510774,1,1,1984,0,0,0,0,0,0,0,0,0,0
510774,2,1,1984,0,0,0,0,14,0,0,0,11,20
510775,0,1,1984,0,0,0,0,0,0,0,0,0,0
510775,1,1,1984,0,14,0,0,0,0,0,0,0,0
510776,1,1,1984,0,0,0,0,0,0,0,0,0,0
510776,2,1,1984,0,0,0,0,0,0,0,0,0,0
510777,1,1,1984,12,12,12,12,12,12,12,12,12,12
510778,1,1,1984,17,0,0,0,0,0,0,0,0,10
510778,2,1,1984,0,0,0,0,0,0,0,0,0,0
510779,1,1,1984,4,4,4,4,4,4,4,4,4,4
510780,1,1,1984,0,0,0,0,0,0,0,0,0,0
510780,2,1,1984,0,0,12,0,0,0,0,0,0,7
510781,1,1,1984,21,21,21,21,21,21,21,21,21,21
510782,1,1,1984,11,11,11,11,11,11,11,11,11,11
510782,2,1,1984,0,0,0,0,0,0,0,0,0,0
510783,1,1,1984,18,18,18,18,18,18,18,18,18,18
510784,0,1,1984,0,0,0,0,0,0,0,0,0,0
510784,1,1,1984,0,10,0,0,21,0,0,0,0,0
510785,1,1,1984,5,22,10,5,5,23,7,15,6,10
510785,2,1,1984,4,4,4,4,4,4,4,4,4,4
510786,1,1,1984,5,5,5,5,5,5,5,5,5,5
510786,2,1,1984,0,0,0,0,0,11,0,0,2,0
510787,1,1,1984,14,29,26,28,25,18,0,9,8,0
510788,1,1,1984,29,29,29,29,29,29,29,29,29,29
510789,0,1,1984,21,20,15,24,22,0,43,3,0,0
510789,1,1,1984,0,0,0,0,0,0,0,0,0,0
510790,0,1,1984,3,3,3,3,3,3,3,3,3,3
510790,1,1,1984,0,8,20,15,8,20,0,34,7,3
510791,1,1,1984,0,0,0,0,0,0,0,0,0,0
510791,2,1,1984,0,0,0,0,0,0,0,26,0,0
510792,0,1,1984,0,0,0,0,0,0,0,0,0,0
510792,1,1,1984,29,16,19,28,13,8,10,25,0,13
510793,1,1,1984,16,16,16,16,16,16,16,16,16,16
510794,1,1,1984,0,0,0,0,0,0,0,0,0,0
510795,0,1,1984,13,13,13,13,13,13,13,13,13,13
510795,0,2,1984,14,0,0,30,0,20,0,34,18,30
510795,1,1,1984,7,20,28,19,13,13,14,12,20,21
510796,1,1,1984,0,0,0,0,0,0,0,0,0,0
510796,2,1,1984,0,0,0,0,0,0,0,13,5,4
510797,1,1,1984,11,0,0,0,0,0,0,0,0,0
510797,2,1,1984,0,0,0,0,0,0,0,0,0,0
510798,0,1,1984,1,1,1,1,1,1,1,1,1,1
510798,0,2,1984,22,0,17,0,8,8,11,20,15,18
510798,1,1,1984,0,0,0,19,0,0,0,0,0,0
510799,1,1,1984,22,22,22,22,22,22,22,22,22,22
510800,1,1,1984,0,0,0,0,0,0,0,0,0,0
510801,1,1,1984,24,24,24,24,24,24,24,24,24,24
510801,2,1,1984,14,0,0,0,0,0,0,0,0,0
510802,0,1,1984,15,15,15,15,15,15,15,15,15,15
510802,1,1,1984,16,11,19,21,24,19,7,17,17,5
510803,1,2,1984,0,0,0,0,0,0,13,0,0,0
510804,1,1,1984,0,0,0,25,0,19,14,16,0,0
510805,1,1,1984,0,0,0,0,0,0,0,0,0,0
510805,2,1,1984,21,23,13,12,22,21,14,14,4,15
510806,0,1,1984,25,25,25,25,25,25,25,25,25,25
510806,1,1,1984,0,0,0,0,0,40,0,0,0,0
510806,2,1,1984,0,8,0,0,0,0,0,0,0,0
510807,1,1,1984,2,2,2,2,2,2,2,2,2,2
510808,1,1,1984,0,0,0,0,0,0,0,0,0,0
510808,2,1,1984,0,0,0,0,0,0,0,0,0,0
510809,0,1,1984,0,0,0,0,23,0,0,0,0,0
510809,1,1,1984,0,0,0,0,0,0,0,0,0,0
510810,0,1,1984,0,0,0,0,0,0,0,0,0,0
510810,1,1,1984,0,0,0,0,0,0,0,0,0,9
510811,0,1,1984,33,33,33,33,33,33,33,33,33,33
510811,1,1,1984,0,0,0,0,13,0,0,0,0,0
510812,1,1,1984,25,25,25,25,25,25,25,25,25,25
510813,1,1,1984,12,12,12,12,12,12,12,12,12,12
510814,1,1,1984,22,12,17,31,0,0,0,13,0,0
510814,2,1,1984,17,6,0,0,15,25,0,30,0,0
510815,1,1,1984,3,3,3,3,3,3,3,3,3,3
510815,2,1,1984,0,0,0,0,0,0,0,0,0,14
510816,1,1,1984,0,0,0,0,0,0,0,0,0,0
510816,2,1,1984,0,0,0,0,0,0,0,0,0,0
510816,3,1,1984,0,0,0,0,0,0,0,0,0,0
510816,4,1,1984,0,0,0,0,0,0,0,0,0,0
510816,5,1,1984,0,0,15,0,0,0,0,0,0,0
510817,1,1,1984,0,0,0,0,0,0,0,0,0,0
510817,2,1,1984,0,0,0,0,0,0,0,0,0,0
510818,1,1,1984,0,0,0,0,0,0,0,0,0,0
510818,2,1,1984,0,0,0,0,0,0,0,0,0,0
510819,1,1,1984,13,13,13,13,13,13,13,13,13,13
510819,2,1,1984,0,0,0,0,0,0,0,0,0,0
510820,1,1,1984,0,0,0,0,0,0,0,0,0,0
510820,2,1,1984,0,17,5,10,0,0,0,0,17,0
510821,0,1,1984,0,0,0,0,0,0,0,0,0,0
510821,1,1,1984,0,0,0,0,0,0,0,0,0,0
510822,1,1,1984,0,0,0,0,0,19,0,0,9,0
510823,0,1,1984,0,0,0,0,0,0,0,0,0,0