ST_CASE,VEH_NO,PER_NO,YEAR,P1,P2,P3,P4,P5,P6,P7,P8,P9,P10
510823,1,1,1984,0,0,0,0,0,0,0,0,23,0
510824,1,1,1984,19,19,19,19,19,19,19,19,19,19
510825,0,1,1984,0,0,0,0,0,0,0,0,0,0
510825,1,1,1984,0,0,0,0,0,0,0,0,0,0
510826,0,1,1984,0,0,0,0,0,0,0,0,0,0
510826,1,1,1984,0,0,10,0,0,0,0,0,0,0
510827,1,1,1984,17,17,17,17,17,17,17,17,17,17
510827,2,1,1984,0,0,0,0,0,0,0,0,0,11
510828,1,1,1984,16,16,16,16,16,16,16,16,16,16
510829,1,1,1984,0,0,0,0,0,0,0,0,0,0
510829,2,1,1984,0,0,0,0,0,0,0,0,0,0
510830,1,1,1984,0,0,11,0,0,0,0,0,0,0
510830,2,1,1984,5,5,5,5,5,5,5,5,5,5
510831,1,1,1984,0,0,0,0,0,0,0,0,0,0
510831,2,1,1984,0,0,0,0,0,0,0,0,0,0
510832,1,1,1984,0,0,0,0,0,0,0,0,0,0
510832,2,1,1984,0,0,0,0,0,0,0,0,0,0
510833,0,1,1984,0,0,0,0,0,0,16,0,0,0
510833,1,1,1984,21,0,0,0,0,0,0,0,0,0
510834,1,1,1984,13,21,14,16,17,8,35,18,6,12
510835,0,1,1984,0,0,0,0,0,0,0,0,0,0
510835,1,1,1984,0,0,0,0,0,0,0,0,0,0
510836,1,1,1984,20,30,0,7,0,0,0,0,0,14
510836,2,1,1984,0,0,0,0,0,0,0,0,0,0
510837,1,1,1984,0,12,9,25,8,24,13,13,15,8
510837,2,1,1984,0,0,6,20,27,0,0,0,0,0
510838,1,1,1984,0,0,0,0,0,0,0,0,0,0
510838,2,1,1984,0,0,0,0,0,0,0,0,0,0
510839,1,1,1984,0,11,0,0,34,0,0,11,0,0
510839,2,1,1984,0,28,13,0,21,0,12,16,0,0
510840,1,1,1984,6,5,11,20,0,13,4,4,18,14
510841,1,1,1984,0,0,0,0,0,0,0,0,0,0
510842,0,1,1984,0,0,0,13,0,0,14,0,0,0
510842,1,1,1984,0,0,0,0,0,0,0,0,0,0
510843,1,1,1984,0,0,0,0,0,0,0,0,0,0
510843,2,1,1984,17,6,16,14,2,17,11,16,9,22
510844,0,1,1984,0,0,0,0,0,0,0,0,0,0
510844,1,1,1984,0,2,0,0,0,0,0,0,0,17
510845,1,1,1984,22,22,22,22,22,22,22,22,22,22
510846,1,1,1984,0,0,0,0,0,0,0,0,0,0
510847,1,1,1984,26,26,26,26,26,26,26,26,26,26
510848,1,1,1984,0,0,0,0,0,0,0,0,0,0
510849,1,1,1984,0,0,0,0,0,0,0,0,0,0
510850,1,1,1984,16,9,6,14,12,15,24,17,9,12
510850,2,1,1984,0,0,0,0,0,0,0,0,0,0
510850,3,1,1984,0,0,0,0,0,0,14,0,0,0
510851,0,1,1984,9,9,9,9,9,9,9,9,9,9
510851,1,1,1984,0,0,0,0,0,20,0,0,0,0
510852,1,1,1984,0,0,0,0,0,0,0,0,4,0
510852,2,1,1984,0,0,0,14,0,0,0,16,17,0
510853,0,1,1984,0,0,0,0,0,0,0,0,0,0
510853,1,1,1984,0,0,0,0,0,0,0,0,0,0
510854,1,1,1984,0,0,18,0,0,0,0,0,0,0
510854,2,1,1984,0,0,0,0,0,0,0,0,0,0
510854,3,1,1984,0,0,10,0,0,0,0,0,0,0
510854,4,1,1984,0,0,0,0,0,0,0,0,0,0
510855,1,1,1984,0,0,0,0,0,0,0,0,0,0
510855,2,1,1984,0,0,0,0,0,0,0,17,0,0
510856,1,1,1984,0,0,0,0,0,0,0,0,0,0
510856,2,1,1984,12,0,0,12,0,0,0,0,0,0
510857,1,1,1984,0,0,0,0,0,0,0,0,0,0
510858,1,1,1984,0,0,0,0,0,0,0,0,0,0
510858,2,1,1984,19,6,14,16,7,8,24,15,9,17
510859,1,1,1984,19,19,19,19,19,19,19,19,19,19
510860,1,1,1984,23,23,23,23,23,23,23,23,23,23
510861,1,1,1984,0,0,0,0,0,0,0,0,0,0
510861,2,1,1984,0,0,0,0,0,0,0,0,0,0
510862,1,1,1984,0,0,0,0,0,0,0,0,0,0
510862,2,1,1984,0,0,0,0,0,0,0,0,0,0
510863,1,1,1984,0,0,0,20,0,0,0,26,0,0
510864,1,1,1984,29,22,15,15,17,17,28,22,15,18
510864,2,1,1984,14,15,12,23,4,12,15,12,13,22
510865,1,1,1984,0,0,0,0,0,0,0,0,0,0
510865,2,1,1984,0,0,0,0,0,0,0,0,0,0
510866,1,1,1984,0,0,0,0,0,0,0,0,0,0
510867,1,1,1984,15,5,34,23,39,15,10,19,26,18
510868,1,1,1984,24,0,0,17,7,12,18,9,13,21
510869,1,1,1984,0,0,19,0,11,0,0,0,0,7
510870,1,1,1984,0,0,0,0,0,0,0,0,0,0
510870,2,1,1984,0,0,0,0,0,19,0,0,19,0
510870,3,1,1984,0,0,31,0,0,0,0,0,0,0
510871,1,1,1984,11,8,23,24,11,13,10,21,10,12
510872,0,1,1984,27,27,27,27,27,27,27,27,27,27
510872,1,1,1984,0,0,0,0,0,10,0,0,0,0
510873,1,1,1984,12,3,6,12,15,30,4,8,10,15
510874,1,1,1984,8,13,16,16,4,20,8,5,22,4
510874,2,1,1984,14,11,10,0,0,17,0,9,0,0
510875,1,1,1984,26,26,26,26,26,26,26,26,26,26
510876,1,1,1984,16,16,16,16,16,16,16,16,16,16
510877,1,1,1984,0,0,0,0,0,0,0,0,0,0
510878,1,1,1984,29,0,3,0,27,3,0,0,24,17
510878,2,1,1984,0,0,0,0,0,0,0,0,0,0
510879,1,1,1984,0,0,0,0,0,0,0,0,0,26
510880,0,1,1984,9,9,9,9,9,9,9,9,9,9
510880,1,1,1984,0,0,0,0,0,0,0,0,0,12
510881,1,1,1984,0,0,12,0,13,0,0,21,0,0
510881,2,1,1984,15,21,26,0,12,0,15,14,30,18
510882,1,1,1984,5,30,13,13,31,12,9,25,24,14
510883,1,1,1984,0,0,0,0,0,0,0,0,0,0
510884,1,1,1984,0,0,0,0,0,0,0,0,0,0
510884,2,1,1984,0,0,0,0,0,0,0,0,0,0
510885,1,1,1984,28,28,28,28,28,28,28,28,28,28
510887,1,1,1984,22,22,22,22,22,22,22,22,22,22
510889,1,1,1984,9,4,0,0,25,25,13,0,20,12
510890,1,1,1984,15,15,15,15,15,15,15,15,15,15
510891,1,1,1984,15,15,15,15,15,15,15,15,15,15
510891,2,1,1984,0,0,0,0,0,0,0,0,0,0
510892,1,1,1984,13,13,13,13,13,13,13,13,13,13
510892,2,1,1984,0,0,0,0,0,0,0,0,0,0
510893,1,1,1984,0,0,0,0,0,0,0,0,16,0
510894,1,1,1984,21,21,21,21,21,21,21,21,21,21
510895,0,1,1984,39,30,30,6,36,22,17,30,20,18
510895,1,1,1984,5,11,14,9,12,12,8,23,9,0
510896,1,1,1984,13,15,8,6,11,14,0,4,23,23
510896,2,1,1984,3,3,3,3,3,3,3,3,3,3
510897,1,1,1984,0,0,0,0,0,0,0,0,0,0
510897,2,1,1984,0,0,0,0,13,0,0,0,16,0
510898,1,1,1984,26,26,26,26,26,26,26,26,26,26
510899,1,1,1984,23,19,22,0,5,20,11,21,20,6
510900,1,1,1984,11,22,16,0,11,22,3,13,0,0
510900,2,1,1984,10,10,10,10,10,10,10,10,10,10
510901,1,1,1984,0,0,0,0,0,0,0,0,0,0
510901,2,1,1984,0,0,28,18,0,0,0,23,0,22
510902,1,1,1984,0,0,0,0,0,0,0,0,0,0
510902,2,1,1984,0,0,0,0,0,0,0,0,0,0
510903,1,1,1984,24,24,24,24,24,24,24,24,24,24
510903,2,1,1984,0,0,0,0,0,0,0,0,0,0
510904,1,1,1984,0,11,0,0,0,0,0,0,17,4
510904,2,1,1984,0,0,0,0,0,0,0,0,0,0
510905,1,1,1984,14,17,16,34,15,26,8,21,25,0
510906,1,1,1984,0,0,0,0,0,0,0,0,0,0
510907,0,1,1984,0,0,0,0,0,0,0,0,0,0
510907,1,1,1984,0,0,0,0,0,0,0,0,0,0
510908,0,1,1984,0,0,0,0,0,0,0,0,0,0
510908,1,1,1984,0,0,0,0,0,0,0,0,17,0
510909,1,1,1984,27,27,27,27,27,27,27,27,27,27
510910,1,1,1984,0,0,0,0,0,0,0,0,0,0
510911,1,1,1984,0,0,0,4,0,0,0,0,0,0
510912,1,1,1984,22,22,22,22,22,22,22,22,22,22
510913,1,1,1984,0,0,0,0,0,0,0,0,0,0
510914,1,1,1984,0,0,0,0,0,0,0,0,0,0
510915,1,1,1984,30,22,27,20,15,11,0,22,7,12
510916,1,1,1984,35,10,12,28,10,34,6,10,25,6
510917,1,1,1984,14,7,16,25,0,24,23,15,8,11
510918,1,1,1984,0,0,0,0,0,0,0,0,0,0
510918,2,1,1984,0,0,0,0,0,0,0,0,0,0
510919,1,1,1984,17,6,14,19,14,8,17,17,25,16
510920,1,1,1984,18,18,18,18,18,18,18,18,18,18
510920,2,1,1984,0,0,0,0,0,0,0,19,0,0
510921,1,1,1984,0,0,0,0,0,0,0,0,0,0
510921,2,1,1984,20,7,9,10,20,15,17,16,16,24
510922,1,1,1984,17,0,3,19,21,17,4,18,41,12
510923,1,1,1984,7,0,0,0,0,0,0,0,0,0
510923,2,1,1984,25,25,25,25,25,25,25,25,25,25
510924,1,1,1984,0,0,0,0,0,14,0,0,0,0
510925,1,1,1984,0,0,0,0,0,0,0,0,0,0
510925,2,1,1984,0,0,0,0,0,0,0,0,0,0
510926,1,1,1984,25,25,25,25,25,25,25,25,25,25
510927,0,1,1984,0,0,0,0,0,0,0,0,0,0
510927,1,1,1984,0,0,0,0,0,0,0,0,0,0
510928,0,1,1984,0,18,19,0,16,37,25,0,0,0
510928,0,2,1984,0,21,37,39,0,18,0,0,0,0
510928,0,3,1984,0,0,0,0,0,0,0,0,0,0
510928,2,1,1984,0,0,0,0,0,0,0,0,0,0
510929,1,1,1984,18,18,18,18,18,18,18,18,18,18
510930,1,1,1984,0,0,0,0,0,0,0,0,0,0
510930,2,1,1984,0,0,0,0,0,0,0,0,8,0
510931,0,1,1984,0,0,0,0,0,0,0,0,8,28
510931,1,1,1984,0,0,0,0,0,0,0,0,0,0
510932,1,1,1984,0,0,0,0,0,0,0,0,0,0
510932,2,1,1984,0,0,0,0,0,0,0,19,0,0
510933,0,1,1984,0,0,0,0,0,0,0,0,0,0
510933,1,1,1984,0,0,0,0,0,14,16,0,0,0
510934,1,1,1984,0,0,13,0,0,0,0,10,0,0
510934,2,1,1984,0,0,0,0,0,0,0,0,0,0
530001,1,1,1984,16,8,6,8,13,11,0,6,9,20
530001,2,1,1984,0,0,0,0,0,0,16,0,0,4
530002,1,1,1984,0,0,0,0,0,0,0,0,0,0
530002,2,1,1984,0,0,0,0,0,0,0,0,0,0
530003,1,1,1984,19,19,19,19,19,19,19,19,19,19
530003,2,1,1984,0,0,0,0,0,0,0,0,0,0
530004,1,1,1984,0,0,0,0,17,0,0,0,0,0
530004,2,1,1984,16,16,16,16,16,16,16,16,16,16
530005,0,1,1984,0,0,0,0,0,0,0,0,0,0
530005,1,1,1984,0,0,0,0,0,0,0,0,0,0
530006,1,1,1984,0,0,0,0,0,0,0,0,0,0
530006,2,1,1984,0,0,0,0,0,0,0,0,0,0
530007,1,1,1984,35,35,35,35,35,35,35,35,35,35
530008,1,1,1984,0,0,0,0,0,0,0,0,0,0
530008,2,1,1984,0,0,0,0,0,0,0,9,0,0
530009,0,1,1984,0,0,0,0,0,0,0,0,0,0
530009,1,1,1984,17,0,33,0,0,11,7,0,0,0
530010,0,1,1984,2,2,2,2,2,2,2,2,2,2
530010,1,1,1984,3,3,3,3,3,3,3,3,3,3
530011,0,1,1984,0,0,0,0,0,0,0,0,0,0
530011,1,1,1984,0,0,0,0,0,0,0,0,0,0
530012,1,1,1984,0,0,0,0,0,0,5,0,0,0
530012,2,1,1984,0,0,0,0,0,0,0,0,0,0
530013,1,1,1984,0,0,0,0,0,0,0,0,0,0
530013,2,1,1984,19,19,19,19,19,19,19,19,19,19
530014,1,1,1984,0,0,0,7,0,0,0,0,0,0
530015,0,1,1984,0,0,0,0,0,0,0,0,0,0
530015,1,1,1984,0,0,0,0,0,0,0,0,0,0
530016,1,1,1984,4,4,4,4,4,4,4,4,4,4
530016,2,1,1984,0,0,17,0,0,0,0,0,0,0
530017,0,1,1984,0,0,0,0,0,0,0,0,0,0
530017,1,1,1984,0,0,0,0,0,0,0,0,0,0
530018,1,1,1984,0,0,0,0,0,0,0,0,0,0
530018,2,1,1984,0,0,22,0,0,0,0,0,0,0
530019,1,1,1984,0,0,0,0,0,0,0,0,0,0
530020,1,1,1984,21,0,16,0,0,0,0,0,0,0
530020,2,1,1984,0,0,0,0,0,0,0,0,0,0
530021,0,1,1984,0,0,0,0,0,0,0,0,0,0
530021,1,1,1984,0,0,0,0,0,0,0,0,0,0
530022,0,1,1984,0,0,0,0,0,0,0,0,0,0
530022,1,1,1984,0,0,0,0,0,0,0,0,0,0
530023,1,1,1984,0,0,0,0,0,0,0,0,0,0
530024,0,1,1984,0,0,0,0,0,0,0,0,0,0
530024,1,1,1984,0,0,0,0,0,0,0,0,0,0
530025,1,1,1984,0,0,18,0,0,0,0,0,0,0
530026,0,1,1984,0,0,0,0,0,0,0,0,0,0
530026,1,1,1984,0,0,0,0,13,0,0,24,0,37
530027,1,1,1984,20,20,20,20,20,20,20,20,20,20
530027,2,1,1984,0,0,0,0,0,0,0,0,0,0
530028,0,1,1984,0,0,0,0,0,0,0,0,0,0
530028,1,1,1984,0,0,0,0,0,0,0,0,0,0
530029,1,1,1984,23,23,23,23,23,23,23,23,23,23
530030,1,1,1984,0,0,0,0,0,0,0,0,0,0
530031,0,1,1984,0,0,0,0,0,0,0,0,0,0
530031,1,1,1984,0,0,0,0,0,0,0,0,0,0
530032,1,1,1984,18,18,18,18,18,18,18,18,18,18
530033,1,1,1984,13,13,13,13,13,13,13,13,13,13
530034,1,1,1984,0,13,0,0,0,0,0,0,0,0
530035,1,1,1984,19,19,19,19,19,19,19,19,19,19
530036,1,1,1984,0,0,0,0,0,9,0,0,0,0
530036,2,1,1984,18,18,18,18,18,18,18,18,18,18
530036,3,1,1984,0,0,0,0,0,0,0,0,25,0
530037,1,1,1984,0,0,11,0,0,4,0,0,0,0
530038,1,1,1984,0,0,0,0,16,0,0,0,0,0
530038,2,1,1984,8,8,8,8,8,8,8,8,8,8
530039,1,1,1984,30,30,30,30,30,30,30,30,30,30
530040,1,1,1984,0,0,0,0,0,0,0,0,0,0
530040,2,1,1984,0,0,0,0,0,0,0,0,0,0
530041,1,1,1984,13,13,13,13,13,13,13,13,13,13
530042,1,1,1984,0,21,0,20,0,0,0,0,0,0
530043,1,1,1984,23,23,23,23,23,23,23,23,23,23
530043,2,1,1984,0,0,0,0,0,0,0,0,0,0
530044,1,1,1984,25,25,25,25,25,25,25,25,25,25
530044,2,1,1984,0,0,0,0,0,0,0,0,0,0
530045,1,1,1984,0,0,0,0,0,0,0,0,0,0
530046,1,1,1984,0,0,0,0,0,0,24,0,0,0
530047,1,1,1984,0,0,0,0,0,0,0,0,0,0
530048,0,1,1984,0,0,0,0,0,0,0,0,0,0
530048,1,1,1984,0,0,0,0,0,0,0,12,0,0
530049,1,1,1984,16,16,16,16,16,16,16,16,16,16
530050,1,1,1984,18,18,18,18,18,18,18,18,18,18
530051,1,1,1984,20,20,20,20,20,20,20,20,20,20
530051,2,1,1984,12,12,12,12,12,12,12,12,12,12
530052,1,1,1984,19,19,19,19,19,19,19,19,19,19
530053,1,1,1984,8,8,8,8,8,8,8,8,8,8
530054,1,1,1984,15,15,15,15,15,15,15,15,15,15
530055,1,1,1984,0,0,0,0,0,0,0,0,0,0
530055,2,1,1984,0,0,0,0,0,0,0,0,0,0
530056,0,1,1984,43,43,43,43,43,43,43,43,43,43
530056,1,1,1984,0,0,0,0,0,0,0,0,0,0
530057,1,1,1984,0,0,0,0,0,0,0,0,0,0
530057,2,1,1984,0,0,0,0,0,0,0,0,0,0
530058,1,1,1984,17,17,17,17,17,17,17,17,17,17
530059,1,1,1984,27,27,27,27,27,27,27,27,27,27
530060,0,1,1984,32,32,32,32,32,32,32,32,32,32
530060,1,1,1984,13,13,13,13,13,13,13,13,13,13
530061,1,1,1984,10,10,10,10,10,10,10,10,10,10
530061,2,1,1984,11,11,11,11,11,11,11,11,11,11
530062,1,1,1984,23,23,23,23,23,23,23,23,23,23
530063,1,1,1984,0,0,0,0,0,0,0,0,0,0
530064,1,1,1984,0,0,0,10,7,0,0,34,0,0
530065,0,1,1984,48,48,48,48,48,48,48,48,48,48
530065,1,1,1984,0,0,0,0,0,0,0,0,0,0
530066,1,1,1984,27,27,27,27,27,27,27,27,27,27
530066,2,1,1984,0,0,0,0,0,0,0,0,0,0
530067,1,1,1984,0,0,0,0,0,0,0,0,0,0
530068,1,1,1984,19,19,19,19,19,19,19,19,19,19
530069,1,1,1984,15,15,15,15,15,15,15,15,15,15
530070,1,1,1984,33,33,33,33,33,33,33,33,33,33
530071,1,1,1984,0,0,0,0,0,0,0,0,6,0
530071,2,1,1984,0,0,0,0,0,14,0,0,0,0
530071,3,1,1984,0,0,0,18,0,0,0,0,0,0
530072,0,1,1984,12,26,40,32,34,19,37,23,16,32
530072,1,1,1984,0,0,0,0,0,0,0,0,0,8
530073,0,1,1984,0,0,0,0,0,0,0,0,0,0
530073,1,1,1984,0,11,0,0,0,0,11,0,0,26
530074,1,1,1984,0,0,0,0,0,0,0,0,0,0
530074,2,1,1984,4,4,4,4,4,4,4,4,4,4
530074,3,1,1984,0,0,0,0,0,0,0,0,0,0
530075,1,1,1984,23,23,23,23,23,23,23,23,23,23
530076,1,1,1984,14,14,14,14,14,14,14,14,14,14
530077,1,1,1984,0,0,0,0,0,0,0,0,0,0
530077,2,1,1984,22,22,22,22,22,22,22,22,22,22
530078,0,1,1984,0,0,0,0,0,0,0,0,0,0
530078,1,1,1984,0,12,15,0,0,0,6,0,0,14
530079,1,1,1984,0,0,0,0,0,0,0,0,0,0
530080,0,1,1984,0,0,0,0,0,0,0,0,0,0
530080,1,1,1984,24,24,24,24,24,24,24,24,24,24
530081,1,1,1984,26,26,26,26,26,26,26,26,26,26
530082,0,1,1984,0,0,0,0,0,0,0,0,0,0
530082,1,1,1984,22,0,8,0,9,21,19,7,24,0
530082,2,1,1984,0,0,0,0,0,0,5,0,0,0
530082,3,1,1984,0,0,0,0,0,0,0,0,0,0
530083,1,1,1984,0,0,0,0,0,0,0,0,0,0
530085,1,1,1984,19,19,19,19,19,19,19,19,19,19
530086,0,1,1984,20,20,20,20,20,20,20,20,20,20
530086,1,1,1984,28,18,24,18,26,12,0,18,26,6
530087,1,1,1984,1,1,1,1,1,1,1,1,1,1
530088,1,1,1984,0,0,0,0,0,0,0,0,0,0
530088,2,1,1984,0,0,0,0,0,0,0,0,0,0
530089,1,1,1984,0,0,0,0,0,0,0,0,0,0
530089,2,1,1984,18,27,0,8,0,0,0,0,0,0
530090,0,1,1984,0,0,0,21,0,0,0,0,0,0
530090,1,1,1984,0,0,0,0,0,0,0,0,0,0
530091,1,1,1984,0,0,0,0,0,0,0,0,0,0
530091,2,1,1984,0,14,0,0,0,0,0,0,0,0
530092,1,1,1984,32,32,32,32,32,32,32,32,32,32
530092,2,1,1984,0,0,0,0,0,6,0,0,0,0
530093,0,1,1984,15,15,15,15,15,15,15,15,15,15
530093,1,1,1984,6,6,6,6,6,6,6,6,6,6
530094,0,1,1984,2,2,2,2,2,2,2,2,2,2
530094,1,1,1984,0,0,0,0,0,0,0,0,0,0
530095,1,1,1984,18,18,18,18,18,18,18,18,18,18
530096,1,1,1984,0,0,0,0,0,0,0,0,0,0
530097,0,1,1984,0,0,0,0,0,0,0,0,0,0
530097,1,1,1984,10,10,10,10,10,10,10,10,10,10
530098,1,1,1984,23,23,23,23,23,23,23,23,23,23
530098,2,1,1984,0,0,0,0,0,0,0,0,0,0
530099,1,1,1984,0,0,0,0,0,0,0,0,0,0
530099,2,1,1984,22,22,22,22,22,22,22,22,22,22
530100,1,1,1984,13,13,13,13,13,13,13,13,13,13
530100,2,1,1984,22,0,0,0,0,0,22,0,22,30
530101,1,1,1984,0,0,0,0,0,0,0,0,12,0
530101,2,1,1984,0,0,0,0,0,0,0,11,0,0
530102,1,1,1984,0,0,0,0,0,0,0,0,0,0
530102,2,1,1984,19,19,19,19,19,19,19,19,19,19
530103,1,1,1984,4,4,4,4,4,4,4,4,4,4
530104,1,1,1984,8,8,8,8,8,8,8,8,8,8
530105,1,1,1984,17,17,17,17,17,17,17,17,17,17
530106,1,1,1984,14,14,14,14,14,14,14,14,14,14
530106,2,1,1984,0,0,0,0,0,0,0,0,0,0
530106,3,1,1984,0,0,0,0,0,0,0,0,0,0
530106,4,1,1984,19,0,0,0,0,0,0,6,0,0
530106,5,1,1984,0,0,0,0,0,0,0,0,0,0
530106,6,1,1984,0,0,0,0,0,0,0,0,0,0
530107,0,1,1984,20,20,20,20,20,20,20,20,20,20
530108,0,1,1984,0,0,0,0,0,0,0,0,0,0
530108,1,1,1984,0,0,0,0,5,0,0,0,0,0
530109,1,1,1984,19,19,19,19,19,19,19,19,19,19
530110,0,1,1984,0,0,0,0,0,0,0,0,0,0
530110,1,1,1984,0,0,0,0,0,0,0,0,0,0
530111,0,1,1984,0,0,0,0,0,0,0,0,0,0
530111,1,1,1984,0,0,0,0,0,0,0,0,0,0
530112,1,1,1984,0,0,0,0,0,0,0,0,0,0
530112,2,1,1984,0,0,0,0,0,0,0,0,0,0
530113,1,1,1984,24,24,24,24,24,24,24,24,24,24
530114,1,1,1984,4,4,4,4,4,4,4,4,4,4
530114,2,1,1984,5,5,5,5,5,5,5,5,5,5
530114,3,1,1984,0,0,0,0,0,0,0,0,0,0
530116,1,1,1984,19,19,19,19,19,19,19,19,19,19
530117,0,1,1984,13,13,13,13,13,13,13,13,13,13
530117,0,2,1984,24,13,0,35,17,11,10,7,24,10
530117,1,1,1984,29,22,14,0,28,22,0,0,19,11
530118,0,1,1984,34,34,34,34,34,34,34,34,34,34
530118,1,1,1984,12,12,12,12,12,12,12,12,12,12
530119,1,1,1984,0,0,0,0,0,0,0,0,0,0
530119,2,1,1984,0,0,0,0,0,0,0,0,0,0
530119,3,1,1984,0,0,0,0,0,0,0,0,0,0
530120,1,1,1984,1,1,1,1,1,1,1,1,1,1
530121,1,1,1984,15,15,15,15,15,15,15,15,15,15
530121,2,1,1984,0,0,0,0,0,0,0,0,0,0
530122,1,1,1984,0,0,0,0,0,0,0,0,0,9
530122,2,1,1984,0,0,0,0,0,0,0,0,0,0
530123,1,1,1984,0,12,29,0,0,0,0,0,0,30
530123,2,1,1984,0,0,0,0,0,0,0,0,0,0
530124,1,1,1984,22,22,22,22,22,22,22,22,22,22
530125,1,1,1984,0,0,0,0,0,0,0,0,0,0
530125,2,1,1984,0,0,0,0,0,0,0,0,0,0
530126,1,1,1984,0,0,0,0,0,0,0,0,0,0
530126,2,1,1984,0,0,0,0,0,0,0,0,0,0
530126,3,1,1984,0,0,0,0,0,0,0,0,0,0
530127,1,1,1984,29,17,33,9,28,0,16,8,19,3
530127,2,1,1984,15,15,15,15,15,15,15,15,15,15
530128,1,1,1984,19,19,19,19,19,19,19,19,19,19
530129,1,1,1984,18,18,18,18,18,18,18,18,18,18
530130,1,1,1984,0,0,0,0,0,0,0,0,0,0
530130,2,1,1984,11,11,11,11,11,11,11,11,11,11
530131,1,1,1984,6,6,6,6,6,6,6,6,6,6
530132,0,1,1984,0,0,0,0,0,0,0,0,0,0
530132,1,1,1984,0,0,0,0,0,0,0,0,0,0
530133,1,1,1984,0,0,0,0,13,0,0,0,20,14
530134,1,1,1984,11,11,11,11,11,11,11,11,11,11
530134,2,1,1984,0,3,0,0,0,0,0,0,0,0
530135,1,1,1984,0,0,0,0,0,0,0,0,0,0
530135,2,1,1984,0,0,0,0,0,0,0,0,0,0
530136,1,1,1984,31,31,31,31,31,31,31,31,31,31
530137,1,1,1984,0,0,12,0,0,0,0,0,0,0
530137,2,1,1984,0,0,0,0,0,0,0,0,0,0
530138,0,1,1984,28,28,28,28,28,28,28,28,28,28
530138,1,1,1984,21,21,21,21,21,21,21,21,21,21
530139,1,1,1984,17,17,17,17,17,17,17,17,17,17
530140,0,1,1984,25,25,25,25,25,25,25,25,25,25
530140,1,1,1984,0,0,0,0,0,0,0,0,0,0
530141,1,1,1984,0,0,0,0,0,0,0,0,0,0
530141,2,1,1984,0,0,0,0,0,0,0,0,0,0
530141,3,1,1984,10,10,10,10,10,10,10,10,10,10
530142,1,1,1984,7,7,7,7,7,7,7,7,7,7
530142,2,1,1984,0,0,0,0,0,0,0,0,0,0
530143,1,1,1984,26,26,26,26,26,26,26,26,26,26
530144,0,1,1984,0,0,0,0,0,0,0,0,0,0
530144,1,1,1984,0,0,0,0,0,0,0,0,0,0
530145,1,1,1984,0,0,0,4,0,0,0,0,0,0
530146,1,1,1984,0,0,0,0,0,0,0,0,0,0
530147,1,1,1984,25,25,25,25,25,25,25,25,25,25
530147,2,1,1984,8,0,0,0,0,0,0,0,0,5
530148,1,1,1984,23,23,23,23,23,23,23,23,23,23
530149,1,1,1984,6,6,6,6,6,6,6,6,6,6
530150,1,1,1984,4,4,4,4,4,4,4,4,4,4
530151,1,1,1984,16,16,16,16,16,16,16,16,16,16
530152,0,1,1984,0,0,0,0,0,0,0,0,0,0
530153,1,1,1984,0,0,0,0,0,0,0,0,0,0
530153,2,1,1984,0,0,0,0,0,0,0,0,0,0
530154,1,1,1984,0,0,0,0,0,0,0,0,0,0
530155,1,1,1984,24,24,24,24,24,24,24,24,24,24
530156,1,1,1984,0,0,0,0,0,0,0,0,0,0
530157,1,1,1984,0,0,0,0,0,0,0,0,0,0
530157,2,1,1984,0,0,0,0,0,0,0,0,0,0
530158,1,1,1984,0,0,0,0,0,0,0,0,0,0
530159,1,1,1984,20,20,20,20,20,20,20,20,20,20
530159,2,1,1984,20,20,20,20,20,20,20,20,20,20
530160,1,1,1984,23,23,23,23,23,23,23,23,23,23
530161,0,1,1984,0,0,0,0,0,0,0,0,0,0
530161,1,1,1984,13,13,13,13,13,13,13,13,13,13
530162,1,1,1984,0,0,0,0,0,0,0,0,0,0
530162,2,1,1984,0,0,0,0,0,0,0,0,0,0
530163,1,1,1984,6,6,6,6,6,6,6,6,6,6
530163,2,1,1984,8,8,8,8,8,8,8,8,8,8
530164,1,1,1984,0,0,0,0,0,0,0,0,0,0
530164,2,1,1984,8,8,8,8,8,8,8,8,8,8
530165,1,1,1984,0,0,0,0,0,0,0,0,21,0
530165,2,1,1984,0,0,0,0,0,0,0,0,0,0
530166,1,1,1984,0,18,0,0,0,0,0,9,8,16
530166,2,1,1984,0,22,0,0,0,15,13,8,0,0
530167,1,1,1984,13,8,12,13,9,10,15,7,16,8
530167,2,1,1984,24,24,24,24,24,24,24,24,24,24
530168,1,1,1984,34,34,34,34,34,34,34,34,34,34
530169,1,1,1984,16,16,16,16,16,16,16,16,16,16
530169,2,1,1984,0,0,0,0,0,0,0,0,0,0
530170,1,1,1984,13,13,13,13,13,13,13,13,13,13
530171,1,1,1984,4,4,4,4,4,4,4,4,4,4
530172,1,1,1984,0,0,0,0,0,0,0,12,0,0
530172,2,1,1984,0,0,0,0,0,0,0,0,0,0