ST_CASE,VEH_NO,PER_NO,YEAR,P1,P2,P3,P4,P5,P6,P7,P8,P9,P10
530172,3,1,1984,0,0,0,0,0,0,0,0,0,0
530173,1,1,1984,0,0,0,0,0,0,0,0,0,0
530174,1,1,1984,0,0,0,22,0,0,0,0,0,0
530175,1,1,1984,0,0,0,0,0,0,0,0,0,0
530175,2,1,1984,22,0,0,0,0,0,0,0,0,0
530176,1,1,1984,23,23,23,23,23,23,23,23,23,23
530177,1,1,1984,21,21,21,21,21,21,21,21,21,21
530177,2,1,1984,0,0,0,0,0,0,0,0,0,0
530178,1,1,1984,0,0,0,0,0,0,0,0,0,0
530179,1,1,1984,0,0,0,0,4,0,0,0,0,0
530180,1,1,1984,0,0,0,0,0,0,0,0,0,0
530181,2,1,1984,0,0,0,0,0,0,0,0,0,0
530182,1,1,1984,0,0,0,0,0,0,0,0,0,0
530182,2,1,1984,0,0,0,0,0,0,0,0,0,0
530183,1,1,1984,24,24,24,24,24,24,24,24,24,24
530184,1,1,1984,21,21,21,21,21,21,21,21,21,21
530184,2,1,1984,0,0,0,0,0,0,0,0,0,0
530184,3,1,1984,3,3,3,3,3,3,3,3,3,3
530185,0,1,1984,0,0,0,0,0,0,0,0,0,0
530185,0,2,1984,0,0,0,0,0,0,0,0,0,0
530185,1,1,1984,0,0,0,0,0,0,0,0,0,0
530186,1,1,1984,18,18,18,18,18,18,18,18,18,18
530187,1,1,1984,0,0,0,0,0,0,0,0,0,0
530188,1,1,1984,0,0,0,0,0,0,0,0,0,0
530189,1,1,1984,0,0,0,0,0,0,0,0,0,0
530189,2,1,1984,0,0,0,0,0,0,0,0,0,0
530190,1,1,1984,0,0,0,0,0,0,0,0,0,0
530190,2,1,1984,0,0,0,7,12,0,0,0,32,6
530191,1,1,1984,0,0,0,0,0,0,0,0,0,0
530191,2,1,1984,18,18,18,18,18,18,18,18,18,18
530192,1,1,1984,31,31,31,31,31,31,31,31,31,31
530193,1,1,1984,21,21,21,21,21,21,21,21,21,21
530194,1,1,1984,0,0,0,0,0,0,0,0,0,0
530194,2,1,1984,0,0,13,0,0,0,0,0,0,0
530195,1,1,1984,3,3,3,3,3,3,3,3,3,3
530196,1,1,1984,0,0,0,0,0,0,0,0,0,0
530196,2,1,1984,0,0,0,0,0,0,0,0,0,0
530197,1,1,1984,5,5,5,5,5,5,5,5,5,5
530198,1,1,1984,24,24,24,24,24,24,24,24,24,24
530199,1,1,1984,15,15,15,15,15,15,15,15,15,15
530200,1,1,1984,25,25,25,25,25,25,25,25,25,25
530200,2,1,1984,0,0,0,0,0,0,0,0,0,0
530201,1,1,1984,0,0,0,12,13,0,0,0,0,0
530201,2,1,1984,0,0,0,0,0,0,0,0,0,0
530202,1,1,1984,14,14,14,14,14,14,14,14,14,14
530203,1,1,1984,0,0,0,0,0,0,0,0,0,0
530203,2,1,1984,14,0,0,0,0,0,0,0,0,0
530204,1,1,1984,0,0,0,0,0,0,0,0,0,0
530205,1,1,1984,19,19,19,19,19,19,19,19,19,19
530206,1,1,1984,5,5,5,5,5,5,5,5,5,5
530207,1,1,1984,0,0,0,0,0,0,0,0,0,0
530207,2,1,1984,0,0,0,0,0,0,0,0,0,0
530208,1,1,1984,17,17,17,17,17,17,17,17,17,17
530209,0,1,1984,0,0,0,0,0,0,0,0,0,0
530209,1,1,1984,0,0,0,0,0,0,0,0,0,0
530210,1,1,1984,0,0,0,0,0,5,0,0,0,0
530210,2,1,1984,0,0,0,0,0,0,0,0,0,0
530211,1,1,1984,28,28,28,28,28,28,28,28,28,28
530212,1,1,1984,0,0,0,0,12,8,0,0,0,0
530212,2,1,1984,15,0,0,0,6,0,0,0,0,0
530212,3,1,1984,0,0,0,0,0,0,0,0,0,0
530213,1,1,1984,0,0,0,0,0,0,0,0,0,0
530214,0,1,1984,28,28,28,28,28,28,28,28,28,28
530214,1,1,1984,7,21,14,12,0,24,3,5,10,9
530215,1,1,1984,0,0,0,0,0,0,0,0,0,0
530215,2,1,1984,27,27,27,27,27,27,27,27,27,27
530216,1,1,1984,0,0,0,0,0,0,0,0,0,0
530216,2,1,1984,0,17,0,0,0,0,0,0,0,0
530217,0,1,1984,17,17,17,17,17,17,17,17,17,17
530217,1,1,1984,11,11,11,11,11,11,11,11,11,11
530218,1,1,1984,20,20,20,20,20,20,20,20,20,20
530219,1,1,1984,0,0,0,0,0,0,0,0,0,0
530219,2,1,1984,0,0,0,0,0,0,0,0,0,0
530220,0,1,1984,25,0,26,0,0,0,17,0,0,0
530220,1,1,1984,16,16,16,16,16,16,16,16,16,16
530221,1,1,1984,0,0,0,0,0,0,0,0,0,0
530222,0,1,1984,13,13,13,13,13,13,13,13,13,13
530222,1,1,1984,3,3,3,3,3,3,3,3,3,3
530223,1,1,1984,20,20,20,20,20,20,20,20,20,20
530223,2,1,1984,0,0,0,0,0,0,0,0,0,0
530224,1,1,1984,21,21,21,21,21,21,21,21,21,21
530225,1,1,1984,27,27,27,27,27,27,27,27,27,27
530226,1,1,1984,17,17,17,17,17,17,17,17,17,17
530227,1,1,1984,20,20,20,20,20,20,20,20,20,20
530228,1,1,1984,18,18,18,18,18,18,18,18,18,18
530229,1,1,1984,0,0,0,0,0,16,0,0,0,0
530230,1,1,1984,16,16,16,16,16,16,16,16,16,16
530231,1,1,1984,0,0,0,0,0,0,0,0,0,0
530231,2,1,1984,2,2,2,2,2,2,2,2,2,2
530231,3,1,1984,0,0,0,0,0,0,0,0,0,0
530232,1,1,1984,0,0,0,0,0,0,0,0,0,0
530232,2,1,1984,0,0,0,0,0,0,0,0,0,0
530233,1,1,1984,13,13,13,13,13,13,13,13,13,13
530234,1,1,1984,14,14,14,14,14,14,14,14,14,14
530235,1,1,1984,0,0,0,0,0,0,0,0,0,0
530235,2,1,1984,0,0,0,0,0,0,0,0,0,0
530236,0,1,1984,0,0,0,0,0,0,0,0,0,0
530236,1,1,1984,0,0,0,0,0,0,0,0,0,0
530237,1,1,1984,0,0,0,0,0,0,0,0,0,0
530237,2,1,1984,0,0,0,0,0,0,0,0,0,0
530238,1,1,1984,0,0,0,0,0,0,0,0,0,0
530238,2,1,1984,0,0,0,0,0,0,0,0,0,0
530239,1,1,1984,9,9,9,9,9,9,9,9,9,9
530239,2,1,1984,9,9,9,9,9,9,9,9,9,9
530240,1,1,1984,9,9,9,9,9,9,9,9,9,9
530241,1,1,1984,0,0,0,0,0,0,0,0,0,0
530242,1,1,1984,0,0,0,0,0,0,0,0,0,0
530243,1,1,1984,0,0,0,0,0,0,0,0,0,0
530244,1,1,1984,20,20,20,20,20,20,20,20,20,20
530245,1,1,1984,0,0,0,0,0,0,0,0,0,0
530245,2,1,1984,0,0,0,0,0,0,0,0,0,0
530246,1,1,1984,18,18,18,18,18,18,18,18,18,18
530247,0,1,1984,28,28,28,28,28,28,28,28,28,28
530247,1,1,1984,0,0,0,0,0,0,0,0,10,0
530248,1,1,1984,14,0,0,17,15,0,9,0,0,0
530248,2,1,1984,0,0,0,0,0,0,0,0,0,0
530249,1,1,1984,1,1,1,1,1,1,1,1,1,1
530249,2,1,1984,8,8,8,8,8,8,8,8,8,8
530250,1,1,1984,0,0,0,0,0,0,0,0,0,0
530250,2,1,1984,0,0,0,0,0,0,0,0,0,0
530250,3,1,1984,0,0,0,0,0,0,0,0,0,0
530251,1,1,1984,25,25,25,25,25,25,25,25,25,25
530252,1,1,1984,0,0,0,0,0,0,0,0,0,0
530253,1,1,1984,0,0,0,0,0,0,0,0,0,0
530253,2,1,1984,0,0,0,0,0,0,0,0,0,0
530253,3,1,1984,0,0,0,0,0,0,0,0,0,0
530254,1,1,1984,0,0,0,0,0,0,0,0,0,0
530255,1,1,1984,0,0,0,0,0,0,0,0,0,0
530255,2,1,1984,0,0,0,0,0,0,0,0,0,0
530256,1,1,1984,23,23,23,23,23,23,23,23,23,23
530257,0,1,1984,0,0,0,0,0,0,0,0,0,0
530257,1,1,1984,0,0,0,0,0,0,0,0,0,0
530258,1,1,1984,0,0,11,0,0,0,0,0,0,0
530258,2,1,1984,0,0,0,0,0,0,0,0,0,0
530259,1,1,1984,0,0,0,0,0,0,0,0,0,0
530260,0,1,1984,0,0,0,0,0,0,0,0,0,0
530260,1,1,1984,13,0,0,0,0,0,0,0,0,0
530261,1,1,1984,0,0,0,0,0,0,0,0,0,0
530261,2,1,1984,3,3,3,3,3,3,3,3,3,3
530262,1,1,1984,0,0,0,0,0,5,0,0,0,0
530262,2,1,1984,0,0,0,0,0,0,0,0,0,0
530262,3,1,1984,0,0,0,0,0,0,0,0,0,0
530262,4,1,1984,0,24,14,9,0,0,7,15,0,0
530263,1,1,1984,12,12,12,12,12,12,12,12,12,12
530264,1,1,1984,0,0,0,0,0,0,0,0,0,0
530265,1,1,1984,26,26,26,26,26,26,26,26,26,26
530265,2,1,1984,0,0,0,0,0,0,0,0,0,0
530266,1,1,1984,13,13,13,13,13,13,13,13,13,13
530267,1,1,1984,15,15,15,15,15,15,15,15,15,15
530268,1,1,1984,0,0,0,0,0,0,0,0,0,0
530269,1,1,1984,0,0,6,0,0,0,0,0,0,0
530270,1,1,1984,0,0,0,0,0,0,0,9,12,0
530270,2,1,1984,11,13,10,5,17,0,9,7,9,10
530271,0,1,1984,11,11,11,11,11,11,11,11,11,11
530271,1,1,1984,0,0,0,0,0,0,0,0,0,0
530272,0,1,1984,14,0,7,0,0,13,15,0,20,0
530272,0,2,1984,0,0,0,0,0,0,0,0,0,0
530273,1,1,1984,0,0,0,4,15,0,0,0,0,0
530274,1,1,1984,26,26,26,26,26,26,26,26,26,26
530275,1,1,1984,6,28,22,24,13,19,11,16,10,16
530276,0,1,1984,0,0,0,0,0,0,0,0,0,0
530276,1,1,1984,0,0,0,0,0,0,0,14,0,0
530277,1,1,1984,2,2,2,2,2,2,2,2,2,2
530278,1,1,1984,0,0,0,35,13,0,0,0,0,0
530278,2,1,1984,0,0,0,0,0,0,0,0,0,0
530279,1,1,1984,7,7,7,7,7,7,7,7,7,7
530280,1,1,1984,18,18,18,18,18,18,18,18,18,18
530280,2,1,1984,15,12,9,11,5,7,9,7,9,17
530281,1,1,1984,21,21,21,21,21,21,21,21,21,21
530282,1,1,1984,0,0,0,0,11,0,0,0,0,0
530282,2,1,1984,0,0,0,0,0,0,0,0,0,0
530284,1,1,1984,15,15,15,15,15,15,15,15,15,15
530285,0,1,1984,0,0,0,0,0,0,0,0,0,0
530285,1,1,1984,12,19,0,0,0,0,0,0,18,19
530286,1,1,1984,0,0,0,0,0,0,0,0,0,0
530286,2,1,1984,23,23,23,23,23,23,23,23,23,23
530287,1,1,1984,0,0,0,0,0,0,0,0,0,0
530287,2,1,1984,0,0,0,0,0,0,0,0,0,0
530288,1,1,1984,26,26,26,26,26,26,26,26,26,26
530289,1,1,1984,10,10,10,10,10,10,10,10,10,10
530290,1,1,1984,8,8,8,8,8,8,8,8,8,8
530290,2,1,1984,0,0,0,0,0,0,0,0,0,0
530291,1,1,1984,0,0,0,0,0,0,0,0,0,32
530292,1,1,1984,5,5,5,5,5,5,5,5,5,5
530292,2,1,1984,0,0,0,0,0,0,0,0,0,0
530294,1,1,1984,0,0,0,0,0,0,0,6,0,0
530295,1,1,1984,0,0,0,0,0,5,0,16,0,0
530295,2,1,1984,2,2,2,2,2,2,2,2,2,2
530296,1,1,1984,13,19,16,10,13,20,28,9,4,21
530297,1,1,1984,27,27,27,27,27,27,27,27,27,27
530298,1,1,1984,0,0,0,0,0,0,0,0,0,0
530299,1,1,1984,23,23,23,23,23,23,23,23,23,23
530300,1,1,1984,28,28,28,28,28,28,28,28,28,28
530300,2,1,1984,0,0,0,0,23,0,0,0,8,0
530301,1,1,1984,16,16,16,16,16,16,16,16,16,16
530301,2,1,1984,0,0,0,0,0,0,0,6,0,0
530302,1,1,1984,0,0,0,0,0,0,0,0,0,0
530303,1,1,1984,1,1,1,1,1,1,1,1,1,1
530304,1,1,1984,0,0,0,0,0,0,0,0,0,0
530304,2,1,1984,0,0,0,0,0,0,0,0,0,0
530304,3,1,1984,0,0,0,0,0,0,0,0,0,0
530305,1,1,1984,22,22,22,22,22,22,22,22,22,22
530306,1,1,1984,0,0,0,0,0,0,0,0,0,0
530307,0,1,1984,20,20,20,20,20,20,20,20,20,20
530307,1,1,1984,3,3,3,3,3,3,3,3,3,3
530308,1,1,1984,5,5,5,5,5,5,5,5,5,5
530309,1,1,1984,0,0,0,0,0,0,0,0,0,0
530310,1,1,1984,0,0,0,0,0,0,0,0,0,0
530310,2,1,1984,0,0,0,0,0,0,0,0,0,0
530311,1,1,1984,16,18,20,11,32,11,33,22,29,27
530312,1,1,1984,15,15,15,15,15,15,15,15,15,15
530313,1,1,1984,0,0,0,0,0,0,0,15,0,0
530313,2,1,1984,0,0,0,0,0,0,0,0,0,0
530314,1,1,1984,7,7,7,7,7,7,7,7,7,7
530314,2,1,1984,0,0,0,0,0,0,0,0,20,0
530315,1,1,1984,0,0,0,0,0,0,0,0,0,0
530315,2,1,1984,0,0,4,0,0,0,0,0,0,0
530316,1,1,1984,17,9,22,11,0,8,24,13,14,24
530317,1,1,1984,26,26,26,26,26,26,26,26,26,26
530317,2,1,1984,0,0,0,0,0,0,0,13,0,0
530318,1,1,1984,0,0,0,0,0,0,0,0,0,0
530318,2,1,1984,0,0,0,0,0,0,0,0,0,0
530319,1,1,1984,0,0,0,0,0,0,0,0,0,0
530320,0,1,1984,0,0,0,0,0,0,0,0,0,0
530320,1,1,1984,0,0,0,0,0,0,0,0,0,0
530322,1,1,1984,9,9,9,9,9,9,9,9,9,9
530323,1,1,1984,10,10,10,10,10,10,10,10,10,10
530324,1,1,1984,10,10,10,10,10,10,10,10,10,10
530324,2,1,1984,2,15,0,15,11,0,0,0,0,18
530325,1,1,1984,16,16,16,16,16,16,16,16,16,16
530325,2,1,1984,0,0,0,0,0,0,0,0,0,0
530326,1,1,1984,0,0,0,0,0,0,0,0,0,0
530326,2,1,1984,0,0,0,0,0,0,0,0,0,0
530327,0,1,1984,0,0,0,0,0,0,0,0,0,0
530327,1,1,1984,0,0,0,0,0,0,0,0,0,0
530328,1,1,1984,11,11,11,11,11,11,11,11,11,11
530329,1,1,1984,7,7,7,7,7,7,7,7,7,7
530330,0,1,1984,0,0,19,32,21,0,11,0,0,0
530330,1,1,1984,0,0,0,0,0,0,0,0,0,0
530331,1,1,1984,23,23,23,23,23,23,23,23,23,23
530332,1,1,1984,32,13,9,20,34,0,8,30,17,30
530333,1,1,1984,0,0,9,0,0,0,0,0,0,0
530334,1,1,1984,29,29,29,29,29,29,29,29,29,29
530334,2,1,1984,18,18,18,18,18,18,18,18,18,18
530335,1,1,1984,16,16,16,16,16,16,16,16,16,16
530336,1,1,1984,17,17,17,17,17,17,17,17,17,17
530337,1,1,1984,19,19,19,19,19,19,19,19,19,19
530338,1,1,1984,21,21,21,21,21,21,21,21,21,21
530339,1,1,1984,22,22,22,22,22,22,22,22,22,22
530340,1,1,1984,0,0,0,0,0,0,0,0,0,0
530340,2,1,1984,0,0,0,0,0,0,0,0,0,0
530341,1,1,1984,0,0,0,0,0,0,0,0,10,0
530342,1,1,1984,0,0,0,0,0,0,0,0,0,0
530343,1,1,1984,17,11,16,30,0,11,26,15,6,7
530344,1,1,1984,0,0,0,0,0,0,0,0,0,0
530344,2,1,1984,0,0,0,0,0,0,0,0,0,0
530344,3,1,1984,0,0,0,0,0,0,0,0,0,0
530345,1,1,1984,6,6,6,6,6,6,6,6,6,6
530346,1,1,1984,0,0,0,0,0,0,0,0,0,0
530347,1,1,1984,15,15,15,15,15,15,15,15,15,15
530348,1,1,1984,11,11,11,11,11,11,11,11,11,11
530348,2,1,1984,7,7,7,7,7,7,7,7,7,7
530349,1,1,1984,16,16,16,16,16,16,16,16,16,16
530350,1,1,1984,17,17,17,17,17,17,17,17,17,17
530351,1,1,1984,22,22,22,22,22,22,22,22,22,22
530352,1,1,1984,15,15,15,15,15,15,15,15,15,15
530353,1,1,1984,6,6,6,6,6,6,6,6,6,6
530353,2,1,1984,0,0,13,24,15,0,9,0,17,0
530354,1,1,1984,0,0,0,0,0,0,0,0,0,0
530356,1,1,1984,0,0,0,0,0,0,0,0,0,0
530357,1,1,1984,0,0,0,0,0,0,0,0,0,0
530357,2,1,1984,0,0,0,0,0,0,0,0,0,0
530358,1,1,1984,0,0,0,0,0,0,0,0,0,0
530359,1,1,1984,25,25,25,25,25,25,25,25,25,25
530360,1,1,1984,11,11,11,11,11,11,11,11,11,11
530361,1,1,1984,25,25,25,25,25,25,25,25,25,25
530362,1,1,1984,0,0,0,0,0,0,0,0,0,0
530363,0,1,1984,0,0,0,0,0,0,0,0,0,0
530363,1,1,1984,27,0,0,0,0,0,0,0,0,0
530364,1,1,1984,0,0,0,0,0,0,0,0,0,0
530364,2,1,1984,0,0,0,0,0,0,0,0,0,0
530365,1,1,1984,16,16,16,16,16,16,16,16,16,16
530366,1,1,1984,16,16,16,16,16,16,16,16,16,16
530367,1,1,1984,22,22,22,22,22,22,22,22,22,22
530368,1,1,1984,0,0,0,0,0,0,0,0,0,0
530369,1,1,1984,0,0,0,0,0,0,0,0,0,0
530369,2,1,1984,0,0,0,0,0,0,0,0,0,0
530370,1,1,1984,0,0,0,0,0,0,0,0,0,0
530370,2,1,1984,0,0,0,0,0,0,0,0,0,0
530370,3,1,1984,0,0,0,0,11,0,0,0,0,0
530371,1,1,1984,0,0,0,0,0,0,0,0,0,0
530371,2,1,1984,5,10,0,0,15,0,0,35,0,0
530372,1,1,1984,0,0,0,0,0,12,0,0,0,0
530373,1,1,1984,14,14,14,14,14,14,14,14,14,14
530374,0,1,1984,23,23,23,23,23,23,23,23,23,23
530374,0,2,1984,14,14,14,14,14,14,14,14,14,14
530374,0,3,1984,0,2,6,0,25,0,14,0,17,0
530374,1,1,1984,3,3,3,3,3,3,3,3,3,3
530375,1,1,1984,12,12,12,12,12,12,12,12,12,12
530375,2,1,1984,19,19,19,19,19,19,19,19,19,19
530376,1,1,1984,17,17,17,17,17,17,17,17,17,17
530377,1,1,1984,15,15,15,15,15,15,15,15,15,15
530377,2,1,1984,22,22,22,22,22,22,22,22,22,22
530378,1,1,1984,8,8,8,8,8,8,8,8,8,8
530379,1,1,1984,20,20,20,20,20,20,20,20,20,20
530380,1,1,1984,0,0,0,0,0,0,0,0,0,0
530380,2,1,1984,0,0,0,0,0,0,0,0,0,0
530381,1,1,1984,24,24,24,24,24,24,24,24,24,24
530382,0,1,1984,0,0,6,0,0,19,0,0,0,0
530382,1,1,1984,0,6,0,0,0,0,0,0,0,0
530383,1,1,1984,0,0,0,0,0,0,0,0,0,0
530383,2,1,1984,0,0,0,0,0,0,0,0,0,0
530383,3,1,1984,0,0,0,0,7,0,0,0,0,0
530384,0,1,1984,0,0,0,0,0,0,0,0,0,0
530384,1,1,1984,0,0,0,0,0,0,0,0,0,0
530385,1,1,1984,0,0,0,0,0,0,0,0,0,0
530385,2,1,1984,0,0,0,0,0,0,0,0,0,0
530386,1,1,1984,13,13,13,13,13,13,13,13,13,13
530387,1,1,1984,0,0,0,0,0,0,0,0,0,0
530388,1,1,1984,0,0,0,0,0,0,0,0,0,0
530389,1,1,1984,0,0,0,0,0,0,0,0,0,0
530389,2,1,1984,0,0,0,0,0,0,0,0,0,0
530390,1,1,1984,10,10,10,10,10,10,10,10,10,10
530391,1,1,1984,0,0,0,0,0,0,0,0,0,0
530391,2,1,1984,0,0,0,0,0,0,0,0,0,0
530392,1,1,1984,0,0,0,0,0,0,0,0,0,0
530393,1,1,1984,0,0,0,0,0,0,0,0,0,0
530393,2,1,1984,7,7,7,7,7,7,7,7,7,7
530394,1,1,1984,0,0,0,0,0,0,0,0,0,0
530395,1,1,1984,13,13,13,13,13,13,13,13,13,13
530396,1,1,1984,0,0,0,0,0,0,0,0,0,0
530397,1,1,1984,21,21,21,21,21,21,21,21,21,21
530398,0,1,1984,4,4,4,4,4,4,4,4,4,4
530398,1,1,1984,0,0,0,0,0,0,0,0,0,0
530399,0,1,1984,0,0,0,0,0,0,0,0,0,0
530399,1,1,1984,0,0,0,0,9,0,0,0,0,0
530400,1,1,1984,8,8,8,8,8,8,8,8,8,8
530401,1,1,1984,15,15,15,15,15,15,15,15,15,15
530402,1,1,1984,10,10,10,10,10,10,10,10,10,10
530403,0,1,1984,18,18,18,18,18,18,18,18,18,18
530403,1,1,1984,0,0,0,0,0,0,0,0,0,0
530404,1,1,1984,0,0,0,0,0,0,0,0,0,0
530404,2,1,1984,0,0,0,0,0,0,0,0,0,0
530404,3,1,1984,0,0,0,0,13,0,0,0,0,0
530404,4,1,1984,0,0,0,0,0,0,0,0,0,0
530405,1,1,1984,16,16,16,16,16,16,16,16,16,16
530406,1,1,1984,0,0,0,0,0,0,0,0,0,0
530406,2,1,1984,0,0,0,0,0,0,0,0,0,0
530407,1,1,1984,0,22,0,19,0,0,12,26,0,17
530408,1,1,1984,10,10,10,10,10,10,10,10,10,10
530408,2,1,1984,0,0,0,0,0,0,0,0,0,0
530409,1,1,1984,0,0,0,0,0,0,0,0,10,0
530409,2,1,1984,0,16,6,0,22,13,9,15,0,24
530410,1,1,1984,21,21,21,21,21,21,21,21,21,21
530411,1,1,1984,0,0,0,0,0,0,0,0,0,0
530412,1,1,1984,0,0,0,0,0,0,0,0,0,0
530412,2,1,1984,0,0,0,0,0,0,0,0,0,0
530412,3,1,1984,0,0,0,0,0,0,0,0,0,0
530412,4,1,1984,0,0,0,0,0,0,0,0,0,0
530413,1,1,1984,24,24,24,24,24,24,24,24,24,24
530414,1,1,1984,6,6,6,6,6,6,6,6,6,6
530414,2,1,1984,0,0,0,0,0,24,25,0,0,12
530415,1,1,1984,22,22,22,22,22,22,22,22,22,22
530415,2,1,1984,0,0,0,0,0,0,0,0,0,0
530416,1,1,1984,22,22,22,22,22,22,22,22,22,22
530416,2,1,1984,0,0,0,0,0,0,0,0,0,0
530417,1,1,1984,0,0,0,0,0,0,0,0,0,0
530418,0,1,1984,12,12,12,12,12,12,12,12,12,12
530418,1,1,1984,0,0,0,0,0,0,0,0,0,0
530419,1,1,1984,11,11,11,11,11,11,11,11,11,11
530420,1,1,1984,0,0,0,0,0,0,0,0,0,0
530420,2,1,1984,0,0,0,0,0,0,0,0,0,0
530421,1,1,1984,19,19,19,19,19,19,19,19,19,19
530421,2,1,1984,0,16,6,0,18,15,12,21,12,12
530422,1,1,1984,0,0,0,0,0,0,0,0,0,0
530422,2,1,1984,0,0,0,0,0,0,0,0,0,0
530423,1,1,1984,0,0,0,0,0,0,0,0,0,0
530423,2,1,1984,0,0,0,0,0,0,0,0,0,0
530424,1,1,1984,15,0,0,7,0,15,0,0,16,17
530425,1,1,1984,17,17,17,17,17,17,17,17,17,17
530426,1,1,1984,18,18,18,18,18,18,18,18,18,18
530427,1,1,1984,32,32,32,32,32,32,32,32,32,32
530428,1,1,1984,0,10,0,0,0,0,0,0,0,0
530428,2,1,1984,17,17,17,17,17,17,17,17,17,17
530429,1,1,1984,0,0,23,0,17,0,0,0,0,0
530430,1,1,1984,30,30,30,30,30,30,30,30,30,30
530431,1,1,1984,27,27,27,27,27,27,27,27,27,27
530431,2,1,1984,0,0,0,0,0,0,0,0,0,0
530432,1,1,1984,17,17,17,17,17,17,17,17,17,17
530432,2,1,1984,0,0,0,0,0,0,0,0,0,0
530433,0,1,1984,0,0,0,0,0,0,0,0,0,0
530433,1,1,1984,0,0,0,0,0,0,0,0,0,0
530434,1,1,1984,5,5,5,5,5,5,5,5,5,5
530434,2,1,1984,0,0,0,0,0,0,0,0,0,0
530435,1,1,1984,13,13,13,13,13,13,13,13,13,13
530436,1,1,1984,26,26,26,26,26,26,26,26,26,26
530437,1,1,1984,0,0,0,0,0,0,0,0,0,0
530437,2,1,1984,0,0,0,0,0,0,0,0,0,0
530438,1,1,1984,17,17,17,17,17,17,17,17,17,17
530439,1,1,1984,21,21,21,21,21,21,21,21,21,21
530439,2,1,1984,0,0,0,0,0,13,0,13,19,0
530440,1,1,1984,18,18,18,18,18,18,18,18,18,18
530441,1,1,1984,0,0,0,0,0,0,0,0,0,0
530441,2,1,1984,0,0,0,0,0,0,0,0,0,0
530442,1,1,1984,0,0,0,0,0,0,0,0,0,0
530443,1,1,1984,0,0,0,0,0,0,0,0,0,0
530443,2,1,1984,0,0,0,0,0,0,0,0,0,0
530444,1,1,1984,23,23,23,23,23,23,23,23,23,23
530445,1,1,1984,0,0,0,0,0,0,0,0,0,0
530446,1,1,1984,3,3,3,3,3,3,3,3,3,3
530447,1,1,1984,0,0,0,0,0,0,0,0,0,0
530448,1,1,1984,0,0,0,0,0,0,0,0,0,0
530448,2,1,1984,0,0,0,0,0,0,0,0,0,0
530450,1,1,1984,30,30,30,30,30,30,30,30,30,30
530451,1,1,1984,25,25,25,25,25,25,25,25,25,25
530451,2,1,1984,0,0,0,0,0,0,0,0,0,0
530452,1,1,1984,0,0,0,0,0,0,0,0,0,0
530452,2,1,1984,0,0,0,0,0,6,0,0,0,0
530453,1,1,1984,0,0,0,0,0,0,0,0,0,0
530453,2,1,1984,0,0,0,0,0,0,0,0,0,12
530454,1,1,1984,0,0,0,0,0,0,0,0,0,0
530455,1,1,1984,23,23,23,23,23,23,23,23,23,23
530456,1,1,1984,36,36,36,36,36,36,36,36,36,36
530456,2,1,1984,0,0,29,0,0,0,0,0,0,0
530457,1,1,1984,12,12,12,12,12,12,12,12,12,12
530457,2,1,1984,19,19,19,19,19,19,19,19,19,19
530458,1,1,1984,15,15,15,15,15,15,15,15,15,15
530459,0,1,1984,0,0,0,0,0,0,0,0,0,0
530459,1,1,1984,0,0,0,0,0,0,0,0,0,0
530459,2,1,1984,0,0,0,0,0,0,0,0,0,0
530460,0,1,1984,10,10,10,10,10,10,10,10,10,10
530460,1,1,1984,23,23,23,23,23,23,23,23,23,23
530460,2,1,1984,0,0,0,0,0,0,0,0,0,0
530461,1,1,1984,0,0,0,0,0,0,0,0,0,0
530462,1,1,1984,20,20,20,20,20,20,20,20,20,20
530462,2,1,1984,0,0,0,0,0,0,0,0,0,0
530463,1,1,1984,0,0,0,0,0,0,0,0,0,0
530463,2,1,1984,4,4,4,4,4,4,4,4,4,4
530464,1,1,1984,18,18,18,18,18,18,18,18,18,18
530465,1,1,1984,16,16,16,16,16,16,16,16,16,16
530465,2,1,1984,0,0,0,0,0,0,0,0,0,0
530466,0,1,1984,0,0,0,0,0,0,0,0,0,0
530466,1,1,1984,0,0,0,0,0,0,0,0,0,0
530467,1,1,1984,0,0,0,0,0,0,0,0,0,0
530467,2,1,1984,0,0,0,0,0,0,0,27,0,0
530468,1,1,1984,19,19,19,19,19,19,19,19,19,19
530469,1,1,1984,0,0,0,0,0,0,0,0,0,0
530470,1,1,1984,13,13,13,13,13,13,13,13,13,13
530471,1,1,1984,8,8,8,8,8,8,8,8,8,8
530471,2,1,1984,0,0,0,0,0,0,0,0,0,0
530472,1,1,1984,0,0,0,0,0,0,0,0,0,0
530472,2,1,1984,0,0,0,0,0,0,0,0,0,38
530473,0,1,1984,0,0,0,0,0,0,0,0,0,0
530473,1,1,1984,0,0,0,0,0,0,0,0,0,0
530474,1,1,1984,0,0,0,0,0,0,0,0,0,0
530475,1,1,1984,17,17,17,17,17,17,17,17,17,17
530475,2,1,1984,0,0,0,0,0,0,0,0,0,0