ST_CASE,VEH_NO,PER_NO,YEAR,P1,P2,P3,P4,P5,P6,P7,P8,P9,P10
540084,0,1,1984,0,0,0,0,0,0,0,0,0,0
540084,1,1,1984,0,0,0,0,0,0,0,0,0,0
540085,1,1,1984,16,16,16,16,16,16,16,16,16,16
540086,0,1,1984,11,11,11,11,11,11,11,11,11,11
540086,1,1,1984,0,0,0,0,0,0,0,0,0,0
540087,0,1,1984,17,17,17,17,17,17,17,17,17,17
540087,1,1,1984,0,0,0,0,21,0,0,0,0,0
540088,1,1,1984,3,3,3,3,3,3,3,3,3,3
540089,1,1,1984,9,9,9,9,9,9,9,9,9,9
540089,2,1,1984,20,0,0,16,12,13,36,14,19,15
540089,3,1,1984,0,0,0,0,0,0,0,0,0,0
540090,1,1,1984,0,0,0,0,0,0,0,0,0,0
540091,0,1,1984,0,0,0,0,0,0,0,0,0,0
540091,1,1,1984,0,0,0,0,0,0,0,0,0,0
540092,1,1,1984,0,15,0,19,24,21,0,0,12,35
540093,1,1,1984,0,0,0,0,0,0,0,0,0,0
540094,1,1,1984,12,12,12,12,12,12,12,12,12,12
540095,1,1,1984,13,13,13,13,13,13,13,13,13,13
540096,1,1,1984,0,0,0,0,0,8,0,0,0,0
540096,2,1,1984,0,0,0,0,0,0,0,0,0,0
540097,0,1,1984,0,0,0,8,0,0,0,0,0,0
540097,1,1,1984,0,0,13,13,0,0,0,0,0,0
540098,1,1,1984,0,0,20,0,0,0,0,0,0,0
540098,2,1,1984,0,0,7,0,0,0,0,0,0,18
540099,1,1,1984,8,8,8,8,8,8,8,8,8,8
540100,1,1,1984,0,0,0,0,0,0,5,0,0,0
540100,2,1,1984,0,0,0,0,0,0,0,0,0,0
540101,1,1,1984,0,0,0,0,0,0,0,0,0,0
540101,2,1,1984,0,0,0,0,6,0,0,0,16,0
540102,1,1,1984,0,0,0,0,0,0,0,0,0,0
540103,0,1,1984,0,0,0,0,0,0,0,0,0,0
540103,1,1,1984,0,0,0,9,0,11,0,0,0,0
540104,1,1,1984,0,0,0,0,0,0,0,0,0,0
540104,2,1,1984,17,17,17,17,17,17,17,17,17,17
540105,1,1,1984,0,0,0,0,0,0,0,0,0,0
540105,2,1,1984,0,0,0,0,0,0,0,0,0,0
540106,1,1,1984,23,15,3,19,26,21,6,17,20,14
540107,1,1,1984,0,0,0,0,0,0,0,0,0,0
540107,2,1,1984,0,0,0,0,0,0,0,0,0,0
540108,1,1,1984,0,0,0,0,0,0,0,0,0,0
540108,2,1,1984,0,0,0,0,0,0,0,0,0,0
540109,1,1,1984,17,17,17,17,17,17,17,17,17,17
540109,2,1,1984,0,0,0,0,0,0,0,0,0,0
540110,1,1,1984,17,17,17,17,17,17,17,17,17,17
540111,1,1,1984,0,0,0,0,0,0,0,0,0,0
540112,1,1,1984,0,0,0,0,0,0,0,0,0,0
540112,2,1,1984,0,0,0,0,0,0,0,0,0,0
540113,0,1,1984,29,29,29,29,29,29,29,29,29,29
540113,1,1,1984,0,0,0,0,0,0,0,0,6,0
540114,1,1,1984,0,0,0,0,0,0,0,0,0,0
540114,2,1,1984,0,0,0,12,17,0,0,33,0,0
540115,1,1,1984,14,14,14,14,14,14,14,14,14,14
540116,1,1,1984,12,12,12,12,12,12,12,12,12,12
540117,1,1,1984,0,0,0,0,0,0,0,0,0,0
540118,1,1,1984,13,13,13,13,13,13,13,13,13,13
540119,1,1,1984,0,0,0,0,0,0,0,0,0,0
540119,2,1,1984,0,0,0,0,0,0,0,0,0,0
540120,1,1,1984,0,0,0,0,0,0,0,0,0,0
540121,1,1,1984,0,0,0,0,0,0,0,0,0,0
540121,2,1,1984,0,0,0,0,0,0,0,0,0,0
540122,1,1,1984,0,0,0,0,0,0,0,0,0,0
540122,2,1,1984,0,9,0,0,0,3,12,19,0,0
540123,1,1,1984,0,0,0,0,0,0,0,0,0,0
540124,1,1,1984,0,0,0,0,0,0,0,0,0,0
540124,2,1,1984,0,0,0,0,0,0,0,0,0,0
540124,3,1,1984,0,0,0,0,0,0,0,0,0,0
540125,0,1,1984,0,0,0,0,0,0,0,0,0,0
540125,1,1,1984,0,0,0,0,0,0,0,0,0,0
540126,1,1,1984,17,17,17,17,17,17,17,17,17,17
540126,2,1,1984,0,0,0,0,0,0,0,0,0,0
540127,1,1,1984,0,0,0,0,0,0,0,0,0,0
540128,1,1,1984,0,0,0,15,16,0,0,0,0,0
540128,2,1,1984,0,0,0,0,0,0,0,0,0,0
540129,1,1,1984,16,16,16,16,16,16,16,16,16,16
540130,1,1,1984,0,0,0,17,0,0,0,0,0,0
540130,2,1,1984,9,9,9,9,9,9,9,9,9,9
540131,1,1,1984,0,0,0,0,0,0,0,0,0,0
540131,2,1,1984,0,0,0,0,0,0,0,0,0,0
540132,0,1,1984,0,0,0,0,0,0,0,0,0,0
540132,1,1,1984,0,0,0,0,0,0,0,22,0,0
540133,1,1,1984,17,17,17,17,17,17,17,17,17,17
540133,2,1,1984,0,0,0,0,0,0,0,0,0,0
540133,3,1,1984,0,0,0,0,0,0,0,0,0,0
540134,1,1,1984,8,0,0,0,0,0,0,0,0,0
540134,2,1,1984,0,0,0,0,0,0,0,0,0,0
540135,1,1,1984,21,21,21,21,21,21,21,21,21,21
540136,1,1,1984,0,0,0,0,0,0,0,0,0,0
540136,2,1,1984,0,7,0,0,4,0,7,0,0,0
540137,1,1,1984,19,19,19,19,19,19,19,19,19,19
540138,1,1,1984,17,26,14,24,11,26,29,7,27,20
540139,1,1,1984,24,24,24,24,24,24,24,24,24,24
540140,1,1,1984,0,0,0,11,0,9,0,8,0,0
540141,1,1,1984,0,0,0,0,22,0,0,0,0,0
540141,2,1,1984,15,15,15,15,15,15,15,15,15,15
540142,1,1,1984,0,0,0,0,0,0,0,0,0,0
540143,1,1,1984,5,5,5,5,5,5,5,5,5,5
540144,1,1,1984,20,20,20,20,20,20,20,20,20,20
540145,1,1,1984,0,0,0,0,0,13,0,0,11,0
540145,2,1,1984,0,0,0,0,0,0,0,0,0,0
540146,1,1,1984,0,0,0,0,0,0,0,0,0,0
540146,2,1,1984,0,0,0,0,0,0,0,0,0,0
540147,1,1,1984,0,0,0,0,0,0,0,0,0,0
540148,1,1,1984,0,0,0,0,0,0,0,0,0,0
540148,2,1,1984,0,0,0,0,0,0,0,0,0,0
540149,1,1,1984,0,0,0,0,0,0,0,0,0,0
540150,1,1,1984,17,17,17,17,17,17,17,17,17,17
540150,2,1,1984,0,0,0,0,0,0,0,0,0,0
540151,1,1,1984,0,0,0,0,0,0,0,0,0,0
540152,1,1,1984,12,12,12,12,12,12,12,12,12,12
540153,1,1,1984,0,0,0,0,0,0,0,0,0,0
540154,1,1,1984,18,18,18,18,18,18,18,18,18,18
540154,2,1,1984,0,10,0,0,0,0,0,0,15,0
540155,1,1,1984,19,19,19,19,19,19,19,19,19,19
540156,1,1,1984,18,18,18,18,18,18,18,18,18,18
540157,1,1,1984,12,34,32,26,29,0,0,33,13,15
540158,1,1,1984,0,6,0,0,0,0,0,0,0,0
540158,2,1,1984,0,0,0,0,0,0,0,0,0,0
540159,1,1,1984,17,8,13,11,12,18,22,0,6,0
540160,1,1,1984,24,24,24,24,24,24,24,24,24,24
540161,1,1,1984,24,24,24,24,24,24,24,24,24,24
540162,1,1,1984,0,0,0,0,0,0,0,0,0,0
540162,2,1,1984,0,0,0,0,0,0,0,0,0,0
540163,1,1,1984,0,0,12,11,17,28,27,18,19,6
540164,1,1,1984,12,12,12,12,12,12,12,12,12,12
540165,0,1,1984,0,0,0,0,0,0,0,0,0,0
540165,0,2,1984,19,20,0,32,4,9,17,41,16,42
540165,1,1,1984,21,21,21,21,21,21,21,21,21,21
540166,1,1,1984,9,9,9,9,9,9,9,9,9,9
540167,1,1,1984,0,0,0,11,0,19,9,0,0,0
540167,2,1,1984,0,0,0,0,0,0,0,0,0,0
540168,1,1,1984,0,0,0,0,0,0,0,0,0,0
540168,2,1,1984,0,0,0,0,0,0,0,0,0,0
540169,1,1,1984,0,0,0,0,0,0,0,0,0,0
540169,2,1,1984,0,0,0,0,0,0,0,0,0,0
540170,1,1,1984,0,0,0,0,0,0,0,0,0,0
540170,2,1,1984,0,0,0,0,0,0,0,0,0,0
540171,1,1,1984,7,7,7,7,7,7,7,7,7,7
540172,1,1,1984,0,0,0,0,0,8,0,0,0,0
540173,1,1,1984,0,0,0,8,0,0,10,0,0,0
540173,2,1,1984,3,3,3,3,3,3,3,3,3,3
540174,1,1,1984,0,0,0,0,0,0,0,0,0,0
540175,1,1,1984,29,29,29,29,29,29,29,29,29,29
540176,0,1,1984,18,18,18,18,18,18,18,18,18,18
540176,1,1,1984,0,0,15,0,0,0,0,0,0,0
540177,1,1,1984,21,14,8,25,29,10,23,7,0,0
540178,1,1,1984,0,0,0,0,0,0,0,0,0,0
540178,2,1,1984,0,0,0,9,0,13,4,0,11,0
540179,1,1,1984,12,12,12,12,12,12,12,12,12,12
540180,0,1,1984,14,14,14,14,14,14,14,14,14,14
540180,1,1,1984,0,0,0,0,0,0,0,0,0,0
540181,1,1,1984,0,0,0,0,0,0,0,0,0,0
540181,2,1,1984,0,0,0,0,10,7,8,23,0,0
540182,1,1,1984,24,24,24,24,24,24,24,24,24,24
540183,1,1,1984,0,0,0,0,0,0,0,0,0,0
540183,2,1,1984,0,0,0,0,0,0,0,0,0,0
540184,1,1,1984,0,0,0,17,0,0,0,0,0,0
540184,2,1,1984,0,0,0,0,0,0,0,0,0,0
540185,1,1,1984,14,14,14,14,14,14,14,14,14,14
540186,1,1,1984,0,0,0,0,0,0,0,0,0,0
540187,1,1,1984,0,0,0,0,0,0,0,0,0,0
540187,2,1,1984,0,0,0,0,0,0,0,0,0,0
540188,1,1,1984,20,20,20,20,20,20,20,20,20,20
540189,1,1,1984,17,17,17,17,17,17,17,17,17,17
540189,2,1,1984,0,0,0,0,0,0,0,0,0,0
540190,1,1,1984,0,0,0,0,0,0,0,0,0,0
540190,2,1,1984,0,0,0,11,0,0,0,0,0,4
540191,1,1,1984,0,0,0,0,0,0,0,0,0,0
540191,2,1,1984,0,0,0,0,0,0,0,0,0,0
540192,1,1,1984,0,0,0,0,0,0,0,0,0,0
540192,2,1,1984,0,0,0,0,0,0,0,0,0,0
540192,3,1,1984,0,0,0,0,0,0,0,0,7,0
540193,1,1,1984,13,13,13,13,13,13,13,13,13,13
540194,1,1,1984,0,0,0,0,0,0,0,0,0,0
540195,1,1,1984,24,24,24,24,24,24,24,24,24,24
540196,1,1,1984,7,7,7,7,7,7,7,7,7,7
540197,1,1,1984,0,0,4,0,0,0,0,0,13,13
540197,2,1,1984,0,0,0,0,0,0,0,0,0,0
540198,0,1,1984,19,19,19,19,19,19,19,19,19,19
540198,1,1,1984,5,0,0,0,0,0,0,0,0,0
540199,1,1,1984,24,18,14,4,0,6,26,16,15,13
540200,0,1,1984,0,0,0,0,0,0,0,0,0,0
540200,1,1,1984,0,0,0,0,0,12,0,0,0,0
540201,1,1,1984,0,7,14,27,22,25,19,11,23,26
540202,1,1,1984,0,0,0,0,0,0,0,0,0,0
540202,2,1,1984,0,0,0,0,0,0,0,0,0,0
540203,0,1,1984,33,33,33,33,33,33,33,33,33,33
540203,1,1,1984,0,10,0,0,0,0,0,0,0,0
540204,0,1,1984,0,29,0,0,0,0,0,0,11,0
540205,0,1,1984,0,0,0,0,0,0,0,0,0,0
540205,1,1,1984,5,0,0,10,12,0,0,0,0,0
540206,1,1,1984,4,0,17,0,0,0,0,0,0,0
540207,1,1,1984,0,0,0,0,0,0,0,0,0,0
540207,2,1,1984,0,0,0,0,0,0,0,0,0,0
540208,0,1,1984,0,0,0,0,0,0,0,0,0,0
540208,1,1,1984,0,0,0,0,0,0,0,0,0,0
540209,1,1,1984,0,0,0,0,0,0,0,0,0,0
540210,1,1,1984,0,0,0,0,0,0,0,0,0,0
540210,2,1,1984,0,0,0,0,0,0,0,0,0,0
540210,3,1,1984,0,0,0,0,0,0,0,0,0,0
540211,1,1,1984,0,0,0,6,0,0,0,0,0,0
540211,2,1,1984,0,0,0,0,0,0,0,0,0,0
540212,0,1,1984,0,0,0,0,0,0,0,0,0,0
540212,1,1,1984,0,0,0,0,0,0,0,0,0,0
540213,1,1,1984,15,15,15,15,15,15,15,15,15,15
540214,1,1,1984,12,12,12,12,12,12,12,12,12,12
540214,2,1,1984,0,0,0,0,0,0,0,0,0,0
540215,1,1,1984,10,10,10,10,10,10,10,10,10,10
540216,1,1,1984,0,0,0,0,0,14,0,0,0,0
540216,2,1,1984,0,0,0,0,0,0,0,0,0,0
540217,1,1,1984,4,4,4,4,4,4,4,4,4,4
540218,1,1,1984,0,0,0,0,0,0,0,0,0,0
540218,2,1,1984,0,0,0,0,0,0,0,0,0,0
540219,1,1,1984,14,14,14,14,14,14,14,14,14,14
540219,2,1,1984,6,6,6,6,6,6,6,6,6,6
540220,1,1,1984,0,0,0,0,0,0,0,0,0,0
540220,2,1,1984,22,22,22,22,22,22,22,22,22,22
540221,1,1,1984,0,0,0,0,0,0,0,0,0,0
540222,0,1,1984,0,0,0,0,0,13,0,0,11,0
540222,1,1,1984,0,0,0,0,0,11,0,0,0,0
540223,1,1,1984,0,12,0,0,0,0,0,0,0,0
540223,2,1,1984,0,0,0,9,0,0,0,10,0,0
540224,1,1,1984,22,15,16,0,0,13,0,24,0,34
540225,1,1,1984,0,0,0,0,0,0,0,0,0,0
540226,1,1,1984,7,18,15,13,20,6,10,15,14,6
540227,1,1,1984,0,0,7,0,0,0,0,0,0,0
540227,2,1,1984,0,0,0,0,0,0,0,0,0,0
540228,1,1,1984,0,0,0,0,0,0,0,0,0,0
540228,2,1,1984,19,0,0,0,0,0,0,10,12,26
540229,1,1,1984,0,0,0,0,0,0,0,0,0,0
540230,1,1,1984,0,0,0,0,0,0,0,0,0,0
540231,1,1,1984,0,0,0,0,0,0,0,0,0,0
540231,2,1,1984,21,21,21,21,21,21,21,21,21,21
540232,1,1,1984,0,0,0,0,0,0,0,0,10,0
540232,2,1,1984,10,10,10,10,10,10,10,10,10,10
540233,1,1,1984,0,0,0,0,0,0,0,0,0,0
540233,2,1,1984,0,0,0,0,0,0,0,0,0,0
540234,1,1,1984,0,0,0,0,0,0,0,0,0,0
540234,2,1,1984,0,0,0,0,0,0,0,0,0,0
540234,3,1,1984,0,0,0,0,0,0,0,0,0,0
540235,1,1,1984,25,25,25,25,25,25,25,25,25,25
540236,1,1,1984,0,0,0,0,0,0,0,0,0,0
540237,1,1,1984,0,0,0,0,0,0,0,0,0,0
540237,2,1,1984,0,0,0,0,0,0,0,0,0,0
540237,3,1,1984,0,0,0,0,0,0,0,0,0,2
540238,0,1,1984,16,16,16,16,16,16,16,16,16,16
540238,1,1,1984,15,15,15,15,15,15,15,15,15,15
540239,1,1,1984,25,25,25,25,25,25,25,25,25,25
540240,1,1,1984,0,0,0,0,0,0,0,0,0,0
540241,1,1,1984,4,4,4,4,4,4,4,4,4,4
540242,1,1,1984,0,0,0,0,0,0,0,0,0,0
540242,2,1,1984,0,0,0,0,0,0,0,0,0,0
540243,1,1,1984,0,0,0,0,0,0,0,0,0,0
540243,2,1,1984,0,0,0,0,0,0,22,0,0,0
540244,1,1,1984,9,0,0,18,18,0,0,13,0,0
540245,1,1,1984,10,10,10,10,10,10,10,10,10,10
540246,0,1,1984,0,0,0,0,0,0,0,0,0,0
540246,1,1,1984,0,0,13,0,0,0,0,0,0,0
540247,1,1,1984,0,0,0,0,0,0,0,0,0,0
540247,2,1,1984,24,24,24,24,24,24,24,24,24,24
540248,0,1,1984,4,4,4,4,4,4,4,4,4,4
540248,1,1,1984,0,0,8,0,0,0,19,0,0,0
540249,1,1,1984,31,31,31,31,31,31,31,31,31,31
540250,1,1,1984,27,27,27,27,27,27,27,27,27,27
540251,0,1,1984,0,0,0,0,0,0,0,0,0,0
540251,1,1,1984,0,0,0,0,0,0,0,0,0,0
540252,1,1,1984,23,23,23,23,23,23,23,23,23,23
540253,0,1,1984,0,0,0,0,0,0,0,0,0,0
540253,1,1,1984,6,10,0,27,0,7,18,0,0,0
540254,1,1,1984,0,0,0,0,0,0,0,0,0,0
540254,2,1,1984,7,7,7,7,7,7,7,7,7,7
540255,1,1,1984,0,0,0,0,0,0,0,0,0,0
540255,2,1,1984,0,0,0,0,0,0,0,0,0,0
540256,0,1,1984,0,0,0,0,0,0,0,0,0,0
540256,1,1,1984,0,0,0,0,0,0,0,0,0,0
540257,1,1,1984,0,0,0,11,0,0,0,0,0,0
540257,2,1,1984,2,2,2,2,2,2,2,2,2,2
540258,1,1,1984,20,14,11,14,10,16,15,20,28,9
540259,1,1,1984,0,0,0,0,0,0,0,0,0,0
540259,2,1,1984,0,0,0,0,8,17,12,10,0,0
540260,0,1,1984,28,28,28,28,28,28,28,28,28,28
540260,1,1,1984,0,0,0,0,0,0,0,0,0,7
540261,1,1,1984,0,0,0,0,0,0,0,0,0,0
540261,2,1,1984,0,8,0,30,0,0,25,0,16,0
540262,1,1,1984,19,19,19,19,19,19,19,19,19,19
540263,1,1,1984,0,0,0,0,0,0,0,0,0,0
540263,2,1,1984,0,0,0,0,0,0,0,0,0,0
540264,1,1,1984,0,0,0,0,20,0,0,0,0,0
540264,2,1,1984,0,0,0,0,0,0,0,0,0,0
540265,1,1,1984,0,0,0,0,0,0,0,0,0,0
540266,1,1,1984,11,11,11,11,11,11,11,11,11,11
540267,1,1,1984,0,0,0,0,0,0,0,0,0,0
540267,2,1,1984,0,0,0,0,0,0,0,0,0,0
540268,1,1,1984,13,13,13,13,13,13,13,13,13,13
540269,1,1,1984,24,24,24,24,24,24,24,24,24,24
540270,1,1,1984,15,20,12,0,21,31,0,12,13,16
540272,1,1,1984,7,7,7,7,7,7,7,7,7,7
540273,1,1,1984,21,21,21,21,21,21,21,21,21,21
540274,1,1,1984,27,27,27,27,27,27,27,27,27,27
540275,1,1,1984,28,28,28,28,28,28,28,28,28,28
540275,2,1,1984,0,0,0,0,0,0,0,0,0,0
540276,1,1,1984,14,15,11,16,7,17,5,16,19,19
540276,2,1,1984,10,10,10,10,10,10,10,10,10,10
540277,1,1,1984,0,0,0,28,0,0,0,0,22,0
540277,2,1,1984,0,0,0,0,0,0,0,0,0,0
540278,1,1,1984,0,0,0,0,0,0,0,0,0,0
540278,2,1,1984,0,0,0,0,0,0,0,0,0,0
540278,3,1,1984,0,0,0,0,0,0,7,0,0,0
540279,1,1,1984,0,0,0,0,0,0,0,0,0,0
540279,2,1,1984,0,0,0,0,0,0,0,0,0,0
540280,1,1,1984,0,0,0,0,0,0,0,0,17,0
540281,1,1,1984,14,14,14,14,14,14,14,14,14,14
540282,1,1,1984,0,0,0,0,12,0,0,9,17,0
540282,2,1,1984,0,0,0,0,18,0,30,0,0,0
540283,1,1,1984,21,21,21,21,21,21,21,21,21,21
540284,1,1,1984,0,0,0,0,0,0,0,14,0,0
540285,1,1,1984,0,0,0,0,0,0,0,0,0,8
540285,2,1,1984,0,0,0,0,0,0,0,0,0,0
540286,1,1,1984,21,21,21,21,21,21,21,21,21,21
540287,1,1,1984,13,13,13,13,13,13,13,13,13,13
540288,1,1,1984,29,29,29,29,29,29,29,29,29,29
540289,1,1,1984,0,0,0,0,0,0,0,0,0,0
540289,2,1,1984,19,19,19,19,19,19,19,19,19,19
540290,1,1,1984,15,15,15,15,15,15,15,15,15,15
540291,1,1,1984,0,0,0,0,0,0,0,0,0,0
540291,2,1,1984,0,0,0,0,0,0,0,0,0,0
540292,1,1,1984,26,26,26,26,26,26,26,26,26,26
540292,2,1,1984,0,0,8,0,0,23,0,0,0,0
540293,1,1,1984,14,14,14,14,14,14,14,14,14,14
540294,0,1,1984,8,8,8,8,8,8,8,8,8,8
540294,1,1,1984,0,27,0,0,0,0,0,13,12,0
540295,1,1,1984,7,7,7,7,7,7,7,7,7,7
540296,1,1,1984,39,21,0,11,25,6,0,30,29,5
540296,2,1,1984,0,0,0,0,0,13,0,0,0,0
540297,1,1,1984,17,17,17,17,17,17,17,17,17,17
540298,1,1,1984,9,9,9,9,9,9,9,9,9,9
540298,2,1,1984,4,0,0,0,26,17,0,0,16,14
540298,3,1,1984,0,28,0,0,0,25,0,0,0,22
540299,1,1,1984,0,0,0,0,0,10,0,9,0,7
540300,1,1,1984,10,20,20,0,20,20,0,0,11,9
540301,1,1,1984,11,11,11,11,11,11,11,11,11,11
540301,2,1,1984,15,15,15,15,15,15,15,15,15,15
540302,1,1,1984,0,0,0,0,0,0,0,0,0,0
540302,2,1,1984,0,0,0,0,0,0,0,0,0,0
540303,1,1,1984,18,18,18,18,18,18,18,18,18,18
540303,2,1,1984,9,17,0,0,16,15,0,0,0,0
540304,0,1,1984,0,0,0,0,0,0,0,0,0,0
540304,1,1,1984,0,0,0,0,0,0,0,0,0,0
540305,1,1,1984,13,13,13,13,13,13,13,13,13,13
540306,1,1,1984,0,0,0,0,0,0,0,0,0,0
540307,1,1,1984,0,0,0,0,0,0,0,0,0,0
540307,2,1,1984,0,11,0,0,0,0,0,0,19,0
540308,1,1,1984,6,6,6,6,6,6,6,6,6,6
540309,1,1,1984,0,0,0,0,0,0,0,0,0,0
540309,2,1,1984,0,0,0,0,0,0,0,0,5,0
540310,1,1,1984,10,0,24,23,8,0,15,0,15,16
540311,1,1,1984,24,24,24,24,24,24,24,24,24,24
540312,1,1,1984,19,0,9,16,19,6,25,10,0,12
540313,1,1,1984,0,0,0,0,0,0,0,0,0,0
540313,2,1,1984,21,21,21,21,21,21,21,21,21,21
540314,1,1,1984,10,10,10,10,10,10,10,10,10,10
540315,1,1,1984,14,14,14,14,14,14,14,14,14,14
540316,1,1,1984,0,0,0,0,0,0,0,0,0,0
540316,2,1,1984,22,22,22,22,22,22,22,22,22,22
540317,1,1,1984,0,0,0,0,0,0,0,0,0,0
540317,2,1,1984,0,0,0,0,0,0,0,0,0,0
540317,3,1,1984,0,0,0,0,0,0,0,0,0,0
540318,1,1,1984,0,0,0,0,0,0,0,0,0,0
540318,2,1,1984,0,0,0,0,0,0,0,0,0,0
540319,1,1,1984,0,0,0,0,0,0,0,0,0,0
540319,2,1,1984,0,0,0,0,0,0,0,0,0,0
540320,1,1,1984,15,15,15,15,15,15,15,15,15,15
540321,0,1,1984,12,12,12,12,12,12,12,12,12,12
540321,1,1,1984,0,0,0,0,0,0,0,0,0,0
540322,1,1,1984,0,0,0,0,0,0,0,0,0,0
540322,2,1,1984,0,0,0,0,7,0,0,0,0,0
540323,0,1,1984,0,0,0,0,0,0,0,0,0,0
540323,1,1,1984,0,0,0,0,0,0,0,0,0,0
540324,1,1,1984,0,0,0,0,0,0,0,0,0,0
540324,2,1,1984,0,0,0,0,0,0,0,0,0,0
540325,1,1,1984,0,0,0,2,0,0,10,0,12,0
540325,2,1,1984,11,0,0,18,0,0,4,0,0,49
540326,1,1,1984,20,20,20,20,20,20,20,20,20,20
540326,2,1,1984,4,4,4,4,4,4,4,4,4,4
540327,1,1,1984,17,17,17,17,17,17,17,17,17,17
540328,1,1,1984,0,0,0,0,0,0,0,0,0,0
540328,2,1,1984,0,0,0,0,0,0,0,0,0,0
540329,1,1,1984,19,19,19,19,19,19,19,19,19,19
540330,0,1,1984,0,0,0,0,0,0,0,0,0,0
540330,1,1,1984,0,26,27,0,0,0,0,0,0,7
540331,1,1,1984,3,3,3,3,3,3,3,3,3,3
540332,1,1,1984,0,0,0,0,0,0,0,0,0,0
540333,1,1,1984,19,19,0,0,0,0,17,0,10,0
540333,2,1,1984,2,2,2,2,2,2,2,2,2,2
540334,1,1,1984,0,0,0,0,0,0,0,0,0,0
540335,1,1,1984,0,0,0,0,0,0,0,0,0,0
540336,1,1,1984,2,2,2,2,2,2,2,2,2,2
540336,2,1,1984,22,22,22,22,22,22,22,22,22,22
540336,3,1,1984,0,0,0,0,0,0,0,0,0,0
540336,4,1,1984,0,17,0,0,0,0,0,0,0,0
540337,1,1,1984,9,21,11,22,7,10,18,8,14,16
540337,2,1,1984,0,0,0,0,0,0,0,0,0,0
540338,1,1,1984,27,27,27,27,27,27,27,27,27,27
540339,1,1,1984,0,0,0,0,0,0,0,0,0,0
540339,2,1,1984,0,0,0,0,0,0,0,0,0,0
540340,1,1,1984,0,0,0,0,0,0,0,0,0,0
540341,0,1,1984,29,29,29,29,29,29,29,29,29,29
540341,1,1,1984,0,0,0,0,0,11,0,0,0,8
540342,1,1,1984,14,14,14,14,14,14,14,14,14,14
540343,1,1,1984,19,19,19,19,19,19,19,19,19,19
540344,1,1,1984,17,17,17,17,17,17,17,17,17,17
540345,1,1,1984,20,20,20,20,20,20,20,20,20,20
540346,1,1,1984,0,0,0,0,0,0,0,0,0,0
540346,2,1,1984,0,0,5,0,0,0,0,0,0,0
540347,0,1,1984,0,0,0,0,0,0,0,0,0,0
540347,1,1,1984,0,0,0,0,0,0,0,0,0,0
540348,1,1,1984,5,5,5,5,5,5,5,5,5,5
540349,1,1,1984,0,0,0,0,0,0,0,0,0,0
540349,2,1,1984,0,0,0,0,0,0,0,0,0,0
540350,1,1,1984,0,0,0,0,0,0,0,0,0,0
540350,2,1,1984,0,0,0,0,10,0,0,0,0,0
540351,1,1,1984,29,0,0,0,15,0,18,16,0,0
540351,2,1,1984,0,17,0,0,0,0,0,0,0,0
540352,1,1,1984,0,0,0,0,11,0,0,0,10,0
540352,2,1,1984,0,0,9,0,0,0,14,0,13,0
540353,1,1,1984,1,1,1,1,1,1,1,1,1,1
540354,1,1,1984,0,0,0,0,0,0,0,0,0,0
540354,2,1,1984,0,0,0,0,0,0,0,0,0,0
540355,1,1,1984,0,0,0,0,0,0,0,0,0,0
540355,2,1,1984,0,0,0,0,0,14,0,0,0,0
540356,1,1,1984,0,0,0,0,0,0,0,0,0,0
540356,2,1,1984,19,19,19,19,19,19,19,19,19,19
540357,1,1,1984,0,0,0,0,0,0,0,0,0,0
540357,2,1,1984,24,24,24,24,24,24,24,24,24,24
540358,0,1,1984,0,0,0,0,0,0,0,0,0,0
540358,1,1,1984,14,14,14,14,14,14,14,14,14,14
540359,1,1,1984,0,0,0,0,0,0,0,0,0,0
540360,1,1,1984,0,0,0,0,0,0,0,2,0,0
540360,2,1,1984,0,0,0,13,0,0,9,0,0,0
540361,1,1,1984,12,12,12,12,12,12,12,12,12,12
540361,2,1,1984,8,4,8,0,14,0,0,0,0,0
540362,1,1,1984,0,0,0,0,0,0,0,0,0,0
540363,0,1,1984,0,29,14,14,0,22,31,18,32,16
540363,0,2,1984,11,11,11,11,11,11,11,11,11,11
540363,1,1,1984,0,0,0,0,0,18,8,0,18,9
540364,1,1,1984,0,0,0,0,0,0,0,0,0,0
540364,2,1,1984,0,0,0,0,0,0,0,0,0,0
540365,1,1,1984,12,12,12,12,12,12,12,12,12,12
540366,1,1,1984,0,0,0,0,0,0,0,0,0,0
540366,2,1,1984,0,0,0,0,0,0,0,0,0,0
540367,0,1,1984,0,0,0,0,0,0,0,0,0,0
540367,1,1,1984,0,0,0,0,0,0,0,0,0,0
540368,1,1,1984,5,5,5,5,5,5,5,5,5,5
540368,2,1,1984,14,14,14,14,14,14,14,14,14,14
540369,1,1,1984,12,12,12,12,12,12,12,12,12,12
540369,2,1,1984,10,15,0,9,0,3,7,0,2,21
540370,0,1,1984,0,0,0,0,0,0,0,0,0,0
540370,1,1,1984,0,0,0,0,0,0,0,0,0,0
540371,1,1,1984,0,0,0,0,0,0,0,0,0,0
540372,1,1,1984,3,3,3,3,3,3,3,3,3,3
540372,2,1,1984,0,0,0,0,0,0,0,0,0,0
540373,1,1,1984,0,0,0,0,0,0,0,0,0,0