ST_CASE,VEH_NO,PER_NO,YEAR,P1,P2,P3,P4,P5,P6,P7,P8,P9,P10
540374,1,1,1984,2,2,2,2,2,2,2,2,2,2
540375,1,1,1984,0,18,12,16,0,0,27,23,16,0
540376,1,1,1984,0,0,0,0,0,0,0,0,0,0
540377,1,1,1984,19,19,19,19,19,19,19,19,19,19
540377,2,1,1984,11,11,11,11,11,11,11,11,11,11
540378,1,1,1984,0,0,0,0,0,0,0,0,0,0
540379,1,1,1984,0,14,0,16,5,0,0,0,0,0
540379,2,1,1984,0,0,0,13,0,13,0,0,0,0
540380,1,1,1984,14,14,14,14,14,14,14,14,14,14
540381,1,1,1984,26,26,26,26,26,26,26,26,26,26
540382,1,1,1984,22,22,22,22,22,22,22,22,22,22
540383,1,1,1984,22,22,22,22,22,22,22,22,22,22
540384,1,1,1984,11,11,11,11,11,11,11,11,11,11
540384,2,1,1984,0,0,0,0,0,0,0,0,0,0
540385,1,1,1984,8,8,8,8,8,8,8,8,8,8
540385,2,1,1984,0,0,0,0,0,0,0,0,0,0
540386,1,1,1984,0,18,0,0,0,0,0,0,0,0
540386,2,1,1984,6,6,6,6,6,6,6,6,6,6
540387,1,1,1984,0,0,0,0,0,0,0,0,0,0
540387,2,1,1984,0,0,0,0,0,0,0,0,0,0
540388,1,1,1984,20,20,20,20,20,20,20,20,20,20
550001,0,1,1984,0,0,0,0,0,0,0,0,0,0
550001,1,1,1984,0,0,0,0,0,0,0,0,0,0
550002,1,1,1984,0,0,0,0,0,0,0,0,0,0
550002,2,1,1984,0,0,0,0,0,0,0,0,0,0
550003,1,1,1984,0,0,0,0,0,0,0,0,0,0
550003,2,1,1984,0,0,0,0,0,0,0,0,0,27
550004,1,1,1984,19,0,0,0,0,0,0,0,0,0
550004,2,1,1984,3,3,3,3,3,3,3,3,3,3
550005,1,1,1984,10,10,10,10,10,10,10,10,10,10
550005,2,1,1984,0,0,0,0,0,0,0,0,0,0
550005,3,1,1984,0,0,0,0,0,0,0,0,0,0
550006,0,1,1984,0,0,0,0,0,0,0,0,34,0
550006,1,1,1984,0,0,0,0,0,0,0,0,0,0
550007,1,1,1984,0,0,0,0,0,0,0,0,0,0
550008,1,1,1984,10,0,14,5,0,13,0,16,8,0
550008,2,1,1984,0,0,0,0,0,0,0,0,0,0
550009,1,1,1984,16,16,16,16,16,16,16,16,16,16
550010,1,1,1984,0,0,0,0,0,0,0,0,0,0
550010,2,1,1984,0,0,0,32,0,0,0,0,0,0
550011,1,1,1984,25,25,25,25,25,25,25,25,25,25
550012,0,1,1984,0,0,0,0,0,0,0,0,0,0
550012,1,1,1984,0,0,0,0,0,0,0,0,0,0
550013,1,1,1984,0,0,0,0,0,0,0,0,0,0
550013,2,1,1984,0,0,0,0,0,0,0,0,0,0
550014,0,1,1984,11,11,11,11,11,11,11,11,11,11
550014,1,1,1984,24,0,0,0,0,0,0,0,0,0
550015,1,1,1984,13,13,13,13,13,13,13,13,13,13
550015,2,1,1984,0,0,0,0,0,0,0,0,0,0
550016,1,1,1984,0,0,0,0,0,0,0,0,0,0
550016,2,1,1984,0,0,0,0,0,0,0,0,0,0
550017,1,1,1984,0,0,0,0,0,0,0,0,0,0
550017,2,1,1984,0,0,0,0,0,0,0,0,0,0
550018,1,1,1984,0,0,0,0,0,0,0,0,0,0
550018,2,1,1984,0,0,0,0,0,0,0,0,0,0
550019,1,1,1984,0,0,0,0,0,0,0,0,0,0
550019,2,1,1984,0,0,0,0,0,0,0,0,0,0
550020,1,1,1984,0,0,0,0,0,0,0,0,0,0
550020,2,1,1984,0,0,0,0,0,0,0,0,0,0
550021,1,1,1984,2,0,0,0,0,0,0,0,0,0
550021,2,1,1984,0,0,0,0,0,0,0,0,0,0
550022,0,1,1984,0,0,0,0,0,0,0,0,0,0
550022,1,1,1984,0,5,0,0,0,0,0,0,0,0
550023,1,1,1984,20,20,20,20,20,20,20,20,20,20
550024,0,1,1984,0,0,0,0,0,0,0,0,0,0
550024,1,1,1984,8,8,8,8,8,8,8,8,8,8
550024,2,1,1984,0,0,0,0,0,0,0,0,0,0
550025,1,1,1984,0,0,0,0,0,0,0,0,0,0
550025,2,1,1984,0,0,0,0,0,0,0,6,0,0
550026,0,1,1984,0,0,0,0,0,0,0,0,0,0
550026,1,1,1984,0,0,0,0,0,0,13,0,0,0
550027,1,1,1984,0,0,0,0,0,0,0,0,0,0
550027,2,1,1984,0,0,0,0,0,0,0,0,0,0
550028,1,1,1984,33,0,0,0,0,0,0,0,0,0
550028,2,1,1984,0,8,0,0,0,0,0,0,0,0
550029,1,1,1984,18,18,18,18,18,18,18,18,18,18
550030,1,1,1984,0,0,0,0,0,0,0,0,0,0
550030,2,1,1984,0,0,0,0,0,0,0,13,0,0
550031,1,1,1984,0,0,19,0,0,0,0,0,21,0
550031,2,1,1984,0,0,0,0,0,0,0,0,0,0
550032,1,1,1984,35,48,11,7,11,0,13,12,13,20
550033,1,1,1984,0,0,0,0,0,0,0,0,0,0
550034,1,1,1984,35,17,21,3,17,0,15,10,12,15
550034,2,1,1984,8,15,15,21,6,19,21,12,25,4
550035,1,1,1984,0,0,0,0,0,0,0,0,0,0
550035,2,1,1984,0,0,0,0,0,0,0,0,0,0
550036,0,1,1984,27,27,27,27,27,27,27,27,27,27
550036,1,1,1984,0,0,23,3,0,6,0,12,0,0
550037,1,1,1984,19,19,19,19,19,19,19,19,19,19
550038,0,1,1984,26,26,26,26,26,26,26,26,26,26
550038,1,1,1984,0,0,0,0,0,15,0,0,0,18
550039,1,1,1984,24,24,24,24,24,24,24,24,24,24
550039,2,1,1984,0,0,11,0,0,0,0,15,0,0
550040,1,1,1984,0,0,0,0,0,0,0,0,0,0
550041,1,1,1984,0,0,0,0,0,0,0,0,0,0
550041,2,1,1984,0,0,0,0,0,0,0,0,0,0
550042,1,1,1984,11,11,11,11,11,11,11,11,11,11
550042,2,1,1984,0,0,0,0,0,0,0,0,0,0
550043,1,1,1984,28,28,28,28,28,28,28,28,28,28
550044,1,1,1984,17,17,17,17,17,17,17,17,17,17
550045,1,1,1984,0,0,0,0,0,0,0,0,0,0
550045,2,1,1984,0,0,0,0,0,0,0,0,0,0
550046,0,1,1984,0,0,0,0,0,0,0,0,0,0
550046,1,1,1984,0,0,0,0,8,10,10,0,6,0
550047,0,1,1984,24,24,24,24,24,24,24,24,24,24
550047,1,1,1984,0,26,0,20,0,0,0,27,0,0
550048,1,1,1984,0,0,0,0,0,0,0,0,0,0
550048,2,1,1984,0,0,0,0,0,0,0,0,0,0
550049,0,1,1984,0,0,0,0,0,0,0,0,0,0
550049,1,1,1984,0,0,0,0,0,0,0,0,0,0
550050,0,1,1984,0,0,0,0,0,0,0,0,0,0
550050,1,1,1984,0,0,0,13,0,0,0,0,0,0
550051,1,1,1984,0,0,0,0,0,0,0,15,0,0
550051,2,1,1984,3,0,0,0,0,17,0,0,0,0
550052,1,1,1984,13,13,13,13,13,13,13,13,13,13
550053,0,1,1984,0,0,0,0,0,0,0,0,0,0
550053,1,1,1984,0,0,0,0,0,0,0,0,0,0
550054,1,1,1984,28,28,28,28,28,28,28,28,28,28
550055,1,1,1984,23,23,23,23,23,23,23,23,23,23
550055,2,1,1984,0,0,0,0,0,0,0,0,0,0
550056,1,1,1984,22,22,22,22,22,22,22,22,22,22
550057,1,1,1984,0,0,0,0,0,0,0,0,0,0
550057,2,1,1984,10,10,10,10,10,10,10,10,10,10
550058,1,1,1984,18,18,18,18,18,18,18,18,18,18
550059,1,1,1984,13,13,13,13,13,13,13,13,13,13
550060,1,1,1984,0,0,0,0,0,0,0,0,0,0
550060,2,1,1984,0,0,0,0,0,0,0,0,0,0
550061,1,1,1984,21,21,21,21,21,21,21,21,21,21
550062,1,1,1984,0,0,0,0,0,0,0,0,0,0
550063,1,1,1984,0,0,0,0,0,0,0,0,0,0
550063,2,1,1984,0,0,0,0,11,0,0,0,0,0
550063,3,1,1984,0,0,0,0,0,0,0,0,0,0
550064,1,1,1984,0,0,28,23,0,0,14,0,22,33
550064,2,1,1984,0,0,0,0,0,0,0,0,0,0
550065,1,1,1984,0,0,0,0,0,0,0,0,0,0
550066,1,1,1984,0,0,0,0,0,0,0,0,0,0
550066,2,1,1984,0,0,0,0,0,0,0,0,0,0
550067,1,1,1984,20,20,20,20,20,20,20,20,20,20
550068,1,1,1984,0,0,0,0,0,0,0,0,0,0
550069,1,1,1984,0,0,0,0,0,0,0,0,0,0
550070,1,1,1984,23,23,23,23,23,23,23,23,23,23
550070,2,1,1984,0,0,0,0,0,0,0,0,0,0
550071,1,1,1984,21,21,21,21,21,21,21,21,21,21
550072,1,1,1984,0,0,0,0,0,0,0,0,0,0
550073,1,1,1984,21,21,21,21,21,21,21,21,21,21
550074,1,1,1984,0,0,0,0,0,0,0,0,0,0
550074,2,1,1984,0,0,0,0,0,0,0,0,0,0
550075,1,1,1984,0,0,0,0,0,0,0,0,0,0
550075,2,1,1984,7,7,7,7,7,7,7,7,7,7
550076,1,1,1984,16,16,16,16,16,16,16,16,16,16
550077,1,1,1984,23,23,23,23,23,23,23,23,23,23
550078,1,1,1984,0,0,0,0,0,0,0,0,0,0
550079,1,1,1984,0,0,0,0,0,0,0,0,0,0
550079,2,1,1984,0,0,0,0,0,0,0,0,0,0
550080,1,1,1984,0,0,0,0,0,0,0,0,0,0
550080,2,1,1984,5,5,5,5,5,5,5,5,5,5
550081,1,1,1984,0,0,0,0,0,0,0,0,0,0
550081,2,1,1984,24,24,24,24,24,24,24,24,24,24
550082,1,1,1984,29,29,29,29,29,29,29,29,29,29
550082,2,1,1984,0,0,0,0,0,13,0,0,0,0
550083,1,1,1984,28,28,28,28,28,28,28,28,28,28
550084,1,1,1984,25,25,25,25,25,25,25,25,25,25
550085,1,1,1984,14,14,14,14,14,14,14,14,14,14
550085,2,1,1984,11,11,11,11,11,11,11,11,11,11
550087,1,1,1984,0,0,0,0,0,0,0,0,0,0
550087,2,1,1984,0,0,0,0,0,0,0,0,0,0
550088,1,1,1984,0,0,0,0,0,0,0,0,0,0
550088,2,1,1984,0,0,0,0,0,0,0,0,0,0
550089,1,1,1984,0,0,0,0,0,0,0,0,0,0
550089,2,1,1984,0,0,0,0,0,0,0,0,0,0
550089,3,1,1984,0,0,0,0,0,0,0,0,24,0
550090,0,1,1984,18,0,46,9,0,0,0,18,16,0
550090,1,1,1984,0,12,0,0,0,0,0,0,0,0
550091,1,1,1984,0,0,0,0,0,0,0,0,0,0
550091,2,1,1984,15,15,15,15,15,15,15,15,15,15
550092,1,1,1984,0,0,0,0,0,0,0,0,0,7
550092,2,1,1984,0,0,0,0,0,0,0,0,0,0
550093,1,1,1984,24,24,24,24,24,24,24,24,24,24
550094,1,1,1984,0,0,0,0,0,0,0,0,0,0
550095,1,1,1984,28,19,8,15,19,21,16,19,11,0
550097,1,1,1984,11,11,11,11,11,11,11,11,11,11
550097,2,1,1984,0,0,0,0,0,0,0,0,0,0
550098,1,1,1984,18,18,18,18,18,18,18,18,18,18
550099,1,1,1984,21,21,21,21,21,21,21,21,21,21
550100,1,1,1984,0,0,0,0,0,0,0,0,0,0
550100,2,1,1984,18,0,0,0,0,0,0,0,0,0
550101,0,1,1984,0,0,0,0,0,0,0,0,0,0
550101,1,1,1984,0,0,0,0,0,0,0,0,0,0
550102,1,1,1984,19,19,19,19,19,19,19,19,19,19
550102,2,1,1984,20,20,20,20,20,20,20,20,20,20
550103,1,1,1984,18,0,10,22,7,23,21,24,14,13
550104,1,1,1984,0,0,0,0,0,0,0,0,0,0
550105,1,1,1984,31,31,31,31,31,31,31,31,31,31
550106,0,1,1984,23,23,23,23,23,23,23,23,23,23
550106,1,1,1984,0,10,7,0,0,12,0,6,0,0
550107,1,1,1984,29,29,29,29,29,29,29,29,29,29
550108,1,1,1984,18,18,18,18,18,18,18,18,18,18
550109,0,1,1984,29,29,29,29,29,29,29,29,29,29
550109,1,1,1984,0,0,0,0,11,0,0,0,0,0
550110,0,1,1984,31,31,31,31,31,31,31,31,31,31
550110,1,1,1984,4,18,20,16,13,10,9,16,23,26
550111,1,1,1984,0,0,0,0,0,0,0,0,0,0
550111,2,1,1984,0,0,0,0,0,0,0,0,0,0
550112,1,1,1984,22,22,22,22,22,22,22,22,22,22
550113,1,1,1984,13,13,13,13,13,13,13,13,13,13
550113,2,1,1984,8,35,27,23,29,16,0,18,0,19
550114,1,1,1984,21,21,21,21,21,21,21,21,21,21
550114,2,1,1984,23,23,23,23,23,23,23,23,23,23
550115,0,1,1984,14,18,11,18,35,22,18,24,21,35
550115,1,1,1984,13,13,13,13,13,13,13,13,13,13
550116,1,1,1984,22,22,22,22,22,22,22,22,22,22
550117,0,1,1984,35,35,35,35,35,35,35,35,35,35
550117,1,1,1984,0,0,0,0,0,0,0,0,0,0
550118,0,1,1984,5,5,5,5,5,5,5,5,5,5
550118,1,1,1984,16,16,16,16,16,16,16,16,16,16
550119,1,1,1984,26,26,26,26,26,26,26,26,26,26
550120,1,1,1984,4,4,4,4,4,4,4,4,4,4
550121,1,1,1984,26,26,26,26,26,26,26,26,26,26
550121,2,1,1984,9,17,11,18,12,13,9,21,16,17
550122,1,1,1984,2,2,2,2,2,2,2,2,2,2
550122,2,1,1984,0,0,11,0,0,0,0,0,0,0
550123,1,1,1984,0,0,0,0,0,0,0,0,0,0
550123,2,1,1984,0,0,0,0,0,0,0,0,0,0
550123,3,1,1984,0,0,0,17,0,25,0,0,0,0
550124,1,1,1984,28,28,28,28,28,28,28,28,28,28
550124,2,1,1984,0,0,11,0,0,8,0,0,0,0
550125,1,1,1984,0,4,6,28,0,0,11,26,0,10
550125,2,1,1984,20,4,8,27,20,13,29,19,14,27
550126,1,1,1984,16,16,16,16,16,16,16,16,16,16
550126,2,1,1984,0,0,0,20,0,0,0,0,0,0
550127,0,1,1984,0,0,0,0,0,0,0,0,0,0
550127,1,1,1984,0,0,7,0,0,0,0,0,0,0
550128,1,1,1984,12,12,12,12,12,12,12,12,12,12
550129,1,1,1984,22,22,22,22,22,22,22,22,22,22
550130,0,1,1984,26,26,26,26,26,26,26,26,26,26
550130,1,1,1984,0,0,0,0,0,0,0,0,0,1
550130,2,1,1984,0,0,0,0,0,0,0,0,0,0
550131,0,1,1984,14,8,1,23,0,9,22,7,17,18
550131,1,1,1984,0,0,0,12,0,0,0,0,0,0
550132,1,1,1984,0,0,0,0,0,0,0,0,0,0
550132,2,1,1984,0,0,0,0,0,0,0,0,0,0
550133,1,1,1984,13,13,13,13,13,13,13,13,13,13
550134,1,1,1984,0,0,0,0,0,0,0,0,0,0
550135,1,1,1984,21,21,21,21,21,21,21,21,21,21
550135,2,1,1984,0,0,0,0,0,0,0,0,0,0
550136,0,1,1984,0,0,0,0,0,0,0,40,0,17
550136,1,1,1984,0,0,0,0,0,0,0,0,12,0
550137,0,1,1984,0,0,0,0,0,0,0,0,0,0
550137,0,2,1984,0,0,0,0,0,0,0,0,0,0
550137,1,1,1984,21,18,34,14,6,33,18,12,0,6
550138,0,1,1984,0,0,0,0,0,0,0,0,0,0
550138,1,1,1984,12,12,12,12,12,12,12,12,12,12
550139,0,1,1984,0,0,0,0,0,0,0,0,0,0
550139,1,1,1984,0,0,0,0,0,0,2,0,0,0
550140,1,1,1984,17,17,17,17,17,17,17,17,17,17
550141,1,1,1984,29,29,29,29,29,29,29,29,29,29
550142,1,1,1984,0,0,0,0,0,0,0,0,0,0
550142,2,1,1984,0,0,0,0,0,0,0,0,0,0
550143,1,1,1984,24,24,24,24,24,24,24,24,24,24
550144,1,1,1984,0,0,0,0,0,0,0,0,0,0
550144,2,1,1984,0,0,0,0,0,0,0,0,0,14
550145,1,1,1984,0,0,0,0,0,0,0,0,0,0
550145,2,1,1984,0,0,0,0,0,0,15,0,0,0
550145,3,1,1984,0,0,0,0,0,0,0,0,0,0
550145,4,1,1984,0,0,0,0,0,0,0,0,0,0
550146,1,1,1984,0,0,0,0,0,0,0,0,0,0
550146,2,1,1984,0,16,0,0,0,22,0,0,0,0
550147,1,1,1984,0,0,30,0,0,0,6,0,0,0
550148,1,1,1984,24,24,24,24,24,24,24,24,24,24
550148,2,1,1984,0,0,14,0,0,0,0,0,0,0
550149,1,1,1984,23,17,10,6,14,10,14,21,17,11
550150,1,1,1984,12,8,9,10,6,2,0,0,7,8
550150,2,1,1984,0,0,0,7,0,0,0,10,10,15
550151,1,1,1984,6,9,12,7,9,14,14,5,10,20
550151,2,1,1984,10,10,10,10,10,10,10,10,10,10
550152,1,1,1984,10,10,10,10,10,10,10,10,10,10
550152,2,1,1984,0,0,0,0,0,0,0,0,0,0
550153,1,1,1984,0,0,0,0,11,0,7,0,9,0
550153,2,1,1984,0,0,0,0,0,0,0,0,0,0
550154,1,1,1984,0,0,0,0,0,0,0,0,0,0
550155,1,1,1984,0,0,0,0,0,0,0,0,0,0
550155,2,1,1984,0,0,0,0,0,0,0,0,0,0
550156,1,1,1984,10,0,0,0,0,0,0,0,0,0
550156,2,1,1984,0,0,0,0,0,0,0,0,0,0
550157,0,1,1984,10,10,10,10,10,10,10,10,10,10
550157,1,1,1984,18,12,6,12,20,29,15,14,10,18
550158,1,1,1984,24,24,24,24,24,24,24,24,24,24
550158,2,1,1984,18,18,18,18,18,18,18,18,18,18
550159,1,1,1984,0,0,0,0,0,0,0,0,0,0
550159,2,1,1984,0,0,0,0,0,0,0,0,0,0
550160,1,1,1984,24,24,24,24,24,24,24,24,24,24
550161,1,1,1984,26,26,26,26,26,26,26,26,26,26
550162,0,1,1984,0,0,0,0,0,0,0,0,0,0
550162,1,1,1984,17,12,8,32,31,24,1,13,10,4
550163,1,1,1984,0,0,0,0,0,0,0,0,0,0
550163,2,1,1984,0,0,0,0,0,0,0,0,0,0
550164,1,1,1984,0,0,0,0,0,0,0,0,0,0
550164,2,1,1984,0,0,0,0,0,0,0,0,0,0
550165,1,1,1984,16,28,6,30,15,20,23,11,13,21
550166,1,1,1984,23,17,16,17,3,18,25,19,7,15
550166,2,1,1984,21,18,10,4,5,11,15,12,12,22
550167,1,1,1984,0,0,0,0,0,0,0,0,0,0
550167,2,1,1984,0,0,0,0,0,0,0,0,0,0
550168,1,1,1984,0,0,0,0,0,0,0,0,0,0
550169,1,1,1984,18,18,18,18,18,18,18,18,18,18
550169,2,1,1984,8,8,8,8,8,8,8,8,8,8
550170,1,1,1984,0,0,0,0,0,0,0,0,0,0
550170,2,1,1984,0,0,0,0,0,0,0,0,0,0
550171,1,1,1984,11,11,11,11,11,11,11,11,11,11
550172,1,1,1984,18,18,18,18,18,18,18,18,18,18
550173,1,1,1984,26,26,26,26,26,26,26,26,26,26
550174,1,1,1984,0,0,0,0,0,0,0,0,0,0
550174,2,1,1984,24,16,14,0,9,20,19,0,21,32
550175,1,1,1984,25,25,25,25,25,25,25,25,25,25
550176,1,1,1984,8,34,19,22,5,18,32,9,17,33
550177,1,1,1984,0,0,0,0,0,0,0,0,0,0
550177,2,1,1984,0,0,0,0,0,0,0,0,0,0
550178,1,1,1984,12,12,12,12,12,12,12,12,12,12
550179,0,1,1984,0,0,0,0,0,0,0,0,0,0
550179,1,1,1984,0,0,0,0,0,0,0,0,0,0
550180,1,1,1984,14,14,14,14,14,14,14,14,14,14
550180,2,1,1984,0,0,0,0,0,0,0,0,0,0
550180,3,1,1984,10,12,0,0,29,0,0,0,0,0
550181,0,1,1984,0,0,0,0,0,0,0,0,0,0
550181,1,1,1984,25,15,10,11,33,0,0,21,36,0
550182,1,1,1984,0,0,0,0,0,0,0,0,0,0
550183,1,1,1984,16,16,16,16,16,16,16,16,16,16
550184,1,1,1984,0,0,0,0,0,0,29,0,0,0
550184,2,1,1984,10,6,0,0,0,0,0,0,22,6
550185,1,1,1984,14,14,14,14,14,14,14,14,14,14
550185,2,1,1984,19,19,19,19,19,19,19,19,19,19
550186,1,1,1984,0,0,0,0,0,0,0,0,0,0
550186,2,1,1984,0,0,0,0,0,0,0,0,0,0
550187,1,1,1984,3,3,3,3,3,3,3,3,3,3
550187,2,1,1984,9,7,27,0,0,0,0,0,0,0
550188,0,1,1984,0,0,0,0,0,0,24,0,18,0
550188,1,1,1984,0,0,0,0,0,0,0,0,0,0
550189,1,1,1984,3,3,3,3,3,3,3,3,3,3
550189,2,1,1984,16,16,16,16,16,16,16,16,16,16
550189,3,1,1984,0,11,0,0,0,0,0,0,0,0
550190,1,1,1984,0,0,0,0,5,22,26,19,0,16
550191,1,1,1984,0,0,0,0,0,0,0,0,0,0
550191,2,1,1984,0,0,0,0,23,0,0,0,0,0
550192,1,1,1984,2,2,2,2,2,2,2,2,2,2
550192,2,1,1984,16,16,16,16,16,16,16,16,16,16
550193,1,1,1984,6,6,6,6,6,6,6,6,6,6
550194,1,1,1984,29,29,29,29,29,29,29,29,29,29
550195,1,1,1984,0,0,0,0,0,0,0,0,0,0
550196,1,1,1984,19,19,19,19,19,19,19,19,19,19
550197,1,1,1984,18,25,0,9,10,16,9,19,8,14
550198,1,1,1984,0,0,0,0,0,0,0,0,0,0
550199,1,1,1984,0,0,33,0,0,0,0,0,0,0
550199,2,1,1984,14,14,14,14,14,14,14,14,14,14
550200,1,1,1984,25,25,25,25,25,25,25,25,25,25
550201,1,1,1984,25,25,25,25,25,25,25,25,25,25
550202,1,1,1984,7,28,25,29,18,27,12,12,38,23
550203,1,1,1984,0,0,0,0,0,0,0,0,0,0
550203,2,1,1984,0,24,0,0,0,0,0,0,0,0
550205,1,1,1984,21,15,20,0,0,6,16,24,26,22
550206,1,1,1984,17,17,17,17,17,17,17,17,17,17
550206,2,1,1984,0,0,0,0,0,0,0,0,0,0
550207,1,1,1984,27,27,27,27,27,27,27,27,27,27
550208,1,1,1984,14,14,14,14,14,14,14,14,14,14
550209,1,1,1984,25,25,25,25,25,25,25,25,25,25
550210,1,1,1984,19,19,19,19,19,19,19,19,19,19
550211,1,1,1984,22,22,22,22,22,22,22,22,22,22
550212,1,1,1984,20,20,20,20,20,20,20,20,20,20
550213,1,1,1984,18,9,20,10,9,0,36,23,0,6
550213,2,1,1984,0,0,0,0,0,0,0,0,0,0
550214,1,1,1984,0,0,0,0,0,22,0,0,0,0
550214,2,1,1984,0,0,0,0,0,0,0,0,0,0
550215,1,1,1984,9,9,9,9,9,9,9,9,9,9
550215,2,1,1984,0,0,0,0,0,0,0,0,0,0
550216,1,1,1984,17,17,17,17,17,17,17,17,17,17
550217,0,1,1984,0,0,0,0,0,0,0,0,0,0
550217,1,1,1984,0,0,0,0,0,0,0,0,0,0
550218,1,1,1984,0,0,0,0,0,0,0,0,0,0
550218,2,1,1984,0,0,0,0,0,1,0,0,0,0
550219,1,1,1984,16,16,16,16,16,16,16,16,16,16
550220,1,1,1984,0,0,0,0,0,0,0,0,0,0
550220,2,1,1984,0,16,0,0,0,0,0,7,0,0
550220,3,1,1984,0,0,0,0,0,0,0,0,0,0
550220,4,1,1984,0,0,0,0,0,0,0,0,0,0
550221,1,1,1984,0,0,0,0,0,0,0,0,18,0
550222,0,1,1984,0,0,0,0,0,0,0,0,0,0
550222,0,2,1984,0,0,0,0,0,0,0,0,0,0
550222,1,1,1984,0,0,0,0,0,0,0,20,0,0
550223,1,1,1984,0,0,0,0,0,0,0,0,0,0
550224,1,1,1984,19,19,19,19,19,19,19,19,19,19
550225,1,1,1984,0,0,0,0,0,0,0,0,0,0
550226,1,1,1984,11,8,23,0,0,11,6,0,0,17
550227,1,1,1984,0,0,0,0,0,0,0,0,0,0
550228,1,1,1984,17,22,11,27,17,21,24,38,14,13
550229,1,1,1984,4,16,20,16,22,20,7,11,22,0
550230,1,1,1984,23,23,23,23,23,23,23,23,23,23
550231,1,1,1984,13,8,10,13,8,18,8,12,18,7
550232,1,1,1984,0,0,0,0,0,0,0,0,0,0
550233,1,1,1984,0,15,17,9,15,4,19,14,0,13
550234,0,1,1984,35,35,35,35,35,35,35,35,35,35
550234,1,1,1984,0,0,0,0,0,0,0,0,0,0
550235,1,1,1984,21,21,21,21,21,21,21,21,21,21
550236,1,1,1984,19,19,19,19,19,19,19,19,19,19
550237,1,1,1984,0,0,0,0,0,0,0,0,0,0
550238,1,1,1984,18,18,18,18,18,18,18,18,18,18
550239,1,1,1984,0,0,0,0,0,0,0,0,0,0
550239,2,1,1984,0,0,0,0,0,0,0,0,0,0
550240,1,1,1984,33,33,33,33,33,33,33,33,33,33
550241,1,1,1984,13,13,13,13,13,13,13,13,13,13
550242,1,1,1984,18,24,15,23,0,0,0,10,10,25
550243,1,1,1984,4,4,4,4,4,4,4,4,4,4
550243,2,1,1984,7,22,0,8,28,0,9,12,27,0
550244,1,1,1984,13,13,13,13,13,13,13,13,13,13
550245,1,1,1984,0,0,0,0,0,0,0,0,0,0
550245,2,1,1984,11,11,11,11,11,11,11,11,11,11
550246,1,1,1984,10,12,9,14,18,24,18,23,0,16
550247,1,1,1984,0,0,0,0,0,0,0,0,0,0
550247,2,1,1984,0,0,0,0,0,0,0,0,0,0
550248,1,1,1984,0,0,0,0,0,0,0,0,0,0
550248,2,1,1984,0,0,0,0,0,0,0,0,0,0
550249,0,1,1984,0,0,0,0,0,0,0,0,0,0
550249,1,1,1984,0,0,8,0,0,0,0,0,0,0
550250,1,1,1984,15,15,15,15,15,15,15,15,15,15
550251,1,1,1984,0,0,0,0,0,0,0,0,19,0
550251,2,1,1984,0,0,0,0,0,0,0,0,0,0
550251,3,1,1984,0,0,0,15,0,0,0,0,0,0
550252,0,1,1984,0,0,0,0,0,0,0,0,0,0
550252,1,1,1984,11,2,21,11,10,10,26,0,16,3
550253,1,1,1984,19,19,19,19,19,19,19,19,19,19
550253,2,1,1984,0,0,0,0,0,0,0,0,0,0
550254,1,1,1984,0,0,0,0,0,0,0,0,0,0
550254,2,1,1984,0,0,0,0,0,0,0,0,0,0
550254,3,1,1984,0,0,0,0,0,0,0,0,0,0
550255,1,1,1984,0,0,0,0,0,0,0,0,0,0
550256,1,1,1984,24,24,24,24,24,24,24,24,24,24
550257,1,1,1984,0,0,0,0,0,0,0,0,0,0
550257,2,1,1984,19,19,19,19,19,19,19,19,19,19
550258,1,1,1984,0,0,0,0,0,0,0,0,0,0
550258,2,1,1984,0,0,0,0,6,23,0,0,0,0
550259,1,1,1984,18,18,18,18,18,18,18,18,18,18
550259,2,1,1984,5,5,5,5,5,5,5,5,5,5
550260,1,1,1984,35,14,0,0,0,0,0,0,0,0
550261,0,1,1984,0,0,0,0,0,25,0,18,10,0
550261,1,1,1984,25,25,25,25,25,25,25,25,25,25
550262,1,1,1984,7,7,7,7,7,7,7,7,7,7
550263,1,1,1984,0,0,0,0,0,0,0,0,0,0
550264,1,1,1984,0,0,0,0,0,0,0,0,0,0
550264,2,1,1984,0,0,0,0,0,8,0,19,0,7
550265,0,1,1984,0,0,0,0,0,0,0,0,0,0
550265,1,1,1984,0,0,0,0,0,0,0,0,0,0
550266,1,1,1984,22,22,22,22,22,22,22,22,22,22
550267,0,1,1984,0,0,0,0,0,0,0,0,0,0
550267,1,1,1984,0,20,0,0,0,0,10,0,0,6
550268,0,1,1984,0,0,0,0,0,0,0,0,0,0