ST_CASE,VEH_NO,PER_NO,YEAR,P1,P2,P3,P4,P5,P6,P7,P8,P9,P10
550268,1,1,1984,0,0,0,0,0,0,0,0,0,0
550269,1,1,1984,0,0,0,0,0,0,0,0,0,0
550269,2,1,1984,0,0,0,0,0,0,0,0,0,0
550270,1,1,1984,17,0,0,0,0,10,0,0,15,0
550270,2,1,1984,10,0,0,0,6,0,0,0,0,0
550271,1,1,1984,24,24,24,24,24,24,24,24,24,24
550272,1,1,1984,24,24,24,24,24,24,24,24,24,24
550273,1,1,1984,15,15,15,15,15,15,15,15,15,15
550274,1,1,1984,22,22,22,22,22,22,22,22,22,22
550274,2,1,1984,30,30,30,30,30,30,30,30,30,30
550275,1,1,1984,0,0,0,0,0,0,0,0,0,0
550276,1,1,1984,0,0,0,0,0,0,0,0,0,0
550276,2,1,1984,0,0,0,0,0,30,0,18,0,0
550277,0,1,1984,0,0,0,0,0,0,0,0,0,0
550277,1,1,1984,0,0,0,0,0,0,0,0,0,0
550278,1,1,1984,0,0,0,0,0,0,0,0,0,0
550278,2,1,1984,9,9,9,9,9,9,9,9,9,9
550279,1,1,1984,0,0,14,0,0,19,0,0,0,0
550279,2,1,1984,0,0,0,0,0,0,0,0,0,0
550280,1,1,1984,0,0,0,0,0,0,0,0,0,0
550281,1,1,1984,0,0,0,0,0,0,0,0,0,0
550281,2,1,1984,0,0,0,0,0,0,0,0,0,0
550282,1,1,1984,0,0,0,0,0,0,0,0,0,0
550282,2,1,1984,0,27,8,11,18,0,16,7,16,11
550283,1,1,1984,27,0,0,0,0,0,22,10,0,0
550283,2,1,1984,0,0,0,0,0,0,0,0,0,0
550284,1,1,1984,0,0,0,0,0,0,0,0,0,0
550285,1,1,1984,0,0,0,0,0,8,0,0,0,0
550285,2,1,1984,0,0,0,0,0,0,0,0,0,0
550286,0,1,1984,4,4,4,4,4,4,4,4,4,4
550286,1,1,1984,25,25,25,25,25,25,25,25,25,25
550287,1,1,1984,0,9,7,24,0,18,0,0,19,11
550288,1,1,1984,27,27,27,27,27,27,27,27,27,27
550288,2,1,1984,10,10,10,10,10,10,10,10,10,10
550289,1,1,1984,23,23,23,23,23,23,23,23,23,23
550290,1,1,1984,24,26,11,0,0,34,0,7,0,0
550290,2,1,1984,0,0,0,0,0,0,0,0,0,0
550291,1,1,1984,26,26,26,26,26,26,26,26,26,26
550292,1,1,1984,19,19,19,19,19,19,19,19,19,19
550293,1,1,1984,0,0,0,0,0,0,0,0,0,0
550293,2,1,1984,0,0,0,0,0,0,0,0,0,0
550294,1,1,1984,18,18,18,18,18,18,18,18,18,18
550295,1,1,1984,0,0,0,10,0,0,0,0,0,0
550295,2,1,1984,0,0,0,0,0,0,0,0,0,0
550296,1,1,1984,0,0,0,0,0,0,0,0,0,0
550296,2,1,1984,0,0,0,0,0,0,0,0,0,0
550296,3,1,1984,0,0,0,0,0,0,0,0,0,0
550297,1,1,1984,10,10,10,10,10,10,10,10,10,10
550297,2,1,1984,8,8,8,8,8,8,8,8,8,8
550298,1,1,1984,0,0,0,13,16,0,0,0,0,0
550298,2,1,1984,0,0,0,0,14,0,0,0,0,0
550299,0,1,1984,3,3,3,3,3,3,3,3,3,3
550299,0,2,1984,2,2,2,2,2,2,2,2,2,2
550299,0,3,1984,0,0,0,0,0,0,0,0,0,0
550299,1,1,1984,17,17,17,17,17,17,17,17,17,17
550300,1,1,1984,0,0,0,0,0,0,0,0,0,0
550301,1,1,1984,0,0,0,0,24,0,0,0,0,0
550301,2,1,1984,0,0,0,0,0,0,0,0,0,0
550301,3,1,1984,0,0,0,0,0,0,0,0,0,23
550301,4,1,1984,15,0,0,0,14,0,11,0,0,0
550301,5,1,1984,0,0,7,0,0,0,0,0,0,8
550302,1,1,1984,0,0,0,0,0,0,0,0,0,0
550302,2,1,1984,0,0,0,0,0,0,0,0,0,0
550303,1,1,1984,20,20,20,20,20,20,20,20,20,20
550304,1,1,1984,3,3,3,3,3,3,3,3,3,3
550305,0,1,1984,0,11,0,19,0,0,0,18,0,6
550305,1,1,1984,18,18,18,18,18,18,18,18,18,18
550306,1,1,1984,19,19,19,19,19,19,19,19,19,19
550307,1,1,1984,3,3,3,3,3,3,3,3,3,3
550307,2,1,1984,0,0,0,19,0,0,0,0,0,0
550308,1,1,1984,0,0,0,0,0,0,0,0,0,0
550308,2,1,1984,0,0,0,0,0,0,0,0,0,0
550309,1,1,1984,12,12,12,12,12,12,12,12,12,12
550310,1,1,1984,17,17,17,17,17,17,17,17,17,17
550311,1,1,1984,9,9,9,9,9,9,9,9,9,9
550311,2,1,1984,0,0,0,0,0,0,0,0,0,0
550312,1,1,1984,11,11,11,11,11,11,11,11,11,11
550313,1,1,1984,12,12,12,12,12,12,12,12,12,12
550314,0,1,1984,21,21,21,21,21,21,21,21,21,21
550314,1,1,1984,36,9,21,17,16,4,0,12,25,22
550315,1,1,1984,0,0,0,0,0,0,0,0,0,0
550315,2,1,1984,0,0,0,0,0,0,0,0,0,0
550316,1,1,1984,22,22,22,22,22,22,22,22,22,22
550317,1,1,1984,0,0,0,0,0,0,0,0,0,0
550318,1,1,1984,0,0,0,0,0,0,0,0,0,0
550319,1,1,1984,0,0,0,0,0,0,0,0,0,0
550320,1,1,1984,23,23,23,23,23,23,23,23,23,23
550321,1,1,1984,0,9,13,0,0,0,13,0,14,0
550321,2,1,1984,0,0,0,0,0,0,0,0,0,0
550321,3,1,1984,4,0,0,20,0,0,0,0,0,0
550322,1,1,1984,15,15,15,15,15,15,15,15,15,15
550323,1,1,1984,29,29,29,29,29,29,29,29,29,29
550323,2,1,1984,22,12,0,0,6,5,10,1,15,15
550324,1,1,1984,11,11,11,11,11,11,11,11,11,11
550325,0,1,1984,17,17,17,17,17,17,17,17,17,17
550325,1,1,1984,8,8,8,8,8,8,8,8,8,8
550326,1,1,1984,0,0,0,0,0,0,0,0,0,0
550327,1,1,1984,10,10,10,10,10,10,10,10,10,10
550327,2,1,1984,0,0,0,0,0,0,0,0,0,0
550328,1,1,1984,0,17,9,0,15,0,0,12,5,23
550329,1,1,1984,22,22,22,22,22,22,22,22,22,22
550330,0,1,1984,10,10,10,10,10,10,10,10,10,10
550330,1,1,1984,0,23,13,9,3,0,0,0,0,0
550331,0,1,1984,23,23,23,23,23,23,23,23,23,23
550331,1,1,1984,19,11,15,12,11,11,12,20,27,15
550332,1,1,1984,22,22,22,22,22,22,22,22,22,22
550333,1,1,1984,20,20,20,20,20,20,20,20,20,20
550334,1,1,1984,13,13,13,13,13,13,13,13,13,13
550335,1,1,1984,12,23,13,15,6,10,4,9,22,0
550336,1,1,1984,8,8,8,8,8,8,8,8,8,8
550336,2,1,1984,2,2,2,2,2,2,2,2,2,2
550337,1,1,1984,20,20,20,20,20,20,20,20,20,20
550338,1,1,1984,15,15,15,15,15,15,15,15,15,15
550339,1,1,1984,0,0,0,0,0,0,0,0,0,0
550340,1,1,1984,8,8,8,8,8,8,8,8,8,8
550340,2,1,1984,11,13,5,2,9,12,9,0,0,12
550341,1,1,1984,0,0,0,0,0,0,0,0,0,0
550342,1,1,1984,0,0,0,0,0,0,0,0,0,0
550342,2,1,1984,0,0,0,0,0,0,0,0,0,0
550343,1,1,1984,0,0,0,0,0,0,0,0,0,0
550343,2,1,1984,0,0,0,0,0,0,0,0,0,0
550344,0,1,1984,0,0,0,0,0,0,0,0,0,0
550344,1,1,1984,0,0,0,0,0,0,0,0,0,0
550345,1,1,1984,0,0,0,0,0,0,0,0,0,0
550345,2,1,1984,0,0,0,0,0,0,0,0,0,0
550346,1,1,1984,0,0,0,0,0,0,0,0,0,0
550346,2,1,1984,0,0,0,0,0,0,0,0,0,0
550347,0,1,1984,0,0,0,0,0,0,0,0,0,0
550347,1,1,1984,0,0,0,0,4,0,0,0,0,0
550348,1,1,1984,0,25,5,21,5,9,3,11,0,13
550348,2,1,1984,0,0,0,0,0,0,0,0,0,0
550348,3,1,1984,0,0,0,0,0,0,0,0,0,0
550349,1,1,1984,0,0,0,0,0,0,0,0,0,0
550349,2,1,1984,0,0,0,0,0,0,0,0,0,0
550349,3,1,1984,0,0,0,0,0,0,0,0,0,0
550350,1,1,1984,0,0,0,0,0,0,0,0,0,0
550350,2,1,1984,0,0,0,50,0,0,0,0,0,0
550351,1,1,1984,26,26,26,26,26,26,26,26,26,26
550352,1,1,1984,0,25,9,0,15,18,0,0,10,0
550353,1,1,1984,19,19,19,19,19,19,19,19,19,19
550354,1,1,1984,0,0,0,0,0,0,0,0,0,0
550354,2,1,1984,0,0,0,0,0,0,0,0,0,0
550355,1,1,1984,30,30,30,30,30,30,30,30,30,30
550356,1,1,1984,0,0,0,0,0,0,24,0,0,0
550356,2,1,1984,0,0,0,0,0,0,0,0,8,0
550357,1,1,1984,0,0,0,0,0,0,0,0,0,0
550358,0,1,1984,0,10,37,0,0,12,29,0,31,6
550358,1,1,1984,0,40,13,14,16,3,10,8,10,8
550359,1,1,1984,0,0,0,0,0,0,0,0,0,0
550359,2,1,1984,0,0,0,0,0,0,0,0,0,0
550360,1,1,1984,17,17,17,17,17,17,17,17,17,17
550361,1,1,1984,15,15,15,15,15,15,15,15,15,15
550362,1,1,1984,0,0,15,25,0,22,0,0,0,0
550363,0,1,1984,0,0,0,0,0,0,0,0,0,0
550363,1,1,1984,0,0,0,0,0,0,0,0,0,0
550364,1,1,1984,11,11,11,11,11,11,11,11,11,11
550364,2,1,1984,0,0,0,0,0,0,0,0,0,0
550365,1,1,1984,0,0,0,0,0,0,0,0,0,13
550365,2,1,1984,0,0,0,0,0,0,0,0,0,0
550366,1,1,1984,20,20,20,20,20,20,20,20,20,20
550367,1,1,1984,0,0,0,0,0,0,0,0,0,0
550367,2,1,1984,0,0,0,0,0,21,0,0,0,0
550368,1,1,1984,18,18,18,18,18,18,18,18,18,18
550369,1,1,1984,0,0,12,0,0,0,0,0,9,0
550370,1,1,1984,8,8,8,8,8,8,8,8,8,8
550371,1,1,1984,23,23,23,23,23,23,23,23,23,23
550371,2,1,1984,0,0,0,0,0,0,0,0,0,0
550372,1,1,1984,0,0,0,0,0,0,0,0,0,8
550373,1,1,1984,28,28,28,28,28,28,28,28,28,28
550374,1,1,1984,17,17,17,17,17,17,17,17,17,17
550375,1,1,1984,0,15,13,24,7,5,17,4,32,18
550375,2,1,1984,0,6,5,7,16,11,4,6,9,12
550376,1,1,1984,0,0,0,0,0,0,0,0,0,0
550376,2,1,1984,9,9,9,9,9,9,9,9,9,9
550377,1,1,1984,0,0,20,0,0,15,0,0,0,0
550377,2,1,1984,0,0,6,0,0,7,0,0,0,0
550378,1,1,1984,28,28,28,28,28,28,28,28,28,28
550379,1,1,1984,0,0,0,6,0,18,0,0,0,12
550380,1,1,1984,33,19,25,9,26,15,9,31,31,3
550381,1,1,1984,0,0,0,0,0,0,0,0,0,0
550382,1,1,1984,0,0,0,0,0,0,0,17,0,0
550382,2,1,1984,0,0,0,0,0,0,0,0,0,0
550383,0,1,1984,0,0,0,0,0,0,0,0,0,0
550383,1,1,1984,0,0,0,0,0,0,0,0,0,0
550384,0,1,1984,21,11,27,0,0,0,20,56,18,12
550384,1,1,1984,0,0,0,0,0,0,0,0,0,0
550385,1,1,1984,0,0,0,0,0,0,0,0,0,0
550385,2,1,1984,23,23,23,23,23,23,23,23,23,23
550386,1,1,1984,0,0,0,0,0,10,0,21,0,0
550387,1,1,1984,20,20,20,20,20,20,20,20,20,20
550388,1,1,1984,14,14,14,14,14,14,14,14,14,14
550389,0,1,1984,0,0,0,0,0,0,0,0,0,0
550389,1,1,1984,0,0,0,0,0,0,0,0,0,4
550390,1,1,1984,7,14,30,14,28,10,24,11,6,20
550391,1,1,1984,10,10,10,10,10,10,10,10,10,10
550391,2,1,1984,0,0,0,0,0,0,0,0,0,0
550392,0,1,1984,23,17,23,0,18,0,35,12,10,20
550392,1,1,1984,0,0,0,0,0,0,0,0,0,0
550393,1,1,1984,0,0,0,0,0,0,0,0,0,0
550393,2,1,1984,0,0,0,0,0,0,0,0,0,0
550394,1,1,1984,20,20,20,20,20,20,20,20,20,20
550394,2,1,1984,0,0,0,0,0,0,0,0,0,0
550394,3,1,1984,0,0,0,0,0,0,0,0,0,0
550395,1,1,1984,6,22,20,7,20,12,12,4,0,10
550395,2,1,1984,0,0,0,0,0,0,0,0,0,0
550396,1,1,1984,0,0,0,0,0,0,0,0,0,0
550397,1,1,1984,5,21,17,29,13,13,18,25,12,8
550397,2,1,1984,21,8,19,24,14,13,26,14,21,24
550398,1,1,1984,0,0,0,0,0,0,0,0,0,0
550399,1,1,1984,0,0,0,0,0,0,0,0,0,0
550399,2,1,1984,0,0,0,0,0,0,0,0,0,0
550399,3,1,1984,0,0,17,0,0,0,0,0,0,0
550400,1,1,1984,25,12,11,17,25,8,15,3,8,13
550400,2,1,1984,8,8,8,8,8,8,8,8,8,8
550401,1,1,1984,0,0,0,0,0,0,0,0,0,0
550402,0,1,1984,0,0,0,0,0,0,0,0,0,0
550402,1,1,1984,0,0,0,0,0,0,0,0,0,0
550403,0,1,1984,26,7,9,6,26,9,23,33,22,0
550403,1,1,1984,16,34,0,3,29,24,16,0,21,0
550404,1,1,1984,21,21,21,21,21,21,21,21,21,21
550405,1,1,1984,10,10,10,10,10,10,10,10,10,10
550406,1,1,1984,34,18,8,21,8,25,20,26,10,11
550407,1,1,1984,0,0,0,0,0,0,0,0,0,0
550407,2,1,1984,0,0,0,0,0,0,0,0,0,0
550408,1,1,1984,20,20,20,20,20,20,20,20,20,20
550409,1,1,1984,22,22,22,22,22,22,22,22,22,22
550410,0,1,1984,0,0,0,0,0,0,0,20,0,0
550410,1,1,1984,0,0,0,0,0,14,0,0,0,0
550411,1,1,1984,6,6,6,6,6,6,6,6,6,6
550412,1,1,1984,22,22,22,22,22,22,22,22,22,22
550412,2,1,1984,14,14,14,14,14,14,14,14,14,14
550413,0,1,1984,0,0,0,0,0,0,0,0,0,0
550413,1,1,1984,8,10,15,7,9,17,13,14,0,8
550414,1,1,1984,0,0,0,0,0,0,0,0,0,0
550414,2,1,1984,1,1,1,1,1,1,1,1,1,1
550415,1,1,1984,13,13,13,13,13,13,13,13,13,13
550415,2,1,1984,0,0,0,0,0,0,0,0,0,0
550416,1,1,1984,0,0,0,0,0,0,0,0,0,0
550416,2,1,1984,0,0,0,0,0,6,0,0,0,0
550417,0,1,1984,21,21,21,21,21,21,21,21,21,21
550417,1,1,1984,0,0,0,10,0,0,0,0,0,0
550418,1,1,1984,19,19,19,19,19,19,19,19,19,19
550418,2,1,1984,0,0,0,0,0,7,0,0,0,0
550419,1,1,1984,14,14,14,14,14,14,14,14,14,14
550419,2,1,1984,25,25,25,25,25,25,25,25,25,25
550420,1,1,1984,0,0,0,0,0,0,0,0,0,0
550420,2,2,1984,0,0,0,9,0,0,0,11,0,0
550421,1,1,1984,0,9,0,15,0,0,0,0,4,0
550421,2,1,1984,0,0,0,0,0,0,0,0,0,0
550422,1,1,1984,20,20,20,20,20,20,20,20,20,20
550422,2,1,1984,0,11,0,3,16,29,3,17,15,12
550423,1,1,1984,14,14,14,14,14,14,14,14,14,14
550424,0,1,1984,0,0,0,0,0,0,0,0,0,0
550424,1,1,1984,20,6,6,24,21,8,2,17,20,19
550425,1,1,1984,32,32,32,32,32,32,32,32,32,32
550426,0,1,1984,15,15,15,15,15,15,15,15,15,15
550426,1,1,1984,5,4,6,13,13,7,15,10,11,10
550427,1,1,1984,15,33,21,26,13,13,0,9,18,17
550427,2,1,1984,0,0,0,0,0,0,0,0,0,0
550428,1,1,1984,11,11,11,11,11,11,11,11,11,11
550429,1,1,1984,11,0,0,16,0,0,0,0,0,0
550429,2,1,1984,0,0,0,0,0,0,0,0,0,0
550430,1,1,1984,21,21,21,21,21,21,21,21,21,21
550431,1,1,1984,0,0,0,0,0,0,0,0,0,0
550431,2,1,1984,0,0,0,0,0,0,0,0,0,0
550432,1,1,1984,8,8,8,8,8,8,8,8,8,8
550432,2,1,1984,5,5,5,5,5,5,5,5,5,5
550433,1,1,1984,0,22,0,17,13,16,21,14,24,16
550434,1,1,1984,15,15,15,15,15,15,15,15,15,15
550434,2,1,1984,0,0,0,0,0,0,0,0,0,0
550435,1,1,1984,23,23,23,23,23,23,23,23,23,23
550436,1,1,1984,0,0,0,0,0,0,0,0,0,0
550436,2,1,1984,8,8,8,8,8,8,8,8,8,8
550437,1,1,1984,25,25,25,25,25,25,25,25,25,25
550438,1,1,1984,14,14,14,14,14,14,14,14,14,14
550440,1,1,1984,0,0,0,0,0,0,0,0,0,0
550440,2,1,1984,0,0,0,0,0,0,0,0,0,0
550441,1,1,1984,12,12,12,12,12,12,12,12,12,12
550441,2,1,1984,0,0,0,0,0,0,0,0,0,0
550442,1,1,1984,28,28,28,28,28,28,28,28,28,28
550442,2,1,1984,13,12,14,17,34,24,5,15,0,15
550443,1,1,1984,8,5,10,29,10,23,27,13,21,10
550444,1,1,1984,19,19,19,19,19,19,19,19,19,19
550445,1,1,1984,19,19,19,19,19,19,19,19,19,19
550445,2,1,1984,6,5,9,20,0,10,15,8,6,14
550446,1,1,1984,0,0,0,0,0,0,0,0,0,0
550446,2,1,1984,0,0,0,0,9,0,0,0,0,18
550447,1,1,1984,30,30,30,30,30,30,30,30,30,30
550448,1,1,1984,0,0,0,0,0,0,0,0,0,0
550448,2,1,1984,17,0,0,0,0,0,0,0,0,0
550449,1,1,1984,13,0,43,20,0,8,13,20,20,13
550450,1,1,1984,6,15,16,0,0,7,11,0,18,12
550451,1,1,1984,0,0,0,0,0,0,0,0,0,0
550451,2,1,1984,0,0,0,0,0,0,0,0,0,0
550452,0,1,1984,0,0,0,19,0,0,0,13,0,0
550452,1,1,1984,0,0,0,0,0,18,0,0,0,0
550453,1,1,1984,0,0,0,0,0,0,0,0,0,0
550453,2,1,1984,0,0,0,0,0,0,0,0,0,0
550453,3,1,1984,0,0,0,14,15,12,11,17,16,16
550454,1,1,1984,5,10,10,9,13,10,22,11,5,13
550454,2,1,1984,5,32,9,5,3,5,19,9,20,7
550455,0,1,1984,25,25,25,25,25,25,25,25,25,25
550455,1,1,1984,13,13,13,13,13,13,13,13,13,13
550456,1,1,1984,0,0,0,0,0,0,0,0,0,0
550456,2,1,1984,0,0,0,0,0,20,0,0,0,0
550457,1,1,1984,0,0,0,0,0,0,0,0,0,0
550457,2,1,1984,0,0,0,0,0,0,0,0,0,0
550458,1,1,1984,0,0,0,0,0,0,0,0,0,0
550458,2,1,1984,0,0,0,0,0,0,0,0,0,0
550459,1,1,1984,0,0,0,0,0,0,0,0,0,0
550459,2,1,1984,0,0,0,0,0,0,0,0,0,0
550460,1,1,1984,21,21,21,21,21,21,21,21,21,21
550461,1,1,1984,14,14,14,14,14,14,14,14,14,14
550462,1,1,1984,37,37,37,37,37,37,37,37,37,37
550463,1,1,1984,12,12,12,12,12,12,12,12,12,12
550465,1,1,1984,7,7,7,7,7,7,7,7,7,7
550466,1,1,1984,3,3,3,3,3,3,3,3,3,3
550467,1,1,1984,0,0,0,0,0,0,0,0,0,0
550467,2,1,1984,0,0,0,0,0,0,0,0,0,0
550468,1,1,1984,15,12,18,15,15,5,9,21,17,13
550469,1,1,1984,0,0,0,0,0,0,0,0,0,0
550469,2,1,1984,0,0,0,0,0,0,0,0,3,0
550470,1,1,1984,0,0,0,0,0,0,0,0,0,0
550471,0,1,1984,0,0,0,0,0,0,0,0,0,0
550471,1,1,1984,0,0,0,0,0,0,0,0,0,0
550472,1,1,1984,0,0,0,0,0,0,0,0,0,0
550472,2,1,1984,0,0,0,0,0,0,0,0,0,0
550473,1,1,1984,0,0,0,0,0,0,0,0,0,0
550473,2,1,1984,0,0,0,0,0,0,0,16,0,0
550474,0,1,1984,21,21,21,21,21,21,21,21,21,21
550474,1,1,1984,6,15,9,0,9,20,16,7,7,20
550475,1,1,1984,21,21,21,21,21,21,21,21,21,21
550476,1,1,1984,0,0,0,0,0,0,0,0,16,0
550477,1,1,1984,0,0,0,0,0,0,0,0,0,0
550477,2,1,1984,9,0,0,0,0,0,0,13,25,0
550478,1,1,1984,24,24,24,24,24,24,24,24,24,24
550479,1,1,1984,23,23,23,23,23,23,23,23,23,23
550480,1,1,1984,24,0,0,0,0,0,0,0,0,0
550481,1,1,1984,25,25,25,25,25,25,25,25,25,25
550482,1,1,1984,24,24,24,24,24,24,24,24,24,24
550483,1,1,1984,0,0,0,0,0,0,20,0,0,0
550484,1,1,1984,19,19,19,19,19,19,19,19,19,19
550485,1,1,1984,0,0,0,0,0,0,0,0,0,0
550485,2,1,1984,0,0,0,0,0,0,0,0,0,0
550486,0,1,1984,6,6,6,6,6,6,6,6,6,6
550486,1,1,1984,31,7,31,4,14,11,5,6,0,22
550487,1,1,1984,21,21,21,21,21,21,21,21,21,21
550488,1,1,1984,26,0,18,0,0,0,0,0,0,12
550488,2,1,1984,0,0,0,0,0,17,0,23,0,0
550489,1,1,1984,22,22,22,22,22,22,22,22,22,22
550490,1,1,1984,0,0,0,0,0,0,0,0,0,0
550491,1,1,1984,3,6,0,16,21,5,0,0,10,16
550491,2,1,1984,14,14,14,14,14,14,14,14,14,14
550492,0,1,1984,0,0,0,0,0,0,0,0,0,0
550492,1,1,1984,2,2,2,2,2,2,2,2,2,2
550493,1,1,1984,0,0,23,27,0,10,8,18,18,13
550494,0,1,1984,12,19,13,26,20,20,32,10,0,0
550494,1,1,1984,0,0,0,0,0,2,0,0,0,0
550495,0,1,1984,0,0,12,0,13,0,1,0,0,0
550495,1,1,1984,15,15,15,15,15,15,15,15,15,15
550496,0,1,1984,0,0,0,0,0,0,0,0,0,0
550496,1,1,1984,0,0,0,0,0,0,0,0,0,0
550497,0,1,1984,0,31,38,0,14,21,0,12,8,0
550497,1,1,1984,26,26,26,26,26,26,26,26,26,26
550498,1,1,1984,0,0,0,0,0,0,0,0,0,0
550499,1,1,1984,30,30,30,30,30,30,30,30,30,30
550500,1,1,1984,13,13,13,13,13,13,13,13,13,13
550501,1,1,1984,0,0,0,0,0,0,0,0,0,0
550502,1,1,1984,6,6,6,6,6,6,6,6,6,6
550503,1,1,1984,7,10,17,5,21,28,19,6,11,13
550503,2,1,1984,10,10,10,10,10,10,10,10,10,10
550504,1,1,1984,5,5,5,5,5,5,5,5,5,5
550504,2,1,1984,0,0,0,0,0,0,0,0,5,0
550505,1,1,1984,0,0,0,0,23,0,0,0,8,0
550505,2,1,1984,4,20,0,0,0,0,0,0,18,19
550506,1,1,1984,0,0,0,0,0,0,0,0,0,0
550506,2,1,1984,0,0,0,0,0,0,0,0,0,0
550506,3,1,1984,0,0,0,0,0,0,0,0,0,0
550506,4,1,1984,0,0,0,0,0,0,0,19,0,0
550506,5,1,1984,0,0,0,0,0,0,0,0,0,15
550507,0,1,1984,0,0,0,0,0,0,0,0,0,0
550507,1,1,1984,16,10,3,20,12,16,11,0,7,17
550508,1,1,1984,0,0,0,0,0,16,0,0,0,0
550508,2,1,1984,0,0,25,0,4,0,0,0,0,0
550509,0,1,1984,0,0,0,0,0,0,0,0,0,6
550509,1,1,1984,0,0,0,0,0,0,0,0,0,0
550510,1,1,1984,8,20,3,23,7,33,17,16,25,0
550511,1,1,1984,0,0,0,0,0,0,0,7,0,0
550511,2,1,1984,0,0,0,0,0,10,0,0,0,0
550512,1,1,1984,16,16,16,16,16,16,16,16,16,16
550513,0,1,1984,0,0,0,0,0,0,0,0,0,0
550513,1,1,1984,16,0,0,6,0,0,14,0,20,0
550514,1,1,1984,0,0,0,0,0,0,0,0,0,0
550514,2,1,1984,0,0,0,15,15,0,0,0,0,0
550515,1,1,1984,11,16,14,11,14,7,18,16,14,17
550515,2,1,1984,0,0,0,0,0,0,0,0,0,0
550516,1,1,1984,27,27,27,27,27,27,27,27,27,27
550517,1,1,1984,0,0,0,0,0,0,0,0,0,0
550518,1,1,1984,38,38,38,38,38,38,38,38,38,38
550519,0,1,1984,23,23,23,23,23,23,23,23,23,23
550519,1,1,1984,7,7,7,7,7,7,7,7,7,7
550520,1,1,1984,0,0,0,0,0,0,0,0,0,0
550520,2,1,1984,0,0,0,0,0,0,0,0,0,0
550521,1,1,1984,15,15,15,15,15,15,15,15,15,15
550522,1,1,1984,14,14,14,14,14,14,14,14,14,14
550522,2,1,1984,18,19,7,14,29,10,27,20,11,18
550523,1,1,1984,0,0,0,0,0,0,0,0,0,0
550523,2,1,1984,0,0,0,0,0,0,0,0,0,0
550524,1,1,1984,22,22,22,22,22,22,22,22,22,22
550525,1,1,1984,14,0,0,0,0,13,17,17,11,37
550526,1,1,1984,13,0,0,0,0,0,0,0,0,0
550526,2,1,1984,0,0,0,0,0,0,0,0,0,0
550527,1,1,1984,20,20,20,20,20,20,20,20,20,20
550528,1,1,1984,0,0,0,0,0,0,0,0,0,0
550528,2,1,1984,0,0,0,0,0,0,0,0,15,0
550529,1,1,1984,0,0,0,0,0,0,0,0,0,0
550529,2,1,1984,0,0,0,0,0,0,0,18,0,0
550530,0,1,1984,0,0,0,0,0,0,0,0,0,0
550530,1,1,1984,0,0,17,8,0,0,0,0,0,17
550531,0,1,1984,0,0,0,0,0,0,0,0,0,0
550531,1,1,1984,0,0,0,0,0,0,0,0,27,11
550532,1,1,1984,0,0,0,0,0,0,0,0,0,0
550533,1,1,1984,0,0,0,0,8,0,0,0,0,0
550534,1,1,1984,0,0,0,0,0,0,0,0,0,0
550534,2,1,1984,0,0,0,0,0,0,0,0,0,0
550535,1,1,1984,28,9,5,9,15,16,10,10,18,23
550536,1,1,1984,4,4,4,4,4,4,4,4,4,4
550536,2,1,1984,0,10,0,0,0,0,0,0,0,0
550537,1,1,1984,23,23,23,23,23,23,23,23,23,23
550538,1,1,1984,14,14,14,14,14,14,14,14,14,14
550539,1,1,1984,0,0,0,0,0,0,0,0,0,0
550539,2,1,1984,0,0,0,0,0,0,0,0,0,0
550540,1,1,1984,16,16,16,16,16,16,16,16,16,16
550541,1,1,1984,20,16,19,6,28,18,14,17,24,20
550542,1,1,1984,0,0,0,0,0,0,0,0,0,0
550542,2,1,1984,0,0,0,0,0,0,0,0,0,0
550543,1,1,1984,31,31,31,31,31,31,31,31,31,31
550544,1,1,1984,0,0,0,0,0,0,0,0,0,0
550544,2,1,1984,0,0,0,0,0,0,0,0,0,0
550545,1,1,1984,0,0,0,0,0,0,0,0,0,0
550545,2,1,1984,0,0,0,0,0,0,0,0,0,0
550546,1,1,1984,0,0,0,0,0,0,0,0,0,0
550546,2,1,1984,15,0,0,0,0,0,0,0,8,0
550547,1,1,1984,0,0,0,0,0,0,0,0,0,0
550547,2,1,1984,0,0,5,0,0,0,0,0,0,0
550547,3,1,1984,0,0,0,0,0,0,0,0,0,0
550548,1,1,1984,0,0,0,0,0,0,0,0,0,0
550548,2,1,1984,0,0,0,0,0,0,0,0,0,0
550549,1,1,1984,29,0,12,0,20,0,0,0,0,0
550550,1,1,1984,0,0,0,0,15,0,0,0,0,13
550551,1,1,1984,0,0,0,0,0,0,0,0,0,0
550551,2,1,1984,0,0,0,0,0,0,0,0,0,0
550552,1,1,1984,0,0,0,0,0,0,0,0,0,11
550553,1,1,1984,20,20,20,20,20,20,20,20,20,20