ST_CASE,VEH_NO,PER_NO,YEAR,P1,P2,P3,P4,P5,P6,P7,P8,P9,P10
550554,1,1,1984,0,14,0,0,0,23,0,3,10,0
550555,1,1,1984,14,0,0,0,0,0,0,0,0,0
550555,2,1,1984,0,0,0,0,0,0,0,0,0,0
550556,1,1,1984,3,3,3,3,3,3,3,3,3,3
550557,1,1,1984,30,30,30,30,30,30,30,30,30,30
550558,1,1,1984,0,0,0,0,0,0,0,0,0,0
550558,2,1,1984,0,0,0,0,0,0,0,0,0,0
550559,0,1,1984,0,0,0,0,0,0,0,0,0,0
550559,1,1,1984,0,0,0,0,0,0,0,0,0,0
550560,1,1,1984,0,7,23,18,23,16,0,9,8,22
550561,1,1,1984,0,0,0,0,0,0,0,0,0,0
550562,1,1,1984,27,27,27,27,27,27,27,27,27,27
550563,1,1,1984,0,0,0,0,0,0,0,0,0,0
550563,2,1,1984,0,0,0,0,0,8,0,0,0,0
550564,0,1,1984,4,4,4,4,4,4,4,4,4,4
550564,1,1,1984,0,37,0,3,11,16,9,41,7,0
550565,0,1,1984,0,0,0,0,0,0,0,0,20,0
550565,1,1,1984,0,0,0,0,0,0,0,0,0,0
550566,1,1,1984,16,0,0,0,0,0,0,0,0,0
550566,2,1,1984,0,8,0,0,0,0,0,0,0,0
550567,1,1,1984,0,0,0,0,0,0,0,0,0,0
550567,2,1,1984,0,0,0,0,12,21,12,13,0,0
550568,1,1,1984,26,26,26,26,26,26,26,26,26,26
550569,1,1,1984,12,12,12,12,12,12,12,12,12,12
550570,1,1,1984,24,24,24,24,24,24,24,24,24,24
550571,1,1,1984,0,16,27,16,28,6,24,20,40,18
550572,1,1,1984,13,13,13,13,13,13,13,13,13,13
550573,1,1,1984,0,0,0,0,0,0,0,0,0,0
550573,2,1,1984,0,0,0,0,0,0,0,0,9,0
550574,1,1,1984,0,0,0,0,0,0,0,0,0,0
550574,2,1,1984,21,21,21,21,21,21,21,21,21,21
550575,1,1,1984,0,0,0,0,0,0,0,15,0,0
550575,2,1,1984,0,0,9,0,0,0,0,17,0,22
550576,1,1,1984,0,0,0,0,0,0,0,0,0,0
550576,2,1,1984,7,7,7,7,7,7,7,7,7,7
550577,1,1,1984,24,24,24,24,24,24,24,24,24,24
550577,2,1,1984,0,0,0,9,0,0,0,0,0,0
550578,1,1,1984,0,0,0,0,0,0,0,0,0,0
550579,1,1,1984,0,0,0,0,0,0,24,0,0,8
550580,1,1,1984,21,12,20,15,16,13,17,8,16,14
550580,2,1,1984,0,0,0,0,0,0,0,0,0,0
550581,1,1,1984,0,0,0,0,0,0,0,0,0,0
550581,2,1,1984,24,0,13,15,15,0,14,26,0,19
550582,1,1,1984,0,0,0,0,0,0,0,0,0,0
550582,2,1,1984,0,0,0,0,0,0,0,0,0,0
550583,1,1,1984,0,0,0,0,0,0,0,0,0,0
550583,2,1,1984,0,11,0,0,0,0,0,0,0,0
550584,1,1,1984,7,7,7,7,7,7,7,7,7,7
550585,1,1,1984,0,0,0,0,0,0,0,0,0,0
550585,2,1,1984,0,0,0,0,0,0,0,0,0,0
550586,1,1,1984,0,0,0,0,0,6,0,15,0,0
550586,2,1,1984,0,0,0,0,0,0,0,0,0,0
550587,1,1,1984,19,19,19,19,19,19,19,19,19,19
550587,2,1,1984,0,0,18,0,7,27,0,0,0,0
550588,1,1,1984,0,0,0,0,0,0,14,0,0,0
550588,2,1,1984,17,17,17,17,17,17,17,17,17,17
550589,1,1,1984,0,0,0,0,0,0,0,0,0,0
550589,2,1,1984,0,0,0,0,0,0,0,0,0,0
550590,1,1,1984,15,15,15,15,15,15,15,15,15,15
550591,1,1,1984,7,7,7,7,7,7,7,7,7,7
550591,2,1,1984,12,0,10,0,0,11,0,16,7,6
550592,0,1,1984,14,14,14,14,14,14,14,14,14,14
550592,1,1,1984,9,27,11,20,15,14,10,15,17,24
550593,1,1,1984,24,24,24,24,24,24,24,24,24,24
550594,1,1,1984,0,0,0,0,0,0,0,0,0,0
550594,2,1,1984,20,15,16,23,0,0,51,0,16,20
550595,1,1,1984,0,0,0,13,0,0,0,0,15,5
550595,2,1,1984,0,14,0,0,9,0,0,0,5,0
550596,1,1,1984,25,25,25,25,25,25,25,25,25,25
550597,0,1,1984,14,14,14,14,14,14,14,14,14,14
550597,1,1,1984,23,23,23,23,23,23,23,23,23,23
550598,1,1,1984,18,18,18,18,18,18,18,18,18,18
550599,1,1,1984,23,23,23,23,23,23,23,23,23,23
550600,1,1,1984,15,15,15,15,15,15,15,15,15,15
550601,1,1,1984,0,17,5,0,0,0,0,0,0,0
550601,2,1,1984,0,0,0,0,0,0,13,0,0,23
550602,1,1,1984,22,22,22,22,22,22,22,22,22,22
550603,1,1,1984,0,0,0,0,0,0,0,0,0,0
550603,2,1,1984,0,0,0,0,0,0,0,0,0,0
550604,1,1,1984,18,25,24,8,13,12,11,16,22,11
550604,2,1,1984,23,23,23,23,23,23,23,23,23,23
550605,1,1,1984,22,22,22,22,22,22,22,22,22,22
550606,1,1,1984,0,0,0,0,0,0,0,0,0,0
550607,1,1,1984,21,21,21,21,21,21,21,21,21,21
550608,1,1,1984,0,0,0,0,0,0,0,0,0,0
550609,1,1,1984,12,12,12,12,12,12,12,12,12,12
550609,2,1,1984,0,0,0,0,0,0,0,0,0,0
550610,1,1,1984,0,0,0,0,0,0,0,0,0,0
550611,1,1,1984,23,23,23,23,23,23,23,23,23,23
550612,1,1,1984,23,23,23,23,23,23,23,23,23,23
550613,1,1,1984,10,10,10,10,10,10,10,10,10,10
550613,2,1,1984,0,0,0,0,0,0,0,0,0,0
550614,1,1,1984,6,6,6,6,6,6,6,6,6,6
550615,1,1,1984,18,18,18,18,18,18,18,18,18,18
550615,2,1,1984,28,28,28,28,28,28,28,28,28,28
550616,1,1,1984,0,0,30,0,0,17,0,0,38,0
550617,0,1,1984,14,20,15,21,33,57,28,17,21,17
550617,0,2,1984,18,14,0,11,31,0,37,7,0,22
550617,1,1,1984,0,0,15,0,10,0,0,0,0,0
550618,1,1,1984,0,0,0,0,0,0,0,0,0,4
550618,2,1,1984,0,0,0,0,0,0,0,0,0,0
550619,1,1,1984,0,0,0,0,0,0,0,0,0,0
550619,2,1,1984,0,0,0,0,0,0,0,0,0,0
550620,1,1,1984,0,0,0,0,0,0,0,0,0,0
550620,2,1,1984,0,0,0,0,0,0,0,0,0,0
550621,1,1,1984,8,0,39,8,18,10,11,16,14,9
550622,1,1,1984,18,18,18,18,18,18,18,18,18,18
550623,0,1,1984,0,0,0,0,0,0,0,0,0,0
550623,1,1,1984,0,0,0,0,0,0,0,0,0,0
550624,1,1,1984,0,0,0,0,0,0,0,0,0,0
550624,2,1,1984,0,0,0,0,0,0,0,0,0,0
550625,1,1,1984,0,0,0,0,0,0,0,0,0,0
550625,2,1,1984,0,0,0,0,0,8,0,0,0,0
550626,0,1,1984,0,0,0,0,0,0,0,0,0,0
550626,1,1,1984,13,4,27,10,22,0,20,11,12,14
550627,1,1,1984,18,10,23,24,23,16,26,11,5,26
550628,0,1,1984,0,0,0,0,0,0,0,0,0,0
550628,1,1,1984,0,0,0,0,0,0,0,0,0,0
550629,1,1,1984,30,15,17,13,21,21,10,15,16,10
550630,0,1,1984,0,0,0,0,10,18,0,0,0,0
550630,1,1,1984,0,0,0,0,0,0,0,0,0,0
550630,2,1,1984,0,0,0,0,0,0,0,0,0,0
550631,0,1,1984,6,6,6,6,6,6,6,6,6,6
550631,1,1,1984,0,0,0,0,0,0,15,0,0,3
550632,1,1,1984,15,9,12,7,10,0,3,17,9,2
550632,2,1,1984,19,10,0,16,0,15,0,12,17,0
550633,1,1,1984,0,0,17,14,0,0,0,9,6,0
550633,2,1,1984,22,22,22,22,22,22,22,22,22,22
550634,1,1,1984,23,23,23,23,23,23,23,23,23,23
550634,2,1,1984,20,20,20,20,20,20,20,20,20,20
550635,1,1,1984,0,0,0,0,0,0,0,0,0,0
550635,2,1,1984,5,0,0,12,0,0,0,0,0,24
550636,1,1,1984,0,0,0,0,0,0,0,0,0,0
550636,2,1,1984,0,0,0,0,0,0,0,0,0,0
550637,1,1,1984,5,5,5,5,5,5,5,5,5,5
550638,1,1,1984,30,30,30,30,30,30,30,30,30,30
550639,1,1,1984,0,0,0,0,0,31,0,0,0,0
550640,0,1,1984,19,19,19,19,19,19,19,19,19,19
550640,1,1,1984,0,0,0,0,0,0,0,0,0,0
550641,1,1,1984,0,0,0,0,7,0,0,0,0,12
550642,1,1,1984,9,0,0,0,0,0,0,0,0,0
550642,2,1,1984,0,0,0,0,0,0,0,0,0,0
550643,1,1,1984,0,0,0,0,0,0,0,0,0,0
550643,2,1,1984,0,0,0,0,0,0,6,0,17,0
550644,1,1,1984,0,0,0,0,0,0,0,0,0,0
550645,1,1,1984,17,23,22,21,0,15,11,6,31,6
550645,2,1,1984,18,0,17,6,0,21,12,18,14,22
550646,1,1,1984,20,13,19,16,9,12,10,23,3,0
550647,1,1,1984,0,0,0,0,0,0,0,0,0,0
550648,1,1,1984,4,4,4,4,4,4,4,4,4,4
550649,1,1,1984,25,25,25,25,25,25,25,25,25,25
550650,1,1,1984,0,0,0,0,0,0,0,0,0,0
550650,2,1,1984,16,0,0,0,0,0,0,0,0,0
550651,1,2,1984,0,0,0,0,0,0,0,0,0,0
550651,2,1,1984,0,0,0,0,0,0,0,0,0,0
550652,1,1,1984,15,15,15,15,15,15,15,15,15,15
550653,1,1,1984,0,0,0,0,0,3,0,0,0,0
550653,2,1,1984,0,0,0,0,0,0,0,0,0,0
550654,1,1,1984,13,13,13,13,13,13,13,13,13,13
550655,1,1,1984,4,4,4,4,4,4,4,4,4,4
550656,1,1,1984,14,14,14,14,14,14,14,14,14,14
550656,2,1,1984,5,8,20,12,10,18,6,6,12,5
550657,1,1,1984,0,0,0,0,0,0,0,0,17,0
550657,2,1,1984,0,0,0,0,0,0,0,0,0,0
550658,0,1,1984,29,29,29,29,29,29,29,29,29,29
550658,1,1,1984,27,27,27,27,27,27,27,27,27,27
550659,1,1,1984,0,0,0,0,0,0,0,0,0,0
550660,1,1,1984,0,0,0,0,0,0,0,0,0,0
550661,1,1,1984,11,11,11,11,11,11,11,11,11,11
550662,1,1,1984,0,0,0,0,0,0,0,0,12,0
550662,2,1,1984,9,18,0,8,0,11,5,11,23,7
550663,1,1,1984,0,0,30,0,11,0,0,0,0,0
550663,2,1,1984,2,0,0,0,0,0,0,0,0,0
550664,1,1,1984,23,0,0,0,0,0,0,0,0,0
550664,2,1,1984,0,0,0,0,0,0,0,0,0,0
550665,1,1,1984,0,0,0,0,0,0,0,0,0,0
550665,2,1,1984,0,0,27,0,0,0,0,0,0,0
550666,0,1,1984,32,32,32,32,32,32,32,32,32,32
550666,1,1,1984,0,0,0,0,0,0,33,0,0,0
550667,1,1,1984,0,0,0,0,0,0,0,0,0,0
550667,2,1,1984,0,0,0,0,0,0,0,0,0,0
550668,1,1,1984,22,22,22,22,22,22,22,22,22,22
550669,1,1,1984,5,5,5,5,5,5,5,5,5,5
550670,1,1,1984,0,0,0,0,0,0,0,0,0,0
550670,2,1,1984,0,0,0,0,0,0,0,0,0,0
550671,1,1,1984,20,20,20,20,20,20,20,20,20,20
550672,1,1,1984,27,27,27,27,27,27,27,27,27,27
550673,1,1,1984,21,15,15,16,14,28,21,24,8,27
550674,1,1,1984,0,0,0,0,0,0,0,0,0,0
550674,2,1,1984,10,10,10,10,10,10,10,10,10,10
550675,1,1,1984,0,0,0,0,0,0,0,0,0,0
550676,1,1,1984,10,0,4,0,0,0,16,28,18,0
550677,1,1,1984,0,0,0,0,0,0,0,0,0,0
550677,2,1,1984,0,0,0,0,0,0,0,0,0,0
550678,1,1,1984,0,0,0,0,0,0,0,0,0,0
550678,2,1,1984,0,0,0,0,0,0,0,0,0,0
550679,1,1,1984,0,0,0,0,0,0,0,19,0,0
550679,2,1,1984,0,0,0,0,0,0,0,0,0,0
550680,1,1,1984,1,1,1,1,1,1,1,1,1,1
550681,1,1,1984,0,0,0,0,0,0,0,0,0,0
550681,2,1,1984,29,21,23,21,17,19,25,16,15,10
550682,1,1,1984,26,26,26,26,26,26,26,26,26,26
550682,2,1,1984,0,0,0,0,0,0,0,0,0,0
550683,1,1,1984,0,0,0,0,0,0,0,0,0,0
550683,2,1,1984,0,0,0,0,0,0,0,0,0,0
550684,1,1,1984,0,0,0,0,0,23,28,30,16,0
550685,1,1,1984,0,0,0,0,0,0,0,0,0,0
550685,2,1,1984,0,0,0,0,0,0,0,0,0,0
550686,1,1,1984,0,0,0,0,0,0,0,0,0,5
550686,2,1,1984,0,0,0,0,0,0,0,0,0,0
550687,1,1,1984,35,35,35,35,35,35,35,35,35,35
550688,1,1,1984,0,0,0,0,0,0,0,0,0,0
550688,2,1,1984,0,0,0,0,0,0,0,0,0,0
550689,1,1,1984,0,0,0,0,0,0,0,0,0,0
550689,2,1,1984,0,0,14,0,0,0,0,0,0,0
550690,0,1,1984,0,18,10,15,0,20,0,16,0,0
550690,1,1,1984,0,0,0,0,0,0,0,14,0,0
550691,1,1,1984,15,15,15,15,15,15,15,15,15,15
550692,1,1,1984,22,22,22,22,22,22,22,22,22,22
550693,0,1,1984,0,0,0,0,0,0,0,0,0,0
550693,1,1,1984,0,0,0,0,35,0,0,0,0,17
550694,1,1,1984,0,0,0,0,0,0,0,0,0,0
550695,1,1,1984,0,0,0,0,0,0,0,0,0,0
550695,2,1,1984,0,0,0,0,0,0,0,0,0,0
550696,1,1,1984,19,19,19,19,19,19,19,19,19,19
550696,2,1,1984,0,0,0,0,0,0,0,0,0,0
550697,1,1,1984,0,0,0,0,0,0,0,0,0,0
550697,2,1,1984,0,0,13,0,24,0,0,14,0,14
550698,0,1,1984,0,0,0,0,0,0,0,0,0,0
550698,1,1,1984,0,0,0,0,0,0,0,0,0,0
550700,0,1,1984,0,9,11,0,0,0,0,28,0,0
550700,1,1,1984,0,0,0,0,0,22,15,0,0,0
550701,1,1,1984,0,0,3,0,0,0,0,0,0,0
550701,2,1,1984,0,0,0,0,0,0,0,0,0,0
550701,3,1,1984,0,0,0,0,0,0,0,0,0,0
550702,1,1,1984,19,19,19,19,19,19,19,19,19,19
550703,1,1,1984,0,0,0,0,0,0,0,0,0,0
550703,2,1,1984,17,0,0,0,0,0,17,11,0,0
550704,1,1,1984,0,0,0,0,0,0,0,0,0,0
550704,2,1,1984,0,0,9,0,0,0,0,0,0,0
550705,1,1,1984,0,0,0,0,0,0,0,0,0,0
550705,2,1,1984,28,28,28,28,28,28,28,28,28,28
550706,1,1,1984,0,19,0,0,0,28,0,0,0,0
550706,2,1,1984,0,0,0,0,0,0,0,0,0,0
550707,1,1,1984,27,0,0,0,11,0,0,0,0,0
550708,0,1,1984,0,0,0,0,0,0,0,0,0,0
550708,1,1,1984,0,0,0,0,0,0,0,0,0,0
550709,0,1,1984,18,18,18,18,18,18,18,18,18,18
550710,1,1,1984,9,9,9,9,9,9,9,9,9,9
560001,1,1,1984,0,7,0,0,0,0,0,0,0,0
560001,2,1,1984,0,0,0,0,0,0,0,0,0,0
560002,1,1,1984,0,0,0,0,0,0,0,16,0,0
560002,2,1,1984,0,0,0,0,0,0,0,0,0,0
560003,1,1,1984,15,15,15,15,15,15,15,15,15,15
560003,2,1,1984,0,0,0,0,0,0,0,0,0,0
560004,1,1,1984,0,0,0,0,0,0,0,0,0,0
560004,2,1,1984,0,0,18,0,0,0,0,0,0,0
560005,1,1,1984,0,0,0,0,0,0,0,0,0,0
560005,2,1,1984,0,0,0,0,0,0,0,0,0,0
560006,1,1,1984,0,0,0,0,0,0,0,0,0,0
560007,1,1,1984,0,0,0,0,0,0,0,0,0,0
560007,2,1,1984,0,0,0,0,8,0,10,0,0,0
560007,3,1,1984,0,0,0,0,0,0,0,0,10,0
560008,0,1,1984,0,0,0,0,0,0,0,0,0,0
560008,1,1,1984,0,0,0,0,0,0,0,0,0,0
560009,1,1,1984,0,20,0,0,0,0,8,0,0,0
560009,2,1,1984,20,0,0,0,0,0,0,0,0,0
560010,1,1,1984,26,26,26,26,26,26,26,26,26,26
560011,1,1,1984,20,20,20,20,20,20,20,20,20,20
560011,2,1,1984,0,0,0,0,0,0,0,0,0,0
560012,1,1,1984,27,27,27,27,27,27,27,27,27,27
560012,2,1,1984,6,1,21,19,23,8,9,5,27,21
560013,1,1,1984,0,0,0,0,0,0,0,0,0,0
560014,1,1,1984,18,18,18,18,18,18,18,18,18,18
560015,1,1,1984,0,0,0,0,0,0,0,0,0,0
560015,2,1,1984,0,0,0,0,0,0,0,0,0,0
560016,1,1,1984,25,25,25,25,25,25,25,25,25,25
560017,1,1,1984,0,0,0,0,0,0,0,0,0,0
560018,1,1,1984,0,0,0,0,0,0,0,0,0,0
560018,2,1,1984,0,0,8,0,0,0,0,0,0,0
560019,1,1,1984,0,0,0,0,0,0,0,5,0,0
560019,2,1,1984,0,0,0,0,0,0,0,0,0,0
560019,3,1,1984,0,0,0,5,13,5,0,23,9,6
560020,1,1,1984,0,0,0,0,0,0,0,0,0,0
560020,2,1,1984,0,0,0,0,0,0,0,0,0,0
560020,3,1,1984,0,0,0,0,0,0,0,0,0,12
560021,1,1,1984,5,5,5,5,5,5,5,5,5,5
560022,1,1,1984,25,25,25,25,25,25,25,25,25,25
560023,1,1,1984,7,7,7,7,7,7,7,7,7,7
560024,1,1,1984,0,0,0,0,0,0,0,0,0,0
560025,1,1,1984,23,23,23,23,23,23,23,23,23,23
560026,1,1,1984,10,23,17,13,5,12,18,2,8,13
560027,1,1,1984,0,0,0,0,0,0,0,0,0,0
560027,2,1,1984,0,0,12,0,0,25,0,0,12,0
560028,1,1,1984,0,0,0,0,0,0,0,0,0,0
560028,2,1,1984,0,0,0,0,0,0,0,0,0,17
560029,1,1,1984,0,0,0,0,0,0,0,0,0,0
560029,2,1,1984,0,14,0,0,7,12,0,0,0,0
560029,3,1,1984,0,0,0,0,0,0,0,0,0,0
560030,1,1,1984,0,0,0,0,0,13,0,0,0,0
560031,1,1,1984,25,25,25,25,25,25,25,25,25,25
560032,1,1,1984,0,0,12,0,0,0,0,0,0,0
560033,1,1,1984,25,25,25,25,25,25,25,25,25,25
560034,1,1,1984,10,10,10,10,10,10,10,10,10,10
560035,1,1,1984,0,0,0,0,0,0,0,0,0,0
560036,1,1,1984,20,20,20,20,20,20,20,20,20,20
560036,2,1,1984,0,0,0,13,0,15,0,0,0,0
560037,1,1,1984,0,0,17,0,0,0,0,0,0,0
560038,1,1,1984,4,4,4,4,4,4,4,4,4,4
560038,2,1,1984,10,10,10,10,10,10,10,10,10,10
560039,1,1,1984,8,8,8,8,8,8,8,8,8,8
560040,1,1,1984,0,0,0,0,0,0,0,0,0,0
560041,1,1,1984,0,0,0,0,0,0,0,0,0,0
560041,2,1,1984,11,11,11,11,11,11,11,11,11,11
560042,1,1,1984,22,22,22,22,22,22,22,22,22,22
560043,1,1,1984,20,20,20,20,20,20,20,20,20,20
560044,1,1,1984,23,23,23,23,23,23,23,23,23,23
560045,1,1,1984,4,4,4,4,4,4,4,4,4,4
560046,1,1,1984,0,0,0,0,0,0,0,0,0,9
560047,1,1,1984,22,22,22,22,22,22,22,22,22,22
560048,0,1,1984,0,0,0,0,0,0,0,0,0,0
560048,1,1,1984,0,0,0,0,0,0,0,0,0,0
560049,1,1,1984,0,0,0,0,0,0,0,0,0,0
560050,1,1,1984,0,0,0,0,0,0,0,0,0,0
560051,1,1,1984,6,6,6,6,6,6,6,6,6,6
560052,1,1,1984,22,22,22,22,22,22,22,22,22,22
560053,1,1,1984,0,0,0,0,0,0,0,0,0,0
560053,2,1,1984,24,24,24,24,24,24,24,24,24,24
560054,1,1,1984,25,17,19,6,24,33,14,0,17,30
560055,1,1,1984,0,0,0,0,0,0,0,0,0,0
560056,1,1,1984,25,25,25,25,25,25,25,25,25,25
560057,1,1,1984,0,0,0,27,0,0,0,0,0,0
560057,2,1,1984,10,10,10,10,10,10,10,10,10,10
560058,1,1,1984,0,0,0,0,10,0,0,0,0,8
560058,2,1,1984,0,0,0,0,0,0,0,0,0,0
560059,1,1,1984,0,0,0,0,0,0,0,0,0,0
560060,1,1,1984,0,0,0,0,0,0,0,0,0,0
560060,2,1,1984,0,0,0,0,0,0,0,0,0,0
560061,1,1,1984,0,0,0,0,0,0,0,0,0,0
560061,2,1,1984,0,0,0,0,0,0,0,0,0,0
560062,1,1,1984,11,11,11,11,11,11,11,11,11,11
560063,1,1,1984,15,15,15,15,15,15,15,15,15,15
560063,2,1,1984,21,51,21,8,0,14,0,0,0,15
560064,1,1,1984,0,0,0,0,0,0,0,0,0,0
560064,2,1,1984,14,14,14,14,14,14,14,14,14,14
560065,1,1,1984,0,0,0,0,0,0,0,0,0,0
560066,1,1,1984,19,19,19,19,19,19,19,19,19,19
560067,1,1,1984,0,0,0,0,0,0,0,0,14,0
560067,2,1,1984,0,0,0,0,0,0,5,0,0,0
560068,1,1,1984,0,0,0,0,0,0,0,0,0,0
560068,2,1,1984,25,25,25,25,25,25,25,25,25,25
560069,1,1,1984,0,0,0,0,0,0,0,0,0,0
560070,1,1,1984,12,12,12,12,12,12,12,12,12,12
560071,1,1,1984,23,23,23,23,23,23,23,23,23,23
560072,1,1,1984,0,0,0,0,0,0,0,0,0,0
560072,2,1,1984,0,0,0,0,0,0,0,0,0,0
560073,1,1,1984,5,5,5,5,5,5,5,5,5,5
560074,1,1,1984,0,0,0,0,0,0,0,0,0,0
560074,2,1,1984,0,0,0,0,0,0,0,0,0,0
560075,1,1,1984,16,16,16,16,16,16,16,16,16,16
560076,0,1,1984,11,11,11,11,11,11,11,11,11,11
560076,1,1,1984,13,13,13,13,13,13,13,13,13,13
560077,1,1,1984,20,20,20,20,20,20,20,20,20,20
560078,1,1,1984,0,0,0,0,0,0,0,0,0,0
560079,1,1,1984,0,0,0,0,0,0,0,0,0,0
560079,2,1,1984,15,15,15,15,15,15,15,15,15,15
560080,1,1,1984,0,0,0,0,0,0,0,0,0,0
560081,0,1,1984,0,0,0,0,0,0,0,0,0,0
560081,1,1,1984,27,18,9,13,5,5,0,16,12,11
560082,1,1,1984,22,22,22,22,22,22,22,22,22,22
560083,1,1,1984,13,13,13,13,13,13,13,13,13,13
560084,1,1,1984,0,0,0,0,0,0,0,0,0,0
560085,1,1,1984,0,0,0,0,0,0,10,0,0,25
560085,2,1,1984,14,14,14,14,14,14,14,14,14,14
560086,1,1,1984,0,0,0,0,0,0,0,0,0,0
560087,1,1,1984,10,14,0,20,23,5,11,18,10,10
560087,2,1,1984,0,0,0,0,0,0,0,0,0,0
560087,3,1,1984,0,0,0,0,0,0,0,0,0,0
560088,1,1,1984,6,6,6,6,6,6,6,6,6,6
560088,2,1,1984,0,0,0,0,0,0,0,0,0,0
560089,1,1,1984,0,0,0,0,0,0,0,0,0,0
560089,2,1,1984,0,0,0,0,0,0,0,0,0,0
560090,1,1,1984,0,17,0,0,0,18,0,0,0,0
560091,1,1,1984,19,19,19,19,19,19,19,19,19,19
560092,1,1,1984,24,24,24,24,24,24,24,24,24,24
560093,1,1,1984,12,12,12,12,12,12,12,12,12,12
560094,1,1,1984,12,12,12,12,12,12,12,12,12,12
560095,1,1,1984,6,6,6,6,6,6,6,6,6,6
560095,2,1,1984,14,14,14,14,14,14,14,14,14,14
560096,1,1,1984,0,0,0,0,0,0,0,0,0,0
560097,1,1,1984,34,0,0,0,0,0,0,27,0,0
560098,1,1,1984,0,0,0,0,0,0,0,0,0,0
560098,2,1,1984,0,0,0,0,0,0,0,0,0,0
560098,3,1,1984,0,0,0,0,0,0,0,0,0,0
560099,1,1,1984,6,6,6,6,6,6,6,6,6,6
560100,1,1,1984,22,22,22,22,22,22,22,22,22,22
560100,2,1,1984,0,0,0,0,0,0,0,0,0,0
560101,1,1,1984,23,23,23,23,23,23,23,23,23,23
560102,1,1,1984,11,11,11,11,11,11,11,11,11,11
560103,1,1,1984,30,30,30,30,30,30,30,30,30,30
560104,1,1,1984,22,22,22,22,22,22,22,22,22,22
560105,1,1,1984,0,0,0,0,0,0,0,0,0,0
560106,1,1,1984,27,27,27,27,27,27,27,27,27,27
560107,1,1,1984,0,0,0,0,0,0,0,0,0,0
560107,2,1,1984,0,0,0,0,0,0,0,0,0,0
560108,1,1,1984,24,24,24,24,24,24,24,24,24,24
560109,1,1,1984,0,0,0,0,0,0,0,0,0,0
560109,2,1,1984,0,15,0,0,0,0,2,0,0,0
560110,1,1,1984,24,24,24,24,24,24,24,24,24,24
560110,2,1,1984,0,0,0,0,0,0,0,0,0,0
560111,1,1,1984,0,0,0,0,0,0,0,0,0,0
560111,2,1,1984,0,0,0,0,0,0,0,0,0,0
560112,1,1,1984,18,18,18,18,18,18,18,18,18,18
560113,1,1,1984,2,2,2,2,2,2,2,2,2,2
560113,2,1,1984,0,0,0,0,0,0,0,0,0,0
560114,1,1,1984,12,12,12,12,12,12,12,12,12,12
560115,1,1,1984,21,21,21,21,21,21,21,21,21,21
560116,1,1,1984,15,0,0,0,0,0,0,16,0,0
560117,1,1,1984,20,20,20,20,20,20,20,20,20,20
560117,2,1,1984,17,17,17,17,17,17,17,17,17,17
560118,1,1,1984,1,1,1,1,1,1,1,1,1,1
560119,1,1,1984,0,0,0,0,0,0,0,0,0,0
560119,2,1,1984,0,0,0,0,0,0,0,0,0,0
560120,0,1,1984,17,0,0,0,0,0,0,0,0,29
560120,1,1,1984,11,11,11,11,11,11,11,11,11,11
560121,1,1,1984,24,24,24,24,24,24,24,24,24,24
560122,1,1,1984,22,22,22,22,22,22,22,22,22,22
560123,1,1,1984,2,2,2,2,2,2,2,2,2,2
560124,1,1,1984,0,0,0,0,0,0,0,0,0,0
560124,2,1,1984,0,0,0,0,0,0,0,0,0,0
560124,3,1,1984,0,0,0,0,0,0,0,8,0,0
560125,1,1,1984,7,7,7,7,7,7,7,7,7,7
560125,2,1,1984,0,0,0,0,7,0,0,0,0,0
560126,1,1,1984,0,0,0,0,6,0,0,0,0,0
560127,1,1,1984,12,0,0,0,12,16,24,0,9,21
560128,1,1,1984,0,0,6,13,0,14,0,0,24,0
560129,1,1,1984,15,15,15,15,15,15,15,15,15,15
560130,1,1,1984,0,0,0,0,0,0,0,0,0,0
560130,2,1,1984,0,0,0,0,0,0,0,0,0,0
560131,1,1,1984,0,0,0,0,0,0,0,0,0,0
560131,2,1,1984,0,0,0,0,0,0,0,0,0,0
560132,1,1,1984,27,0,0,0,0,0,0,0,0,0
560133,1,1,1984,13,13,13,13,13,13,13,13,13,13
560134,1,1,1984,0,0,0,0,0,0,0,0,0,0
560134,2,1,1984,0,0,0,0,30,17,0,0,0,0
560135,1,1,1984,22,22,22,22,22,22,22,22,22,22
560135,2,1,1984,0,0,0,0,0,0,0,0,0,0
560136,1,1,1984,25,25,25,25,25,25,25,25,25,25
560137,1,1,1984,0,0,0,0,0,0,0,0,0,0
560137,2,1,1984,0,0,0,0,0,0,0,0,0,0
560137,3,1,1984,0,0,0,0,0,0,0,0,0,0
560138,1,1,1984,0,0,0,0,0,0,0,14,0,36
560138,2,1,1984,19,19,19,19,19,19,19,19,19,19
560139,1,1,1984,24,24,24,24,24,24,24,24,24,24
560140,1,1,1984,0,0,0,0,0,0,0,0,0,0
560140,2,1,1984,0,0,0,0,0,0,0,0,0,0