ST_CASE,VEH_NO,PER_NO,YEAR,P1,P2,P3,P4,P5,P6,P7,P8,P9,P10
60001,1,1,1984,17,17,17,17,17,17,17,17,17,17
60001,2,1,1984,0,0,0,0,0,0,0,0,0,0
60002,1,1,1984,15,15,15,15,15,15,15,15,15,15
60003,0,1,1984,22,22,22,22,22,22,22,22,22,22
60003,1,1,1984,15,15,0,7,9,0,14,25,18,13
60004,1,1,1984,0,14,12,5,16,0,9,13,2,5
60005,1,1,1984,0,0,0,0,0,0,0,0,0,0
60005,2,1,1984,0,0,0,0,0,0,0,0,0,0
60006,0,1,1984,28,28,28,28,28,28,28,28,28,28
60006,1,1,1984,19,0,0,0,0,0,0,0,0,0
60007,1,1,1984,0,0,0,0,0,0,0,0,0,0
60008,1,1,1984,0,0,0,0,0,0,0,0,0,0
60008,2,1,1984,0,0,0,0,0,0,0,0,0,0
60009,1,1,1984,26,26,26,26,26,26,26,26,26,26
60009,2,1,1984,0,0,0,0,0,0,0,0,0,0
60010,0,1,1984,35,35,35,35,35,35,35,35,35,35
60010,1,1,1984,0,0,0,0,0,0,0,37,0,0
60011,1,1,1984,23,23,23,23,23,23,23,23,23,23
60012,1,1,1984,19,27,8,0,20,21,15,0,33,12
60013,1,1,1984,0,0,0,0,0,0,0,0,0,0
60014,0,1,1984,0,0,0,0,0,0,0,0,0,0
60014,1,1,1984,22,0,0,0,0,0,0,0,0,0
60015,1,1,1984,14,14,14,14,14,14,14,14,14,14
60016,1,1,1984,9,9,9,9,9,9,9,9,9,9
60017,1,1,1984,24,0,0,7,0,0,0,0,16,0
60018,1,2,1984,22,0,13,0,10,0,24,28,24,0
60019,0,1,1984,0,0,0,0,0,0,0,0,0,0
60019,1,1,1984,0,18,0,0,0,0,0,0,0,15
60019,2,1,1984,0,15,0,0,23,16,0,0,0,19
60020,1,1,1984,0,0,0,0,0,0,0,0,0,0
60020,2,1,1984,0,0,0,0,0,0,0,0,0,0
60021,1,1,1984,0,0,0,0,0,0,0,0,0,0
60022,0,1,1984,0,0,0,0,0,0,0,0,0,0
60022,1,1,1984,0,8,0,0,0,0,0,0,0,0
60023,0,1,1984,0,43,13,13,20,15,14,0,0,0
60023,1,1,1984,0,0,0,0,0,0,0,0,0,0
60024,1,1,1984,0,0,0,11,0,10,0,0,0,0
60025,1,1,1984,0,0,0,0,0,0,0,0,0,0
60025,2,1,1984,0,0,0,0,0,3,0,0,0,0
60026,0,1,1984,0,0,0,0,0,0,0,0,0,0
60026,1,1,1984,0,0,13,0,0,0,0,0,0,0
60027,0,1,1984,8,8,8,8,8,8,8,8,8,8
60027,0,2,1984,0,0,0,9,0,0,29,0,0,0
60027,1,1,1984,0,0,0,0,0,0,0,0,0,0
60028,1,1,1984,12,12,12,12,12,12,12,12,12,12
60029,0,1,1984,0,0,0,0,0,0,0,0,0,0
60029,1,1,1984,0,0,0,0,0,0,0,0,0,0
60030,0,1,1984,0,0,0,0,0,0,0,0,0,0
60030,1,1,1984,0,0,0,0,0,0,9,0,0,18
60031,1,1,1984,0,0,0,0,0,0,0,0,0,0
60031,2,1,1984,0,0,0,0,0,0,0,0,0,0
60032,1,1,1984,0,0,0,0,0,0,0,0,0,0
60032,2,1,1984,0,0,0,0,0,0,19,0,0,0
60032,3,1,1984,0,0,0,0,0,0,0,0,0,0
60033,1,1,1984,0,0,0,0,0,0,0,0,0,0
60033,2,1,1984,0,0,0,0,0,0,0,0,0,0
60033,3,1,1984,16,0,0,0,0,0,0,0,0,0
60034,1,1,1984,0,0,0,0,0,0,0,0,0,0
60034,2,1,1984,0,0,0,23,0,0,0,0,0,0
60034,3,1,1984,0,0,0,0,0,0,0,0,0,0
60035,1,1,1984,0,0,6,0,0,0,0,0,0,0
60035,2,1,1984,17,17,17,17,17,17,17,17,17,17
60036,0,1,1984,20,20,20,20,20,20,20,20,20,20
60036,1,1,1984,0,9,0,0,0,0,0,0,0,17
60037,1,1,1984,0,0,0,0,0,0,0,7,0,0
60038,1,1,1984,0,0,0,0,0,0,0,0,0,0
60039,1,1,1984,2,2,2,2,2,2,2,2,2,2
60039,2,1,1984,0,0,10,0,0,0,0,0,0,0
60039,3,1,1984,0,0,0,0,0,0,0,0,0,0
60040,0,1,1984,0,0,0,0,0,0,0,0,0,0
60040,1,1,1984,0,0,0,0,0,0,0,0,0,0
60041,1,1,1984,14,14,14,14,14,14,14,14,14,14
60042,0,1,1984,16,16,16,16,16,16,16,16,16,16
60042,1,1,1984,0,0,0,0,0,0,0,0,0,0
60043,1,1,1984,14,14,14,14,14,14,14,14,14,14
60044,0,1,1984,0,0,0,0,0,0,0,0,0,0
60044,1,1,1984,0,0,0,0,0,0,0,0,0,0
60045,1,1,1984,0,0,0,0,0,0,0,0,0,0
60045,2,1,1984,12,12,12,12,12,12,12,12,12,12
60046,1,1,1984,0,5,0,0,0,0,0,0,0,0
60046,2,1,1984,26,26,26,26,26,26,26,26,26,26
60047,1,1,1984,0,0,0,0,0,0,0,0,0,16
60047,2,1,1984,32,32,32,32,32,32,32,32,32,32
60048,0,1,1984,0,0,0,0,0,0,0,0,0,0
60048,1,1,1984,0,0,0,0,0,0,0,0,0,0
60049,1,1,1984,6,6,6,6,6,6,6,6,6,6
60050,1,1,1984,0,0,0,0,0,0,0,0,0,0
60051,0,1,1984,32,32,32,32,32,32,32,32,32,32
60051,1,1,1984,0,9,17,21,10,14,11,24,24,0
60052,1,1,1984,33,0,0,0,0,0,0,0,0,0
60052,2,1,1984,0,0,0,0,0,0,0,0,0,0
60053,1,1,1984,0,0,0,0,0,0,0,0,0,0
60053,2,1,1984,0,0,0,0,0,0,0,0,0,0
60054,0,1,1984,0,0,0,0,0,0,0,0,0,0
60054,1,1,1984,0,0,0,0,0,0,0,0,0,0
60055,1,1,1984,30,30,30,30,30,30,30,30,30,30
60056,1,1,1984,9,9,9,9,9,9,9,9,9,9
60057,1,1,1984,22,22,22,22,22,22,22,22,22,22
60058,1,1,1984,20,20,20,20,20,20,20,20,20,20
60058,2,1,1984,26,26,26,26,26,26,26,26,26,26
60059,1,1,1984,5,5,5,5,5,5,5,5,5,5
60060,1,1,1984,0,0,0,0,0,0,0,0,0,0
60060,2,1,1984,0,0,0,0,0,0,0,17,0,0
60061,1,1,1984,5,5,5,5,5,5,5,5,5,5
60061,2,1,1984,2,2,2,2,2,2,2,2,2,2
60061,3,1,1984,0,0,0,0,0,0,0,0,22,0
60062,1,1,1984,0,0,0,0,0,0,0,0,0,0
60062,2,1,1984,0,0,0,0,0,0,0,0,0,0
60063,1,1,1984,0,0,0,0,0,0,0,0,0,0
60064,1,1,1984,6,6,6,6,6,6,6,6,6,6
60065,1,1,1984,23,23,23,23,23,23,23,23,23,23
60065,2,1,1984,0,0,0,17,0,18,0,0,0,0
60065,3,1,1984,0,0,0,0,0,9,0,0,0,0
60066,1,1,1984,20,20,20,20,20,20,20,20,20,20
60067,0,1,1984,0,0,0,0,0,0,0,0,0,0
60067,1,1,1984,0,0,5,16,0,0,0,0,0,0
60068,1,1,1984,13,13,13,13,13,13,13,13,13,13
60068,2,1,1984,0,0,0,0,0,0,0,0,0,0
60069,0,1,1984,22,22,22,22,22,22,22,22,22,22
60069,1,1,1984,0,0,0,0,0,0,0,0,0,14
60070,1,1,1984,14,20,10,0,3,10,7,8,17,16
60070,2,1,1984,4,0,0,0,0,0,0,0,0,0
60071,1,1,1984,0,0,0,0,0,0,0,0,0,0
60072,1,1,1984,34,34,34,34,34,34,34,34,34,34
60073,0,1,1984,0,0,0,0,0,0,0,0,0,0
60073,1,1,1984,0,0,0,0,0,0,0,0,0,0
60074,1,1,1984,0,0,0,0,0,0,0,0,0,0
60075,0,1,1984,0,0,0,0,0,0,0,23,0,0
60075,1,1,1984,0,10,0,0,0,0,0,0,0,0
60076,1,1,1984,24,2,31,20,33,29,18,9,19,32
60077,2,1,1984,16,16,16,16,16,16,16,16,16,16
60078,1,1,1984,0,0,0,0,0,0,0,0,0,0
60079,0,1,1984,0,0,0,0,0,0,0,0,0,0
60079,1,1,1984,0,0,0,0,0,0,0,0,0,0
60080,0,1,1984,0,0,0,0,0,0,0,0,0,0
60080,1,1,1984,11,11,11,11,11,11,11,11,11,11
60080,2,1,1984,0,28,0,0,0,0,0,0,0,0
60081,1,1,1984,25,25,25,25,25,25,25,25,25,25
60081,2,1,1984,0,0,0,0,0,0,0,0,0,0
60082,1,1,1984,9,9,9,9,9,9,9,9,9,9
60082,2,1,1984,20,20,20,20,20,20,20,20,20,20
60083,1,1,1984,18,18,18,18,18,18,18,18,18,18
60084,1,1,1984,0,0,0,0,0,0,0,0,0,0
60084,2,1,1984,0,0,0,0,0,0,0,0,0,19
60085,1,1,1984,0,0,13,17,12,0,0,19,0,10
60085,2,1,1984,15,0,0,0,0,0,0,0,13,0
60086,1,1,1984,23,23,23,23,23,23,23,23,23,23
60087,0,1,1984,9,9,9,9,9,9,9,9,9,9
60087,1,1,1984,7,7,7,7,7,7,7,7,7,7
60088,0,1,1984,0,0,0,0,23,6,0,15,0,0
60088,0,2,1984,4,26,19,0,10,31,16,17,15,0
60088,1,1,1984,2,2,2,2,2,2,2,2,2,2
60088,2,1,1984,0,0,0,0,0,0,0,0,0,0
60089,1,1,1984,17,17,17,17,17,17,17,17,17,17
60090,1,1,1984,14,14,14,14,14,14,14,14,14,14
60091,1,1,1984,0,0,0,0,0,0,0,0,0,0
60092,0,1,1984,0,0,0,0,0,0,0,0,0,0
60092,0,2,1984,14,21,11,16,18,16,13,9,24,0
60092,1,1,1984,15,31,13,7,2,16,12,0,0,22
60093,1,1,1984,28,28,28,28,28,28,28,28,28,28
60094,1,1,1984,0,0,0,0,0,0,0,0,0,0
60094,2,1,1984,0,0,0,0,12,0,0,0,0,0
60094,3,1,1984,0,0,0,0,0,0,0,0,0,0
60095,1,1,1984,17,30,0,0,8,0,0,0,7,0
60096,1,1,1984,6,6,6,6,6,6,6,6,6,6
60096,2,1,1984,16,18,12,10,8,19,13,24,23,8
60097,0,1,1984,5,5,5,5,5,5,5,5,5,5
60097,1,1,1984,0,0,0,0,0,0,0,0,0,0
60098,1,1,1984,0,0,0,0,0,0,0,0,0,0
60098,2,1,1984,0,0,0,0,0,0,0,0,0,0
60099,0,1,1984,14,14,14,14,14,14,14,14,14,14
60099,1,1,1984,0,0,0,0,0,0,0,0,0,0
60099,2,1,1984,0,0,0,21,20,0,0,18,0,0
60100,1,1,1984,0,10,0,0,0,0,0,0,0,0
60100,2,2,1984,0,0,0,0,10,0,0,0,0,0
60101,1,1,1984,0,0,0,0,0,15,0,0,0,0
60101,2,1,1984,0,0,0,0,0,0,0,0,0,0
60102,0,1,1984,0,0,0,0,0,0,0,0,0,0
60102,1,1,1984,9,0,0,0,17,0,0,0,15,0
60103,1,1,1984,11,0,0,5,0,0,0,0,0,0
60103,2,1,1984,0,0,0,0,0,0,0,0,0,0
60104,0,1,1984,0,0,0,0,0,0,0,0,0,0
60104,1,1,1984,0,0,0,0,0,0,0,0,0,0
60105,1,1,1984,16,16,16,16,16,16,16,16,16,16
60106,1,1,1984,26,26,26,26,26,26,26,26,26,26
60107,1,1,1984,0,0,0,0,0,0,0,0,0,0
60107,2,1,1984,11,11,11,11,11,11,11,11,11,11
60109,1,1,1984,13,13,13,13,13,13,13,13,13,13
60110,1,1,1984,12,12,12,12,12,12,12,12,12,12
60110,2,1,1984,9,15,14,0,23,29,15,14,0,15
60111,1,1,1984,0,0,0,0,0,0,0,0,0,0
60111,2,1,1984,0,0,0,0,0,0,0,0,0,0
60111,3,1,1984,0,0,0,0,0,0,0,0,0,0
60111,4,1,1984,0,0,0,0,0,0,0,0,0,0
60112,1,1,1984,0,0,0,0,0,0,0,0,0,0
60112,2,1,1984,0,0,0,0,0,0,0,0,13,0
60113,1,1,1984,28,28,28,28,28,28,28,28,28,28
60114,0,1,1984,0,0,0,0,0,0,0,0,0,0
60114,1,1,1984,0,0,3,7,12,0,0,0,14,0
60115,1,1,1984,23,23,23,23,23,23,23,23,23,23
60116,1,1,1984,0,0,0,0,0,0,0,0,0,0
60117,1,1,1984,27,27,27,27,27,27,27,27,27,27
60117,2,1,1984,0,0,0,0,0,0,0,0,0,0
60117,3,1,1984,0,0,0,0,0,0,0,0,0,0
60118,0,1,1984,0,0,0,0,0,0,0,0,0,0
60118,1,1,1984,0,0,0,0,0,0,0,0,0,0
60119,0,1,1984,17,22,23,11,34,29,34,13,14,17
60119,1,1,1984,0,0,0,0,0,0,0,0,0,0
60120,1,1,1984,30,30,30,30,30,30,30,30,30,30
60121,1,1,1984,0,0,0,0,0,0,0,0,0,0
60122,1,1,1984,25,25,25,25,25,25,25,25,25,25
60123,1,1,1984,0,0,0,0,0,0,0,0,0,0
60123,2,1,1984,0,0,0,0,0,0,15,0,0,0
60124,0,1,1984,0,0,0,0,0,0,0,0,0,0
60124,1,1,1984,0,9,0,0,0,0,0,0,15,0
60125,1,1,1984,17,17,17,17,17,17,17,17,17,17
60126,1,1,1984,4,14,19,23,5,18,10,15,0,0
60126,2,1,1984,0,0,0,0,0,0,0,0,0,0
60127,0,1,1984,0,0,0,0,0,0,0,0,0,0
60127,1,1,1984,16,0,6,0,0,0,0,0,0,28
60128,1,1,1984,0,0,0,0,0,0,0,0,0,0
60129,1,1,1984,7,7,7,7,7,7,7,7,7,7
60129,2,1,1984,0,0,0,0,0,0,0,0,0,0
60130,1,1,1984,22,22,22,22,22,22,22,22,22,22
60130,2,1,1984,0,0,0,0,0,0,0,0,0,0
60131,1,1,1984,0,0,0,0,0,0,0,0,0,0
60132,0,1,1984,0,0,0,0,0,0,0,0,0,0
60132,1,1,1984,0,0,0,0,0,0,0,0,0,0
60133,1,1,1984,22,22,22,22,22,22,22,22,22,22
60134,0,1,1984,0,0,0,0,0,0,0,0,0,0
60134,0,2,1984,19,0,0,0,15,12,0,0,0,0
60134,1,1,1984,0,0,0,0,0,0,0,0,0,0
60135,1,1,1984,0,0,0,0,0,0,0,0,0,0
60135,2,1,1984,0,0,0,0,0,0,0,0,0,0
60136,1,1,1984,0,0,0,9,0,0,0,0,0,0
60136,2,1,1984,0,0,0,0,0,0,0,0,0,0
60137,1,1,1984,0,0,0,0,0,0,0,0,0,0
60137,2,1,1984,0,10,0,14,0,0,0,0,0,0
60138,1,1,1984,12,12,12,12,12,12,12,12,12,12
60139,1,1,1984,0,0,0,0,0,0,0,0,0,0
60140,1,1,1984,11,11,11,11,11,11,11,11,11,11
60141,1,1,1984,12,12,12,12,12,12,12,12,12,12
60142,0,1,1984,32,35,0,20,13,24,16,22,28,26
60142,0,2,1984,27,27,27,27,27,27,27,27,27,27
60142,1,1,1984,0,17,0,6,0,0,0,5,0,7
60143,0,1,1984,0,0,0,0,0,0,0,0,0,0
60143,1,1,1984,0,0,0,15,18,0,0,0,0,6
60144,1,1,1984,0,0,0,0,0,0,0,0,0,0
60144,2,1,1984,0,0,0,0,0,0,0,0,0,0
60144,3,1,1984,0,0,0,0,5,23,0,0,0,0
60145,1,1,1984,0,0,0,0,0,0,0,0,0,0
60145,2,1,1984,0,0,0,0,0,0,0,0,0,0
60146,1,1,1984,0,0,0,0,0,0,0,0,0,0
60146,2,1,1984,16,0,0,0,0,0,0,0,0,0
60146,3,1,1984,0,0,0,0,0,0,0,0,0,0
60147,0,1,1984,10,10,10,10,10,10,10,10,10,10
60147,1,1,1984,0,0,0,0,0,0,0,0,0,0
60148,0,1,1984,29,29,29,29,29,29,29,29,29,29
60148,1,1,1984,0,0,0,0,0,0,0,0,0,0
60149,1,1,1984,0,0,0,0,0,0,0,0,0,0
60149,2,1,1984,0,0,0,0,0,0,0,0,0,0
60150,0,1,1984,33,33,33,33,33,33,33,33,33,33
60150,1,1,1984,6,6,6,6,6,6,6,6,6,6
60151,1,1,1984,2,2,2,2,2,2,2,2,2,2
60152,1,1,1984,18,18,18,18,18,18,18,18,18,18
60153,1,1,1984,13,13,13,13,13,13,13,13,13,13
60154,1,1,1984,11,11,11,11,11,11,11,11,11,11
60155,0,1,1984,0,0,0,0,0,0,0,0,0,0
60155,1,1,1984,23,23,23,23,23,23,23,23,23,23
60156,1,1,1984,19,19,19,19,19,19,19,19,19,19
60157,0,1,1984,0,0,0,0,0,0,0,0,0,0
60157,1,1,1984,0,0,0,11,0,0,0,0,0,0
60158,1,1,1984,0,0,0,0,0,0,0,0,0,0
60158,2,1,1984,0,0,0,4,0,30,0,0,0,0
60158,3,1,1984,6,0,0,0,0,0,0,0,0,0
60158,4,1,1984,0,0,0,0,0,0,0,0,0,0
60159,0,1,1984,0,0,0,0,0,0,0,0,0,0
60159,1,1,1984,0,0,0,0,0,0,0,0,0,0
60160,1,1,1984,0,9,13,19,22,0,16,12,13,21
60161,1,1,1984,20,20,20,20,20,20,20,20,20,20
60161,2,1,1984,12,0,0,0,0,0,0,0,0,0
60162,1,1,1984,22,22,22,22,22,22,22,22,22,22
60163,1,1,1984,0,0,0,0,0,0,0,0,0,0
60163,2,1,1984,0,0,0,0,0,0,0,0,0,0
60164,1,1,1984,34,34,34,34,34,34,34,34,34,34
60165,1,1,1984,18,18,18,18,18,18,18,18,18,18
60166,1,1,1984,22,22,22,22,22,22,22,22,22,22
60167,1,1,1984,26,26,26,26,26,26,26,26,26,26
60168,0,1,1984,0,0,0,0,0,0,0,0,0,0
60168,1,1,1984,14,0,0,8,0,0,0,0,0,8
60169,1,1,1984,16,16,16,16,16,16,16,16,16,16
60170,1,1,1984,52,52,52,52,52,52,52,52,52,52
60171,1,1,1984,17,0,0,0,0,0,0,0,11,0
60171,2,1,1984,0,0,0,0,0,0,0,0,0,0
60172,1,1,1984,12,12,12,12,12,12,12,12,12,12
60173,1,1,1984,13,19,0,0,17,0,20,23,27,8
60173,2,1,1984,12,0,0,0,0,0,0,0,6,0
60174,1,1,1984,0,0,0,0,0,0,0,0,0,0
60174,2,1,1984,2,2,2,2,2,2,2,2,2,2
60175,1,1,1984,5,10,24,27,13,8,0,26,0,20
60175,2,1,1984,0,0,0,0,0,0,0,0,0,0
60175,3,1,1984,0,0,0,0,0,0,0,0,0,0
60176,1,1,1984,8,8,8,8,8,8,8,8,8,8
60176,2,1,1984,0,0,13,0,0,0,0,0,0,0
60176,3,1,1984,0,0,0,0,0,0,0,0,0,0
60176,4,1,1984,0,0,0,0,0,0,0,0,0,0
60177,1,1,1984,22,22,22,22,22,22,22,22,22,22
60178,0,1,1984,24,24,24,24,24,24,24,24,24,24
60178,1,1,1984,15,0,0,0,0,0,0,0,0,0
60179,1,1,1984,0,0,0,0,0,0,0,0,0,0
60180,0,1,1984,2,2,2,2,2,2,2,2,2,2
60180,2,1,1984,0,0,0,0,13,0,7,7,0,0
60180,3,1,1984,0,0,0,0,0,0,0,0,0,0
60181,1,1,1984,0,0,0,0,0,0,0,0,0,0
60182,0,1,1984,0,0,0,0,0,0,0,0,0,0
60182,1,1,1984,0,0,0,0,0,0,0,0,0,0
60183,1,1,1984,16,16,16,16,16,16,16,16,16,16
60184,1,1,1984,22,22,22,22,22,22,22,22,22,22
60184,2,1,1984,13,13,13,13,13,13,13,13,13,13
60185,1,1,1984,30,30,30,30,30,30,30,30,30,30
60186,1,1,1984,3,3,3,3,3,3,3,3,3,3
60186,2,1,1984,0,0,0,0,0,0,9,0,0,0
60186,3,1,1984,0,0,0,0,0,0,0,0,0,0
60187,1,1,1984,0,0,0,17,0,18,0,13,0,6
60188,0,1,1984,0,0,0,0,0,0,0,0,0,0
60188,0,2,1984,0,0,0,10,0,0,0,0,0,0
60188,1,1,1984,21,21,21,21,21,21,21,21,21,21
60189,0,1,1984,25,25,25,25,25,25,25,25,25,25
60189,1,1,1984,0,0,0,0,0,0,0,0,0,0
60190,1,1,1984,0,0,14,0,0,0,0,0,0,10
60191,1,1,1984,0,0,0,0,0,27,0,16,0,28
60191,2,1,1984,0,0,0,0,0,0,0,0,0,0
60192,1,1,1984,7,7,7,7,7,7,7,7,7,7
60193,1,1,1984,15,15,15,15,15,15,15,15,15,15
60193,2,1,1984,0,0,0,0,0,0,0,0,0,0
60194,1,1,1984,30,30,30,30,30,30,30,30,30,30
60195,1,1,1984,18,18,18,18,18,18,18,18,18,18
60195,2,1,1984,15,15,15,15,15,15,15,15,15,15
60195,3,1,1984,0,23,0,0,0,2,0,0,0,7
60196,1,1,1984,27,27,27,27,27,27,27,27,27,27
60197,1,1,1984,11,10,0,0,0,8,0,0,0,0
60198,0,1,1984,15,7,16,0,0,0,0,0,0,0
60198,1,1,1984,0,0,0,0,0,0,0,0,0,7
60198,3,1,1984,0,0,0,0,0,0,0,0,0,0
60199,1,1,1984,19,19,19,19,19,19,19,19,19,19
60200,1,1,1984,18,23,0,20,6,10,18,19,9,15
60200,2,1,1984,0,0,0,0,0,0,0,0,0,0
60201,1,1,1984,0,27,25,17,11,19,18,30,0,27
60202,0,1,1984,0,0,0,0,0,0,0,0,0,0
60202,1,1,1984,9,0,0,0,0,0,0,0,0,0
60203,1,1,1984,0,0,0,0,0,0,0,0,0,0
60203,2,1,1984,0,0,0,0,0,0,0,0,0,0
60204,1,1,1984,37,15,17,16,27,20,23,16,7,23
60204,2,1,1984,0,0,0,38,30,0,0,0,0,0
60205,0,1,1984,0,0,0,0,0,0,0,0,0,0
60205,0,2,1984,0,0,0,0,0,0,0,0,0,0
60205,1,1,1984,0,0,0,0,0,0,0,0,0,0
60205,2,1,1984,0,0,18,0,0,0,0,0,0,0
60206,0,1,1984,0,0,0,0,0,0,0,0,0,0
60206,0,2,1984,15,0,0,0,30,0,0,8,0,0
60206,1,1,1984,0,0,0,0,0,0,18,0,0,0
60207,1,1,1984,10,10,10,10,10,10,10,10,10,10
60208,1,1,1984,17,16,15,21,17,17,15,20,0,22
60209,0,1,1984,0,0,0,0,0,0,0,0,0,0
60209,1,1,1984,0,0,0,0,0,0,0,0,0,0
60210,1,1,1984,23,23,23,23,23,23,23,23,23,23
60211,1,1,1984,0,0,0,0,0,0,0,0,0,0
60211,2,1,1984,0,0,0,0,0,0,0,0,0,0
60212,1,1,1984,0,0,0,0,0,0,0,0,0,0
60212,2,1,1984,0,0,0,0,0,0,0,0,0,0
60213,1,1,1984,33,33,33,33,33,33,33,33,33,33
60214,1,1,1984,0,0,0,0,0,0,0,0,0,0
60214,2,1,1984,0,0,0,0,0,0,0,0,0,0
60215,1,1,1984,0,0,0,0,0,0,0,0,0,0
60215,2,1,1984,0,0,0,0,0,0,0,0,0,0
60216,1,1,1984,0,0,0,0,0,0,0,0,0,0
60216,2,1,1984,0,0,0,0,0,0,0,0,0,0
60217,0,1,1984,0,7,0,0,10,0,0,0,0,0
60217,0,2,1984,0,0,0,0,0,5,0,11,0,0
60217,1,1,1984,0,0,0,0,0,0,0,0,0,0
60218,0,1,1984,0,0,0,0,0,0,0,0,0,0
60218,1,1,1984,0,0,0,0,0,0,0,0,0,0
60219,1,1,1984,7,7,7,7,7,7,7,7,7,7
60219,2,1,1984,0,0,0,0,0,0,0,0,9,0
60220,1,1,1984,29,29,29,29,29,29,29,29,29,29
60221,1,1,1984,18,21,0,0,21,10,25,23,10,16
60222,1,1,1984,20,20,20,20,20,20,20,20,20,20
60222,2,1,1984,0,0,0,0,0,0,0,0,0,0
60223,1,1,1984,5,5,5,5,5,5,5,5,5,5
60224,0,1,1984,0,0,0,0,0,0,0,0,0,0
60224,1,1,1984,14,0,5,0,0,0,0,0,0,0
60225,1,1,1984,22,22,22,22,22,22,22,22,22,22
60226,1,1,1984,12,12,12,12,12,12,12,12,12,12
60226,2,1,1984,18,18,18,18,18,18,18,18,18,18
60226,3,1,1984,11,11,11,11,11,11,11,11,11,11
60226,4,1,1984,8,8,8,8,8,8,8,8,8,8
60227,1,1,1984,0,0,0,0,0,0,0,0,0,0
60227,2,1,1984,0,0,0,0,0,13,0,0,24,0
60228,1,1,1984,2,2,2,2,2,2,2,2,2,2
60228,2,1,1984,0,0,0,0,0,0,0,0,0,0
60229,1,1,1984,24,24,24,24,24,24,24,24,24,24
60230,1,1,1984,22,22,22,22,22,22,22,22,22,22
60231,1,1,1984,27,27,27,27,27,27,27,27,27,27
60232,1,1,1984,0,0,0,0,0,0,0,0,0,0
60232,2,1,1984,0,0,0,0,0,0,0,0,0,0
60233,0,1,1984,0,0,0,0,0,0,0,0,0,0
60233,1,1,1984,0,0,0,0,0,0,0,0,0,0
60234,1,1,1984,25,25,25,25,25,25,25,25,25,25
60235,1,1,1984,0,0,0,0,0,0,0,0,0,0
60235,2,1,1984,0,0,0,0,0,0,0,0,0,0
60236,1,1,1984,26,26,26,26,26,26,26,26,26,26
60236,2,1,1984,0,0,0,0,0,0,0,0,0,0
60237,1,1,1984,0,0,0,0,0,0,0,0,0,0
60237,2,1,1984,0,0,0,0,0,0,16,0,0,0
60238,1,1,1984,20,0,0,0,0,0,9,0,0,0
60239,1,1,1984,0,0,0,0,0,0,0,0,0,0
60240,1,1,1984,7,7,7,7,7,7,7,7,7,7
60241,0,1,1984,10,0,12,0,24,26,0,0,0,0
60241,1,1,1984,0,0,0,0,0,0,0,0,0,0
60242,0,1,1984,16,16,16,16,16,16,16,16,16,16
60242,1,1,1984,6,0,0,0,0,0,0,0,0,0
60243,0,1,1984,0,0,0,0,0,0,0,0,0,0
60243,1,1,1984,23,23,23,23,23,23,23,23,23,23
60244,0,1,1984,0,0,0,0,0,0,0,0,0,0
60244,1,1,1984,0,0,0,42,0,0,0,0,0,0
60245,1,1,1984,0,0,0,0,0,0,0,0,0,21
60245,2,1,1984,0,0,0,0,0,0,0,0,0,15
60246,1,1,1984,0,0,0,0,0,0,0,0,0,0
60246,2,1,1984,16,0,0,0,0,0,0,0,0,0
60247,1,1,1984,0,0,0,0,0,0,0,0,0,0
60247,2,1,1984,0,0,0,0,0,0,0,0,0,0
60248,1,1,1984,0,0,0,0,0,0,0,0,0,0
60249,1,1,1984,0,0,0,3,0,0,0,0,0,0
60250,1,1,1984,15,15,15,15,15,15,15,15,15,15
60250,2,1,1984,0,0,0,0,0,0,0,0,0,0
60251,1,1,1984,0,0,0,0,0,0,0,0,0,0
60251,2,1,1984,0,0,0,0,0,0,0,0,0,0
60252,0,1,1984,0,0,0,0,0,0,0,0,0,0
60252,1,1,1984,0,0,0,0,0,0,10,0,0,0
60253,1,1,1984,31,31,31,31,31,31,31,31,31,31
60254,0,1,1984,0,35,8,9,22,0,0,0,0,21
60254,1,1,1984,0,0,0,0,0,0,0,0,0,0
60255,0,1,1984,0,0,0,0,0,0,0,0,0,0
60255,0,2,1984,0,0,0,0,0,0,0,0,0,0
60255,1,1,1984,0,0,0,0,0,0,0,0,0,0
60256,1,1,1984,0,0,0,0,0,0,9,0,0,20
60257,1,1,1984,25,25,25,25,25,25,25,25,25,25
60258,1,1,1984,13,13,13,13,13,13,13,13,13,13
60258,2,1,1984,11,11,11,11,11,11,11,11,11,11
60259,1,1,1984,0,33,0,0,0,19,0,0,0,17