ST_CASE,VEH_NO,PER_NO,YEAR,P1,P2,P3,P4,P5,P6,P7,P8,P9,P10
60260,1,1,1984,0,0,0,0,0,0,0,0,0,0
60260,2,1,1984,0,0,0,0,0,0,0,0,0,0
60261,1,1,1984,13,13,13,13,13,13,13,13,13,13
60262,1,1,1984,0,0,0,0,0,0,0,0,0,0
60263,1,1,1984,2,2,2,2,2,2,2,2,2,2
60263,2,1,1984,0,0,0,0,0,0,0,0,0,0
60264,0,1,1984,0,13,14,0,0,0,0,0,10,0
60264,1,1,1984,0,15,0,0,0,0,0,0,0,0
60265,1,1,1984,0,0,0,0,0,0,0,0,0,0
60265,2,1,1984,0,0,0,0,0,0,0,0,0,0
60266,1,1,1984,0,0,0,0,0,9,21,0,0,0
60266,2,1,1984,6,12,0,0,9,19,0,6,0,0
60266,3,1,1984,0,0,4,0,0,0,0,0,0,0
60267,1,1,1984,10,10,10,10,10,10,10,10,10,10
60267,2,1,1984,0,20,0,0,0,0,0,0,0,0
60268,1,1,1984,7,7,7,7,7,7,7,7,7,7
60269,1,1,1984,19,19,19,19,19,19,19,19,19,19
60270,1,1,1984,24,24,24,24,24,24,24,24,24,24
60270,2,1,1984,9,9,9,9,9,9,9,9,9,9
60270,3,1,1984,0,3,0,12,14,0,12,10,8,10
60271,1,1,1984,15,15,15,15,15,15,15,15,15,15
60271,2,1,1984,9,2,11,19,12,3,0,0,0,10
60272,1,1,1984,28,28,28,28,28,28,28,28,28,28
60272,2,1,1984,0,0,0,0,0,0,0,0,0,0
60273,1,1,1984,8,8,8,8,8,8,8,8,8,8
60273,2,1,1984,0,0,0,0,0,0,0,0,0,0
60274,1,1,1984,0,0,0,0,0,0,0,0,0,0
60274,2,1,1984,0,0,0,0,0,0,0,0,0,0
60275,1,1,1984,27,27,27,27,27,27,27,27,27,27
60276,0,1,1984,0,0,0,0,0,0,0,0,0,0
60276,1,1,1984,0,0,0,0,0,0,0,0,0,0
60277,1,1,1984,0,0,0,0,0,0,0,0,0,0
60278,1,1,1984,25,26,7,27,17,27,23,20,18,7
60279,1,1,1984,0,0,0,0,0,0,0,0,0,0
60280,1,1,1984,0,0,0,0,0,0,0,0,0,0
60280,2,1,1984,0,0,0,0,0,0,0,0,0,0
60280,3,1,1984,0,0,0,0,0,0,0,0,0,0
60281,0,1,1984,15,15,15,15,15,15,15,15,15,15
60281,1,1,1984,0,0,0,0,0,0,0,0,0,0
60282,0,1,1984,0,0,0,0,0,0,0,0,0,0
60282,1,1,1984,0,0,0,0,0,0,0,0,0,0
60283,1,1,1984,22,22,22,22,22,22,22,22,22,22
60283,2,1,1984,0,0,9,0,8,0,0,28,29,0
60283,3,1,1984,0,0,0,0,0,0,0,0,0,0
60284,1,1,1984,27,27,27,27,27,27,27,27,27,27
60285,1,1,1984,0,0,0,0,0,0,0,0,0,0
60286,1,1,1984,0,0,0,0,0,0,0,0,0,0
60286,2,1,1984,0,0,0,0,0,0,0,0,0,0
60287,1,1,1984,33,33,33,33,33,33,33,33,33,33
60288,1,1,1984,16,16,16,16,16,16,16,16,16,16
60289,1,1,1984,0,0,0,0,0,0,0,0,0,0
60290,1,1,1984,22,22,22,22,22,22,22,22,22,22
60290,2,1,1984,0,6,0,0,0,16,5,0,0,0
60291,1,1,1984,11,11,11,11,11,11,11,11,11,11
60292,0,1,1984,0,0,0,0,0,0,0,0,0,0
60292,1,1,1984,0,0,0,0,4,0,0,0,0,0
60293,1,1,1984,0,0,0,0,0,0,0,0,0,0
60294,0,1,1984,0,0,0,0,0,0,0,0,0,0
60294,0,2,1984,0,0,0,0,0,0,0,0,0,0
60294,1,1,1984,0,0,0,0,0,0,0,0,0,0
60295,1,1,1984,12,12,12,12,12,12,12,12,12,12
60295,2,1,1984,0,0,0,0,0,0,0,0,0,0
60295,3,1,1984,0,0,0,0,0,0,0,0,0,0
60296,1,1,1984,0,0,0,0,0,0,0,0,0,0
60296,2,1,1984,0,0,0,0,0,0,0,0,0,12
60296,3,1,1984,0,0,0,0,0,0,0,9,17,0
60298,1,1,1984,19,19,19,19,19,19,19,19,19,19
60299,1,1,1984,17,17,17,17,17,17,17,17,17,17
60300,1,1,1984,28,28,28,28,28,28,28,28,28,28
60300,2,1,1984,0,0,0,0,0,0,0,0,0,0
60300,3,1,1984,0,0,13,0,0,0,0,0,0,0
60301,1,1,1984,0,0,0,0,0,0,0,0,0,0
60301,2,1,1984,0,0,0,0,0,0,0,0,0,0
60302,1,1,1984,0,0,0,0,0,0,0,0,15,0
60302,2,1,1984,0,0,0,0,0,0,0,0,0,0
60303,1,1,1984,0,0,0,0,0,14,0,0,0,20
60303,2,1,1984,0,0,0,0,0,0,0,0,0,0
60303,3,1,1984,0,0,0,0,0,0,0,0,0,0
60304,0,1,1984,0,0,0,0,0,0,0,0,0,0
60304,1,1,1984,17,17,17,17,17,17,17,17,17,17
60305,1,1,1984,19,19,19,19,19,19,19,19,19,19
60305,2,1,1984,0,0,0,0,0,0,0,0,0,0
60306,0,1,1984,15,15,15,15,15,15,15,15,15,15
60306,1,1,1984,0,0,0,0,0,0,0,0,0,12
60307,1,1,1984,16,16,16,16,16,16,16,16,16,16
60308,1,1,1984,12,12,12,12,12,12,12,12,12,12
60309,1,1,1984,7,7,7,7,7,7,7,7,7,7
60310,1,1,1984,18,18,18,18,18,18,18,18,18,18
60311,1,1,1984,9,9,9,9,9,9,9,9,9,9
60311,2,1,1984,0,0,0,0,0,0,0,0,0,0
60312,1,1,1984,15,15,15,15,15,15,15,15,15,15
60312,2,1,1984,0,0,0,0,0,0,0,0,0,0
60313,1,1,1984,4,4,4,4,4,4,4,4,4,4
60314,1,1,1984,0,0,0,0,0,7,0,0,0,0
60315,0,1,1984,0,0,0,0,0,0,0,0,0,0
60315,1,1,1984,0,0,4,0,9,6,0,0,0,0
60316,0,1,1984,0,0,0,0,0,0,0,0,0,0
60316,1,1,1984,5,5,5,5,5,5,5,5,5,5
60317,0,1,1984,13,13,13,13,13,13,13,13,13,13
60317,1,1,1984,16,10,14,0,0,0,0,27,0,26
60318,1,1,1984,20,20,20,20,20,20,20,20,20,20
60319,1,1,1984,13,13,13,13,13,13,13,13,13,13
60320,1,1,1984,0,0,0,0,0,0,0,0,0,0
60321,1,1,1984,12,12,12,12,12,12,12,12,12,12
60322,1,1,1984,5,5,5,5,5,5,5,5,5,5
60322,2,1,1984,16,0,5,0,0,0,0,0,0,0
60322,3,1,1984,0,0,0,0,0,0,0,7,0,0
60323,0,1,1984,0,0,0,0,0,0,0,0,0,0
60323,1,1,1984,0,0,0,0,0,0,0,0,0,0
60324,1,1,1984,0,0,0,0,0,0,0,0,0,0
60324,2,1,1984,0,0,0,0,0,0,0,0,0,0
60325,1,1,1984,10,0,0,0,0,0,0,0,0,0
60325,2,1,1984,0,11,0,0,0,0,27,0,0,0
60326,1,1,1984,22,22,22,22,22,22,22,22,22,22
60326,2,1,1984,0,0,0,0,0,0,0,0,0,0
60327,1,1,1984,0,0,0,0,0,0,0,0,0,0
60328,1,1,1984,25,25,25,25,25,25,25,25,25,25
60329,1,1,1984,10,10,10,10,10,10,10,10,10,10
60330,1,1,1984,13,13,13,13,13,13,13,13,13,13
60330,2,1,1984,0,0,0,0,0,0,0,0,0,0
60331,0,1,1984,0,0,0,0,0,0,0,0,0,0
60331,1,1,1984,0,0,0,26,0,12,0,9,22,0
60332,0,1,1984,0,0,0,0,0,0,0,0,0,0
60332,1,1,1984,16,5,16,0,21,12,9,0,0,0
60333,0,1,1984,17,17,17,17,17,17,17,17,17,17
60333,1,1,1984,0,0,0,0,0,0,17,14,0,0
60333,2,1,1984,0,0,0,0,0,5,0,0,0,0
60334,1,1,1984,8,8,8,8,8,8,8,8,8,8
60335,1,1,1984,19,19,19,19,19,19,19,19,19,19
60336,1,1,1984,26,26,26,26,26,26,26,26,26,26
60337,1,1,1984,0,6,0,0,6,5,4,0,0,0
60337,2,1,1984,0,0,0,0,0,0,0,0,0,0
60338,1,1,1984,0,0,0,0,0,0,0,0,0,0
60338,2,1,1984,0,0,0,0,0,0,0,0,0,0
60339,1,1,1984,0,0,0,0,0,0,0,0,0,0
60339,2,1,1984,0,0,0,0,0,0,0,0,0,0
60340,1,1,1984,31,31,31,31,31,31,31,31,31,31
60340,2,1,1984,0,0,0,0,0,0,0,0,0,0
60341,1,1,1984,0,0,0,0,0,0,0,0,0,0
60341,2,1,1984,0,0,0,0,0,0,0,0,0,0
60342,1,1,1984,18,18,18,18,18,18,18,18,18,18
60342,2,1,1984,0,0,0,0,0,0,0,0,0,0
60343,1,1,1984,0,15,5,0,0,14,0,0,16,0
60343,2,1,1984,16,16,16,16,16,16,16,16,16,16
60344,0,1,1984,0,0,0,0,0,0,0,13,0,0
60344,1,1,1984,0,0,0,22,0,0,0,0,0,0
60345,1,1,1984,0,0,0,0,0,0,0,0,0,0
60346,1,1,1984,5,5,5,5,5,5,5,5,5,5
60347,1,1,1984,11,11,11,11,11,11,11,11,11,11
60348,1,1,1984,0,0,0,5,0,0,0,0,0,14
60349,1,1,1984,15,0,0,0,0,0,0,0,0,0
60349,2,1,1984,0,0,0,0,0,0,0,0,0,0
60349,3,1,1984,0,0,0,0,0,0,0,0,0,0
60350,1,1,1984,0,0,0,0,0,0,0,0,0,0
60350,2,1,1984,0,0,0,0,0,0,0,0,0,0
60351,1,1,1984,0,0,0,0,0,0,0,0,0,0
60351,2,1,1984,0,0,0,0,0,0,0,0,0,0
60352,1,1,1984,15,15,15,15,15,15,15,15,15,15
60353,1,1,1984,0,0,9,0,0,0,0,0,0,0
60353,2,1,1984,0,0,0,0,0,0,0,0,0,0
60354,1,1,1984,23,23,23,23,23,23,23,23,23,23
60354,2,1,1984,0,0,0,0,0,0,0,0,0,0
60354,3,1,1984,0,0,0,0,0,0,0,0,0,0
60355,0,1,1984,17,17,17,17,17,17,17,17,17,17
60355,1,1,1984,0,0,0,0,0,0,9,0,0,0
60356,1,1,1984,4,4,4,4,4,4,4,4,4,4
60356,2,1,1984,0,0,0,0,15,0,0,0,0,0
60357,1,1,1984,3,3,3,3,3,3,3,3,3,3
60358,1,1,1984,20,20,20,20,20,20,20,20,20,20
60359,1,1,1984,18,18,18,18,18,18,18,18,18,18
60360,1,1,1984,0,0,0,0,0,0,0,0,0,0
60361,1,1,1984,20,20,20,20,20,20,20,20,20,20
60362,1,1,1984,19,19,19,19,19,19,19,19,19,19
60363,1,1,1984,12,0,6,0,17,0,0,0,26,0
60363,2,1,1984,0,0,0,0,0,0,0,0,0,0
60364,0,1,1984,0,0,0,0,0,0,0,0,0,0
60364,0,2,1984,0,0,0,0,0,0,0,0,0,0
60364,1,1,1984,23,23,23,23,23,23,23,23,23,23
60365,1,1,1984,0,0,0,0,0,0,0,0,0,0
60365,2,1,1984,0,0,0,0,0,0,0,0,0,0
60366,0,1,1984,0,0,0,0,0,0,0,0,0,0
60366,1,1,1984,19,7,22,5,7,26,10,6,14,25
60367,1,1,1984,0,0,0,0,0,0,0,0,0,0
60367,2,1,1984,0,0,27,0,0,20,9,0,0,0
60368,1,1,1984,12,12,12,12,12,12,12,12,12,12
60368,2,1,1984,0,0,0,0,0,0,0,15,5,12
60368,3,1,1984,0,0,0,0,0,0,0,0,0,0
60369,1,1,1984,0,0,0,0,0,0,0,0,0,0
60370,1,1,1984,15,15,15,15,15,15,15,15,15,15
60370,2,1,1984,0,0,0,0,0,0,0,0,0,0
60371,1,1,1984,8,8,8,8,8,8,8,8,8,8
60372,0,1,1984,24,24,24,24,24,24,24,24,24,24
60372,1,1,1984,35,15,0,0,0,18,6,10,0,0
60373,1,1,1984,0,0,16,0,13,0,12,0,10,0
60374,1,1,1984,0,0,0,0,0,0,0,0,0,0
60374,2,1,1984,0,0,0,0,0,8,0,0,0,0
60374,3,1,1984,0,0,0,0,4,0,0,0,0,0
60375,1,1,1984,0,0,0,0,0,0,0,0,0,0
60375,2,1,1984,16,0,0,0,0,0,0,0,0,0
60376,1,1,1984,9,15,20,11,10,7,6,0,0,18
60376,2,1,1984,2,2,2,2,2,2,2,2,2,2
60377,1,1,1984,15,15,15,15,15,15,15,15,15,15
60378,1,1,1984,0,0,0,0,0,0,0,0,0,0
60378,2,1,1984,0,0,0,0,0,0,0,0,0,0
60379,1,1,1984,21,21,21,21,21,21,21,21,21,21
60379,2,1,1984,0,0,0,0,0,0,0,0,0,0
60380,1,1,1984,7,7,7,7,7,7,7,7,7,7
60380,2,1,1984,20,20,20,20,20,20,20,20,20,20
60381,1,1,1984,22,22,22,22,22,22,22,22,22,22
60382,1,1,1984,21,21,21,21,21,21,21,21,21,21
60383,1,1,1984,18,18,18,18,18,18,18,18,18,18
60383,2,1,1984,11,0,0,0,0,0,16,0,0,0
60384,1,1,1984,0,0,0,0,0,0,0,0,0,0
60385,1,1,1984,19,19,19,19,19,19,19,19,19,19
60386,1,1,1984,0,0,0,0,0,0,0,0,0,0
60387,1,1,1984,10,10,10,10,10,10,10,10,10,10
60387,2,1,1984,15,15,15,15,15,15,15,15,15,15
60388,1,1,1984,0,0,0,0,0,0,0,0,0,0
60389,1,1,1984,0,0,0,0,0,0,0,0,0,0
60389,2,1,1984,0,0,0,0,0,0,0,0,0,0
60390,1,1,1984,0,0,0,0,0,0,0,0,0,0
60391,1,1,1984,21,21,21,21,21,21,21,21,21,21
60392,1,1,1984,0,0,0,0,0,0,0,0,0,0
60392,2,1,1984,0,0,0,0,0,0,0,0,0,0
60393,1,1,1984,18,18,18,18,18,18,18,18,18,18
60394,1,1,1984,0,0,18,0,0,0,23,0,0,0
60394,2,1,1984,0,0,0,0,0,0,0,0,0,0
60395,1,1,1984,0,11,0,15,0,0,0,0,0,0
60396,1,1,1984,32,32,32,32,32,32,32,32,32,32
60397,1,1,1984,0,0,0,0,0,0,0,0,0,0
60398,1,1,1984,0,0,0,0,0,0,0,0,0,0
60399,1,1,1984,0,0,0,0,0,0,0,0,0,0
60399,2,1,1984,0,0,0,0,0,0,0,0,0,0
60399,3,1,1984,0,0,0,0,19,0,0,0,0,0
60399,4,1,1984,0,0,0,0,0,0,11,0,0,0
60399,5,1,1984,0,0,11,0,0,0,0,0,0,0
60400,1,1,1984,13,13,13,13,13,13,13,13,13,13
60400,2,1,1984,16,0,0,0,0,0,0,0,0,0
60401,0,1,1984,0,0,0,0,0,0,0,0,0,0
60401,1,1,1984,0,0,0,0,0,15,0,0,5,0
60402,1,1,1984,0,0,0,10,0,0,0,0,0,13
60402,2,1,1984,0,0,0,0,0,0,0,0,0,0
60403,1,1,1984,0,0,0,0,0,11,0,0,0,0
60403,2,1,1984,0,0,0,0,0,0,0,0,0,0
60404,1,1,1984,0,0,0,0,0,0,0,0,0,0
60404,2,1,1984,7,7,7,7,7,7,7,7,7,7
60405,0,1,1984,0,0,0,0,0,0,0,0,0,0
60405,1,1,1984,0,0,0,0,0,0,0,0,0,0
60406,1,1,1984,19,19,19,19,19,19,19,19,19,19
60407,1,1,1984,16,16,16,16,16,16,16,16,16,16
60409,1,1,1984,8,8,8,8,8,8,8,8,8,8
60409,2,1,1984,0,0,0,0,0,0,0,0,0,0
60410,1,1,1984,29,29,29,29,29,29,29,29,29,29
60411,1,1,1984,0,0,0,0,0,0,0,0,0,0
60411,2,1,1984,0,0,0,0,0,10,0,0,0,0
60412,1,1,1984,17,17,17,17,17,17,17,17,17,17
60413,1,1,1984,0,0,0,0,0,0,0,0,0,0
60414,1,1,1984,19,19,19,19,19,19,19,19,19,19
60415,1,1,1984,0,0,0,0,0,0,0,0,0,0
60415,2,1,1984,0,0,0,0,0,0,0,0,0,0
60415,3,1,1984,0,0,0,0,0,22,0,0,0,0
60416,1,1,1984,1,1,1,1,1,1,1,1,1,1
60416,2,1,1984,18,18,18,18,18,18,18,18,18,18
60417,1,1,1984,0,0,0,0,0,0,0,0,0,0
60418,1,1,1984,0,0,0,0,0,0,0,0,0,0
60418,2,1,1984,0,0,0,0,0,0,0,0,0,0
60419,1,1,1984,0,0,0,0,0,0,0,0,0,0
60420,0,1,1984,12,12,12,12,12,12,12,12,12,12
60420,1,1,1984,0,0,0,0,0,0,0,0,0,0
60421,1,1,1984,0,0,0,0,0,0,0,7,0,0
60421,2,1,1984,0,0,0,0,0,0,0,0,0,0
60422,0,1,1984,24,24,24,24,24,24,24,24,24,24
60422,1,1,1984,0,0,0,0,0,15,0,0,0,0
60422,2,1,1984,0,0,0,0,0,0,0,0,0,0
60423,1,1,1984,0,0,0,0,0,0,0,0,0,0
60424,1,1,1984,23,23,23,23,23,23,23,23,23,23
60426,1,1,1984,17,17,17,17,17,17,17,17,17,17
60427,1,1,1984,8,8,8,8,8,8,8,8,8,8
60428,1,1,1984,12,12,12,12,12,12,12,12,12,12
60429,1,1,1984,7,7,7,7,7,7,7,7,7,7
60430,1,1,1984,22,22,22,22,22,22,22,22,22,22
60431,0,1,1984,31,31,31,31,31,31,31,31,31,31
60431,1,1,1984,16,0,0,20,0,15,0,12,0,0
60432,1,1,1984,0,0,0,0,0,0,0,0,0,0
60432,2,1,1984,0,0,0,0,0,0,0,0,0,0
60432,3,1,1984,0,0,0,0,0,0,0,0,0,0
60433,1,1,1984,4,16,20,0,20,14,9,22,14,17
60434,0,1,1984,0,0,0,0,0,0,0,0,0,0
60434,1,1,1984,0,0,20,18,0,0,6,0,0,0
60435,1,1,1984,14,14,14,14,14,14,14,14,14,14
60436,0,1,1984,0,0,0,0,0,0,0,0,0,0
60436,1,1,1984,0,0,0,0,0,0,0,0,0,0
60437,1,1,1984,0,0,0,0,0,0,31,0,0,0
60437,2,1,1984,16,16,16,16,16,16,16,16,16,16
60438,1,1,1984,0,0,0,0,0,0,0,0,0,0
60438,2,1,1984,0,0,0,17,0,0,0,0,0,0
60439,1,1,1984,0,0,0,0,0,0,0,0,0,0
60439,2,1,1984,0,0,0,0,0,0,0,0,0,0
60440,1,1,1984,0,0,0,0,0,0,0,0,0,0
60440,2,1,1984,0,0,0,14,0,0,0,0,0,0
60440,3,1,1984,0,0,0,0,0,0,0,0,0,0
60441,0,1,1984,0,0,0,0,0,0,0,0,0,0
60441,1,1,1984,0,23,11,0,0,0,0,0,0,0
60442,1,1,1984,29,29,29,29,29,29,29,29,29,29
60443,0,1,1984,0,0,0,0,0,0,0,0,0,0
60443,0,2,1984,0,4,15,0,5,25,0,7,21,16
60443,1,1,1984,19,19,19,19,19,19,19,19,19,19
60444,1,1,1984,0,0,0,0,0,0,0,0,0,0
60445,1,1,1984,9,9,9,9,9,9,9,9,9,9
60446,1,1,1984,0,0,0,0,0,0,0,0,0,0
60446,2,1,1984,29,29,29,29,29,29,29,29,29,29
60447,1,1,1984,0,0,0,0,0,0,0,0,0,0
60447,2,1,1984,0,0,0,0,0,0,0,0,0,0
60448,1,1,1984,0,0,0,0,0,0,0,0,0,0
60448,2,1,1984,0,0,0,0,0,0,0,0,8,0
60448,3,1,1984,0,0,0,0,0,0,0,0,0,0
60449,0,1,1984,0,0,0,0,0,0,0,0,0,0
60449,1,1,1984,0,0,0,0,0,0,0,23,0,0
60450,1,1,1984,21,21,21,21,21,21,21,21,21,21
60451,1,1,1984,12,0,0,18,14,19,0,20,9,0
60452,1,1,1984,24,24,24,24,24,24,24,24,24,24
60453,0,1,1984,0,0,0,0,0,0,0,0,0,0
60453,1,1,1984,0,0,0,0,0,0,0,0,0,0
60454,1,1,1984,0,0,0,0,0,0,0,0,0,0
60454,2,1,1984,13,0,0,18,10,11,0,14,16,0
60455,0,1,1984,0,0,0,0,0,0,0,0,0,0
60455,1,1,1984,0,0,9,24,0,23,0,0,9,0
60456,1,1,1984,22,22,22,22,22,22,22,22,22,22
60456,2,1,1984,0,0,0,0,3,0,0,0,0,0
60457,1,1,1984,10,10,10,10,10,10,10,10,10,10
60458,1,1,1984,0,0,0,0,0,0,0,0,0,0
60459,0,1,1984,0,0,0,0,0,0,0,0,0,0
60459,0,2,1984,0,5,6,0,0,10,8,11,2,0
60459,1,1,1984,9,39,10,17,23,24,22,17,24,20
60460,1,1,1984,0,0,0,0,0,0,0,0,0,0
60460,2,1,1984,0,0,0,0,0,0,0,0,0,0
60460,3,1,1984,0,0,0,0,0,0,0,0,0,0
60461,1,1,1984,0,0,0,0,0,0,18,0,0,0
60461,2,1,1984,9,9,9,9,9,9,9,9,9,9
60462,1,1,1984,0,0,0,0,0,0,0,0,0,0
60463,1,1,1984,8,8,8,8,8,8,8,8,8,8
60463,2,1,1984,9,9,9,9,9,9,9,9,9,9
60464,1,1,1984,33,0,0,0,19,16,0,19,6,16
60464,2,1,1984,0,0,0,0,0,0,0,0,0,0
60465,1,1,1984,13,13,13,13,13,13,13,13,13,13
60466,1,1,1984,14,14,14,14,14,14,14,14,14,14
60466,2,1,1984,0,0,0,0,0,0,0,0,0,0
60467,1,1,1984,2,2,2,2,2,2,2,2,2,2
60467,2,1,1984,0,0,0,0,0,0,0,0,0,0
60468,0,1,1984,0,0,0,0,0,0,0,0,0,0
60468,1,1,1984,0,0,0,0,0,0,0,0,0,0
60469,1,1,1984,0,0,0,0,0,0,0,0,0,0
60470,1,1,1984,21,21,21,21,21,21,21,21,21,21
60471,0,1,1984,27,5,16,7,17,35,37,31,45,16
60471,1,1,1984,0,0,0,0,0,0,0,0,0,0
60472,1,1,1984,0,0,27,4,9,0,0,22,0,12
60473,0,1,1984,10,10,10,10,10,10,10,10,10,10
60473,1,1,1984,0,17,16,0,19,0,25,23,21,0
60474,1,1,1984,0,0,0,0,0,0,0,0,0,0
60475,1,1,1984,0,0,0,0,0,0,0,0,0,0
60476,1,1,1984,9,9,9,9,9,9,9,9,9,9
60476,2,1,1984,0,0,0,0,0,0,0,0,0,0
60477,1,1,1984,0,0,0,0,0,0,0,0,0,0
60477,2,1,1984,0,0,0,0,0,0,0,3,0,0
60478,1,1,1984,12,12,12,12,12,12,12,12,12,12
60478,2,1,1984,0,0,0,0,0,0,0,0,0,0
60479,1,1,1984,0,0,0,0,0,0,0,0,0,0
60479,2,1,1984,0,0,0,0,0,0,0,0,0,0
60479,3,1,1984,0,0,0,0,0,0,0,0,0,0
60479,4,1,1984,10,0,0,0,9,0,0,0,0,0
60480,1,1,1984,19,19,19,19,19,19,19,19,19,19
60480,2,1,1984,0,0,0,0,0,0,0,0,0,0
60480,3,1,1984,0,0,0,0,0,0,0,0,0,0
60481,1,1,1984,17,17,17,17,17,17,17,17,17,17
60482,1,1,1984,16,16,16,16,16,16,16,16,16,16
60483,0,1,1984,6,17,0,14,0,22,0,0,0,17
60483,1,1,1984,11,11,11,11,11,11,11,11,11,11
60484,1,1,1984,0,0,0,0,0,0,0,0,0,0
60484,2,1,1984,0,0,0,0,0,0,0,0,0,0
60485,1,1,1984,0,0,0,0,0,0,0,0,0,0
60485,2,1,1984,0,0,0,0,0,0,0,0,0,0
60486,1,1,1984,0,0,0,0,0,0,0,0,0,0
60487,1,1,1984,19,19,19,19,19,19,19,19,19,19
60488,1,1,1984,14,14,14,14,14,14,14,14,14,14
60489,1,1,1984,15,15,15,15,15,15,15,15,15,15
60490,0,1,1984,0,16,0,13,33,0,26,0,0,12
60490,1,1,1984,13,13,13,13,13,13,13,13,13,13
60490,2,1,1984,9,17,0,0,0,0,0,0,0,0
60491,1,1,1984,15,15,15,15,15,15,15,15,15,15
60492,1,1,1984,0,0,0,0,0,0,0,0,0,0
60492,2,1,1984,0,0,0,0,0,0,0,0,0,0
60493,0,1,1984,0,0,0,0,0,0,0,0,0,0
60493,1,1,1984,0,0,0,0,0,0,0,0,0,0
60494,1,1,1984,24,24,24,24,24,24,24,24,24,24
60495,1,1,1984,0,0,0,0,0,0,0,0,0,0
60495,2,1,1984,0,0,0,0,0,0,0,0,0,0
60496,1,1,1984,16,16,16,16,16,16,16,16,16,16
60497,1,1,1984,8,8,8,8,8,8,8,8,8,8
60497,2,1,1984,0,0,0,0,0,0,0,0,0,0
60498,1,1,1984,23,23,23,23,23,23,23,23,23,23
60499,1,1,1984,0,0,0,0,0,0,0,0,0,0
60499,2,1,1984,0,0,0,0,0,0,0,0,0,0
60500,1,1,1984,0,11,0,0,0,4,0,0,0,0
60500,2,1,1984,0,0,0,0,0,0,0,0,0,0
60501,1,1,1984,22,22,22,22,22,22,22,22,22,22
60502,1,1,1984,9,9,9,9,9,9,9,9,9,9
60503,1,1,1984,14,0,0,0,0,0,0,0,0,0
60504,1,1,1984,0,0,0,0,0,0,0,0,0,0
60505,1,1,1984,14,14,14,14,14,14,14,14,14,14
60505,2,1,1984,0,17,0,0,0,0,0,0,0,0
60506,1,1,1984,25,25,25,25,25,25,25,25,25,25
60507,1,1,1984,27,0,0,0,0,0,9,34,0,0
60507,2,1,1984,0,0,0,0,0,0,0,0,0,0
60508,1,1,1984,19,19,19,19,19,19,19,19,19,19
60508,2,1,1984,0,0,0,0,0,0,0,0,0,6
60509,0,1,1984,0,0,0,0,0,0,0,0,0,0
60509,1,1,1984,0,0,0,0,0,0,14,0,11,0
60510,1,1,1984,6,6,6,6,6,6,6,6,6,6
60511,1,1,1984,6,6,6,6,6,6,6,6,6,6
60512,1,1,1984,0,0,0,0,0,0,0,0,0,0
60512,2,1,1984,0,0,0,0,0,0,0,0,0,0
60513,1,1,1984,21,21,21,21,21,21,21,21,21,21
60514,1,1,1984,0,0,0,0,0,0,0,0,0,0
60514,2,1,1984,17,17,17,17,17,17,17,17,17,17
60515,1,1,1984,11,11,12,18,11,0,18,24,16,9
60515,2,1,1984,0,0,0,0,0,0,0,0,0,0
60516,1,1,1984,7,7,7,7,7,7,7,7,7,7
60516,2,1,1984,0,0,0,0,0,0,0,0,0,0
60517,1,1,1984,0,0,0,0,0,0,0,28,0,0
60517,2,1,1984,0,0,3,0,0,0,0,0,0,13
60518,1,1,1984,12,12,12,12,12,12,12,12,12,12
60519,1,1,1984,4,4,4,4,4,4,4,4,4,4
60520,0,1,1984,0,0,0,0,0,0,0,0,0,0
60520,0,2,1984,0,0,0,0,0,0,0,0,0,0
60520,0,3,1984,0,0,0,0,0,0,0,0,0,0
60520,0,4,1984,0,0,0,0,0,0,0,0,0,0
60520,1,1,1984,0,0,0,0,0,0,0,0,0,0
60521,1,1,1984,1,1,1,1,1,1,1,1,1,1
60522,0,1,1984,0,0,0,0,0,0,0,0,0,0
60522,1,1,1984,0,0,0,0,0,0,0,0,0,0
60523,1,1,1984,0,0,0,0,22,17,11,0,10,0
60524,1,1,1984,18,18,18,18,18,18,18,18,18,18
60525,1,1,1984,17,17,17,17,17,17,17,17,17,17
60525,2,1,1984,0,0,0,0,0,0,0,0,0,0
60525,3,1,1984,0,0,0,0,0,0,0,0,0,0
60526,1,1,1984,0,11,11,15,20,12,13,15,8,0
60527,1,1,1984,27,27,27,27,27,27,27,27,27,27
60528,0,1,1984,0,0,0,0,0,0,0,0,0,0
60528,0,2,1984,0,0,0,0,0,0,0,0,0,0
60528,1,1,1984,0,0,0,0,0,0,0,0,0,0