ST_CASE,VEH_NO,PER_NO,YEAR,P1,P2,P3,P4,P5,P6,P7,P8,P9,P10
60529,1,1,1984,6,14,9,14,13,12,16,6,12,15
60529,2,1,1984,0,0,0,0,0,0,0,0,0,0
60530,1,1,1984,0,0,0,0,0,0,0,0,0,0
60530,2,1,1984,22,22,22,22,22,22,22,22,22,22
60531,0,1,1984,23,23,23,23,23,23,23,23,23,23
60531,1,1,1984,0,0,0,0,10,0,7,0,0,0
60531,2,1,1984,6,0,0,0,0,19,0,0,0,0
60532,1,1,1984,7,7,7,7,7,7,7,7,7,7
60533,1,1,1984,16,16,16,16,16,16,16,16,16,16
60534,1,1,1984,17,17,17,17,17,17,17,17,17,17
60534,2,1,1984,19,0,0,4,0,0,0,0,22,0
60535,0,1,1984,16,16,16,16,16,16,16,16,16,16
60535,1,1,1984,0,0,0,0,0,0,0,0,0,0
60536,0,1,1984,0,0,0,0,0,0,0,0,0,0
60536,1,1,1984,0,15,0,0,0,0,0,22,19,0
60537,1,1,1984,15,15,15,15,15,15,15,15,15,15
60538,1,1,1984,0,0,0,0,0,0,0,0,0,0
60539,1,1,1984,13,13,13,13,13,13,13,13,13,13
60540,1,1,1984,6,6,6,6,6,6,6,6,6,6
60541,1,1,1984,21,21,21,21,21,21,21,21,21,21
60542,1,1,1984,0,0,0,0,0,0,0,0,0,0
60543,1,1,1984,20,20,20,20,20,20,20,20,20,20
60543,2,1,1984,0,0,0,0,0,0,0,0,0,0
60544,0,1,1984,0,0,0,0,0,0,0,0,0,0
60544,1,1,1984,0,0,0,0,0,0,0,0,0,0
60545,1,1,1984,0,0,0,0,0,0,0,0,0,0
60546,0,1,1984,0,0,0,0,0,0,20,0,0,0
60546,1,1,1984,0,0,0,0,3,0,0,0,0,0
60547,0,1,1984,15,15,15,15,15,15,15,15,15,15
60547,1,1,1984,0,0,0,0,0,0,0,0,0,0
60548,0,1,1984,23,29,40,0,22,20,28,25,24,0
60548,0,2,1984,9,9,9,9,9,9,9,9,9,9
60548,1,1,1984,33,6,0,10,37,0,13,0,15,13
60549,1,1,1984,30,30,30,30,30,30,30,30,30,30
60549,2,1,1984,10,0,18,0,38,0,0,24,21,0
60549,3,1,1984,2,0,22,0,0,8,0,0,7,0
60550,1,1,1984,22,14,0,12,13,12,17,13,12,15
60550,2,1,1984,0,0,0,0,0,0,0,0,0,0
60551,1,1,1984,0,0,0,0,0,0,0,0,0,0
60551,2,1,1984,0,0,0,0,0,0,0,0,0,0
60551,3,1,1984,0,0,0,0,0,0,0,0,0,0
60552,1,1,1984,0,0,0,0,0,0,0,0,0,0
60553,1,1,1984,0,0,0,0,0,0,0,0,0,0
60554,1,1,1984,0,0,0,0,0,0,0,0,0,0
60554,2,1,1984,0,0,0,0,0,0,0,0,0,0
60555,1,1,1984,35,35,35,35,35,35,35,35,35,35
60556,1,1,1984,0,0,0,0,0,0,0,0,0,0
60556,2,1,1984,0,0,0,0,0,0,0,0,4,0
60556,3,1,1984,0,0,0,0,0,0,0,0,0,0
60557,1,1,1984,10,10,10,10,10,10,10,10,10,10
60557,2,1,1984,0,0,0,0,0,0,17,0,0,0
60558,1,1,1984,11,11,11,11,11,11,11,11,11,11
60559,1,1,1984,4,4,4,4,4,4,4,4,4,4
60560,1,1,1984,0,0,0,0,0,0,0,0,0,0
60560,2,1,1984,19,19,19,19,19,19,19,19,19,19
60561,0,2,1984,28,28,28,28,28,28,28,28,28,28
60561,1,1,1984,0,0,0,0,0,26,0,0,0,0
60562,0,1,1984,0,0,0,0,0,0,0,0,0,0
60562,1,1,1984,6,11,6,19,14,7,14,11,21,10
60562,2,1,1984,10,5,19,11,0,9,10,17,6,0
60563,1,1,1984,20,20,20,20,20,20,20,20,20,20
60563,2,1,1984,0,0,0,0,0,0,0,0,7,0
60564,1,1,1984,0,0,0,0,0,0,0,18,0,0
60564,2,1,1984,0,0,0,0,0,0,0,0,0,0
60564,3,1,1984,0,0,0,0,17,0,0,0,0,15
60565,0,1,1984,33,33,33,33,33,33,33,33,33,33
60565,1,1,1984,0,0,0,0,0,0,0,0,0,0
60566,1,1,1984,0,0,0,0,0,3,0,0,0,0
60566,2,1,1984,0,0,0,0,0,0,0,0,0,0
60567,1,1,1984,0,0,0,0,0,0,0,0,0,0
60568,0,1,1984,0,0,0,0,0,0,0,0,0,0
60568,1,1,1984,0,0,0,0,0,0,0,0,20,0
60569,1,1,1984,16,16,16,16,16,16,16,16,16,16
60570,1,1,1984,0,0,0,0,0,0,0,0,0,0
60570,2,1,1984,0,0,0,0,0,0,0,0,0,0
60571,0,1,1984,0,0,0,0,0,0,0,0,0,0
60571,0,2,1984,0,0,0,13,0,0,0,0,0,0
60571,1,1,1984,0,0,0,0,0,0,0,0,0,0
60572,1,1,1984,0,0,0,0,0,0,0,0,36,0
60572,2,1,1984,0,14,0,0,0,0,0,0,0,0
60572,3,1,1984,0,0,0,0,0,0,0,0,0,0
60573,0,1,1984,3,3,3,3,3,3,3,3,3,3
60573,1,1,1984,0,0,0,0,0,0,0,0,0,0
60574,0,1,1984,0,0,0,0,0,0,0,0,0,0
60574,1,1,1984,15,9,15,15,12,15,0,4,7,19
60575,1,1,1984,0,0,0,0,0,0,0,0,0,0
60576,0,1,1984,23,23,23,23,23,23,23,23,23,23
60576,1,1,1984,0,15,0,5,30,12,0,0,0,0
60577,1,1,1984,10,10,10,10,10,10,10,10,10,10
60577,2,1,1984,0,0,0,0,0,0,0,26,0,30
60578,1,1,1984,9,9,9,9,9,9,9,9,9,9
60578,2,1,1984,5,5,5,5,5,5,5,5,5,5
60579,1,1,1984,20,20,20,20,20,20,20,20,20,20
60580,1,1,1984,0,0,0,0,0,0,0,0,0,0
60581,1,1,1984,12,12,12,12,12,12,12,12,12,12
60581,2,1,1984,0,0,0,0,0,0,0,0,0,0
60582,0,1,1984,36,36,36,36,36,36,36,36,36,36
60582,1,1,1984,0,0,0,16,0,0,0,0,0,0
60583,1,1,1984,0,0,0,0,0,0,0,0,0,0
60584,1,1,1984,0,0,0,0,0,0,0,0,0,0
60584,2,1,1984,0,0,0,0,0,0,0,0,0,0
60585,1,1,1984,28,28,28,28,28,28,28,28,28,28
60586,1,1,1984,11,11,11,11,11,11,11,11,11,11
60587,1,1,1984,12,12,12,12,12,12,12,12,12,12
60587,2,1,1984,0,0,0,0,0,0,0,0,0,0
60588,1,1,1984,0,0,0,0,0,0,0,0,0,0
60589,1,1,1984,0,0,0,0,0,0,0,0,0,0
60590,1,1,1984,0,0,0,0,0,0,0,0,0,0
60590,2,1,1984,0,0,0,0,0,0,0,0,0,24
60591,1,1,1984,8,8,8,8,8,8,8,8,8,8
60592,1,1,1984,0,0,0,0,0,0,0,0,0,0
60593,0,1,1984,0,0,0,0,0,0,0,0,0,0
60593,1,1,1984,0,0,0,0,0,13,0,0,0,0
60594,1,1,1984,0,0,3,8,16,0,0,0,0,0
60594,2,1,1984,28,28,28,28,28,28,28,28,28,28
60594,3,1,1984,0,0,0,14,0,0,12,0,13,22
60595,0,1,1984,15,15,15,15,15,15,15,15,15,15
60595,0,2,1984,11,17,0,13,18,20,11,11,9,17
60595,0,3,1984,0,26,0,0,8,9,0,10,0,7
60595,1,1,1984,0,31,0,42,12,0,0,0,0,12
60596,1,1,1984,4,4,4,4,4,4,4,4,4,4
60596,2,1,1984,19,0,25,12,5,3,0,12,0,5
60597,1,1,1984,17,17,17,17,17,17,17,17,17,17
60598,1,1,1984,33,12,3,2,6,21,7,18,15,14
60598,2,1,1984,0,0,0,0,0,0,0,0,0,0
60598,3,1,1984,8,5,4,0,16,10,17,7,17,20
60598,4,1,1984,0,0,0,0,0,0,0,0,0,0
60598,5,1,1984,0,0,0,0,0,0,0,0,0,0
60598,6,1,1984,17,11,6,19,0,0,0,0,0,0
60598,7,1,1984,0,0,0,0,0,0,0,0,0,0
60599,1,1,1984,0,0,0,0,0,0,0,0,0,0
60600,1,1,1984,0,0,0,0,21,0,0,0,0,0
60600,2,1,1984,0,0,0,0,0,0,0,0,0,0
60601,1,1,1984,0,0,0,0,0,0,0,0,0,6
60601,2,1,1984,0,0,0,0,0,0,0,0,0,0
60602,1,1,1984,0,0,0,0,0,0,0,0,0,0
60602,2,1,1984,0,0,0,0,0,0,0,0,0,0
60603,1,1,1984,20,20,20,20,20,20,20,20,20,20
60604,1,1,1984,0,0,0,0,0,0,0,0,0,0
60604,2,1,1984,0,0,0,0,0,12,0,0,0,0
60605,0,1,1984,0,0,0,0,0,0,0,0,0,0
60605,1,1,1984,0,0,0,0,0,0,0,0,0,0
60606,0,1,1984,40,40,40,40,40,40,40,40,40,40
60606,1,1,1984,0,0,0,17,0,0,0,0,0,0
60607,1,1,1984,0,0,0,0,0,0,0,0,0,0
60608,1,1,1984,29,29,29,29,29,29,29,29,29,29
60609,1,1,1984,6,6,6,6,6,6,6,6,6,6
60609,2,1,1984,0,0,0,0,0,0,0,0,0,0
60610,0,1,1984,28,28,28,28,28,28,28,28,28,28
60610,1,1,1984,0,0,0,0,0,0,0,0,0,0
60611,1,1,1984,0,0,0,21,32,0,0,0,0,0
60611,2,1,1984,0,0,14,0,0,0,0,0,0,0
60612,1,1,1984,0,0,0,0,0,0,0,0,0,0
60612,2,1,1984,11,14,0,17,0,11,0,23,22,13
60613,1,1,1984,15,0,0,6,0,26,10,7,19,0
60614,0,1,1984,5,5,5,5,5,5,5,5,5,5
60614,1,1,1984,0,0,0,0,0,0,0,0,0,0
60615,1,1,1984,0,0,0,0,0,0,0,0,14,0
60615,2,1,1984,17,15,0,21,0,0,0,9,0,0
60616,1,1,1984,18,18,18,18,18,18,18,18,18,18
60617,1,1,1984,0,0,0,0,0,0,0,0,0,0
60617,2,1,1984,0,0,0,0,0,0,0,0,0,0
60618,1,1,1984,10,10,10,10,10,10,10,10,10,10
60618,2,1,1984,0,0,0,0,0,0,0,0,0,0
60618,3,1,1984,0,0,0,0,0,0,0,0,0,0
60619,1,1,1984,0,0,0,0,0,0,0,0,0,0
60619,2,1,1984,0,0,0,0,0,0,0,0,0,0
60620,1,1,1984,11,11,11,11,11,11,11,11,11,11
60621,1,1,1984,0,0,0,0,0,0,0,0,0,0
60621,2,1,1984,0,0,0,0,0,0,0,0,0,0
60621,3,1,1984,0,0,0,0,0,0,0,0,0,0
60622,1,1,1984,12,12,12,12,12,12,12,12,12,12
60623,1,1,1984,4,4,4,4,4,4,4,4,4,4
60624,0,1,1984,0,0,0,0,0,0,0,0,0,0
60624,1,1,1984,0,0,0,0,0,0,0,0,0,0
60625,1,1,1984,18,18,18,18,18,18,18,18,18,18
60626,0,1,1984,23,23,23,23,23,23,23,23,23,23
60626,1,1,1984,0,3,18,17,11,18,10,20,13,23
60627,1,1,1984,9,9,9,9,9,9,9,9,9,9
60627,2,1,1984,0,0,0,0,0,0,0,0,0,0
60628,0,1,1984,0,0,0,0,0,0,0,0,0,0
60628,1,1,1984,0,0,0,0,0,0,0,0,0,0
60629,1,1,1984,0,0,0,0,0,0,0,0,0,0
60629,2,1,1984,0,0,0,0,0,0,0,0,0,0
60630,0,1,1984,0,0,0,0,0,0,0,0,0,0
60630,1,1,1984,24,12,15,0,0,13,0,0,0,0
60631,1,1,1984,5,5,5,5,5,5,5,5,5,5
60632,1,1,1984,22,22,22,22,22,22,22,22,22,22
60633,1,1,1984,13,13,13,13,13,13,13,13,13,13
60634,1,1,1984,21,21,21,21,21,21,21,21,21,21
60635,1,1,1984,0,0,0,0,0,0,0,0,0,0
60636,1,1,1984,5,5,5,5,5,5,5,5,5,5
60637,1,1,1984,12,12,12,12,12,12,12,12,12,12
60638,1,1,1984,10,0,0,4,24,0,0,0,0,0
60639,0,1,1984,33,33,33,33,33,33,33,33,33,33
60639,1,1,1984,0,0,19,0,0,0,0,0,0,0
60640,1,1,1984,0,0,0,0,0,0,0,0,0,0
60641,1,1,1984,0,0,0,0,0,0,0,0,0,0
60642,1,1,1984,0,0,0,0,0,0,0,0,0,0
60643,1,1,1984,8,8,8,8,8,8,8,8,8,8
60644,2,1,1984,14,14,14,14,14,14,14,14,14,14
60645,1,1,1984,4,4,4,4,4,4,4,4,4,4
60646,1,1,1984,0,0,0,9,0,0,7,13,0,7
60647,1,1,1984,28,28,28,28,28,28,28,28,28,28
60647,2,1,1984,0,0,0,0,0,0,0,0,0,0
60648,1,1,1984,11,11,11,11,11,11,11,11,11,11
60648,2,1,1984,14,14,14,14,14,14,14,14,14,14
60649,1,1,1984,13,13,13,13,13,13,13,13,13,13
60650,0,1,1984,0,0,0,0,0,0,0,0,0,0
60650,1,1,1984,0,0,0,0,0,0,0,0,0,0
60651,1,1,1984,0,0,0,0,0,0,0,0,0,0
60651,2,1,1984,0,0,0,0,0,0,0,0,0,0
60652,1,1,1984,0,0,0,0,0,9,0,0,0,0
60652,2,1,1984,0,0,0,0,0,0,0,0,0,0
60653,1,1,1984,22,22,22,22,22,22,22,22,22,22
60653,2,1,1984,13,0,6,0,7,14,0,0,0,0
60654,0,1,1984,20,19,0,21,26,26,0,10,8,26
60654,1,1,1984,0,0,0,0,0,17,0,0,0,0
60655,1,1,1984,14,14,14,14,14,14,14,14,14,14
60656,1,1,1984,0,0,0,0,0,0,0,0,0,0
60657,1,1,1984,0,0,0,0,0,0,0,0,0,0
60657,2,1,1984,0,0,0,0,0,0,0,0,0,0
60658,1,1,1984,16,0,0,0,0,0,0,0,0,0
60658,2,1,1984,0,0,0,0,0,0,0,0,0,0
60659,0,1,1984,15,0,27,0,0,51,0,0,0,0
60659,0,2,1984,22,0,0,27,0,21,0,18,13,22
60659,1,1,1984,0,0,0,0,0,0,0,0,0,0
60660,1,1,1984,19,19,19,19,19,19,19,19,19,19
60661,1,1,1984,21,21,21,21,21,21,21,21,21,21
60662,1,1,1984,3,3,3,3,3,3,3,3,3,3
60663,1,1,1984,0,0,0,0,0,0,0,0,0,0
60663,2,1,1984,0,0,0,0,0,0,0,0,0,0
60664,1,1,1984,0,0,12,0,0,28,3,7,0,0
60665,0,1,1984,0,0,28,0,0,0,0,0,0,0
60665,1,1,1984,0,0,0,0,0,0,0,0,0,0
60666,0,1,1984,0,0,0,0,0,0,0,0,0,0
60666,1,1,1984,0,0,0,0,0,0,0,0,0,0
60667,0,1,1984,31,31,31,31,31,31,31,31,31,31
60667,1,1,1984,0,0,0,0,0,0,0,0,0,0
60668,1,1,1984,16,16,16,16,16,16,16,16,16,16
60669,0,1,1984,16,16,16,16,16,16,16,16,16,16
60669,1,1,1984,0,0,0,0,0,0,0,0,0,0
60670,1,1,1984,6,0,0,0,22,0,8,14,0,0
60670,2,1,1984,0,0,4,0,0,0,0,0,0,0
60671,1,1,1984,0,0,0,0,0,0,0,0,0,0
60671,2,1,1984,0,0,0,0,0,0,0,0,0,0
60672,1,1,1984,0,0,0,0,0,3,0,0,0,0
60672,2,1,1984,0,0,0,0,0,0,0,0,0,0
60673,1,1,1984,13,13,13,13,13,13,13,13,13,13
60674,1,1,1984,0,0,0,0,0,0,0,0,0,9
60674,2,1,1984,0,0,37,0,0,0,0,0,0,0
60675,1,1,1984,6,6,6,6,6,6,6,6,6,6
60676,1,1,1984,29,29,29,29,29,29,29,29,29,29
60676,2,1,1984,0,0,0,0,0,15,0,0,0,0
60677,1,1,1984,0,19,0,0,23,0,11,0,0,20
60678,1,1,1984,20,22,5,13,4,8,9,18,12,16
60678,2,1,1984,0,20,0,0,0,0,0,0,0,14
60679,1,1,1984,22,0,9,0,6,29,18,9,13,0
60680,1,1,1984,18,18,18,18,18,18,18,18,18,18
60680,2,1,1984,0,0,0,0,0,0,0,0,0,0
60680,3,1,1984,9,21,10,9,13,20,32,21,18,0
60680,4,1,1984,0,0,7,0,0,5,0,0,0,0
60680,5,1,1984,0,9,0,0,0,20,0,0,0,11
60681,1,1,1984,14,14,14,14,14,14,14,14,14,14
60681,2,1,1984,5,5,5,5,5,5,5,5,5,5
60682,1,1,1984,18,18,18,18,18,18,18,18,18,18
60683,0,1,1984,0,0,0,0,0,0,0,0,0,0
60683,0,2,1984,0,0,0,0,0,0,0,0,0,0
60683,1,1,1984,6,0,0,0,0,0,0,0,0,0
60684,1,1,1984,15,15,15,15,15,15,15,15,15,15
60685,1,1,1984,0,0,0,0,0,0,0,0,0,0
60685,2,1,1984,0,0,0,0,0,0,0,0,0,0
60686,1,1,1984,17,17,17,17,17,17,17,17,17,17
60687,1,1,1984,0,0,0,0,0,0,0,0,0,0
60687,2,1,1984,0,0,0,0,0,0,0,0,0,0
60688,0,1,1984,0,0,0,0,0,0,0,0,0,0
60688,1,1,1984,0,0,0,0,0,0,0,0,0,0
60689,1,1,1984,9,9,9,9,9,9,9,9,9,9
60690,1,1,1984,11,11,11,11,11,11,11,11,11,11
60690,2,1,1984,0,0,0,0,0,0,0,0,0,0
60691,1,1,1984,11,11,11,11,11,11,11,11,11,11
60691,2,1,1984,0,0,0,0,0,0,0,25,0,14
60692,1,1,1984,0,0,10,7,17,25,0,23,0,0
60692,2,1,1984,0,0,0,0,0,0,0,0,0,0
60693,1,1,1984,0,0,0,0,0,0,0,0,0,0
60693,2,1,1984,0,0,0,0,0,0,0,0,0,4
60694,1,1,1984,0,0,0,0,0,0,0,0,0,0
60695,1,1,1984,13,13,13,13,13,13,13,13,13,13
60696,1,1,1984,25,25,25,25,25,25,25,25,25,25
60697,1,1,1984,21,9,6,7,18,9,8,23,17,4
60698,1,1,1984,22,4,0,0,8,0,0,0,0,0
60699,1,1,1984,17,17,17,17,17,17,17,17,17,17
60700,1,1,1984,0,0,0,0,0,0,0,0,0,0
60701,1,1,1984,11,11,11,11,11,11,11,11,11,11
60701,2,1,1984,0,0,0,0,0,0,0,0,0,0
60702,1,1,1984,4,4,4,4,4,4,4,4,4,4
60703,1,1,1984,3,3,3,3,3,3,3,3,3,3
60704,1,1,1984,20,20,20,20,20,20,20,20,20,20
60705,1,1,1984,8,8,8,8,8,8,8,8,8,8
60706,1,1,1984,0,0,0,0,0,0,0,0,0,0
60706,2,1,1984,9,0,0,0,0,0,0,0,0,0
60706,3,1,1984,0,0,0,0,0,0,0,24,0,0
60707,1,1,1984,12,12,12,12,12,12,12,12,12,12
60707,2,1,1984,9,9,9,9,9,9,9,9,9,9
60708,0,1,1984,48,0,0,0,0,0,34,0,13,0
60708,0,2,1984,0,0,0,29,0,0,0,0,0,0
60708,1,1,1984,0,0,0,0,0,0,0,0,0,0
60709,1,1,1984,13,13,13,13,13,13,13,13,13,13
60710,1,1,1984,0,0,0,0,0,0,0,0,0,0
60711,1,1,1984,20,20,20,20,20,20,20,20,20,20
60712,0,1,1984,0,0,0,0,0,0,0,0,0,0
60712,1,1,1984,0,0,12,0,0,0,0,0,0,0
60713,1,1,1984,15,15,15,15,15,15,15,15,15,15
60713,2,1,1984,10,6,5,19,0,7,14,13,24,8
60714,0,1,1984,0,0,0,0,0,0,0,0,0,0
60714,1,1,1984,11,0,12,0,0,0,0,0,0,0
60715,1,1,1984,13,13,13,13,13,13,13,13,13,13
60715,2,1,1984,0,0,0,0,0,0,0,31,0,0
60716,0,1,1984,23,23,23,23,23,23,23,23,23,23
60716,1,1,1984,0,0,0,0,0,0,0,11,0,0
60717,1,1,1984,14,14,14,14,14,14,14,14,14,14
60718,0,1,1984,0,0,0,0,0,0,0,0,0,0
60718,1,1,1984,0,0,0,0,0,0,0,0,0,0
60719,0,1,1984,44,44,44,44,44,44,44,44,44,44
60719,1,1,1984,0,0,14,11,20,0,0,23,26,22
60720,1,1,1984,2,2,2,2,2,2,2,2,2,2
60721,1,1,1984,0,0,0,0,0,0,0,0,0,0
60721,2,1,1984,0,0,11,0,0,0,0,0,0,0
60722,1,1,1984,20,20,20,20,20,20,20,20,20,20
60722,2,1,1984,0,0,2,0,0,0,0,0,0,0
60723,0,1,1984,14,14,14,14,14,14,14,14,14,14
60723,1,1,1984,32,13,14,6,9,0,0,15,12,24
60724,1,1,1984,11,11,11,11,11,11,11,11,11,11
60725,1,1,1984,0,0,0,0,0,0,0,0,0,0
60726,1,1,1984,12,12,12,12,12,12,12,12,12,12
60727,1,1,1984,0,0,0,0,0,0,0,0,0,0
60727,2,1,1984,0,0,0,0,0,0,0,0,0,0
60728,1,1,1984,4,4,4,4,4,4,4,4,4,4
60729,1,1,1984,0,0,0,0,0,0,0,0,0,0
60730,1,1,1984,16,16,16,16,16,16,16,16,16,16
60730,2,1,1984,0,0,0,0,0,0,0,0,0,0
60731,2,1,1984,7,7,7,7,7,7,7,7,7,7
60732,0,1,1984,0,0,0,0,0,0,0,0,0,0
60732,1,1,1984,10,10,10,10,10,10,10,10,10,10
60733,1,1,1984,4,4,4,4,4,4,4,4,4,4
60733,2,1,1984,0,0,0,0,8,0,0,0,0,22
60733,3,1,1984,8,12,21,18,5,9,4,15,19,3
60734,0,1,1984,0,0,0,0,0,0,0,0,0,0
60734,1,1,1984,0,0,0,0,0,0,0,0,0,0
60735,0,1,1984,10,10,10,10,10,10,10,10,10,10
60735,1,1,1984,0,0,0,11,14,0,0,0,0,0
60736,1,1,1984,0,0,0,0,0,0,0,0,0,0
60737,1,1,1984,0,0,0,0,0,0,0,0,0,0
60737,2,1,1984,0,0,10,0,0,0,0,11,0,0
60738,1,1,1984,0,0,0,0,25,9,0,21,12,19
60739,1,1,1984,15,15,15,15,15,15,15,15,15,15
60740,1,1,1984,0,0,0,0,0,0,0,0,0,0
60741,1,1,1984,20,20,20,20,20,20,20,20,20,20
60742,1,2,1984,12,12,12,12,12,12,12,12,12,12
60743,1,1,1984,11,11,11,11,11,11,11,11,11,11
60744,1,2,1984,0,0,0,0,0,0,0,0,0,0
60745,1,1,1984,15,15,15,15,15,15,15,15,15,15
60745,2,1,1984,0,0,0,0,0,0,0,0,37,0
60746,1,1,1984,14,14,14,14,14,14,14,14,14,14
60747,1,1,1984,0,0,0,0,0,0,0,0,0,0
60748,1,1,1984,0,0,0,0,0,0,0,0,0,0
60749,1,1,1984,0,0,0,0,0,0,0,0,0,0
60749,2,1,1984,0,0,0,0,0,0,0,0,0,0
60750,1,1,1984,0,0,0,9,0,0,0,0,0,0
60751,1,1,1984,0,0,0,0,0,0,0,0,0,0
60752,1,1,1984,0,6,0,0,16,0,0,4,11,0
60753,0,1,1984,25,25,25,25,25,25,25,25,25,25
60753,1,1,1984,0,0,0,0,0,0,0,0,0,0
60754,1,1,1984,0,0,0,0,0,0,0,0,0,0
60754,2,1,1984,35,31,6,15,0,11,0,0,17,21
60755,1,1,1984,0,0,0,0,0,0,0,0,0,0
60756,1,1,1984,24,24,24,24,24,24,24,24,24,24
60756,2,1,1984,0,0,0,0,0,0,0,0,14,0
60757,1,1,1984,14,14,14,14,14,14,14,14,14,14
60757,2,1,1984,0,0,0,0,0,0,0,0,0,0
60758,1,1,1984,19,10,14,5,28,17,10,15,4,33
60759,1,1,1984,19,19,19,19,19,19,19,19,19,19
60760,1,1,1984,18,18,18,18,18,18,18,18,18,18
60760,2,1,1984,0,0,0,0,0,0,0,0,0,0
60761,0,1,1984,18,18,18,18,18,18,18,18,18,18
60761,1,1,1984,0,0,0,0,0,0,12,6,0,0
60762,1,1,1984,0,0,0,0,0,9,0,0,0,0
60762,2,1,1984,2,2,2,2,2,2,2,2,2,2
60763,1,1,1984,19,19,19,19,19,19,19,19,19,19
60764,0,1,1984,0,0,0,0,0,0,0,0,0,0
60764,0,2,1984,0,0,0,12,0,0,0,0,0,0
60764,1,1,1984,13,18,4,8,10,0,27,0,21,0
60765,1,1,1984,0,0,0,0,0,0,0,0,0,0
60766,1,1,1984,0,0,0,0,0,0,0,0,0,0
60767,1,1,1984,19,19,19,19,19,19,19,19,19,19
60768,1,1,1984,17,17,17,17,17,17,17,17,17,17
60769,1,1,1984,20,19,15,15,12,11,13,33,22,14
60770,0,1,1984,0,0,0,0,0,0,0,0,0,0
60770,1,1,1984,0,35,0,23,19,16,15,12,29,0
60770,2,1,1984,0,0,0,0,0,0,0,0,0,0
60771,1,1,1984,0,0,0,0,0,0,0,16,0,0
60771,2,1,1984,0,0,0,0,0,0,0,0,0,0
60772,1,1,1984,11,0,0,0,34,12,14,0,9,0
60773,1,1,1984,0,0,0,0,0,0,0,0,0,0
60773,2,1,1984,0,0,0,0,0,0,0,0,0,0
60774,1,1,1984,8,8,8,8,8,8,8,8,8,8
60775,0,1,1984,0,0,0,0,0,0,0,0,0,0
60775,1,1,1984,17,17,17,17,17,17,17,17,17,17
60776,0,1,1984,0,0,0,0,0,0,0,0,0,0
60776,1,1,1984,11,0,23,0,0,19,0,0,0,14
60777,1,1,1984,22,22,22,22,22,22,22,22,22,22
60778,1,1,1984,18,0,0,0,0,0,0,0,0,0
60779,0,1,1984,0,0,0,0,0,0,0,0,0,0
60779,1,1,1984,0,0,0,0,0,0,0,0,0,0
60780,1,1,1984,39,39,39,39,39,39,39,39,39,39
60781,1,1,1984,25,25,25,25,25,25,25,25,25,25
60782,1,1,1984,2,2,2,2,2,2,2,2,2,2
60782,2,1,1984,25,15,0,10,15,18,16,9,22,8
60783,1,1,1984,0,0,0,0,0,0,0,0,0,0
60783,2,1,1984,0,0,0,0,0,0,0,0,0,4
60783,3,1,1984,0,0,0,0,0,0,0,0,0,0
60784,1,1,1984,10,10,10,10,10,10,10,10,10,10
60784,2,1,1984,0,0,0,0,0,0,0,0,0,0
60785,1,1,1984,0,0,0,0,0,0,0,0,0,0
60785,2,1,1984,0,0,0,0,0,0,0,0,0,0
60786,1,1,1984,17,17,17,17,17,17,17,17,17,17
60787,1,1,1984,21,21,21,21,21,21,21,21,21,21
60788,1,1,1984,0,0,0,0,0,0,0,0,0,0
60789,1,1,1984,12,12,12,12,12,12,12,12,12,12
60789,2,1,1984,0,0,0,0,0,0,0,0,0,10
60790,1,1,1984,20,20,20,20,20,20,20,20,20,20
60791,1,1,1984,35,35,35,35,35,35,35,35,35,35
60791,2,1,1984,0,0,0,0,0,0,0,0,0,0
60792,0,1,1984,0,0,0,0,0,0,0,0,0,0
60792,0,2,1984,13,0,24,0,0,0,10,11,0,0
60792,1,1,1984,0,0,0,0,0,0,0,0,0,0
60793,0,1,1984,0,0,0,0,0,0,0,0,0,0
60793,0,2,1984,0,0,0,0,0,0,0,0,0,0
60793,1,1,1984,16,0,0,0,0,0,0,0,0,0
60794,1,1,1984,8,8,8,8,8,8,8,8,8,8
60795,0,1,1984,16,16,16,16,16,16,16,16,16,16
60795,1,1,1984,0,9,11,0,0,0,0,0,0,0
60796,1,1,1984,0,0,0,0,0,0,0,0,0,0
60797,1,1,1984,2,2,2,2,2,2,2,2,2,2
60798,1,1,1984,12,12,12,12,12,12,12,12,12,12
60799,1,1,1984,0,0,0,0,0,0,0,0,0,0
60800,0,1,1984,0,0,0,0,0,0,0,0,0,0