ST_CASE,VEH_NO,PER_NO,YEAR,P1,P2,P3,P4,P5,P6,P7,P8,P9,P10
60800,1,1,1984,0,0,0,0,0,0,0,0,0,0
60801,1,1,1984,13,13,13,13,13,13,13,13,13,13
60802,1,1,1984,17,17,17,17,17,17,17,17,17,17
60803,1,1,1984,13,0,6,3,0,0,0,0,6,8
60804,1,1,1984,15,15,15,15,15,15,15,15,15,15
60805,1,1,1984,16,16,16,16,16,16,16,16,16,16
60806,1,1,1984,13,13,13,13,13,13,13,13,13,13
60807,1,1,1984,0,0,0,0,0,0,0,0,0,0
60808,1,1,1984,16,16,16,16,16,16,16,16,16,16
60809,1,1,1984,12,12,12,12,12,12,12,12,12,12
60810,1,1,1984,17,17,17,17,17,17,17,17,17,17
60810,2,1,1984,0,0,0,0,0,0,0,0,0,0
60811,1,1,1984,0,0,16,0,28,21,9,12,13,11
60812,1,1,1984,3,3,3,3,3,3,3,3,3,3
60813,1,1,1984,0,0,0,0,0,0,0,0,0,0
60813,2,1,1984,7,0,0,0,0,0,0,0,0,30
60814,1,1,1984,0,0,0,0,0,0,0,0,0,0
60815,1,1,1984,0,0,0,0,0,0,0,0,0,0
60815,2,1,1984,0,0,0,0,0,0,0,0,0,0
60815,3,1,1984,0,0,0,0,0,0,0,0,0,0
60816,0,1,1984,0,0,0,0,0,0,0,0,0,0
60816,1,1,1984,0,0,0,0,0,0,0,0,0,0
60817,1,1,1984,21,21,21,21,21,21,21,21,21,21
60817,2,1,1984,0,0,0,0,0,0,0,17,0,0
60818,1,1,1984,0,14,25,0,0,0,0,15,24,0
60818,2,1,1984,0,0,0,13,0,0,27,17,0,0
60819,1,1,1984,0,0,0,0,0,0,0,0,0,0
60819,2,1,1984,0,0,0,0,0,0,0,0,0,0
60820,1,1,1984,23,23,23,23,23,23,23,23,23,23
60821,1,1,1984,15,15,15,15,15,15,15,15,15,15
60822,1,1,1984,11,11,11,11,11,11,11,11,11,11
60823,1,1,1984,38,38,38,38,38,38,38,38,38,38
60824,0,1,1984,0,0,0,0,0,0,0,0,0,0
60824,1,1,1984,19,9,0,0,0,0,0,0,0,0
60825,1,1,1984,0,0,0,0,0,0,0,0,0,0
60825,2,1,1984,11,0,0,0,16,0,0,0,15,0
60826,1,1,1984,2,2,2,2,2,2,2,2,2,2
60826,2,1,1984,20,0,0,0,0,0,19,14,0,0
60826,3,1,1984,0,0,0,0,0,0,0,0,0,0
60827,1,1,1984,0,0,0,0,0,0,0,0,0,0
60827,2,1,1984,0,0,0,0,0,0,0,0,0,0
60828,1,1,1984,0,0,0,0,0,0,0,0,0,0
60828,2,1,1984,0,0,28,0,0,0,0,0,0,0
60829,0,1,1984,0,0,0,0,0,0,0,0,0,0
60829,1,1,1984,0,0,0,0,0,0,0,0,0,0
60830,1,1,1984,23,7,20,8,4,13,0,6,8,6
60831,1,1,1984,10,10,10,10,10,10,10,10,10,10
60831,2,1,1984,4,4,4,4,4,4,4,4,4,4
60832,0,1,1984,0,0,0,0,0,0,0,0,0,0
60832,1,1,1984,20,8,14,11,16,12,12,27,11,9
60833,1,1,1984,30,30,30,30,30,30,30,30,30,30
60833,2,1,1984,0,0,0,0,0,0,0,0,0,0
60834,0,1,1984,0,0,0,0,0,0,0,0,0,0
60834,1,1,1984,0,16,0,0,0,0,0,0,28,0
60835,1,1,1984,0,0,0,0,0,0,0,0,0,0
60836,1,1,1984,14,14,14,14,14,14,14,14,14,14
60836,2,1,1984,21,21,21,21,21,21,21,21,21,21
60837,0,1,1984,27,27,27,27,27,27,27,27,27,27
60837,1,1,1984,0,0,0,0,0,0,0,0,0,0
60838,1,1,1984,0,0,0,0,0,0,0,0,0,0
60839,1,1,1984,18,18,18,18,18,18,18,18,18,18
60840,1,1,1984,18,18,18,18,18,18,18,18,18,18
60841,1,1,1984,21,21,21,21,21,21,21,21,21,21
60842,1,1,1984,17,17,17,17,17,17,17,17,17,17
60844,1,1,1984,2,2,2,2,2,2,2,2,2,2
60845,1,1,1984,4,4,4,4,4,4,4,4,4,4
60846,1,1,1984,18,18,18,18,18,18,18,18,18,18
60847,1,1,1984,30,0,0,42,6,13,0,0,37,20
60848,1,1,1984,12,12,12,12,12,12,12,12,12,12
60849,1,1,1984,0,0,0,0,0,0,0,0,0,0
60850,1,1,1984,17,17,17,17,17,17,17,17,17,17
60851,1,1,1984,0,0,0,0,0,0,0,0,0,0
60852,0,1,1984,0,0,0,0,0,0,0,0,0,0
60852,1,1,1984,0,0,0,0,0,0,0,0,0,0
60853,1,1,1984,21,21,21,21,21,21,21,21,21,21
60854,0,1,1984,0,33,40,17,16,12,28,15,0,27
60854,1,1,1984,0,0,6,0,0,0,0,10,0,0
60855,1,1,1984,0,0,0,0,0,0,0,0,0,0
60856,1,1,1984,0,0,0,0,0,0,0,0,0,0
60857,1,1,1984,19,19,19,19,19,19,19,19,19,19
60858,0,1,1984,18,18,18,18,18,18,18,18,18,18
60858,1,1,1984,0,22,0,0,0,0,0,0,0,0
60859,1,1,1984,23,23,23,23,23,23,23,23,23,23
60861,1,1,1984,0,0,0,0,0,0,0,0,0,0
60862,1,1,1984,11,11,11,11,11,11,11,11,11,11
60863,1,1,1984,17,17,17,17,17,17,17,17,17,17
60864,1,1,1984,0,0,0,0,0,0,0,0,0,0
60864,2,1,1984,0,0,0,0,0,0,0,0,0,0
60865,1,1,1984,30,30,30,30,30,30,30,30,30,30
60865,2,1,1984,0,0,0,0,0,0,0,0,0,0
60866,0,1,1984,32,0,19,0,29,17,0,0,21,0
60866,1,1,1984,0,0,0,0,0,0,0,0,0,0
60867,1,1,1984,19,19,19,19,19,19,19,19,19,19
60868,1,1,1984,0,0,0,0,0,0,0,15,0,23
60868,2,1,1984,0,0,0,0,0,0,0,0,0,0
60869,0,1,1984,0,0,0,0,0,0,0,0,0,0
60869,1,1,1984,0,0,14,0,0,0,0,0,0,0
60870,1,1,1984,0,0,0,0,0,0,0,0,0,0
60870,2,1,1984,0,0,0,0,0,0,0,0,0,0
60871,1,1,1984,10,0,0,0,0,0,10,0,0,0
60871,2,1,1984,17,0,12,0,9,13,10,16,0,14
60872,1,1,1984,0,0,5,0,0,0,0,3,0,0
60872,2,1,1984,0,0,0,0,0,0,0,0,0,0
60873,1,1,1984,0,0,0,0,0,0,0,0,0,0
60874,1,1,1984,0,0,0,0,0,0,0,0,0,0
60874,2,1,1984,0,0,8,0,0,0,0,0,0,0
60875,0,1,1984,0,0,0,0,0,0,0,0,0,0
60875,1,1,1984,0,0,0,0,0,0,0,0,0,0
60876,1,1,1984,10,10,10,10,10,10,10,10,10,10
60877,1,1,1984,0,0,0,0,0,0,0,0,0,0
60877,2,1,1984,0,0,0,0,0,0,0,0,0,0
60878,1,1,1984,0,0,0,0,0,0,0,0,0,0
60878,2,1,1984,0,0,0,0,0,0,0,0,0,0
60879,1,1,1984,0,0,0,0,0,0,0,0,0,0
60879,2,1,1984,0,0,0,0,0,0,0,0,0,0
60880,1,1,1984,12,12,12,12,12,12,12,12,12,12
60881,0,1,1984,0,0,0,0,0,0,0,0,0,0
60881,0,2,1984,0,0,0,0,0,0,0,0,0,0
60881,0,3,1984,0,0,0,0,0,0,0,0,0,0
60881,1,1,1984,0,0,0,0,0,0,0,0,0,0
60882,1,1,1984,24,24,24,24,24,24,24,24,24,24
60882,2,1,1984,0,0,24,0,0,0,0,0,4,0
60882,3,1,1984,0,0,0,0,0,0,0,0,0,0
60883,0,1,1984,0,0,0,0,0,0,0,0,0,0
60883,1,1,1984,0,0,0,0,0,0,0,0,0,0
60884,0,1,1984,0,0,0,0,0,0,0,0,0,0
60884,1,1,1984,21,21,21,21,21,21,21,21,21,21
60885,1,1,1984,4,4,4,4,4,4,4,4,4,4
60886,1,1,1984,0,0,0,0,0,0,0,0,0,0
60886,2,1,1984,0,0,0,0,0,0,0,0,0,0
60887,1,1,1984,0,0,0,0,0,0,0,0,0,0
60887,2,1,1984,0,0,0,0,0,0,0,0,0,0
60888,1,1,1984,0,0,0,0,0,0,0,0,0,0
60888,2,1,1984,0,0,24,0,0,0,0,0,0,0
60889,1,1,1984,0,14,0,0,0,0,0,0,0,0
60889,2,1,1984,0,0,0,0,0,0,0,0,0,0
60889,3,1,1984,0,0,4,0,0,0,0,0,0,0
60890,1,1,1984,0,0,0,0,0,0,0,0,0,0
60891,1,1,1984,7,7,7,7,7,7,7,7,7,7
60891,2,1,1984,0,0,0,0,0,0,0,0,0,0
60892,1,1,1984,38,38,38,38,38,38,38,38,38,38
60893,1,1,1984,28,28,28,28,28,28,28,28,28,28
60893,2,1,1984,0,0,0,0,0,0,0,0,0,0
60894,1,1,1984,0,0,0,0,0,0,0,10,0,9
60895,0,1,1984,0,0,0,0,0,0,0,0,0,0
60895,1,1,1984,0,0,0,0,0,0,0,0,0,0
60896,1,1,1984,16,16,16,16,16,16,16,16,16,16
60897,0,1,1984,0,0,0,0,0,0,0,0,0,0
60897,1,1,1984,0,0,0,0,0,0,0,0,0,0
60898,0,1,1984,7,7,7,7,7,7,7,7,7,7
60898,1,1,1984,10,16,0,0,0,3,6,2,27,15
60899,1,1,1984,0,0,0,0,0,0,0,0,0,0
60900,1,1,1984,0,0,0,0,0,0,0,0,0,0
60900,2,1,1984,2,2,2,2,2,2,2,2,2,2
60900,3,1,1984,0,0,0,0,0,0,0,0,0,0
60901,1,1,1984,0,13,0,26,0,0,0,0,15,0
60902,1,1,1984,0,32,0,0,9,4,0,0,0,15
60902,2,1,1984,0,0,0,0,0,0,0,0,0,0
60903,1,1,1984,0,0,0,0,0,0,10,0,0,0
60904,1,1,1984,16,16,16,16,16,16,16,16,16,16
60905,1,1,1984,6,20,9,0,0,8,0,0,0,14
60906,1,1,1984,7,7,7,7,7,7,7,7,7,7
60907,0,1,1984,26,26,26,26,26,26,26,26,26,26
60907,1,1,1984,12,12,12,12,12,12,12,12,12,12
60908,1,1,1984,7,7,7,7,7,7,7,7,7,7
60908,2,1,1984,12,12,12,12,12,12,12,12,12,12
60908,3,1,1984,15,9,14,14,9,10,19,19,21,19
60909,1,1,1984,0,0,0,0,0,0,0,0,0,0
60909,2,1,1984,0,0,0,0,0,0,0,0,0,0
60909,3,1,1984,0,0,0,0,0,0,0,0,0,0
60911,1,1,1984,0,0,0,0,0,0,0,0,0,0
60912,1,1,1984,38,38,38,38,38,38,38,38,38,38
60913,1,1,1984,0,0,0,0,0,0,0,0,0,0
60913,2,1,1984,0,0,0,0,0,0,0,0,0,0
60913,3,1,1984,0,0,0,0,0,0,0,0,0,0
60914,0,1,1984,0,0,0,0,0,0,0,0,0,0
60914,0,2,1984,14,14,3,0,29,3,18,16,17,49
60914,1,1,1984,10,10,10,10,10,10,10,10,10,10
60914,2,1,1984,0,0,0,0,0,0,0,0,0,0
60915,0,1,1984,0,0,0,0,0,0,0,0,0,0
60915,0,2,1984,0,21,0,11,0,0,27,15,0,12
60915,1,1,1984,19,19,19,19,19,19,19,19,19,19
60916,1,1,1984,0,0,0,0,0,0,0,0,0,0
60916,2,1,1984,0,0,0,0,0,0,0,0,0,0
60917,1,1,1984,0,0,0,0,0,0,0,0,0,0
60917,2,1,1984,0,0,0,0,0,17,0,0,0,0
60918,1,1,1984,0,0,0,0,0,0,0,0,0,0
60919,0,1,1984,0,0,0,0,0,0,0,0,0,0
60919,1,1,1984,17,0,0,13,5,0,0,13,11,24
60920,1,1,1984,12,29,5,18,9,16,15,15,21,8
60921,0,1,1984,0,0,0,0,0,0,0,0,0,0
60921,0,2,1984,0,0,0,0,0,0,0,0,0,0
60921,1,1,1984,0,0,0,0,0,0,0,0,9,0
60921,2,1,1984,0,0,0,0,0,0,0,0,0,0
60922,0,1,1984,0,0,0,0,0,0,0,0,0,0
60922,1,1,1984,9,23,0,0,21,19,0,6,0,0
60923,1,1,1984,19,19,19,19,19,19,19,19,19,19
60924,0,1,1984,30,30,30,30,30,30,30,30,30,30
60924,1,1,1984,18,0,0,0,0,14,0,12,0,0
60925,1,1,1984,0,0,0,0,0,0,0,0,0,0
60926,1,1,1984,10,10,10,10,10,10,10,10,10,10
60927,1,1,1984,16,31,20,47,8,14,18,14,18,18
60928,1,1,1984,0,0,0,0,0,0,0,0,0,0
60928,2,1,1984,13,0,0,0,13,0,0,0,0,0
60929,1,1,1984,0,0,0,0,0,0,0,0,0,0
60929,2,1,1984,5,0,0,0,0,0,0,0,0,0
60930,1,1,1984,0,0,0,18,0,0,0,0,0,0
60931,1,1,1984,0,0,0,0,0,0,9,0,0,0
60931,2,1,1984,0,16,20,24,13,7,21,0,21,14
60932,1,1,1984,14,10,0,0,0,0,0,11,13,0
60932,2,1,1984,0,0,0,0,0,0,0,0,0,0
60933,1,1,1984,26,26,26,26,26,26,26,26,26,26
60933,2,1,1984,0,0,0,11,0,8,44,17,14,0
60934,1,1,1984,0,0,0,0,0,0,0,0,0,0
60935,0,1,1984,0,0,0,0,0,0,0,0,0,0
60935,1,1,1984,0,0,0,0,0,0,0,0,0,0
60936,0,1,1984,0,0,0,0,0,0,0,0,0,0
60936,1,1,1984,0,0,0,0,0,0,0,0,0,0
60937,1,1,1984,0,0,0,0,0,0,0,0,0,0
60937,2,1,1984,0,0,0,0,0,5,4,17,0,0
60938,1,1,1984,0,16,19,4,7,0,13,9,10,12
60939,1,1,1984,4,4,4,4,4,4,4,4,4,4
60939,2,1,1984,2,2,2,2,2,2,2,2,2,2
60940,1,1,1984,13,13,13,13,13,13,13,13,13,13
60940,2,1,1984,20,20,20,20,20,20,20,20,20,20
60941,1,1,1984,19,19,19,19,19,19,19,19,19,19
60941,2,1,1984,0,0,0,0,0,0,0,0,0,0
60942,1,1,1984,17,0,23,0,29,11,6,16,12,0
60943,1,1,1984,18,18,18,18,18,18,18,18,18,18
60943,2,1,1984,0,0,0,0,0,0,0,0,0,0
60944,1,1,1984,14,14,14,14,14,14,14,14,14,14
60945,1,1,1984,0,0,0,0,0,0,0,0,0,0
60946,1,1,1984,0,0,0,0,0,0,0,0,0,0
60947,1,1,1984,0,0,0,0,0,0,0,0,0,0
60948,1,1,1984,0,0,0,0,0,0,0,0,0,0
60949,1,1,1984,0,0,0,0,0,0,0,0,0,0
60949,2,1,1984,0,0,0,0,0,0,0,0,0,0
60950,1,1,1984,0,0,0,0,0,0,0,0,0,0
60950,2,1,1984,8,0,0,0,0,0,0,0,0,0
60951,1,1,1984,11,11,11,11,11,11,11,11,11,11
60951,2,1,1984,0,0,0,0,0,0,0,0,0,0
60952,1,1,1984,19,19,19,19,19,19,19,19,19,19
60952,2,1,1984,0,12,0,0,0,0,0,0,0,0
60953,1,1,1984,9,9,9,9,9,9,9,9,9,9
60954,0,1,1984,0,0,0,0,0,0,0,0,0,0
60954,1,1,1984,0,0,0,0,0,0,0,0,0,0
60954,2,1,1984,0,0,0,0,0,0,0,0,0,0
60955,1,1,1984,18,18,18,18,18,18,18,18,18,18
60956,1,1,1984,0,0,0,0,0,0,0,0,0,0
60956,2,1,1984,13,18,23,0,10,0,0,0,0,22
60957,1,1,1984,18,26,29,9,35,11,33,33,13,27
60958,1,1,1984,13,13,13,13,13,13,13,13,13,13
60958,2,1,1984,0,0,0,0,0,0,0,0,0,0
60959,1,1,1984,19,17,21,12,23,24,11,14,0,25
60960,1,1,1984,24,24,24,24,24,24,24,24,24,24
60961,1,1,1984,33,33,33,33,33,33,33,33,33,33
60962,1,1,1984,11,11,11,11,11,11,11,11,11,11
60962,2,1,1984,0,0,14,0,8,15,11,17,7,16
60963,1,1,1984,22,22,22,22,22,22,22,22,22,22
60963,2,1,1984,18,0,3,0,0,8,18,0,24,0
60964,1,1,1984,18,18,18,18,18,18,18,18,18,18
60964,2,1,1984,0,0,0,0,0,0,0,0,0,0
60965,1,1,1984,12,12,12,12,12,12,12,12,12,12
60966,1,1,1984,0,0,0,0,0,0,0,0,0,0
60967,1,1,1984,0,6,12,0,0,0,0,0,6,0
60967,2,1,1984,0,0,0,0,0,8,0,0,0,0
60968,1,1,1984,19,19,19,19,19,19,19,19,19,19
60969,1,1,1984,26,26,26,26,26,26,26,26,26,26
60969,2,1,1984,28,25,0,10,6,0,7,13,18,6
60970,1,1,1984,17,17,17,17,17,17,17,17,17,17
60970,2,1,1984,0,0,0,0,0,0,0,0,0,0
60971,1,1,1984,19,19,19,19,19,19,19,19,19,19
60972,1,1,1984,0,0,0,17,0,0,0,0,0,16
60973,1,1,1984,12,12,12,12,12,12,12,12,12,12
60974,1,1,1984,0,0,0,0,0,0,0,0,0,0
60975,1,1,1984,5,5,5,5,5,5,5,5,5,5
60975,2,1,1984,0,0,0,0,0,0,0,0,0,0
60975,3,1,1984,0,0,0,0,0,0,0,0,0,0
60976,1,1,1984,0,0,0,0,0,0,0,0,0,0
60977,1,1,1984,38,38,38,38,38,38,38,38,38,38
60977,2,1,1984,0,17,0,12,0,0,0,0,10,0
60977,3,1,1984,0,0,0,0,0,0,0,0,0,0
60978,1,1,1984,0,0,0,0,0,0,0,0,0,0
60978,2,1,1984,0,0,0,0,0,0,0,0,0,0
60979,1,1,1984,0,0,0,0,0,0,0,0,0,0
60980,0,1,1984,0,0,0,0,0,0,0,0,0,0
60980,1,1,1984,18,18,18,18,18,18,18,18,18,18
60981,1,1,1984,32,32,32,32,32,32,32,32,32,32
60982,0,1,1984,16,11,27,0,12,23,14,22,11,16
60982,0,2,1984,0,8,0,30,19,21,0,18,0,16
60982,1,1,1984,0,0,0,0,0,0,0,0,7,0
60983,1,1,1984,10,10,10,10,10,10,10,10,10,10
60984,1,1,1984,0,0,0,0,0,0,0,0,0,0
60984,2,1,1984,0,0,0,0,0,16,0,0,0,0
60985,0,1,1984,0,0,0,0,0,0,0,0,0,0
60985,1,1,1984,0,0,0,0,0,0,0,0,0,0
60986,1,1,1984,11,11,11,11,11,11,11,11,11,11
60986,2,1,1984,9,0,0,34,0,0,0,17,0,0
60987,1,1,1984,0,0,0,0,0,0,0,21,0,0
60987,2,1,1984,19,19,19,19,19,19,19,19,19,19
60988,1,1,1984,0,0,0,0,0,0,0,0,0,0
60988,2,1,1984,0,0,0,12,0,0,13,0,0,0
60988,3,1,1984,10,6,0,26,9,9,24,8,32,10
60989,1,1,1984,24,24,24,24,24,24,24,24,24,24
60990,0,1,1984,0,0,0,0,0,0,0,0,0,0
60990,1,1,1984,0,0,0,0,0,0,0,0,0,0
60991,1,1,1984,0,0,0,0,0,0,0,0,0,0
60992,1,1,1984,15,15,15,15,15,15,15,15,15,15
60993,1,1,1984,0,0,19,0,13,24,0,0,0,11
60993,2,1,1984,0,0,0,0,0,0,0,0,0,8
60994,0,1,1984,0,0,0,0,0,23,6,0,0,0
60994,0,2,1984,0,9,0,0,6,0,0,0,0,0
60994,1,1,1984,25,25,25,25,25,25,25,25,25,25
60995,1,1,1984,0,0,0,0,0,0,0,0,0,0
60995,2,1,1984,0,0,0,0,0,0,0,0,0,0
60996,1,1,1984,0,0,0,0,0,0,0,0,0,0
60996,2,1,1984,0,0,0,0,0,0,0,0,4,0
60997,1,1,1984,0,0,0,0,0,0,0,0,0,0
60997,2,1,1984,0,22,0,13,15,0,15,19,18,22
60998,0,1,1984,0,0,0,0,0,0,0,0,0,0
60998,1,1,1984,0,0,0,0,0,0,0,0,0,0
60999,1,1,1984,0,0,0,0,0,0,0,0,0,0
60999,2,1,1984,0,0,0,0,0,0,0,0,0,0
61000,0,1,1984,0,0,0,0,0,0,0,0,0,0
61000,1,1,1984,0,0,0,0,0,0,0,0,0,14
61001,0,1,1984,0,24,0,0,11,0,0,7,0,0
61001,1,1,1984,12,12,12,12,12,12,12,12,12,12
61002,0,1,1984,0,0,0,0,0,0,0,0,0,0
61002,1,1,1984,0,0,0,0,0,0,0,0,0,0
61003,1,1,1984,26,26,26,26,26,26,26,26,26,26
61004,1,1,1984,0,13,24,18,28,19,22,5,0,17
61005,1,1,1984,9,14,15,0,14,30,0,0,0,0
61006,1,1,1984,13,13,13,13,13,13,13,13,13,13
61007,1,1,1984,0,0,0,0,0,0,0,0,0,0
61008,1,1,1984,19,15,16,9,21,12,28,0,12,25
61009,1,1,1984,0,0,0,0,0,0,0,0,0,0
61010,0,1,1984,21,17,21,20,43,10,13,24,28,17
61010,1,1,1984,14,21,19,18,6,0,0,16,14,15
61011,1,1,1984,0,0,0,0,0,0,0,0,0,0
61012,1,1,1984,0,0,0,0,0,0,0,0,0,0
61013,1,1,1984,0,0,0,0,0,0,0,0,0,0
61014,1,1,1984,0,16,0,17,0,0,0,0,0,0
61015,0,1,1984,10,10,10,10,10,10,10,10,10,10
61015,1,1,1984,20,20,20,20,20,20,20,20,20,20
61016,0,1,1984,0,0,0,0,0,0,0,0,0,0
61016,1,1,1984,0,0,36,0,0,0,0,0,0,0
61017,0,1,1984,0,0,0,0,0,0,0,0,0,0
61017,1,1,1984,0,0,0,0,0,0,0,0,0,0
61018,1,1,1984,16,16,16,16,16,16,16,16,16,16
61019,1,1,1984,0,0,0,0,0,0,0,0,0,0
61020,0,1,1984,27,27,27,27,27,27,27,27,27,27
61020,1,1,1984,0,0,0,0,0,0,15,26,4,0
61021,1,1,1984,17,17,17,17,17,17,17,17,17,17
61022,1,1,1984,0,0,0,0,0,0,0,0,0,0
61022,2,1,1984,0,0,0,0,0,0,0,0,21,0
61023,1,1,1984,0,0,0,0,0,0,0,0,0,0
61023,2,1,1984,0,0,0,0,0,0,0,0,0,0
61024,0,1,1984,27,20,0,13,20,0,0,35,5,0
61024,1,1,1984,22,22,22,22,22,22,22,22,22,22
61025,1,1,1984,22,15,0,15,0,0,26,11,0,0
61026,0,1,1984,0,0,0,0,0,0,0,18,0,0
61026,1,1,1984,0,0,0,0,0,0,0,0,0,0
61027,1,1,1984,0,0,13,0,0,9,0,17,0,12
61027,2,1,1984,0,0,0,0,0,0,0,0,0,0
61028,1,1,1984,0,0,0,0,0,0,0,0,0,0
61028,2,1,1984,0,0,0,0,0,0,0,0,0,0
61029,0,1,1984,0,0,0,0,0,0,0,0,0,0
61029,1,1,1984,0,0,0,0,0,0,0,0,0,0
61030,0,1,1984,0,0,0,0,0,0,0,0,0,0
61030,1,1,1984,0,0,0,0,0,0,0,0,0,0
61031,1,1,1984,28,28,28,28,28,28,28,28,28,28
61032,1,1,1984,21,21,21,21,21,21,21,21,21,21
61033,1,1,1984,12,12,12,12,12,12,12,12,12,12
61034,0,1,1984,0,0,0,0,0,0,0,0,0,0
61034,1,1,1984,29,29,29,29,29,29,29,29,29,29
61035,0,1,1984,35,35,35,35,35,35,35,35,35,35
61035,1,1,1984,0,8,0,14,2,0,0,0,0,0
61036,1,1,1984,0,0,0,0,0,0,0,0,0,0
61037,1,1,1984,0,0,0,0,0,0,0,0,0,0
61038,1,1,1984,0,7,16,0,0,0,0,0,0,0
61039,1,1,1984,19,19,19,19,19,19,19,19,19,19
61040,0,1,1984,0,0,0,0,0,0,0,0,0,0
61040,1,1,1984,14,14,14,14,14,14,14,14,14,14
61041,1,1,1984,6,6,6,6,6,6,6,6,6,6
61042,1,1,1984,0,0,0,0,0,0,0,0,0,0
61043,0,1,1984,0,0,0,0,0,0,0,0,0,0
61043,1,1,1984,15,0,24,0,0,17,0,16,14,27
61044,0,1,1984,0,0,0,0,0,0,0,0,0,0
61044,1,1,1984,0,0,7,31,0,0,15,0,0,6
61045,1,1,1984,10,10,10,10,10,10,10,10,10,10
61046,1,1,1984,0,0,0,0,0,0,0,0,0,0
61047,0,1,1984,0,0,0,0,0,0,0,0,0,0
61047,1,1,1984,0,0,0,0,0,12,0,0,0,0
61048,1,1,1984,5,5,5,5,5,5,5,5,5,5
61049,1,1,1984,8,8,8,8,8,8,8,8,8,8
61049,2,1,1984,0,0,0,0,0,0,0,0,0,0
61049,3,1,1984,0,0,0,0,0,0,0,0,0,0
61050,1,1,1984,23,23,23,23,23,23,23,23,23,23
61051,1,1,1984,24,14,9,6,16,23,9,4,21,14
61051,2,1,1984,0,24,13,0,0,0,0,13,0,0
61051,3,1,1984,14,0,0,0,0,0,0,0,0,0
61052,1,1,1984,18,18,18,18,18,18,18,18,18,18
61053,1,1,1984,0,0,0,0,0,0,0,0,0,0
61053,2,1,1984,0,0,0,0,0,0,0,0,0,0
61054,1,1,1984,1,1,1,1,1,1,1,1,1,1
61054,2,1,1984,0,0,0,0,0,0,0,0,0,0
61055,1,1,1984,10,10,10,10,10,10,10,10,10,10
61056,0,1,1984,30,30,30,30,30,30,30,30,30,30
61056,1,1,1984,0,0,0,0,0,0,0,0,0,0
61056,2,1,1984,0,0,0,0,0,0,14,9,0,0
61057,1,1,1984,5,5,5,5,5,5,5,5,5,5
61058,1,1,1984,0,0,0,0,0,0,0,0,0,0
61059,1,1,1984,4,4,0,7,16,23,5,10,8,11
61060,1,1,1984,15,15,15,15,15,15,15,15,15,15
61061,1,1,1984,11,11,11,11,11,11,11,11,11,11
61062,1,1,1984,11,11,11,11,11,11,11,11,11,11
61063,1,1,1984,0,0,18,0,0,0,0,0,0,0
61064,0,1,1984,6,6,6,6,6,6,6,6,6,6
61064,1,1,1984,17,11,11,14,24,13,3,9,23,26
61065,1,1,1984,17,17,17,17,17,17,17,17,17,17
61066,0,1,1984,35,35,35,35,35,35,35,35,35,35
61066,1,1,1984,0,0,0,12,0,0,0,0,0,0
61067,0,1,1984,16,16,16,16,16,16,16,16,16,16
61067,1,1,1984,0,0,0,0,0,0,0,21,0,6
61068,1,1,1984,0,0,0,0,0,0,0,0,0,0
61069,1,1,1984,26,26,26,26,26,26,26,26,26,26
61070,1,1,1984,0,0,0,0,0,0,0,0,0,0
61071,1,1,1984,12,12,12,12,12,12,12,12,12,12
61072,1,1,1984,9,9,9,9,9,9,9,9,9,9
61072,2,1,1984,0,0,0,0,0,0,0,0,0,0
61073,1,1,1984,0,23,0,24,26,13,11,16,0,8
61074,1,1,1984,0,0,0,0,0,0,0,0,0,0
61074,2,1,1984,0,0,0,0,0,0,0,0,0,0
61074,3,1,1984,0,0,0,0,0,0,0,0,0,0
61075,1,1,1984,20,20,20,20,20,20,20,20,20,20
61076,0,1,1984,0,0,0,0,0,0,0,0,0,0
61076,1,1,1984,0,0,0,0,0,0,0,0,0,0
61077,1,1,1984,12,12,12,12,12,12,12,12,12,12
61078,0,1,1984,23,23,23,23,23,23,23,23,23,23
61078,1,1,1984,0,21,0,0,30,0,23,29,25,14
61079,1,1,1984,15,15,15,15,15,15,15,15,15,15
61080,1,1,1984,0,0,0,0,0,0,0,0,0,0
61081,0,1,1984,0,0,0,0,0,0,0,0,0,0
61081,1,1,1984,0,0,0,17,0,0,0,0,0,0
61082,1,1,1984,0,0,0,0,0,0,0,0,0,0
61082,2,1,1984,0,0,0,0,0,0,0,0,0,0
61082,3,1,1984,0,0,0,0,0,0,0,0,0,0