ST_CASE,VEH_NO,PER_NO,YEAR,P1,P2,P3,P4,P5,P6,P7,P8,P9,P10
61083,1,1,1984,0,0,0,0,0,0,0,0,0,0
61084,1,1,1984,0,0,0,0,0,0,0,0,0,0
61084,2,1,1984,0,0,0,0,0,0,0,0,0,0
61085,1,1,1984,7,7,7,7,7,7,7,7,7,7
61085,2,1,1984,0,0,0,13,0,0,0,0,0,0
61086,1,1,1984,0,0,0,0,0,0,0,0,0,0
61086,2,1,1984,0,0,0,0,0,0,0,15,0,0
61087,1,1,1984,17,17,17,17,17,17,17,17,17,17
61088,1,1,1984,0,0,0,0,0,0,0,0,0,0
61089,1,1,1984,0,0,0,0,0,0,0,0,0,0
61089,2,1,1984,0,0,0,0,0,0,0,0,0,0
61089,3,1,1984,0,0,0,0,0,0,0,0,0,0
61089,4,1,1984,0,0,0,0,0,0,0,0,0,0
61089,5,1,1984,0,0,0,0,0,0,0,0,0,0
61089,6,1,1984,0,0,0,0,0,0,0,0,0,0
61090,1,1,1984,0,0,0,0,0,0,0,0,0,0
61090,2,1,1984,1,1,1,1,1,1,1,1,1,1
61091,1,1,1984,16,16,16,16,16,16,16,16,16,16
61091,2,1,1984,0,0,0,0,0,0,0,0,0,0
61092,0,1,1984,18,18,18,18,18,18,18,18,18,18
61092,1,1,1984,0,0,0,0,28,0,0,0,10,0
61092,2,1,1984,0,0,0,0,0,0,0,0,15,0
61093,1,1,1984,2,2,2,2,2,2,2,2,2,2
61094,0,1,1984,0,0,0,0,0,0,0,0,0,0
61094,1,1,1984,0,0,0,0,0,0,0,0,0,0
61095,1,1,1984,0,0,0,0,0,0,0,0,0,0
61095,2,1,1984,0,0,0,0,0,0,0,0,0,0
61095,3,1,1984,0,0,0,0,0,0,0,0,0,0
61095,4,1,1984,21,12,16,25,2,7,13,12,10,33
61096,1,1,1984,10,10,10,10,10,10,10,10,10,10
61096,2,1,1984,0,8,17,7,0,0,0,0,11,10
61097,1,1,1984,16,0,0,0,0,0,14,6,13,0
61097,2,1,1984,0,0,0,0,0,0,0,0,0,0
61098,1,1,1984,0,0,0,0,0,0,0,0,0,0
61099,1,1,1984,0,0,0,0,0,0,0,0,0,0
61099,2,1,1984,6,6,6,6,6,6,6,6,6,6
61100,1,1,1984,0,0,0,0,0,0,0,0,0,0
61100,2,1,1984,0,0,0,0,0,0,0,0,13,0
61101,0,1,1984,28,28,28,28,28,28,28,28,28,28
61101,1,1,1984,15,15,15,15,15,15,15,15,15,15
61102,1,1,1984,12,12,12,12,12,12,12,12,12,12
61102,2,1,1984,0,0,0,0,0,0,0,11,0,0
61103,1,1,1984,21,21,21,21,21,21,21,21,21,21
61104,0,1,1984,2,2,2,2,2,2,2,2,2,2
61104,1,1,1984,0,0,0,0,0,0,0,0,0,0
61105,0,1,1984,26,26,26,26,26,26,26,26,26,26
61105,1,1,1984,0,0,0,19,0,16,0,0,0,0
61106,1,1,1984,23,0,10,18,0,0,0,26,0,0
61107,1,1,1984,10,10,10,10,10,10,10,10,10,10
61107,2,1,1984,0,0,0,0,0,19,0,0,0,0
61108,1,1,1984,0,0,0,0,0,0,0,0,0,0
61109,0,1,1984,12,0,0,0,0,0,0,47,9,23
61109,1,1,1984,0,0,0,0,0,0,0,0,0,0
61110,0,1,1984,23,23,23,23,23,23,23,23,23,23
61110,1,1,1984,12,12,12,12,12,12,12,12,12,12
61111,1,1,1984,0,9,0,0,15,24,0,21,11,0
61112,1,1,1984,17,17,17,17,17,17,17,17,17,17
61113,0,1,1984,21,21,21,21,21,21,21,21,21,21
61113,1,1,1984,0,0,0,0,0,0,13,27,0,0
61114,1,1,1984,9,9,9,9,9,9,9,9,9,9
61115,1,1,1984,16,16,16,16,16,16,16,16,16,16
61116,0,1,1984,0,0,0,0,0,0,0,0,0,0
61116,1,1,1984,0,0,30,0,0,0,27,23,18,0
61117,1,1,1984,0,0,0,0,0,22,0,15,13,0
61118,1,1,1984,16,16,16,16,16,16,16,16,16,16
61119,1,1,1984,10,10,10,10,10,10,10,10,10,10
61120,1,1,1984,0,0,0,0,0,0,0,0,0,0
61121,0,1,1984,6,6,6,6,6,6,6,6,6,6
61121,1,1,1984,10,10,10,10,10,10,10,10,10,10
61122,1,1,1984,0,0,0,0,0,0,0,0,0,0
61123,1,1,1984,0,0,0,0,0,0,0,0,0,0
61124,1,1,1984,13,0,0,0,0,13,0,20,0,0
61125,1,1,1984,16,16,16,16,16,16,16,16,16,16
61126,1,1,1984,4,4,4,4,4,4,4,4,4,4
61127,1,1,1984,25,25,25,25,25,25,25,25,25,25
61128,1,1,1984,7,7,7,7,7,7,7,7,7,7
61129,1,1,1984,0,31,17,0,5,6,0,28,0,25
61130,1,1,1984,22,22,22,22,22,22,22,22,22,22
61131,1,1,1984,22,22,22,22,22,22,22,22,22,22
61132,1,1,1984,0,0,0,0,0,0,0,0,0,0
61132,2,1,1984,0,0,0,0,0,0,0,0,0,0
61133,0,1,1984,6,6,6,6,6,6,6,6,6,6
61133,1,1,1984,0,0,0,0,0,0,0,0,10,0
61134,0,1,1984,0,0,0,0,0,0,0,0,0,0
61134,1,1,1984,0,0,0,0,0,0,0,0,0,0
61135,1,1,1984,0,0,0,0,0,0,0,0,0,10
61135,2,1,1984,0,0,0,0,0,0,0,0,0,0
61136,1,1,1984,0,0,0,0,0,0,0,0,0,0
61136,2,1,1984,18,18,18,18,18,18,18,18,18,18
61137,1,1,1984,0,0,0,0,0,0,0,0,0,0
61137,2,1,1984,0,0,0,0,0,0,0,0,0,0
61138,1,1,1984,0,0,0,0,0,0,0,0,0,0
61138,2,1,1984,0,0,0,0,4,0,0,0,0,0
61139,1,1,1984,0,0,0,0,0,0,0,0,0,0
61139,2,1,1984,0,0,0,0,0,0,0,0,11,0
61140,0,1,1984,23,12,13,0,23,17,11,0,0,15
61140,1,1,1984,11,9,12,16,7,12,6,12,15,11
61140,2,1,1984,0,0,12,0,0,0,0,0,0,0
61141,1,1,1984,27,27,27,27,27,27,27,27,27,27
61141,2,1,1984,0,0,0,0,0,0,0,0,0,0
61141,3,1,1984,0,0,0,0,0,0,0,0,0,0
61142,0,1,1984,0,0,0,0,0,0,0,0,0,0
61142,1,1,1984,0,13,0,0,0,0,0,0,0,3
61143,1,1,1984,8,8,8,8,8,8,8,8,8,8
61144,1,1,1984,0,0,0,0,21,0,0,0,11,0
61144,2,1,1984,0,0,0,0,0,0,0,0,0,0
61145,1,1,1984,0,0,0,0,0,14,0,13,0,10
61145,2,1,1984,0,0,0,0,0,0,0,0,0,0
61146,1,1,1984,21,21,21,21,21,21,21,21,21,21
61146,2,1,1984,0,0,0,0,0,0,0,0,0,15
61147,0,1,1984,0,0,0,0,0,0,0,0,0,0
61147,1,1,1984,0,0,0,0,0,0,0,0,0,0
61148,1,1,1984,0,0,0,0,0,0,0,0,0,0
61148,2,1,1984,0,0,0,0,0,0,0,0,0,0
61149,1,1,1984,0,0,0,0,0,0,0,0,0,0
61149,2,1,1984,0,0,0,0,0,0,0,0,0,0
61150,1,1,1984,0,0,0,0,7,0,0,0,0,0
61150,2,1,1984,0,0,0,0,0,0,0,0,0,0
61151,0,1,1984,0,0,0,0,0,0,0,0,0,0
61151,1,1,1984,8,0,0,0,6,0,21,0,0,0
61152,1,1,1984,0,0,0,0,0,0,0,0,0,0
61153,1,1,1984,19,19,19,19,19,19,19,19,19,19
61153,2,1,1984,0,0,0,0,0,0,0,0,0,0
61154,1,1,1984,0,0,0,0,0,0,0,0,0,0
61154,2,1,1984,0,0,0,0,0,0,0,0,0,0
61155,1,1,1984,9,9,9,9,9,9,9,9,9,9
61155,2,1,1984,3,3,3,3,3,3,3,3,3,3
61156,1,1,1984,0,0,0,0,0,0,0,0,0,0
61157,1,1,1984,0,0,0,0,0,0,0,0,0,0
61158,1,1,1984,0,0,24,21,0,0,0,0,0,26
61159,1,1,1984,0,0,0,0,4,0,0,0,0,0
61160,1,1,1984,8,12,17,44,17,21,20,16,29,20
61161,1,1,1984,0,0,0,0,0,0,0,0,0,0
61162,1,1,1984,16,16,16,16,16,16,16,16,16,16
61163,1,1,1984,0,0,0,0,0,0,0,0,0,0
61164,1,1,1984,0,0,0,0,0,0,0,0,0,0
61165,0,1,1984,0,0,0,0,0,0,0,0,0,0
61165,1,1,1984,0,0,0,0,0,0,0,0,0,0
61166,1,1,1984,23,23,23,23,23,23,23,23,23,23
61167,1,1,1984,10,13,12,13,23,24,6,13,17,14
61168,1,1,1984,19,19,19,19,19,19,19,19,19,19
61168,2,1,1984,0,0,0,0,0,0,0,0,0,0
61169,1,1,1984,14,14,14,14,14,14,14,14,14,14
61169,2,1,1984,0,0,0,0,0,0,0,0,0,0
61170,1,1,1984,20,0,0,16,19,18,0,11,23,15
61170,2,1,1984,0,0,0,0,0,0,0,0,0,13
61171,1,1,1984,0,0,5,18,22,14,0,12,16,16
61171,2,1,1984,2,2,2,2,2,2,2,2,2,2
61172,1,1,1984,0,0,0,0,0,0,0,0,0,0
61172,2,1,1984,2,2,2,2,2,2,2,2,2,2
61173,1,1,1984,0,0,0,0,0,0,0,0,0,0
61173,2,1,1984,0,0,0,13,0,0,0,0,0,0
61174,1,1,1984,11,11,11,11,11,11,11,11,11,11
61175,1,1,1984,0,6,25,11,7,15,16,25,27,7
61175,2,1,1984,9,9,9,9,9,9,9,9,9,9
61176,1,1,1984,13,13,13,13,13,13,13,13,13,13
61177,1,1,1984,0,0,0,0,0,0,0,0,0,26
61177,2,1,1984,0,0,0,0,0,0,0,0,0,0
61177,3,1,1984,0,0,0,0,0,15,0,0,0,0
61178,1,1,1984,25,33,14,14,21,11,22,33,20,17
61179,1,1,1984,19,19,19,19,19,19,19,19,19,19
61179,2,1,1984,0,0,0,0,0,17,0,0,0,0
61179,3,1,1984,0,0,0,0,0,13,0,0,0,0
61180,1,1,1984,30,30,30,30,30,30,30,30,30,30
61180,2,1,1984,0,0,0,0,0,0,11,21,0,0
61181,0,1,1984,38,38,38,38,38,38,38,38,38,38
61181,1,1,1984,0,0,0,0,0,32,0,0,0,0
61182,1,1,1984,13,13,13,13,13,13,13,13,13,13
61182,2,1,1984,0,0,0,0,0,0,0,0,0,0
61183,0,1,1984,0,0,0,0,0,0,0,0,0,0
61183,1,1,1984,0,0,0,0,0,0,0,0,5,0
61184,1,1,1984,0,0,0,0,0,0,0,0,0,0
61184,2,1,1984,0,0,0,0,0,0,3,0,0,0
61185,1,1,1984,35,35,35,35,35,35,35,35,35,35
61186,1,1,1984,23,23,23,23,23,23,23,23,23,23
61186,2,1,1984,0,0,0,20,19,0,0,10,0,15
61187,2,1,1984,0,0,0,0,0,0,0,0,0,11
61188,1,1,1984,0,0,0,0,0,0,0,0,0,0
61188,2,1,1984,0,0,0,0,0,0,0,0,0,0
61188,3,1,1984,0,0,0,0,0,0,0,0,0,0
61189,0,1,1984,0,0,0,0,0,0,0,0,0,0
61189,1,1,1984,0,0,0,0,0,0,0,0,0,0
61190,0,1,1984,0,15,0,0,11,0,0,0,38,6
61190,1,1,1984,0,0,0,0,0,0,0,0,0,0
61191,0,1,1984,0,0,18,13,0,0,0,4,22,15
61191,1,1,1984,0,0,0,0,19,7,0,0,8,0
61192,1,1,1984,11,11,11,11,11,11,11,11,11,11
61192,2,1,1984,5,5,5,5,5,5,5,5,5,5
61193,1,1,1984,24,24,24,24,24,24,24,24,24,24
61194,1,1,1984,11,11,11,11,11,11,11,11,11,11
61195,1,1,1984,30,30,30,30,30,30,30,30,30,30
61196,1,1,1984,0,0,0,0,0,0,0,0,0,0
61196,2,1,1984,5,5,5,5,5,5,5,5,5,5
61197,1,1,1984,0,0,0,0,0,0,0,0,0,0
61198,1,1,1984,6,6,6,6,6,6,6,6,6,6
61198,2,1,1984,0,0,0,0,0,0,0,0,0,0
61199,1,1,1984,0,0,0,0,11,0,0,0,0,0
61200,0,1,1984,42,32,37,32,0,18,0,0,24,19
61200,1,1,1984,0,0,0,0,0,0,0,0,0,0
61201,0,1,1984,0,0,0,0,0,0,0,0,0,0
61201,1,1,1984,7,0,27,19,0,0,0,0,0,0
61202,1,1,1984,0,7,18,0,4,0,10,20,8,16
61203,1,1,1984,20,20,20,20,20,20,20,20,20,20
61204,1,1,1984,0,0,0,0,0,0,0,0,0,0
61204,2,1,1984,0,0,0,0,0,0,0,0,0,21
61204,3,1,1984,0,0,0,0,0,0,0,0,0,0
61205,1,1,1984,0,0,0,0,0,0,0,0,0,0
61205,2,1,1984,0,0,0,0,0,0,0,0,0,0
61206,1,1,1984,3,3,3,3,3,3,3,3,3,3
61207,1,1,1984,4,0,0,0,0,0,0,20,11,0
61207,2,1,1984,0,0,0,0,0,0,0,0,0,0
61208,1,1,1984,0,5,0,0,0,0,0,0,8,0
61208,2,1,1984,0,0,0,0,0,0,0,0,0,0
61208,3,1,1984,0,0,0,0,0,0,0,0,0,0
61209,1,1,1984,0,0,0,0,0,0,0,0,0,0
61209,2,1,1984,0,0,0,0,0,0,0,0,0,0
61210,1,1,1984,8,8,8,8,8,8,8,8,8,8
61210,2,1,1984,4,16,9,13,11,16,27,22,0,24
61211,1,1,1984,26,26,26,26,26,26,26,26,26,26
61211,2,1,1984,0,0,0,0,0,24,0,0,0,0
61212,1,1,1984,18,18,18,18,18,18,18,18,18,18
61212,2,1,1984,0,0,0,0,0,0,0,0,0,0
61212,3,1,1984,0,0,0,0,0,0,0,0,0,0
61213,1,1,1984,8,8,8,8,8,8,8,8,8,8
61213,2,1,1984,0,0,0,0,0,0,0,0,0,0
61214,1,1,1984,19,19,19,19,19,19,19,19,19,19
61215,1,1,1984,8,8,8,8,8,8,8,8,8,8
61216,1,1,1984,0,0,0,0,0,13,0,0,16,10
61217,1,1,1984,0,0,0,0,0,0,0,0,0,0
61217,2,1,1984,0,0,0,0,0,0,0,0,16,0
61218,1,1,1984,14,14,14,14,14,14,14,14,14,14
61219,1,1,1984,12,12,12,12,12,12,12,12,12,12
61220,1,1,1984,0,0,0,0,0,0,0,0,0,0
61220,2,1,1984,21,0,9,0,13,1,0,5,13,0
61221,1,1,1984,25,0,0,0,0,0,0,0,0,17
61221,2,1,1984,0,0,10,0,0,14,0,0,13,0
61222,1,1,1984,16,16,16,16,16,16,16,16,16,16
61222,2,1,1984,0,0,0,25,0,0,0,0,0,0
61223,1,1,1984,0,0,0,0,0,0,0,0,0,0
61223,2,1,1984,0,0,0,0,0,0,0,0,0,0
61224,1,1,1984,33,33,33,33,33,33,33,33,33,33
61224,2,1,1984,0,0,5,0,0,0,0,0,0,0
61225,1,1,1984,0,0,0,0,0,0,0,0,0,0
61225,2,1,1984,18,18,18,18,18,18,18,18,18,18
61226,1,1,1984,22,22,22,22,22,22,22,22,22,22
61226,2,1,1984,11,0,16,0,0,9,21,0,10,0
61227,1,1,1984,0,0,0,0,0,0,0,0,0,0
61227,2,1,1984,25,25,25,25,25,25,25,25,25,25
61228,1,2,1984,14,14,14,14,14,14,14,14,14,14
61229,1,1,1984,0,0,0,0,0,0,0,0,0,0
61229,2,1,1984,0,0,0,0,0,0,0,0,0,0
61230,1,1,1984,0,0,0,0,0,0,0,0,0,0
61230,2,1,1984,0,0,0,0,0,0,0,0,0,0
61231,1,1,1984,0,0,0,0,0,0,0,0,0,0
61231,2,1,1984,0,0,0,0,0,0,0,0,0,0
61232,1,1,1984,8,8,8,8,8,8,8,8,8,8
61232,2,1,1984,0,0,0,0,0,0,0,0,0,0
61233,1,1,1984,0,0,0,0,0,0,0,0,0,0
61234,1,1,1984,24,24,24,24,24,24,24,24,24,24
61235,0,1,1984,0,0,0,0,0,0,0,0,0,0
61235,1,1,1984,0,11,0,0,0,12,0,0,0,0
61236,1,1,1984,24,24,24,24,24,24,24,24,24,24
61237,1,1,1984,7,7,7,7,7,7,7,7,7,7
61237,2,1,1984,0,0,0,0,0,0,0,0,0,0
61238,1,1,1984,7,7,7,7,7,7,7,7,7,7
61239,1,1,1984,0,0,0,0,0,0,0,0,0,0
61240,1,1,1984,0,0,0,0,0,0,0,0,0,0
61240,2,1,1984,0,0,0,0,0,0,0,0,0,0
61241,1,1,1984,0,0,0,0,0,0,0,0,0,0
61241,2,1,1984,0,0,0,0,0,0,0,0,0,0
61242,1,1,1984,5,5,5,5,5,5,5,5,5,5
61243,1,1,1984,10,10,10,10,10,10,10,10,10,10
61244,1,1,1984,0,0,0,0,0,0,0,0,0,0
61245,0,1,1984,0,20,0,0,26,0,38,0,31,0
61245,1,1,1984,0,8,8,0,0,0,0,28,15,3
61246,1,1,1984,12,12,12,12,12,12,12,12,12,12
61247,1,1,1984,17,17,17,17,17,17,17,17,17,17
61247,2,1,1984,0,0,0,0,6,22,8,23,21,11
61248,0,1,1984,0,0,0,0,0,0,0,0,0,0
61248,1,1,1984,0,0,0,0,0,0,0,0,0,0
61249,1,1,1984,18,18,18,18,18,18,18,18,18,18
61250,0,1,1984,0,0,0,0,0,0,0,0,0,0
61250,1,1,1984,0,0,0,27,0,11,0,0,0,21
61251,1,1,1984,11,11,11,11,11,11,11,11,11,11
61252,1,1,1984,14,14,14,14,14,14,14,14,14,14
61252,2,1,1984,0,12,0,12,0,12,0,0,6,0
61253,1,1,1984,3,3,3,3,3,3,3,3,3,3
61253,2,1,1984,27,27,27,27,27,27,27,27,27,27
61253,3,1,1984,17,14,0,0,10,0,9,3,8,0
61254,0,1,1984,16,16,16,16,16,16,16,16,16,16
61254,1,1,1984,7,0,0,22,0,0,32,21,12,27
61255,1,1,1984,10,10,10,10,10,10,10,10,10,10
61256,1,1,1984,0,0,0,0,0,0,0,0,0,0
61256,3,1,1984,0,0,0,0,16,0,0,0,0,0
61257,1,1,1984,0,0,0,0,0,0,0,0,0,0
61257,2,1,1984,0,0,0,0,0,0,0,0,0,0
61258,1,1,1984,0,0,0,0,0,0,0,0,0,0
61258,2,1,1984,0,0,0,0,0,0,0,0,0,0
61259,1,1,1984,0,0,0,0,0,0,0,0,0,0
61259,2,1,1984,0,0,0,0,0,0,0,0,0,0
61260,0,1,1984,0,0,0,0,0,0,0,0,0,0
61260,1,1,1984,15,15,15,15,15,15,15,15,15,15
61261,0,1,1984,0,0,0,0,0,0,0,0,0,0
61261,1,1,1984,0,0,0,0,0,0,0,0,0,0
61262,1,1,1984,14,14,14,14,14,14,14,14,14,14
61263,1,1,1984,0,0,0,0,0,0,0,0,0,0
61263,2,1,1984,11,11,11,11,11,11,11,11,11,11
61264,1,1,1984,0,0,0,11,0,0,0,0,0,0
61264,2,1,1984,0,20,0,0,0,0,0,0,0,3
61265,1,1,1984,0,0,0,0,0,0,0,0,0,0
61265,2,1,1984,0,0,0,0,0,0,0,0,10,0
61266,2,1,1984,0,0,0,0,0,0,0,0,0,0
61266,3,1,1984,0,0,0,0,0,0,17,0,0,0
61266,4,1,1984,23,0,0,0,0,0,0,0,0,0
61267,1,1,1984,20,20,20,20,20,20,20,20,20,20
61268,1,1,1984,10,0,15,10,13,20,20,8,10,18
61268,2,1,1984,0,0,0,0,0,0,0,0,0,0
61269,0,1,1984,17,17,17,17,17,17,17,17,17,17
61269,1,1,1984,11,0,0,0,0,0,0,0,0,0
61270,0,1,1984,0,0,0,0,0,0,0,0,0,0
61270,1,1,1984,0,0,0,0,0,0,0,0,0,0
61271,1,1,1984,0,0,0,0,0,0,0,0,0,0
61271,2,1,1984,0,0,0,0,0,0,0,0,0,0
61272,0,1,1984,0,0,0,0,0,0,0,0,0,0
61272,1,1,1984,0,0,0,0,0,0,0,0,0,0
61273,1,1,1984,0,0,0,0,0,0,0,0,0,0
61273,2,1,1984,0,0,0,0,0,0,10,0,0,0
61274,0,1,1984,31,31,31,31,31,31,31,31,31,31
61274,1,1,1984,0,0,0,10,0,0,0,8,0,0
61275,1,1,1984,7,7,7,7,7,7,7,7,7,7
61276,1,1,1984,0,0,0,0,0,0,0,0,0,0
61276,2,1,1984,0,0,0,0,0,0,0,13,0,0
61277,1,1,1984,28,28,28,28,28,28,28,28,28,28
61277,2,1,1984,17,17,17,17,17,17,17,17,17,17
61278,1,1,1984,0,0,4,0,0,0,0,0,0,0
61278,2,1,1984,0,0,0,0,0,0,0,0,0,0
61279,1,1,1984,0,0,0,0,4,0,0,0,0,0
61279,2,1,1984,0,0,0,7,0,0,0,0,0,0
61279,3,1,1984,0,0,0,0,0,0,0,0,0,0
61280,1,1,1984,4,4,4,4,4,4,4,4,4,4
61280,2,1,1984,0,0,0,0,0,0,0,0,0,0
61281,1,1,1984,0,0,0,0,0,0,0,0,0,0
61281,2,1,1984,0,0,0,0,0,0,0,0,0,21
61282,1,1,1984,0,0,0,0,0,0,0,0,0,0
61282,2,1,1984,0,0,0,0,0,0,0,0,0,30
61283,1,1,1984,28,28,28,28,28,28,28,28,28,28
61283,2,1,1984,0,0,0,0,0,0,0,23,0,0
61284,1,1,1984,0,0,8,0,0,0,0,0,0,0
61284,2,1,1984,0,17,0,0,0,0,0,0,0,0
61285,1,1,1984,17,17,17,17,17,17,17,17,17,17
61286,0,1,1984,0,0,0,0,0,0,0,0,0,0
61286,1,1,1984,0,0,0,0,0,0,0,0,0,0
61287,1,1,1984,18,18,18,18,18,18,18,18,18,18
61288,1,1,1984,10,10,10,10,10,10,10,10,10,10
61288,2,1,1984,18,22,0,15,10,12,14,7,13,7
61289,1,1,1984,0,0,0,0,0,0,0,0,0,0
61290,0,1,1984,0,0,0,0,0,0,0,0,0,0
61290,1,1,1984,0,0,0,0,0,0,0,0,0,0
61291,1,1,1984,0,0,0,0,0,0,0,0,0,0
61291,2,1,1984,0,0,0,0,0,0,0,0,0,0
61292,0,1,1984,20,20,20,20,20,20,20,20,20,20
61292,1,1,1984,0,8,12,12,7,26,0,0,0,18
61293,1,1,1984,0,0,0,0,0,0,0,0,0,0
61293,2,1,1984,0,0,0,0,0,0,0,0,0,0
61294,0,1,1984,0,0,0,0,0,0,0,0,0,0
61294,1,1,1984,0,0,0,0,0,0,0,0,0,0
61295,1,1,1984,0,0,0,0,0,0,0,0,0,0
61295,2,1,1984,0,0,0,0,0,0,0,0,0,0
61296,1,1,1984,18,18,18,18,18,18,18,18,18,18
61296,2,1,1984,14,10,24,0,0,7,17,8,0,0
61297,1,1,1984,0,24,15,19,33,12,0,0,27,18
61298,1,1,1984,11,11,11,11,11,11,11,11,11,11
61299,0,1,1984,0,0,0,0,0,0,0,0,0,0
61299,1,1,1984,0,0,0,0,10,0,0,0,0,0
61300,0,1,1984,6,6,6,6,6,6,6,6,6,6
61300,1,1,1984,0,0,0,0,0,0,0,0,0,0
61301,1,1,1984,0,0,0,0,0,0,0,0,18,0
61301,2,1,1984,13,13,13,13,13,13,13,13,13,13
61302,1,1,1984,1,1,1,1,1,1,1,1,1,1
61303,1,1,1984,6,6,6,6,6,6,6,6,6,6
61304,1,1,1984,8,8,8,8,8,8,8,8,8,8
61305,0,1,1984,15,15,15,15,15,15,15,15,15,15
61305,1,1,1984,0,0,0,9,0,0,0,0,0,0
61306,1,1,1984,19,19,19,19,19,19,19,19,19,19
61307,1,1,1984,12,12,12,12,12,12,12,12,12,12
61308,1,1,1984,0,0,0,0,0,0,0,0,0,0
61309,1,1,1984,0,0,0,0,0,0,0,0,0,0
61310,1,1,1984,18,18,18,18,18,18,18,18,18,18
61311,1,1,1984,0,0,0,0,0,0,0,0,0,0
61311,2,1,1984,0,0,0,0,0,0,0,0,0,0
61312,1,1,1984,0,0,0,0,0,0,0,0,0,0
61313,0,1,1984,0,0,0,0,0,0,0,0,0,0
61313,1,1,1984,6,0,0,0,22,0,0,0,0,0
61314,1,1,1984,13,13,13,13,13,13,13,13,13,13
61315,1,1,1984,0,0,0,0,0,0,0,0,0,0
61316,1,1,1984,31,31,31,31,31,31,31,31,31,31
61317,1,1,1984,0,0,0,0,0,0,0,0,0,0
61318,1,1,1984,17,17,17,17,17,17,17,17,17,17
61319,1,1,1984,4,0,0,0,0,0,0,5,0,0
61319,2,1,1984,0,0,0,0,0,0,0,0,0,0
61320,1,1,1984,18,18,18,18,18,18,18,18,18,18
61321,1,1,1984,11,11,11,11,11,11,11,11,11,11
61322,1,1,1984,19,19,19,19,19,19,19,19,19,19
61322,2,1,1984,0,0,0,0,0,0,0,0,0,0
61323,1,1,1984,12,0,0,0,0,0,0,0,0,0
61323,2,1,1984,0,0,0,0,0,0,0,0,0,0
61324,1,1,1984,17,17,17,17,17,17,17,17,17,17
61325,1,1,1984,14,13,0,9,12,17,10,23,25,12
61325,2,1,1984,0,0,0,0,0,0,0,0,0,0
61325,3,1,1984,0,0,0,11,0,0,0,0,0,0
61325,4,1,1984,0,0,0,0,0,0,0,0,0,0
61326,1,1,1984,7,7,7,7,7,7,7,7,7,7
61327,1,1,1984,0,0,0,0,0,0,0,0,0,0
61327,2,1,1984,0,0,0,0,0,0,0,0,0,0
61328,1,1,1984,13,13,13,13,13,13,13,13,13,13
61329,0,1,1984,4,4,4,4,4,4,4,4,4,4
61329,1,1,1984,9,9,9,9,9,9,9,9,9,9
61331,1,1,1984,0,0,0,0,0,0,0,0,0,0
61332,1,1,1984,0,0,0,0,0,0,0,0,0,0
61332,2,1,1984,0,0,0,0,0,0,0,0,0,0
61332,3,1,1984,0,0,0,0,0,0,0,0,0,0
61333,0,1,1984,0,0,0,0,0,0,0,0,0,0
61333,1,1,1984,0,0,0,0,0,0,0,0,0,0
61334,0,1,1984,10,10,10,10,10,10,10,10,10,10
61334,1,1,1984,0,0,8,0,0,0,0,0,0,0
61335,1,1,1984,0,0,0,0,0,0,0,0,0,0
61335,2,1,1984,0,0,0,0,0,0,0,12,0,0
61336,1,1,1984,0,0,0,0,0,0,0,0,0,0
61336,2,1,1984,0,0,0,0,0,0,0,0,0,0
61337,1,1,1984,23,23,23,23,23,23,23,23,23,23
61338,1,1,1984,0,0,0,0,0,0,0,0,0,0
61338,2,1,1984,0,0,0,0,0,0,27,0,0,0
61339,1,1,1984,26,26,26,26,26,26,26,26,26,26
61340,1,1,1984,0,0,0,0,0,0,0,0,0,0
61340,2,1,1984,0,0,0,0,0,15,0,0,0,0
61341,0,1,1984,37,37,37,37,37,37,37,37,37,37
61341,1,1,1984,18,24,8,20,30,5,26,10,14,9
61342,0,1,1984,0,0,0,0,0,0,0,0,0,0
61342,1,1,1984,0,0,0,0,0,0,0,0,0,0
61343,1,1,1984,31,31,31,31,31,31,31,31,31,31
61344,1,1,1984,18,18,18,18,18,18,18,18,18,18
61345,1,1,1984,0,0,0,0,0,0,0,0,0,0
61345,2,1,1984,0,0,0,0,0,0,0,0,0,0
61346,1,1,1984,24,30,31,18,28,28,9,15,29,16
61347,1,1,1984,14,14,14,14,14,14,14,14,14,14
61348,1,1,1984,14,14,14,14,14,14,14,14,14,14
61348,2,1,1984,0,0,0,0,0,0,0,16,0,0
61349,1,1,1984,11,11,11,11,11,11,11,11,11,11
61350,0,1,1984,6,6,6,6,6,6,6,6,6,6
61350,0,2,1984,23,21,18,0,18,41,41,13,8,14