ST_CASE,VEH_NO,PER_NO,YEAR,P1,P2,P3,P4,P5,P6,P7,P8,P9,P10
61621,1,1,1984,20,20,20,20,20,20,20,20,20,20
61621,2,1,1984,0,0,0,0,0,0,0,0,0,0
61622,1,1,1984,25,25,25,25,25,25,25,25,25,25
61622,2,1,1984,0,0,0,0,0,0,0,0,0,0
61623,1,1,1984,0,0,0,0,0,0,0,0,0,0
61623,2,1,1984,27,27,27,27,27,27,27,27,27,27
61624,1,1,1984,20,20,20,20,20,20,20,20,20,20
61624,2,1,1984,0,0,0,0,0,0,0,0,6,0
61625,1,1,1984,0,0,0,0,0,0,20,15,20,0
61625,2,1,1984,0,0,0,0,0,0,0,0,0,0
61626,1,1,1984,23,23,23,23,23,23,23,23,23,23
61626,2,1,1984,0,9,0,0,0,0,0,0,0,0
61627,1,1,1984,0,0,0,0,0,0,0,0,0,0
61627,2,1,1984,0,0,0,0,0,0,0,0,0,0
61628,1,1,1984,0,0,0,0,34,0,0,9,0,7
61628,2,1,1984,0,0,0,0,0,0,0,0,0,0
61629,1,1,1984,0,0,0,0,0,0,0,0,0,0
61629,2,1,1984,0,0,0,0,0,0,0,0,0,0
61630,1,1,1984,0,0,0,0,0,13,0,0,0,0
61630,2,1,1984,0,0,0,0,0,0,0,0,0,0
61630,3,1,1984,0,0,3,0,0,9,0,0,0,0
61631,1,1,1984,0,0,0,0,0,0,0,0,0,0
61631,2,1,1984,0,0,0,0,0,0,0,0,0,0
61631,3,1,1984,0,0,0,0,0,0,0,0,0,15
61632,1,1,1984,13,13,13,13,13,13,13,13,13,13
61633,1,1,1984,0,0,0,0,0,0,0,0,0,0
61634,0,1,1984,10,18,20,22,18,16,24,10,0,40
61634,1,1,1984,13,0,15,0,3,6,0,0,0,0
61635,1,1,1984,18,18,18,18,18,18,18,18,18,18
61636,1,1,1984,18,18,18,18,18,18,18,18,18,18
61637,1,1,1984,21,21,21,21,21,21,21,21,21,21
61638,0,1,1984,0,0,0,0,0,0,0,0,0,0
61638,1,1,1984,0,0,19,0,0,0,0,0,0,0
61639,0,1,1984,0,0,0,0,0,0,0,0,0,0
61639,1,1,1984,0,0,11,16,0,0,0,0,0,15
61640,1,1,1984,27,27,27,27,27,27,27,27,27,27
61641,1,1,1984,17,17,17,17,17,17,17,17,17,17
61642,1,1,1984,25,25,25,25,25,25,25,25,25,25
61643,0,1,1984,15,15,15,15,15,15,15,15,15,15
61643,1,1,1984,0,0,0,0,0,0,0,0,0,0
61644,0,1,1984,0,0,0,0,0,0,0,0,0,0
61644,1,1,1984,0,0,27,13,6,0,0,0,0,8
61645,0,1,1984,0,0,0,0,0,0,0,0,0,0
61645,1,1,1984,0,0,0,0,0,0,0,0,0,0
61646,0,1,1984,0,0,0,0,0,0,0,0,0,0
61646,1,1,1984,0,0,0,0,0,0,0,8,13,0
61647,1,1,1984,0,16,12,0,16,21,0,0,11,9
61648,0,1,1984,14,14,14,14,14,14,14,14,14,14
61648,1,1,1984,0,0,0,0,0,21,0,0,9,0
61649,1,1,1984,16,16,16,16,16,16,16,16,16,16
61650,0,1,1984,0,0,0,0,0,0,0,0,0,0
61650,1,1,1984,0,0,0,0,0,0,0,0,0,0
61651,1,1,1984,0,0,0,0,0,0,0,0,0,0
61652,0,1,1984,0,0,0,0,0,0,0,0,0,0
61652,1,1,1984,0,0,0,0,0,0,0,0,0,0
61653,0,1,1984,20,20,20,20,20,20,20,20,20,20
61653,1,1,1984,14,0,0,0,0,0,0,0,0,9
61654,1,1,1984,0,0,0,0,0,0,0,0,0,0
61655,1,1,1984,0,0,0,0,0,0,0,0,0,0
61656,0,1,1984,0,0,0,0,0,0,0,0,0,0
61656,1,1,1984,0,0,0,0,0,0,0,0,0,9
61657,1,1,1984,15,15,15,15,15,15,15,15,15,15
61658,0,1,1984,20,20,20,20,20,20,20,20,20,20
61658,1,1,1984,0,0,0,0,0,12,0,0,0,10
61659,0,1,1984,0,0,0,0,0,0,0,0,0,0
61659,1,1,1984,0,0,0,13,0,16,0,0,0,19
61660,1,1,1984,15,15,15,15,15,15,15,15,15,15
61661,1,1,1984,0,0,0,0,0,0,0,0,0,0
61662,0,1,1984,0,0,0,0,0,0,0,0,0,0
61662,1,1,1984,0,0,0,0,0,5,0,0,0,0
61663,0,1,1984,18,0,0,0,0,0,0,0,0,0
61663,1,1,1984,0,18,0,0,0,0,0,0,0,0
61664,1,1,1984,0,0,0,0,0,0,0,0,0,0
61665,1,1,1984,14,14,14,14,14,14,14,14,14,14
61666,1,1,1984,24,24,24,24,24,24,24,24,24,24
61667,1,1,1984,0,0,0,0,0,0,0,0,0,0
61668,0,1,1984,0,0,0,0,0,0,0,0,0,0
61668,1,1,1984,0,0,0,0,0,0,0,0,6,0
61669,0,1,1984,0,0,0,0,0,0,0,0,0,0
61669,1,1,1984,0,0,0,0,0,0,0,0,0,0
61670,1,1,1984,0,0,0,0,0,0,0,0,0,0
61671,1,1,1984,0,0,0,0,0,0,0,0,0,0
61672,1,1,1984,17,17,17,17,17,17,17,17,17,17
61673,0,1,1984,14,14,14,14,14,14,14,14,14,14
61673,1,1,1984,0,0,15,0,16,0,26,0,0,14
61674,1,1,1984,42,42,42,42,42,42,42,42,42,42
61675,1,1,1984,0,0,0,0,0,0,0,0,0,0
61676,1,1,1984,9,9,9,9,9,9,9,9,9,9
61677,1,1,1984,0,0,0,0,0,35,0,0,0,0
61678,1,1,1984,22,22,22,22,22,22,22,22,22,22
61679,1,1,1984,2,2,2,2,2,2,2,2,2,2
61680,0,1,1984,34,44,15,27,0,0,0,48,0,18
61680,1,1,1984,0,0,0,0,0,0,0,0,0,0
61681,1,1,1984,7,7,7,7,7,7,7,7,7,7
61682,1,1,1984,11,11,11,11,11,11,11,11,11,11
61683,1,1,1984,19,19,19,19,19,19,19,19,19,19
61684,1,1,1984,0,0,0,0,0,10,0,0,9,0
61685,1,1,1984,16,16,16,16,16,16,16,16,16,16
61686,1,1,1984,0,0,0,0,0,0,0,0,0,0
61686,2,1,1984,0,0,0,0,0,0,0,0,0,0
61687,0,1,1984,14,14,14,14,14,14,14,14,14,14
61687,1,1,1984,0,0,0,0,0,0,0,0,0,0
61688,1,1,1984,27,27,27,27,27,27,27,27,27,27
61688,2,1,1984,0,0,0,0,0,0,0,0,0,0
61689,1,1,1984,0,0,0,0,0,6,22,0,0,0
61689,2,1,1984,0,0,0,0,0,0,0,0,0,0
61690,1,1,1984,0,0,0,0,0,0,0,0,0,0
61691,1,1,1984,0,10,12,0,16,5,0,0,14,0
61691,2,1,1984,0,0,0,0,0,0,0,0,0,0
61692,0,1,1984,0,0,18,16,0,18,0,0,9,29
61692,1,1,1984,0,0,0,0,0,0,17,0,0,0
61692,2,1,1984,0,0,0,0,0,0,0,0,0,3
61693,0,1,1984,0,0,0,0,0,0,0,0,0,0
61693,1,1,1984,0,0,0,0,0,0,0,0,0,0
61694,1,1,1984,14,14,14,14,14,14,14,14,14,14
61695,1,1,1984,8,8,8,8,8,8,8,8,8,8
61696,1,1,1984,10,10,10,10,10,10,10,10,10,10
61697,1,1,1984,0,0,0,0,0,0,0,14,0,0
61698,1,1,1984,0,0,0,0,0,0,0,0,0,0
61698,2,1,1984,0,0,0,0,0,0,37,0,0,0
61698,3,1,1984,8,6,21,0,0,0,0,17,11,0
61699,1,1,1984,0,0,0,21,0,5,0,0,0,0
61700,1,1,1984,9,9,9,9,9,9,9,9,9,9
61700,2,1,1984,0,0,0,0,0,0,24,0,0,0
61701,1,1,1984,8,8,8,8,8,8,8,8,8,8
61702,1,1,1984,12,12,12,12,12,12,12,12,12,12
61702,2,1,1984,13,24,18,18,0,5,3,13,9,16
61703,1,1,1984,15,15,15,15,15,15,15,15,15,15
61704,1,1,1984,17,17,17,17,17,17,17,17,17,17
61705,1,1,1984,6,14,12,0,10,20,0,16,15,7
61706,1,1,1984,0,0,0,0,6,0,0,16,0,22
61707,0,1,1984,8,9,22,0,0,0,0,0,0,0
61707,1,1,1984,0,0,0,0,0,0,0,0,0,0
61707,2,1,1984,0,0,0,0,0,0,5,0,0,0
61707,3,1,1984,0,0,0,0,0,0,0,0,0,0
61708,1,1,1984,15,15,15,15,15,15,15,15,15,15
61708,2,1,1984,17,0,0,18,0,0,0,0,16,0
61709,1,1,1984,0,0,0,0,0,0,0,0,0,0
61709,2,1,1984,0,0,0,0,0,12,0,0,0,0
61709,3,1,1984,0,0,0,0,0,0,0,0,0,0
61709,4,1,1984,0,0,0,0,0,0,0,0,0,0
61709,5,1,1984,0,0,0,0,0,0,0,0,0,0
61710,1,1,1984,18,18,18,18,18,18,18,18,18,18
61711,1,1,1984,22,22,22,22,22,22,22,22,22,22
61711,2,1,1984,0,0,14,0,0,0,0,6,0,0
61712,0,1,1984,0,0,0,0,0,0,0,0,0,0
61712,0,2,1984,41,6,4,24,21,15,16,4,5,9
61712,1,1,1984,16,16,16,16,16,16,16,16,16,16
61713,1,1,1984,9,9,9,9,9,9,9,9,9,9
61713,2,1,1984,0,0,0,0,0,0,0,0,0,0
61714,1,1,1984,26,26,26,26,26,26,26,26,26,26
61715,1,1,1984,31,31,31,31,31,31,31,31,31,31
61715,2,1,1984,0,0,0,0,0,0,0,0,0,0
61716,1,1,1984,0,0,0,0,0,0,0,0,0,0
61717,1,1,1984,0,0,0,0,0,0,0,0,0,0
61717,2,1,1984,8,12,0,0,0,0,0,0,18,23
61717,3,1,1984,14,25,23,20,28,17,13,4,23,6
61718,1,1,1984,0,0,0,0,0,0,0,0,13,0
61718,2,1,1984,0,0,0,0,0,0,0,0,0,0
61719,1,1,1984,0,0,0,0,0,0,0,0,0,0
61719,2,1,1984,0,0,0,0,0,0,0,0,0,0
61720,1,1,1984,0,0,0,0,0,0,0,0,0,0
61721,1,1,1984,0,0,0,0,0,0,0,0,0,0
61721,2,1,1984,0,8,12,0,0,3,0,0,0,0
61722,0,1,1984,0,0,0,0,0,0,0,0,0,0
61722,1,1,1984,0,0,0,0,0,0,0,0,0,0
61723,1,1,1984,3,3,3,3,3,3,3,3,3,3
61724,1,1,1984,0,0,2,0,0,0,0,0,0,0
61724,2,1,1984,0,0,0,0,0,0,0,0,0,0
61724,3,1,1984,0,0,0,0,0,0,0,10,0,0
61725,1,1,1984,0,0,0,0,0,0,0,0,0,0
61725,2,1,1984,0,0,0,0,0,0,0,0,0,0
61726,1,1,1984,0,0,0,0,0,0,0,0,0,0
61726,2,1,1984,0,0,0,0,0,0,0,0,0,0
61727,1,1,1984,0,0,0,0,13,0,0,0,0,19
61727,2,1,1984,21,21,21,21,21,21,21,21,21,21
61728,0,1,1984,22,22,22,22,22,22,22,22,22,22
61728,1,1,1984,0,14,0,12,0,0,0,29,17,0
61728,2,1,1984,10,0,0,20,0,0,0,0,0,0
61729,1,1,1984,12,12,12,12,12,12,12,12,12,12
61729,2,1,1984,0,0,0,0,0,0,0,0,0,0
61730,0,1,1984,35,35,35,35,35,35,35,35,35,35
61730,1,1,1984,15,0,11,22,17,14,0,0,8,9
61731,1,1,1984,0,0,0,0,0,0,0,0,0,0
61731,2,1,1984,0,0,0,0,0,0,0,0,0,0
61731,3,1,1984,0,0,0,0,0,0,12,0,0,0
61731,4,1,1984,0,0,0,0,0,0,0,0,0,0
61732,1,1,1984,15,15,15,15,15,15,15,15,15,15
61733,0,1,1984,0,0,0,0,0,0,0,0,0,0
61733,1,1,1984,0,0,0,0,0,22,0,0,0,10
61734,0,1,1984,12,30,6,6,12,21,27,32,24,28
61734,1,1,1984,26,0,0,21,0,15,10,0,40,16
61735,0,1,1984,8,0,0,0,0,0,0,7,0,0
61735,1,1,1984,0,0,0,0,0,0,0,0,0,0
61736,1,1,1984,0,0,0,0,0,0,0,0,0,0
61736,2,1,1984,0,0,0,0,0,0,0,0,0,0
61737,1,1,1984,0,0,20,21,0,0,0,0,0,14
61737,2,1,1984,0,0,0,0,0,0,0,0,0,0
61738,1,1,1984,0,0,0,0,0,0,0,0,0,0
61738,2,1,1984,0,0,0,0,0,0,0,0,0,0
61738,3,1,1984,0,0,0,0,0,0,0,0,0,0
61738,4,1,1984,0,0,0,0,0,0,0,0,0,0
61738,5,1,1984,0,0,0,0,0,0,0,0,0,0
61738,6,1,1984,0,0,0,0,0,0,0,0,0,0
61739,1,1,1984,0,0,0,0,0,0,0,0,0,0
61739,2,1,1984,0,0,21,0,0,0,0,0,0,0
61740,1,1,1984,0,0,0,0,0,0,0,0,0,0
61740,2,1,1984,0,0,0,0,0,0,0,0,0,0
61741,1,1,1984,0,0,0,0,0,0,0,0,0,0
61741,2,1,1984,0,0,0,0,0,0,0,0,0,0
61742,1,1,1984,8,0,0,0,0,0,0,0,0,0
61742,2,1,1984,0,0,0,0,0,0,0,0,0,0
61743,0,1,1984,9,9,9,9,9,9,9,9,9,9
61743,1,1,1984,0,0,19,0,0,0,0,0,0,0
61743,2,1,1984,2,0,18,0,0,0,0,10,16,0
61744,1,1,1984,0,0,0,0,0,17,0,0,0,0
61744,2,1,1984,0,0,0,0,12,0,0,0,0,0
61745,1,1,1984,0,0,0,0,13,6,0,4,0,0
61746,1,1,1984,0,0,0,13,0,0,0,0,0,0
61746,2,1,1984,0,0,0,0,0,0,0,0,0,0
61747,1,1,1984,7,4,11,19,11,12,28,15,15,17
61748,1,1,1984,28,28,28,28,28,28,28,28,28,28
61749,0,1,1984,28,28,28,28,28,28,28,28,28,28
61749,1,1,1984,0,12,0,0,0,0,0,0,0,0
61750,0,1,1984,0,0,0,0,0,0,0,0,0,0
61750,1,1,1984,0,0,0,0,0,0,0,0,0,0
61751,0,1,1984,20,20,20,20,20,20,20,20,20,20
61751,1,1,1984,0,11,22,28,13,0,19,26,0,0
61752,1,1,1984,22,22,22,22,22,22,22,22,22,22
61753,1,1,1984,11,11,11,11,11,11,11,11,11,11
61754,1,1,1984,0,0,0,0,0,0,0,0,0,0
61755,1,1,1984,0,0,0,0,0,0,0,0,0,0
61755,2,1,1984,0,0,0,0,0,0,0,0,0,0
61756,1,1,1984,0,0,18,0,0,0,3,0,13,22
61756,2,1,1984,0,0,0,0,0,0,0,0,0,0
61757,1,1,1984,24,24,24,24,24,24,24,24,24,24
61758,1,1,1984,15,18,24,20,16,28,18,29,34,23
61759,0,1,1984,0,0,0,0,0,0,0,0,0,0
61759,1,1,1984,0,25,0,0,0,0,0,0,6,0
61760,0,1,1984,21,21,21,21,21,21,21,21,21,21
61760,1,1,1984,0,0,0,0,0,0,24,0,0,0
61761,1,1,1984,15,10,18,17,31,28,5,27,7,7
61761,2,1,1984,3,3,3,3,3,3,3,3,3,3
61762,1,1,1984,0,0,0,0,0,0,0,0,0,0
61762,2,1,1984,0,0,0,0,0,0,0,0,0,0
61763,1,1,1984,0,0,0,0,0,0,0,0,0,0
61764,1,1,1984,8,22,12,0,18,16,16,18,26,0
61765,1,1,1984,0,0,0,0,0,0,0,0,0,0
61765,2,1,1984,0,0,0,0,0,0,0,0,0,0
61766,1,1,1984,20,20,20,20,20,20,20,20,20,20
61767,1,1,1984,10,10,10,10,10,10,10,10,10,10
61768,1,1,1984,0,0,0,0,0,0,0,0,0,0
61768,2,1,1984,0,0,4,0,0,0,0,0,0,0
61769,1,1,1984,0,0,0,0,0,0,0,0,0,0
61769,2,1,1984,0,0,0,0,0,0,0,0,0,0
61770,1,1,1984,0,0,0,0,0,0,0,0,0,0
61770,2,1,1984,0,0,0,0,0,0,0,0,0,0
61771,1,1,1984,0,0,0,0,0,0,0,0,0,0
61771,2,1,1984,0,0,0,0,0,0,0,0,0,0
61772,1,1,1984,11,11,11,11,11,11,11,11,11,11
61772,2,1,1984,0,0,0,0,0,0,0,0,0,0
61773,0,1,1984,21,21,21,21,21,21,21,21,21,21
61773,1,1,1984,0,0,0,0,0,0,0,0,0,0
61774,0,1,1984,0,0,0,0,0,0,0,0,0,0
61774,1,1,1984,0,0,28,0,26,0,0,0,0,0
61775,0,1,1984,0,0,0,0,0,0,0,0,0,0
61775,1,1,1984,0,0,0,0,0,0,0,0,0,0
61776,0,1,1984,7,7,7,7,7,7,7,7,7,7
61776,1,1,1984,19,19,19,19,19,19,19,19,19,19
61777,1,1,1984,0,0,0,0,0,0,0,0,0,0
61777,2,1,1984,6,6,6,6,6,6,6,6,6,6
61778,1,1,1984,19,19,19,19,19,19,19,19,19,19
61778,2,1,1984,0,0,0,0,0,17,0,0,0,0
61779,0,1,1984,11,11,11,11,11,11,11,11,11,11
61779,1,1,1984,26,26,26,26,26,26,26,26,26,26
61779,2,1,1984,0,0,0,0,0,16,0,0,0,0
61780,1,1,1984,11,11,11,11,11,11,11,11,11,11
61781,1,1,1984,14,14,14,14,14,14,14,14,14,14
61782,1,1,1984,0,0,0,0,0,0,0,0,0,0
61783,1,1,1984,10,16,15,6,7,3,17,20,0,23
61783,2,1,1984,0,0,0,0,0,0,0,0,0,0
61784,1,1,1984,0,0,0,0,0,0,0,0,0,0
61784,2,1,1984,0,0,0,0,0,0,0,0,0,0
61785,0,1,1984,0,18,8,0,0,31,0,14,0,0
61785,1,1,1984,28,25,8,18,14,29,12,38,9,22
61786,1,1,1984,6,6,6,6,6,6,6,6,6,6
61787,0,1,1984,7,7,7,7,7,7,7,7,7,7
61787,0,2,1984,18,13,7,28,7,15,11,19,15,23
61787,1,1,1984,0,7,0,19,0,19,30,10,0,19
61788,1,1,1984,13,13,13,13,13,13,13,13,13,13
61789,0,1,1984,7,7,7,7,7,7,7,7,7,7
61789,0,2,1984,0,23,0,15,31,24,0,0,0,0
61789,1,1,1984,0,0,0,0,0,0,0,0,0,0
61790,1,1,1984,0,0,0,0,0,0,0,0,0,0
61790,2,1,1984,0,0,0,0,0,0,0,0,0,0
61791,1,1,1984,6,9,17,0,0,0,8,11,11,0
61791,2,1,1984,0,0,0,0,0,0,0,0,0,0
61792,1,1,1984,23,23,23,23,23,23,23,23,23,23
61792,2,1,1984,0,17,0,0,0,0,0,27,0,26
61793,1,1,1984,0,0,0,0,0,0,0,0,0,0
61793,2,1,1984,0,0,0,0,0,0,0,0,0,0
61794,1,1,1984,5,5,5,5,5,5,5,5,5,5
61795,1,1,1984,4,4,4,4,4,4,4,4,4,4
61796,1,1,1984,19,19,19,19,19,19,19,19,19,19
61796,2,1,1984,0,0,0,0,0,0,0,0,0,23
61797,0,1,1984,19,19,19,19,19,19,19,19,19,19
61797,1,1,1984,0,0,0,0,0,0,0,0,0,0
61798,1,1,1984,15,15,15,15,15,15,15,15,15,15
61798,2,1,1984,0,0,0,0,0,0,0,0,0,0
61799,1,1,1984,0,0,0,0,0,0,0,0,0,0
61799,2,1,1984,0,0,0,0,0,0,0,0,0,0
61800,1,1,1984,14,14,14,14,14,14,14,14,14,14
61801,1,1,1984,13,13,13,13,13,13,13,13,13,13
61802,1,1,1984,0,0,0,0,0,0,0,0,0,0
61803,0,1,1984,0,0,0,0,0,0,0,0,0,0
61803,1,1,1984,0,0,0,0,0,0,0,0,0,0
61804,1,1,1984,0,0,0,0,0,0,0,0,0,0
61804,2,1,1984,0,0,0,0,0,0,0,0,0,0
61805,1,1,1984,19,19,19,19,19,19,19,19,19,19
61806,1,1,1984,0,0,0,0,0,0,0,0,0,0
61806,2,1,1984,0,0,0,0,0,0,0,0,0,0
61806,3,1,1984,0,0,0,0,0,0,0,0,0,0
61807,1,1,1984,16,16,16,16,16,16,16,16,16,16
61807,2,1,1984,0,0,0,0,0,0,0,0,0,0
61808,1,2,1984,19,19,19,19,19,19,19,19,19,19
61809,1,1,1984,0,0,0,0,0,0,0,0,0,0
61809,2,1,1984,0,10,0,0,0,0,0,0,0,0
61810,1,1,1984,0,0,0,0,0,0,0,0,0,0
61811,1,1,1984,5,5,5,5,5,5,5,5,5,5
61811,2,1,1984,0,0,0,0,0,0,0,0,0,0
61811,3,1,1984,0,0,0,6,0,0,0,0,0,0
61812,1,1,1984,13,13,13,13,13,13,13,13,13,13
61813,0,1,1984,0,0,0,0,0,0,0,0,0,0
61813,1,1,1984,10,0,13,8,0,0,8,0,0,0
61814,1,1,1984,12,12,12,12,12,12,12,12,12,12
61815,0,1,1984,0,0,0,0,0,0,0,0,0,0
61815,1,1,1984,0,0,0,0,0,0,16,0,18,0
61816,0,1,1984,0,0,0,0,0,0,0,0,0,0
61816,1,1,1984,0,0,0,0,0,0,0,0,0,0
61817,1,1,1984,28,28,28,28,28,28,28,28,28,28
61818,1,1,1984,14,14,14,14,14,14,14,14,14,14
61818,2,1,1984,0,0,0,0,0,0,0,0,0,0
61819,1,1,1984,12,12,12,12,12,12,12,12,12,12
61820,1,1,1984,0,0,0,0,0,0,14,0,0,0
61821,1,1,1984,0,0,0,0,0,0,0,0,0,0
61821,2,1,1984,0,0,1,0,0,0,0,0,0,0
61821,3,1,1984,0,0,0,0,0,0,0,0,0,0
61822,1,1,1984,10,10,10,10,10,10,10,10,10,10
61823,1,1,1984,0,0,0,0,0,0,0,0,0,0
61823,2,1,1984,0,0,0,0,0,0,0,0,0,0
61823,3,1,1984,0,0,0,0,0,0,0,0,0,0
61823,4,1,1984,0,0,8,0,0,0,0,0,0,0
61824,0,1,1984,0,0,0,0,0,0,0,0,0,0
61824,1,1,1984,0,0,0,0,0,0,0,0,0,0
61824,2,1,1984,0,0,0,0,0,0,0,0,0,0
61825,1,1,1984,0,0,0,0,0,0,0,0,0,0
61826,1,1,1984,12,12,12,12,12,12,12,12,12,12
61826,2,1,1984,0,0,0,0,0,0,0,0,0,0
61827,1,1,1984,24,0,0,0,0,14,8,11,30,0
61828,1,1,1984,7,7,7,7,7,7,7,7,7,7
61828,2,1,1984,0,0,0,0,0,0,0,0,0,0
61829,0,1,1984,0,0,0,0,0,0,0,0,0,0
61829,1,1,1984,0,0,0,0,0,0,0,0,0,0
61830,1,1,1984,0,0,0,0,0,0,0,0,0,0
61830,2,1,1984,0,0,0,0,0,0,0,0,0,0
61831,1,1,1984,14,14,14,14,14,14,14,14,14,14
61831,2,1,1984,0,0,0,0,0,0,0,0,0,0
61832,0,1,1984,0,0,0,0,0,0,0,0,0,0
61832,1,1,1984,0,0,0,0,0,0,0,0,0,0
61833,1,1,1984,0,0,0,0,0,0,0,0,0,0
61834,1,1,1984,0,0,0,0,0,0,0,0,0,0
61834,2,1,1984,0,0,0,0,0,0,0,0,0,0
61835,0,1,1984,0,0,0,0,0,0,0,0,0,0
61835,1,1,1984,0,0,0,0,0,14,16,0,0,0
61836,1,1,1984,24,24,24,24,24,24,24,24,24,24
61837,1,1,1984,0,0,0,0,0,0,0,0,0,0
61837,2,1,1984,9,0,0,0,0,0,0,0,0,0
61838,1,1,1984,4,4,4,4,4,4,4,4,4,4
61838,2,1,1984,0,0,0,0,0,0,0,0,0,10
61839,1,1,1984,0,0,0,0,0,0,21,0,0,0
61839,2,1,1984,0,0,0,0,5,10,0,0,0,14
61840,1,1,1984,25,25,25,25,25,25,25,25,25,25
61840,2,1,1984,0,0,0,0,0,0,0,23,0,0
61840,3,1,1984,0,0,0,14,0,0,0,15,0,0
61840,4,1,1984,0,11,0,0,0,0,0,0,6,17
61841,0,1,1984,20,20,20,20,20,20,20,20,20,20
61841,1,1,1984,3,3,3,3,3,3,3,3,3,3
61842,1,1,1984,20,20,20,20,20,20,20,20,20,20
61843,1,1,1984,8,8,8,8,8,8,8,8,8,8
61844,1,1,1984,28,28,28,28,28,28,28,28,28,28
61845,0,1,1984,0,0,0,0,0,0,0,0,0,0
61845,1,1,1984,0,0,0,0,0,0,0,0,0,0
61846,1,1,1984,5,5,5,5,5,5,5,5,5,5
61847,1,1,1984,0,0,0,0,0,0,0,0,0,0
61848,1,1,1984,14,14,14,14,14,14,14,14,14,14
61849,1,1,1984,7,7,7,7,7,7,7,7,7,7
61850,1,1,1984,12,12,12,12,12,12,12,12,12,12
61851,1,1,1984,25,25,25,25,25,25,25,25,25,25
61852,1,1,1984,26,26,26,26,26,26,26,26,26,26
61853,0,1,1984,0,0,0,0,0,0,0,0,0,0
61853,1,1,1984,9,9,9,9,9,9,9,9,9,9
61854,0,1,1984,0,0,0,0,0,0,0,0,0,0
61854,1,1,1984,0,0,0,0,0,0,9,0,0,0
61855,1,1,1984,0,0,0,0,0,0,0,0,0,0
61856,1,1,1984,0,0,0,0,0,0,0,0,0,0
61856,2,1,1984,0,0,0,0,0,0,0,0,0,0
61857,1,1,1984,14,14,14,14,14,14,14,14,14,14
61857,2,1,1984,15,13,21,11,21,9,6,0,0,18
61858,1,1,1984,16,16,16,16,16,16,16,16,16,16
61859,1,1,1984,19,19,19,19,19,19,19,19,19,19
61860,1,1,1984,0,0,0,0,0,0,0,0,0,0
61860,2,1,1984,0,0,0,0,0,0,0,0,5,0
61861,1,1,1984,18,18,18,18,18,18,18,18,18,18
61861,2,1,1984,0,0,0,0,0,0,0,0,0,0
61862,1,1,1984,9,9,9,9,9,9,9,9,9,9
61862,2,1,1984,22,22,22,22,22,22,22,22,22,22
61863,1,1,1984,23,23,23,23,23,23,23,23,23,23
61864,1,1,1984,21,21,21,21,21,21,21,21,21,21
61865,1,1,1984,16,16,16,16,16,16,16,16,16,16
61866,1,1,1984,17,17,17,17,17,17,17,17,17,17
61867,1,1,1984,12,12,12,12,12,12,12,12,12,12
61867,2,1,1984,17,0,0,0,0,0,0,0,0,0
61868,1,1,1984,15,15,15,15,15,15,15,15,15,15
61869,1,1,1984,11,11,11,11,11,11,11,11,11,11
61870,1,1,1984,19,19,19,19,19,19,19,19,19,19
61870,2,1,1984,0,9,0,0,0,10,0,0,0,0
61871,0,1,1984,34,34,34,34,34,34,34,34,34,34
61871,1,1,1984,0,0,22,21,0,6,0,0,0,0
61872,1,1,1984,13,13,13,13,13,13,13,13,13,13
61873,1,1,1984,5,5,5,5,5,5,5,5,5,5
61874,1,1,1984,0,0,0,0,0,0,0,0,0,0
61874,2,1,1984,0,0,0,0,0,0,0,0,0,0
61875,0,1,1984,0,0,0,0,0,0,0,0,0,0
61875,0,2,1984,0,0,0,0,0,0,0,0,0,0
61875,1,1,1984,0,0,0,0,0,0,0,0,0,0
61876,0,1,1984,0,0,0,0,0,0,0,0,0,0
61876,1,1,1984,14,14,14,14,14,14,14,14,14,14
61876,2,1,1984,0,0,21,0,16,0,0,0,0,0
61877,1,1,1984,18,18,18,18,18,18,18,18,18,18
61878,1,1,1984,12,12,12,12,12,12,12,12,12,12
61879,1,1,1984,0,8,0,0,0,0,0,0,0,0
61879,2,1,1984,0,0,0,0,0,0,0,0,0,0
61880,2,1,1984,0,0,0,0,0,0,0,0,0,0
61881,1,1,1984,13,13,13,13,13,13,13,13,13,13
61881,2,1,1984,0,0,0,0,0,0,0,0,0,0
61882,1,1,1984,9,9,5,0,8,0,0,0,0,0
61882,2,1,1984,17,0,0,10,0,0,0,17,0,0
61883,1,1,1984,8,8,8,8,8,8,8,8,8,8
61883,2,1,1984,0,0,0,0,0,13,0,0,0,0
61884,1,1,1984,1,1,1,1,1,1,1,1,1,1