ST_CASE,VEH_NO,PER_NO,YEAR,P1,P2,P3,P4,P5,P6,P7,P8,P9,P10
61884,2,1,1984,11,11,11,11,11,11,11,11,11,11
61885,1,1,1984,5,5,5,5,5,5,5,5,5,5
61885,2,1,1984,0,16,0,0,0,0,0,0,0,0
61885,3,1,1984,0,0,0,0,0,0,0,0,0,0
61886,1,1,1984,0,0,0,0,0,0,0,0,0,0
61886,2,1,1984,0,0,0,0,0,0,0,0,0,0
61887,1,1,1984,0,0,0,0,0,0,0,0,0,0
61887,2,1,1984,4,0,0,0,0,0,0,0,0,0
61888,1,1,1984,12,4,16,10,9,0,15,7,12,18
61888,2,1,1984,0,0,0,0,0,0,0,0,0,0
61889,1,1,1984,0,0,10,0,0,19,0,0,25,0
61889,2,1,1984,21,21,21,21,21,21,21,21,21,21
61889,3,1,1984,0,7,7,0,0,0,11,13,7,0
61890,0,1,1984,0,0,0,0,0,0,0,0,0,0
61890,1,1,1984,12,0,22,0,0,0,13,33,0,15
61891,1,1,1984,9,17,29,0,22,0,21,0,0,12
61892,1,1,1984,29,29,29,29,29,29,29,29,29,29
61892,2,1,1984,0,0,0,0,0,0,0,0,0,0
61892,3,1,1984,0,0,0,0,0,0,0,0,0,0
61892,4,1,1984,0,0,0,0,0,0,0,0,0,0
61893,0,1,1984,0,0,0,0,0,0,0,0,0,0
61893,1,1,1984,0,0,0,0,0,0,0,0,0,0
61894,1,1,1984,0,0,0,0,0,0,0,0,0,0
61895,1,1,1984,11,11,11,11,11,11,11,11,11,11
61896,1,1,1984,0,0,0,0,0,0,0,0,0,0
61897,0,1,1984,0,0,0,0,0,0,0,0,0,0
61897,1,1,1984,0,0,0,0,0,0,0,0,6,0
61898,1,1,1984,20,20,20,20,20,20,20,20,20,20
61899,1,1,1984,14,14,14,14,14,14,14,14,14,14
61899,2,1,1984,0,0,0,0,0,0,0,0,0,0
61900,1,1,1984,17,17,17,17,17,17,17,17,17,17
61900,2,1,1984,0,0,0,0,0,0,0,0,0,0
61901,1,1,1984,9,9,9,9,9,9,9,9,9,9
61901,2,1,1984,0,0,0,0,0,0,0,0,0,0
61901,3,1,1984,0,0,0,0,0,0,0,0,0,0
61901,4,1,1984,0,0,0,0,0,0,0,0,0,0
61901,5,1,1984,21,0,0,0,15,15,0,0,0,0
61901,6,1,1984,3,0,0,0,0,0,0,0,0,0
61902,1,1,1984,0,0,0,0,0,0,0,0,0,0
61902,2,1,1984,0,0,0,0,0,0,6,0,0,0
61903,1,1,1984,0,0,0,0,0,0,0,0,0,0
61903,2,1,1984,22,22,22,22,22,22,22,22,22,22
61904,0,1,1984,20,20,20,20,20,20,20,20,20,20
61904,1,1,1984,0,0,0,0,0,0,3,0,0,0
61905,1,1,1984,8,8,8,8,8,8,8,8,8,8
61906,1,1,1984,0,0,0,0,0,0,0,0,0,0
61907,0,1,1984,0,0,0,0,0,0,0,0,0,0
61907,1,1,1984,0,0,0,0,0,0,0,0,0,0
61908,1,1,1984,7,7,7,7,7,7,7,7,7,7
61909,1,1,1984,14,14,14,14,14,14,14,14,14,14
61910,1,1,1984,0,0,0,0,0,0,0,0,29,25
61911,1,1,1984,0,0,0,0,0,0,0,0,0,0
61912,1,1,1984,24,24,24,24,24,24,24,24,24,24
61913,1,1,1984,0,0,0,0,0,0,0,0,0,0
61914,1,1,1984,26,26,26,26,26,26,26,26,26,26
61915,1,1,1984,9,9,9,9,9,9,9,9,9,9
61916,1,1,1984,13,0,0,0,0,0,0,0,0,0
61916,2,1,1984,0,0,0,0,0,0,0,0,0,0
61917,1,1,1984,0,0,0,0,0,0,0,0,0,0
61917,2,1,1984,12,12,12,12,12,12,12,12,12,12
61918,0,1,1984,0,0,0,0,0,0,0,0,0,0
61918,1,1,1984,0,0,0,14,0,0,0,0,0,0
61918,2,1,1984,0,0,0,6,0,0,0,0,0,0
61919,1,1,1984,8,8,8,8,8,8,8,8,8,8
61919,2,1,1984,0,0,0,0,0,0,0,0,0,0
61919,3,1,1984,0,0,0,0,0,0,0,0,0,0
61920,1,1,1984,28,14,26,13,8,13,34,17,15,25
61920,2,1,1984,8,0,0,0,0,0,0,0,0,0
61921,1,1,1984,0,0,0,0,0,0,0,0,0,0
61921,2,1,1984,0,0,0,0,0,0,0,0,0,0
61922,1,1,1984,0,0,0,0,0,0,0,1,0,0
61922,2,1,1984,30,30,30,30,30,30,30,30,30,30
61923,1,1,1984,25,25,25,25,25,25,25,25,25,25
61923,2,1,1984,0,0,0,0,0,0,0,0,0,0
61923,3,1,1984,0,0,0,0,0,0,0,0,9,0
61924,1,1,1984,0,0,0,0,0,0,0,0,0,0
61924,2,1,1984,0,0,0,0,0,0,0,0,0,0
61925,1,1,1984,23,23,23,23,23,23,23,23,23,23
61925,2,1,1984,0,0,0,0,0,0,0,0,0,0
61926,0,1,1984,0,21,19,28,0,0,12,0,0,0
61926,1,1,1984,0,0,0,0,0,0,0,0,0,21
61927,1,1,1984,21,21,21,21,21,21,21,21,21,21
61927,2,1,1984,0,0,0,0,0,0,0,0,0,0
61928,0,1,1984,0,0,0,0,0,0,0,0,0,0
61928,1,1,1984,14,14,0,0,0,0,0,0,0,0
61929,1,1,1984,37,0,0,0,17,0,0,0,0,0
61930,1,1,1984,16,16,16,16,16,16,16,16,16,16
61930,2,1,1984,0,0,0,0,0,0,0,0,0,0
61931,1,1,1984,25,25,25,25,25,25,25,25,25,25
61932,1,1,1984,18,38,22,16,21,9,18,7,16,15
61933,0,1,1984,0,0,0,0,0,0,0,0,0,0
61933,1,1,1984,0,11,0,0,0,0,0,0,0,0
61934,1,1,1984,0,0,0,0,0,0,0,0,0,15
61934,2,1,1984,0,0,0,0,0,0,0,0,0,0
61935,1,1,1984,10,0,0,23,0,0,0,16,12,11
61936,1,1,1984,0,0,0,0,0,3,5,0,16,0
61936,2,1,1984,20,20,20,20,20,20,20,20,20,20
61937,1,1,1984,14,14,14,14,14,14,14,14,14,14
61937,2,1,1984,0,0,10,0,14,21,6,0,0,19
61938,0,1,1984,0,0,0,20,26,0,20,20,19,16
61938,0,2,1984,2,2,2,2,2,2,2,2,2,2
61938,1,1,1984,15,13,23,10,12,19,4,9,19,15
61939,1,1,1984,1,1,1,1,1,1,1,1,1,1
61939,2,1,1984,5,5,5,5,5,5,5,5,5,5
61940,1,1,1984,0,0,0,0,0,0,0,0,0,0
61940,2,1,1984,0,0,0,0,0,0,0,9,0,0
61941,1,1,1984,9,9,9,9,9,9,9,9,9,9
61942,1,1,1984,14,14,14,14,14,14,14,14,14,14
61943,1,1,1984,6,6,6,6,6,6,6,6,6,6
61943,2,1,1984,16,16,16,16,16,16,16,16,16,16
61944,1,1,1984,28,28,28,28,28,28,28,28,28,28
61945,1,1,1984,13,13,13,13,13,13,13,13,13,13
61945,2,1,1984,0,0,0,0,0,0,0,0,0,0
61946,1,1,1984,15,15,15,15,15,15,15,15,15,15
61946,2,1,1984,8,11,7,5,20,0,0,14,15,9
61947,1,1,1984,0,0,0,0,0,0,0,0,0,0
61947,2,1,1984,0,0,0,0,0,0,0,0,0,0
61948,1,1,1984,15,0,0,0,0,0,23,19,10,19
61948,2,1,1984,0,0,0,0,0,8,0,0,0,0
61949,1,1,1984,22,22,22,22,22,22,22,22,22,22
61949,2,1,1984,23,0,0,0,0,0,0,0,0,0
61949,3,1,1984,0,0,0,0,0,0,0,0,0,0
61950,1,1,1984,0,0,12,0,0,0,0,0,0,42
61950,2,1,1984,0,0,0,0,0,0,0,0,0,0
61951,1,1,1984,0,0,0,0,0,0,0,0,0,0
61952,1,1,1984,0,0,0,0,0,0,0,0,0,0
61952,2,1,1984,0,0,0,0,0,0,0,0,0,0
61953,1,1,1984,10,10,10,10,10,10,10,10,10,10
61954,0,1,1984,0,0,0,0,0,0,0,0,0,0
61954,1,1,1984,0,0,0,0,0,0,0,0,0,26
61955,1,1,1984,13,13,13,13,13,13,13,13,13,13
61956,1,1,1984,0,0,0,0,0,0,0,0,11,0
61956,2,1,1984,9,0,14,21,21,0,0,0,0,0
61957,1,1,1984,11,11,11,11,11,11,11,11,11,11
61958,1,1,1984,11,10,24,10,6,0,16,10,0,16
61958,2,1,1984,0,0,0,0,0,0,0,0,0,0
61959,1,1,1984,8,8,8,8,8,8,8,8,8,8
61960,1,1,1984,24,18,15,19,22,20,11,24,22,17
61961,1,1,1984,4,4,4,4,4,4,4,4,4,4
61961,2,1,1984,15,15,15,15,15,15,15,15,15,15
61962,1,1,1984,12,0,39,31,0,10,3,18,11,12
61963,1,1,1984,10,10,10,10,10,10,10,10,10,10
61964,0,1,1984,0,19,0,0,0,0,0,15,0,0
61964,1,1,1984,7,0,2,0,4,0,3,0,0,0
61965,1,1,1984,0,0,0,0,0,0,0,0,0,0
61965,2,1,1984,0,0,0,0,0,11,0,0,0,0
61965,3,1,1984,0,0,0,0,0,0,0,0,0,0
61966,1,1,1984,8,8,8,8,8,8,8,8,8,8
61966,2,1,1984,0,0,0,0,0,0,0,0,0,0
61967,1,1,1984,0,0,0,0,0,0,0,0,0,0
61967,2,1,1984,0,0,0,0,8,0,0,0,0,0
61968,1,1,1984,32,32,32,32,32,32,32,32,32,32
61968,2,1,1984,0,0,0,13,0,0,0,0,0,0
61969,1,1,1984,0,0,0,0,0,0,0,16,0,0
61970,1,1,1984,14,14,14,14,14,14,14,14,14,14
61971,1,1,1984,0,0,0,0,0,0,0,0,0,0
61972,1,1,1984,0,0,0,0,0,0,0,0,0,0
61972,2,1,1984,0,0,0,0,0,0,0,0,0,0
61972,3,1,1984,0,0,0,0,0,0,0,0,0,0
61972,4,1,1984,0,0,5,0,0,0,0,0,0,0
61973,1,1,1984,0,0,0,0,0,0,0,0,0,0
61974,0,1,1984,11,11,11,11,11,11,11,11,11,11
61974,1,1,1984,0,0,0,0,0,0,0,0,20,16
61975,1,1,1984,23,23,23,23,23,23,23,23,23,23
61976,1,1,1984,18,18,18,18,18,18,18,18,18,18
61976,2,1,1984,0,0,0,0,0,0,0,0,0,0
61976,3,1,1984,6,0,0,0,0,11,0,0,0,2
61977,1,1,1984,24,24,24,24,24,24,24,24,24,24
61978,1,1,1984,0,0,0,13,0,0,0,0,0,0
61978,2,1,1984,0,0,0,0,0,0,0,0,0,0
61979,1,1,1984,0,0,0,0,0,0,0,0,0,0
61979,2,1,1984,28,12,31,11,19,15,10,8,0,14
61979,3,1,1984,38,0,0,29,12,0,22,14,11,0
61980,1,1,1984,13,13,13,13,13,13,13,13,13,13
61980,2,1,1984,0,0,0,0,0,0,0,0,0,0
61981,0,1,1984,0,0,0,15,0,0,0,0,0,0
61981,1,1,1984,10,0,0,16,0,0,0,0,0,0
61982,1,1,1984,0,0,0,0,0,0,0,0,0,0
61982,2,1,1984,3,3,3,3,3,3,3,3,3,3
61983,1,1,1984,0,0,0,0,0,0,0,0,0,0
61983,2,1,1984,0,0,0,0,0,0,0,16,0,0
61983,3,1,1984,0,0,0,0,0,0,0,0,0,0
61984,1,1,1984,0,0,0,0,0,0,0,0,0,0
61985,1,1,1984,0,0,0,0,0,0,0,0,0,0
61986,1,1,1984,0,0,0,0,0,0,0,0,0,0
61986,2,1,1984,0,0,0,0,0,0,0,0,4,0
61986,3,1,1984,0,0,0,0,0,0,0,0,0,0
61987,0,1,1984,0,0,0,0,0,0,0,0,0,0
61987,1,1,1984,0,0,0,0,0,14,13,22,0,0
61988,1,1,1984,3,3,3,3,3,3,3,3,3,3
61989,1,1,1984,0,0,0,0,0,0,0,0,0,0
61989,2,1,1984,0,0,0,0,0,0,0,0,0,0
61990,1,1,1984,9,18,0,3,3,14,5,23,0,16
61990,2,1,1984,17,0,0,0,0,19,12,0,0,0
61991,1,1,1984,29,29,29,29,29,29,29,29,29,29
61992,1,1,1984,27,27,27,27,27,27,27,27,27,27
61992,2,1,1984,19,0,0,0,0,0,0,0,0,0
61993,1,1,1984,11,11,11,11,11,11,11,11,11,11
61993,2,1,1984,0,17,0,19,24,0,0,0,31,0
61994,0,1,1984,31,31,31,31,31,31,31,31,31,31
61994,1,1,1984,0,0,0,0,3,0,0,0,0,0
61995,1,1,1984,23,23,23,23,23,23,23,23,23,23
61995,2,1,1984,0,0,0,17,0,0,0,0,0,0
61996,1,1,1984,6,9,14,26,27,17,9,16,8,26
61997,1,1,1984,0,0,0,0,0,0,0,13,0,0
61997,2,1,1984,23,23,23,23,23,23,23,23,23,23
61998,1,1,1984,0,19,0,0,12,26,0,0,0,10
61998,2,1,1984,0,0,0,0,0,0,0,0,0,0
61999,0,1,1984,0,0,0,0,0,0,0,0,0,0
61999,0,2,1984,0,0,0,0,0,0,0,0,0,0
61999,1,1,1984,0,0,0,0,0,0,0,0,0,0
62000,1,1,1984,9,9,9,9,9,9,9,9,9,9
62001,1,1,1984,0,0,0,0,0,0,0,0,0,0
62001,2,1,1984,0,0,0,0,0,0,0,0,0,0
62001,3,1,1984,15,12,12,17,7,0,20,8,10,11
62002,0,1,1984,0,0,0,0,0,0,0,0,0,0
62002,0,2,1984,0,0,0,0,0,0,0,0,0,0
62002,0,3,1984,0,0,0,0,0,0,0,0,0,0
62002,1,1,1984,11,11,11,11,11,11,11,11,11,11
62003,1,1,1984,0,0,0,0,0,0,0,8,0,18
62003,2,1,1984,18,18,18,18,18,18,18,18,18,18
62004,1,1,1984,0,0,0,0,0,0,0,0,0,0
62004,2,1,1984,0,0,0,0,0,0,0,0,0,0
62005,1,1,1984,15,0,0,0,0,0,0,0,13,0
62006,1,1,1984,9,9,9,9,9,9,9,9,9,9
62006,2,1,1984,0,0,0,0,29,0,0,0,0,0
62007,1,1,1984,0,0,0,0,0,0,0,0,0,0
62008,1,1,1984,0,0,0,0,0,0,0,0,0,0
62008,2,1,1984,21,21,21,21,21,21,21,21,21,21
62009,1,1,1984,18,18,18,18,18,18,18,18,18,18
62010,1,1,1984,0,0,0,0,0,0,0,0,0,0
62010,2,1,1984,0,0,0,0,0,0,0,0,0,0
62011,1,1,1984,4,0,0,0,19,0,0,0,0,0
62011,2,1,1984,0,0,0,0,0,0,0,0,0,0
62012,1,1,1984,23,23,23,23,23,23,23,23,23,23
62013,1,1,1984,0,0,0,0,0,0,0,0,0,0
62013,2,1,1984,0,0,0,0,0,7,0,0,0,0
62014,1,1,1984,0,0,2,0,0,0,0,0,0,14
62014,2,1,1984,9,8,0,0,0,0,0,0,0,12
62015,1,1,1984,23,23,23,23,23,23,23,23,23,23
62016,1,1,1984,17,15,23,19,25,22,31,7,22,10
62017,0,1,1984,0,0,0,0,0,0,0,0,0,0
62017,1,1,1984,13,16,0,0,0,0,0,6,17,17
62018,0,1,1984,25,4,0,15,18,32,11,0,13,22
62018,0,2,1984,0,0,0,0,0,15,0,16,23,0
62018,0,3,1984,0,0,0,0,0,0,0,0,0,0
62018,1,1,1984,25,25,25,25,25,25,25,25,25,25
62019,0,1,1984,0,0,0,0,0,0,0,0,0,0
62019,1,1,1984,11,15,0,25,15,0,0,31,28,0
62020,1,1,1984,8,8,8,8,8,8,8,8,8,8
62020,2,1,1984,0,0,0,0,0,0,0,0,0,0
62021,1,1,1984,22,22,22,22,22,22,22,22,22,22
62022,1,1,1984,17,17,17,17,17,17,17,17,17,17
62022,2,1,1984,0,0,0,0,0,19,0,0,38,0
62023,1,1,1984,20,17,10,11,17,22,11,19,27,8
62023,2,1,1984,0,0,0,0,0,0,0,0,0,0
62023,3,1,1984,0,30,9,0,13,23,0,12,0,11
62024,1,1,1984,27,27,27,27,27,27,27,27,27,27
62024,2,1,1984,0,0,0,27,0,0,0,0,0,6
62025,1,1,1984,22,22,22,22,22,22,22,22,22,22
62026,1,1,1984,0,0,0,0,0,0,0,0,0,0
62027,1,1,1984,13,13,13,13,13,13,13,13,13,13
62028,0,1,1984,21,21,21,21,21,21,21,21,21,21
62028,1,1,1984,16,16,16,16,16,16,16,16,16,16
62029,1,1,1984,11,11,11,11,11,11,11,11,11,11
62030,1,1,1984,11,11,11,11,11,11,11,11,11,11
62031,1,1,1984,10,20,26,23,28,6,25,18,30,5
62032,1,1,1984,32,11,13,10,28,21,31,20,18,23
62033,1,1,1984,16,16,16,16,16,16,16,16,16,16
62034,1,1,1984,19,19,19,19,19,19,19,19,19,19
62035,0,1,1984,0,0,0,0,0,0,0,0,0,0
62035,1,1,1984,0,0,0,0,0,0,0,19,22,20
62036,1,1,1984,0,0,0,0,0,0,0,0,0,0
62037,1,1,1984,17,14,15,18,25,19,0,12,0,0
62038,1,1,1984,0,0,0,0,0,0,0,0,0,0
62039,1,1,1984,0,0,0,0,0,10,0,0,0,13
62040,1,1,1984,0,0,0,0,0,0,0,0,0,0
62041,0,1,1984,0,0,0,0,0,0,0,0,0,0
62041,1,1,1984,0,0,0,0,0,0,0,0,0,3
62042,1,1,1984,16,16,16,16,16,16,16,16,16,16
62043,0,1,1984,0,0,0,0,0,0,0,0,0,0
62043,1,1,1984,0,0,0,0,0,0,0,0,0,0
62044,1,1,1984,11,11,11,11,11,11,11,11,11,11
62045,1,1,1984,16,16,16,16,16,16,16,16,16,16
62046,1,1,1984,16,16,16,16,16,16,16,16,16,16
62047,1,1,1984,12,14,18,16,12,13,25,23,25,10
62048,1,1,1984,0,0,0,0,0,0,0,0,0,0
62049,1,1,1984,0,0,0,0,0,0,0,0,0,0
62050,1,1,1984,0,0,0,2,0,0,0,0,0,0
62051,1,1,1984,31,31,31,31,31,31,31,31,31,31
62052,1,1,1984,10,11,36,30,18,25,9,14,11,10
62052,2,1,1984,4,4,4,4,4,4,4,4,4,4
62053,1,1,1984,0,0,0,0,0,0,0,0,0,0
62054,1,1,1984,28,16,14,14,10,29,23,14,10,8
62055,1,1,1984,17,17,17,17,17,17,17,17,17,17
62056,1,1,1984,14,14,14,14,14,14,14,14,14,14
62056,2,1,1984,0,0,9,0,0,0,0,0,0,0
62057,1,1,1984,25,25,25,25,25,25,25,25,25,25
62057,2,1,1984,0,0,0,0,0,0,0,0,25,0
62058,1,1,1984,0,0,0,0,0,0,0,0,0,0
62058,2,1,1984,0,0,0,0,0,0,0,0,0,0
62059,1,1,1984,0,0,0,0,0,0,0,0,0,0
62059,2,1,1984,0,0,24,22,0,0,0,0,0,0
62060,1,1,1984,0,0,0,0,0,0,0,10,0,9
62060,2,1,1984,0,0,0,0,0,24,0,19,0,0
62061,1,1,1984,0,0,0,0,0,0,0,0,0,0
62062,1,1,1984,0,0,0,0,0,0,0,0,0,0
62062,2,1,1984,7,7,7,7,7,7,7,7,7,7
62063,1,1,1984,22,22,22,22,22,22,22,22,22,22
62064,1,1,1984,0,0,0,0,0,0,0,0,0,0
62064,2,1,1984,0,0,0,0,0,0,0,0,0,0
62065,0,1,1984,0,0,0,0,0,0,0,0,0,0
62065,1,1,1984,0,0,0,0,0,0,18,0,0,0
62065,2,1,1984,16,0,0,0,0,0,0,0,11,0
62066,1,1,1984,25,25,25,25,25,25,25,25,25,25
62066,2,1,1984,0,0,0,0,9,0,0,0,0,0
62067,1,1,1984,0,0,0,0,0,0,0,0,0,0
62067,2,1,1984,0,0,0,0,0,0,0,0,0,0
62068,0,1,1984,0,0,0,0,0,0,0,0,0,0
62068,1,1,1984,0,0,0,0,0,0,0,0,0,0
62069,0,1,1984,0,0,0,0,0,0,0,0,0,0
62070,1,1,1984,0,0,0,0,0,16,0,0,0,0
62070,2,1,1984,0,0,0,0,0,0,0,0,0,0
62071,1,1,1984,0,0,0,0,0,0,0,0,0,0
62071,2,1,1984,0,0,0,0,0,0,0,0,0,17
62072,1,1,1984,0,0,0,0,0,0,0,0,0,0
62072,2,1,1984,0,0,0,0,0,0,0,0,0,13
62073,1,1,1984,0,0,0,3,0,0,0,0,0,0
62073,2,1,1984,0,0,0,0,0,0,0,0,0,0
62073,3,1,1984,0,0,0,0,0,0,0,0,0,0
62074,1,1,1984,0,0,0,0,0,0,0,0,0,0
62074,2,1,1984,0,0,0,0,0,0,0,0,0,0
62074,3,1,1984,0,0,0,0,0,0,0,0,0,0
62075,1,1,1984,0,0,28,19,6,22,14,6,18,13
62075,2,1,1984,0,0,0,0,0,0,0,0,0,0
62076,1,1,1984,27,27,27,27,27,27,27,27,27,27
62076,2,1,1984,21,9,6,10,25,14,0,12,3,4
62077,0,1,1984,0,0,0,0,0,0,0,0,0,0
62077,1,1,1984,0,0,0,0,0,0,0,0,0,0
62078,1,1,1984,22,22,22,22,22,22,22,22,22,22
62079,1,1,1984,10,10,10,10,10,10,10,10,10,10
62080,0,1,1984,21,21,21,21,21,21,21,21,21,21
62080,1,1,1984,0,0,0,17,0,0,26,17,17,5
62081,1,1,1984,0,0,0,0,0,0,0,0,0,0
62082,1,1,1984,0,0,0,0,0,0,0,0,0,0
62083,1,1,1984,0,0,0,0,0,0,0,0,0,0
62084,1,1,1984,0,0,0,0,0,11,0,0,0,0
62085,1,1,1984,0,0,15,0,0,0,0,0,0,0
62086,1,1,1984,0,0,0,0,0,0,0,0,0,0
62087,1,1,1984,18,18,18,18,18,18,18,18,18,18
62088,1,1,1984,18,18,18,18,18,18,18,18,18,18
62089,1,1,1984,3,3,3,3,3,3,3,3,3,3
62090,1,1,1984,0,0,0,0,0,0,0,0,0,0
62091,1,1,1984,0,0,0,0,0,0,0,0,0,0
62092,0,1,1984,0,0,0,0,0,0,0,0,0,0
62092,1,1,1984,0,0,0,0,0,0,0,0,0,0
62093,1,1,1984,0,0,0,0,0,0,0,0,0,0
62094,1,1,1984,0,0,0,0,0,0,0,0,0,0
62095,1,1,1984,30,14,14,21,20,17,18,18,19,40
62096,1,1,1984,0,0,0,0,0,0,0,0,0,0
62097,1,1,1984,0,0,0,20,10,0,20,0,0,0
62098,1,1,1984,0,0,0,0,0,0,0,0,0,0
62099,1,1,1984,19,0,0,0,0,0,11,0,0,0
62100,1,1,1984,15,15,15,15,15,15,15,15,15,15
62101,1,1,1984,6,18,0,0,0,0,0,0,0,0
62102,1,1,1984,28,28,28,28,28,28,28,28,28,28
62103,1,1,1984,8,8,8,8,8,8,8,8,8,8
62104,1,1,1984,12,12,12,12,12,12,12,12,12,12
62105,1,1,1984,11,11,11,11,11,11,11,11,11,11
62106,0,1,1984,0,0,0,0,0,0,0,0,0,0
62106,1,1,1984,0,0,0,0,0,0,0,0,0,0
62107,1,1,1984,7,7,7,7,7,7,7,7,7,7
62108,1,1,1984,17,17,17,17,17,17,17,17,17,17
62109,1,1,1984,8,23,14,0,18,0,0,6,3,13
62110,1,1,1984,2,2,2,2,2,2,2,2,2,2
62111,1,1,1984,23,23,23,23,23,23,23,23,23,23
62112,1,1,1984,20,20,20,20,20,20,20,20,20,20
62113,1,1,1984,19,19,19,19,19,19,19,19,19,19
62114,1,1,1984,19,19,19,19,19,19,19,19,19,19
62115,1,1,1984,3,3,3,3,3,3,3,3,3,3
62116,1,1,1984,16,16,16,16,16,16,16,16,16,16
62117,1,1,1984,1,1,1,1,1,1,1,1,1,1
62118,1,1,1984,0,0,0,0,0,0,0,0,0,0
62119,0,1,1984,0,0,0,0,0,0,0,0,0,0
62119,1,1,1984,0,0,0,12,0,0,23,0,0,0
62120,1,1,1984,0,0,0,0,20,0,0,0,0,0
62121,1,1,1984,18,18,18,18,18,18,18,18,18,18
62122,1,1,1984,0,0,0,0,0,0,0,0,0,0
62123,1,1,1984,9,9,9,9,9,9,9,9,9,9
62124,0,1,1984,18,18,18,18,18,18,18,18,18,18
62124,1,1,1984,0,0,0,0,0,23,0,0,0,0
62125,0,1,1984,0,0,0,0,0,0,0,0,0,0
62125,1,1,1984,0,0,0,0,0,0,0,0,0,0
62126,1,1,1984,7,7,7,7,7,7,7,7,7,7
62127,1,1,1984,14,14,14,14,14,14,14,14,14,14
62128,0,1,1984,0,0,0,0,0,0,0,0,0,0
62128,1,1,1984,13,13,13,13,13,13,13,13,13,13
62129,1,1,1984,0,0,0,0,0,0,0,0,0,0
62129,2,1,1984,0,0,0,0,0,0,15,0,0,0
62130,1,1,1984,23,23,23,23,23,23,23,23,23,23
62131,1,1,1984,0,0,0,0,0,0,0,0,0,0
62132,1,1,1984,0,0,0,0,0,0,0,0,0,0
62133,0,1,1984,0,0,0,0,0,0,0,0,0,0
62133,1,1,1984,0,0,0,0,0,0,0,0,0,0
62134,0,1,1984,13,13,13,13,13,13,13,13,13,13
62134,1,1,1984,32,0,0,5,0,10,9,0,23,0
62135,1,1,1984,14,14,14,14,14,14,14,14,14,14
62136,1,1,1984,0,0,0,0,0,0,0,0,0,0
62137,1,1,1984,0,0,0,0,0,0,0,0,0,0
62138,1,1,1984,0,0,0,0,0,0,0,0,0,0
62138,2,1,1984,0,0,0,0,0,0,0,0,0,0
62139,1,1,1984,4,4,4,4,4,4,4,4,4,4
62139,2,1,1984,0,0,0,0,0,7,0,0,0,0
62140,1,1,1984,0,0,0,0,0,0,0,0,0,0
62141,0,1,1984,0,0,0,0,0,0,0,0,0,0
62141,1,1,1984,0,0,0,0,0,0,0,0,0,0
62142,1,1,1984,0,0,0,0,0,0,0,0,0,0
62142,2,1,1984,0,0,0,0,0,0,0,0,0,0
62143,1,1,1984,0,0,0,0,0,0,0,0,0,0
62143,2,1,1984,0,0,0,0,0,0,0,0,0,0
62144,1,1,1984,35,35,35,35,35,35,35,35,35,35
62144,2,1,1984,0,0,0,0,0,0,0,0,0,0
62145,1,1,1984,6,6,6,6,6,6,6,6,6,6
62146,1,1,1984,10,10,10,10,10,10,10,10,10,10
62146,2,1,1984,0,0,0,0,0,0,0,0,0,0
62147,1,1,1984,25,25,25,25,25,25,25,25,25,25
62148,1,1,1984,20,20,20,20,20,20,20,20,20,20
62148,2,1,1984,0,0,0,0,0,0,0,0,0,0
62149,1,1,1984,16,16,16,16,16,16,16,16,16,16
62150,0,1,1984,38,38,38,38,38,38,38,38,38,38
62150,1,1,1984,0,26,0,0,0,0,0,0,0,0
62150,2,1,1984,0,0,0,0,0,0,0,0,0,0
62151,0,1,1984,0,0,0,0,0,0,0,0,0,0
62151,1,1,1984,15,0,0,0,13,0,0,15,7,0
62152,0,1,1984,16,16,16,16,16,16,16,16,16,16
62152,1,1,1984,24,26,0,0,10,0,0,36,18,0
62153,1,1,1984,19,19,19,19,19,19,19,19,19,19
62153,2,1,1984,30,30,30,30,30,30,30,30,30,30
62154,1,1,1984,0,0,0,0,0,0,0,0,0,0
62154,2,1,1984,0,0,0,0,0,0,0,0,0,0
62155,0,1,1984,36,36,36,36,36,36,36,36,36,36
62155,1,1,1984,0,6,0,0,21,0,5,0,0,0
62156,1,1,1984,0,0,0,0,0,0,0,0,0,0
62157,1,1,1984,0,0,0,0,0,0,0,0,0,0
62157,2,1,1984,0,0,0,0,0,0,0,0,0,0
62158,1,1,1984,0,0,0,0,0,0,0,0,0,0
62158,2,1,1984,0,0,0,0,0,0,0,0,0,0
62159,1,1,1984,0,0,0,0,0,0,0,0,0,0