ST_CASE,VEH_NO,PER_NO,YEAR,P1,P2,P3,P4,P5,P6,P7,P8,P9,P10
62159,2,1,1984,0,0,0,0,0,10,0,18,35,27
62160,1,1,1984,19,19,19,19,19,19,19,19,19,19
62160,2,1,1984,0,0,0,0,0,0,0,0,0,0
62161,1,1,1984,8,23,12,15,23,22,20,19,25,14
62162,1,1,1984,14,14,14,14,14,14,14,14,14,14
62163,1,1,1984,0,0,0,0,0,0,0,0,0,0
62164,1,1,1984,11,11,11,11,11,11,11,11,11,11
62165,1,1,1984,16,0,0,0,0,0,21,0,0,0
62166,1,1,1984,25,20,25,28,8,0,14,10,12,24
62167,0,1,1984,0,0,0,0,0,0,0,0,0,0
62167,1,1,1984,12,12,12,12,12,12,12,12,12,12
62168,1,1,1984,0,0,0,0,0,0,0,0,0,0
62168,2,1,1984,0,0,0,0,0,0,0,0,0,0
62169,0,1,1984,0,0,0,0,0,0,0,0,0,0
62169,1,1,1984,0,18,17,8,12,0,0,0,9,30
62171,1,1,1984,0,0,0,0,0,0,0,0,0,0
62172,1,1,1984,0,0,0,0,0,0,0,0,0,0
62173,0,1,1984,0,0,0,0,0,0,0,0,0,0
62173,1,1,1984,11,11,11,11,11,11,11,11,11,11
62173,2,1,1984,0,0,0,0,0,0,0,0,0,19
62174,0,1,1984,0,0,0,0,0,0,0,0,0,0
62174,1,1,1984,21,21,21,21,21,21,21,21,21,21
62175,1,1,1984,0,0,0,0,0,0,0,0,0,0
62175,2,1,1984,0,0,0,0,0,0,0,0,0,0
62176,0,1,1984,0,0,0,0,0,0,0,0,0,0
62176,1,1,1984,0,0,0,0,0,0,0,0,0,0
62176,2,1,1984,0,0,0,16,0,0,0,0,0,0
62177,1,1,1984,14,14,14,14,14,14,14,14,14,14
62177,2,1,1984,0,0,0,0,0,0,0,0,0,0
62178,1,1,1984,22,16,16,12,10,19,0,0,22,7
62179,1,1,1984,4,4,4,4,4,4,4,4,4,4
62179,2,1,1984,22,0,0,0,0,0,0,0,0,0
62180,1,1,1984,16,16,16,16,16,16,16,16,16,16
62181,1,1,1984,0,0,0,0,0,0,0,0,0,0
62181,2,1,1984,0,0,0,0,0,0,0,0,0,0
62182,1,1,1984,0,0,0,0,0,0,0,0,0,0
62183,1,1,1984,0,0,0,0,0,0,0,0,0,0
62183,2,1,1984,0,31,0,0,7,0,0,0,0,0
62184,1,1,1984,15,0,0,7,0,0,0,0,0,0
62185,1,1,1984,23,23,23,23,23,23,23,23,23,23
62185,2,1,1984,0,0,0,0,0,0,0,0,0,0
62186,1,1,1984,0,0,0,0,0,0,0,0,0,0
62186,2,1,1984,0,0,0,0,0,0,0,0,0,0
62186,3,1,1984,0,0,0,0,0,0,0,0,0,0
62187,1,1,1984,0,0,0,0,0,0,0,0,0,6
62187,2,1,1984,0,0,0,0,0,0,0,0,0,0
62188,1,1,1984,0,17,0,0,25,0,0,20,0,0
62188,2,1,1984,0,0,0,0,0,0,0,0,0,0
62188,3,1,1984,0,0,0,0,0,0,0,0,0,0
62189,1,1,1984,13,13,13,13,13,13,13,13,13,13
62190,1,1,1984,0,0,0,0,0,0,0,0,0,0
62190,2,1,1984,0,0,0,0,0,0,0,0,0,0
62191,1,1,1984,0,0,0,0,0,0,0,0,0,0
62191,2,1,1984,0,0,0,0,0,0,0,0,0,0
62191,3,1,1984,0,0,0,0,0,0,0,0,20,0
62192,1,4,1984,14,14,14,14,14,14,14,14,14,14
62193,1,1,1984,0,0,0,0,0,0,0,0,0,0
62193,2,1,1984,0,0,0,0,0,0,0,0,0,0
62194,1,1,1984,0,0,0,0,0,0,0,0,0,0
62195,1,1,1984,19,19,19,19,19,19,19,19,19,19
62195,2,1,1984,0,0,0,0,0,0,0,0,0,0
62196,1,1,1984,9,9,9,9,9,9,9,9,9,9
62197,1,1,1984,18,18,18,18,18,18,18,18,18,18
62198,1,1,1984,0,0,0,0,0,0,0,0,0,0
62198,2,1,1984,0,0,0,0,0,0,0,0,0,0
62199,1,1,1984,24,24,24,24,24,24,24,24,24,24
62199,2,1,1984,0,21,0,0,0,0,0,0,14,0
62200,1,1,1984,20,20,20,20,20,20,20,20,20,20
62201,0,1,1984,18,18,18,18,18,18,18,18,18,18
62201,0,2,1984,0,47,0,12,30,10,43,15,31,0
62201,1,1,1984,0,0,0,0,0,0,0,0,0,0
62202,1,1,1984,32,32,32,32,32,32,32,32,32,32
62203,1,1,1984,2,2,2,2,2,2,2,2,2,2
62204,1,1,1984,22,22,22,22,22,22,22,22,22,22
62205,1,1,1984,0,0,0,0,0,0,0,0,0,0
62205,2,1,1984,0,0,0,0,0,0,0,0,0,0
62206,0,1,1984,0,0,0,0,0,0,0,0,0,0
62206,1,1,1984,16,0,0,0,0,0,0,0,0,0
62207,1,1,1984,0,0,0,0,0,0,0,0,0,0
62207,2,1,1984,0,0,0,16,0,0,0,0,0,0
62208,1,1,1984,0,0,0,0,0,0,0,0,0,0
62208,2,1,1984,0,0,0,0,0,0,0,0,0,0
62209,1,1,1984,0,0,0,0,0,0,0,0,0,0
62209,2,1,1984,0,0,0,0,0,0,0,0,0,0
62210,0,1,1984,0,0,0,0,0,0,0,0,0,0
62210,1,1,1984,0,0,0,0,12,0,0,0,0,0
62211,1,1,1984,23,20,4,14,11,23,0,19,18,3
62211,2,1,1984,0,21,0,26,0,0,0,14,0,0
62212,1,1,1984,13,13,13,13,13,13,13,13,13,13
62213,1,1,1984,15,15,15,15,15,15,15,15,15,15
62214,1,1,1984,24,24,24,24,24,24,24,24,24,24
62215,1,1,1984,2,2,2,2,2,2,2,2,2,2
62216,1,1,1984,24,24,24,24,24,24,24,24,24,24
62217,1,1,1984,21,21,21,21,21,21,21,21,21,21
62218,0,1,1984,0,0,0,0,0,0,0,0,0,0
62218,1,1,1984,22,22,22,22,22,22,22,22,22,22
62219,1,1,1984,22,22,22,22,22,22,22,22,22,22
62220,1,1,1984,18,18,18,18,18,18,18,18,18,18
62221,1,1,1984,24,24,24,24,24,24,24,24,24,24
62222,1,1,1984,17,17,17,17,17,17,17,17,17,17
62223,0,1,1984,0,0,0,0,0,0,0,0,0,0
62223,1,1,1984,0,0,0,0,0,0,0,11,0,0
62224,1,1,1984,17,17,17,17,17,17,17,17,17,17
62225,1,1,1984,15,15,15,15,15,15,15,15,15,15
62226,1,1,1984,15,15,15,15,15,15,15,15,15,15
62227,1,1,1984,13,13,13,13,13,13,13,13,13,13
62228,1,1,1984,19,19,19,19,19,19,19,19,19,19
62229,1,1,1984,26,26,26,26,26,26,26,26,26,26
62230,1,1,1984,0,0,0,0,0,0,0,0,0,0
62231,1,1,1984,0,0,0,0,0,0,26,0,0,0
62232,1,1,1984,26,26,26,26,26,26,26,26,26,26
62233,0,1,1984,0,0,0,5,0,0,13,0,0,0
62233,1,1,1984,0,0,0,0,0,0,0,0,0,0
62234,1,1,1984,20,20,20,20,20,20,20,20,20,20
62235,1,1,1984,28,28,28,28,28,28,28,28,28,28
62236,1,1,1984,0,0,0,0,0,0,0,0,0,0
62237,0,1,1984,0,0,0,0,0,0,0,0,0,0
62237,1,1,1984,0,0,0,0,0,0,0,12,0,0
62238,1,1,1984,22,22,22,22,22,22,22,22,22,22
62239,1,1,1984,0,0,0,0,0,0,0,0,0,0
62240,1,1,1984,0,0,0,0,0,0,0,0,0,0
62240,2,1,1984,2,2,2,2,2,2,2,2,2,2
62241,1,1,1984,0,0,0,0,0,0,0,0,0,0
62242,0,1,1984,0,0,0,0,13,13,32,13,29,0
62242,1,1,1984,0,0,0,0,0,0,0,6,0,0
62242,2,1,1984,26,26,26,26,26,26,26,26,26,26
62243,1,1,1984,29,29,29,29,29,29,29,29,29,29
62244,1,1,1984,0,0,0,0,0,0,0,0,0,0
62244,2,1,1984,0,0,0,0,0,0,0,0,0,0
62245,1,1,1984,0,0,0,0,0,0,0,22,12,0
62245,2,1,1984,0,0,0,0,0,0,0,0,0,0
62246,1,1,1984,0,27,0,0,0,0,0,0,0,0
62246,2,1,1984,11,9,30,15,2,23,23,6,11,0
62247,0,1,1984,0,0,0,0,0,0,10,0,0,0
62247,1,1,1984,0,0,0,0,0,0,0,0,0,0
62248,1,1,1984,23,10,16,16,19,19,29,8,10,15
62249,1,1,1984,0,0,0,0,0,0,0,0,0,0
62249,2,1,1984,4,0,0,0,0,0,9,12,0,0
62250,1,1,1984,17,17,17,17,17,17,17,17,17,17
62250,2,1,1984,0,0,0,0,0,0,0,0,0,0
62251,1,1,1984,7,7,7,7,7,7,7,7,7,7
62252,1,1,1984,0,0,0,0,0,0,0,0,0,0
62252,2,1,1984,0,0,0,0,0,0,0,0,0,0
62252,3,1,1984,0,0,0,0,0,0,0,0,0,0
62253,1,1,1984,0,0,0,0,0,0,0,0,0,0
62253,2,1,1984,0,0,0,0,0,0,0,0,0,0
62254,1,1,1984,0,0,0,0,0,0,0,0,0,0
62254,2,1,1984,0,0,0,0,0,0,0,0,0,0
62255,1,1,1984,0,0,19,0,0,28,0,0,26,0
62256,1,1,1984,0,39,0,0,0,0,0,0,0,0
62256,2,1,1984,25,17,7,19,0,14,0,0,18,10
62257,1,1,1984,17,9,23,14,14,14,19,36,33,32
62257,2,1,1984,0,0,0,0,0,0,0,0,0,0
62258,1,1,1984,0,13,0,0,28,0,13,14,0,8
62259,0,1,1984,25,25,25,25,25,25,25,25,25,25
62259,1,1,1984,19,19,19,19,19,19,19,19,19,19
62260,0,1,1984,0,15,30,14,27,0,9,0,0,0
62260,0,2,1984,0,0,0,0,32,21,31,0,20,0
62260,1,1,1984,15,15,6,18,8,11,28,16,11,5
62261,1,1,1984,19,19,19,19,19,19,19,19,19,19
62261,2,1,1984,4,4,4,4,4,4,4,4,4,4
62262,1,1,1984,0,0,0,0,0,0,0,0,0,0
62262,2,1,1984,0,0,8,0,0,0,0,0,0,0
62263,1,1,1984,0,0,0,0,8,0,25,0,0,10
62263,2,1,1984,0,0,23,0,19,0,0,0,0,0
62263,3,1,1984,0,0,0,0,0,0,0,0,0,0
62264,1,1,1984,21,21,21,21,21,21,21,21,21,21
62264,2,1,1984,0,0,0,0,0,0,0,0,0,0
62265,1,1,1984,11,13,5,19,0,11,6,14,0,18
62265,2,1,1984,0,0,0,0,0,0,0,0,0,0
62266,1,1,1984,0,0,0,0,0,0,0,17,0,0
62266,2,1,1984,0,0,0,0,0,0,0,0,0,0
62267,0,1,1984,0,0,0,0,0,0,0,0,0,0
62267,1,1,1984,9,9,9,9,9,9,9,9,9,9
62268,1,1,1984,21,21,21,21,21,21,21,21,21,21
62268,2,1,1984,0,0,0,15,0,10,0,0,0,0
62268,3,1,1984,0,0,0,0,11,14,0,0,7,0
62269,1,1,1984,0,0,0,0,0,0,0,0,0,10
62269,2,1,1984,0,0,0,0,0,0,0,0,0,0
62270,1,1,1984,22,22,22,22,22,22,22,22,22,22
62271,0,1,1984,11,11,11,11,11,11,11,11,11,11
62271,1,1,1984,0,0,0,0,0,0,0,0,0,0
62272,0,1,1984,39,39,39,39,39,39,39,39,39,39
62272,1,1,1984,0,0,0,30,0,0,0,0,0,0
62273,1,1,1984,23,23,23,23,23,23,23,23,23,23
62273,2,1,1984,0,0,0,0,0,0,0,0,0,0
62274,1,1,1984,0,0,0,0,0,0,0,0,0,0
62275,1,1,1984,0,0,0,0,0,0,0,0,0,0
62275,2,1,1984,0,0,0,0,0,0,0,0,0,0
62276,1,1,1984,20,20,20,20,20,20,20,20,20,20
62276,2,1,1984,0,0,0,0,0,0,0,0,0,0
62277,1,1,1984,0,0,0,0,0,0,0,0,0,0
62278,1,1,1984,11,22,28,16,0,11,12,8,11,7
62278,2,1,1984,23,8,23,18,24,0,10,28,20,23
62278,3,1,1984,0,0,0,0,0,0,0,0,0,0
62279,1,1,1984,0,0,0,0,0,0,0,0,0,0
62279,2,1,1984,0,0,0,0,0,0,0,0,0,0
62279,3,1,1984,0,0,0,0,0,0,0,0,0,0
62280,1,1,1984,5,5,5,5,5,5,5,5,5,5
62280,2,1,1984,3,3,3,3,3,3,3,3,3,3
62281,1,1,1984,19,19,19,19,19,19,19,19,19,19
62281,2,1,1984,0,0,0,0,0,0,0,0,0,0
62282,1,1,1984,0,0,0,10,0,0,0,0,0,0
62282,2,1,1984,0,0,0,0,0,0,0,0,0,0
62283,1,1,1984,0,0,0,0,0,0,0,0,0,0
62283,2,1,1984,0,0,0,0,0,0,0,0,0,0
62284,1,1,1984,15,21,10,18,28,13,9,6,14,15
62285,1,1,1984,13,13,13,13,13,13,13,13,13,13
62285,2,1,1984,7,7,7,7,7,7,7,7,7,7
62286,1,1,1984,17,17,17,17,17,17,17,17,17,17
62286,2,1,1984,0,0,0,0,0,0,0,0,0,0
62287,1,1,1984,18,18,18,18,18,18,18,18,18,18
62287,2,1,1984,0,0,0,0,0,0,0,0,0,0
62288,1,1,1984,23,23,23,23,23,23,23,23,23,23
62288,2,1,1984,10,28,0,0,0,0,0,0,0,14
62289,1,1,1984,0,8,26,0,17,10,0,14,5,0
62289,2,1,1984,0,0,0,0,0,13,0,0,13,0
62290,1,1,1984,13,13,13,13,13,13,13,13,13,13
62290,2,1,1984,0,0,13,0,0,19,0,0,0,0
62291,1,1,1984,13,13,13,13,13,13,13,13,13,13
62291,2,1,1984,13,13,13,13,13,13,13,13,13,13
62292,1,1,1984,4,4,4,4,4,4,4,4,4,4
62292,2,1,1984,0,0,0,0,0,0,0,0,0,0
62293,1,1,1984,0,0,0,0,0,0,0,0,0,0
62294,1,1,1984,0,0,0,0,0,0,0,0,0,0
62294,2,1,1984,9,9,9,9,9,9,9,9,9,9
62295,1,1,1984,26,26,26,26,26,26,26,26,26,26
62296,1,1,1984,0,0,0,0,0,0,0,0,0,0
62296,2,1,1984,19,16,2,0,12,18,16,0,11,0
62297,1,1,1984,0,0,0,0,22,18,17,19,14,30
62298,1,1,1984,23,23,23,23,23,23,23,23,23,23
62298,2,1,1984,0,0,11,0,20,6,6,0,0,11
62299,1,1,1984,0,0,0,0,0,0,0,0,0,0
62299,2,1,1984,4,4,4,4,4,4,4,4,4,4
62300,0,1,1984,0,0,0,0,0,0,0,0,0,0
62300,0,2,1984,0,0,0,0,0,0,0,0,0,0
62300,2,1,1984,0,20,0,0,0,0,0,0,11,0
62301,1,1,1984,0,0,0,0,0,0,0,0,0,0
62302,1,1,1984,0,0,0,0,0,0,0,0,0,0
62302,2,1,1984,0,0,0,0,0,0,0,0,0,0
62303,1,1,1984,0,0,0,0,0,0,12,0,10,0
62303,2,1,1984,0,0,0,0,0,0,0,0,0,0
62304,1,1,1984,1,1,1,1,1,1,1,1,1,1
62305,0,1,1984,0,0,0,0,0,0,0,0,0,0
62305,1,1,1984,0,0,0,0,0,0,0,0,0,0
62306,1,1,1984,0,0,0,0,0,0,0,0,0,0
62306,2,1,1984,0,0,0,0,0,0,0,0,0,0
62307,1,1,1984,0,0,0,0,0,0,0,0,0,0
62307,2,1,1984,16,16,16,16,16,16,16,16,16,16
62308,0,1,1984,5,5,5,5,5,5,5,5,5,5
62308,1,1,1984,0,0,0,0,0,0,0,0,0,0
62309,1,1,1984,7,7,7,7,7,7,7,7,7,7
62309,2,1,1984,14,0,0,0,0,0,0,0,17,0
62309,3,1,1984,0,0,0,8,0,32,0,0,0,0
62310,1,1,1984,0,0,0,0,14,0,24,0,0,0
62310,2,1,1984,0,0,0,0,0,0,0,0,0,0
62311,1,1,1984,0,0,0,0,0,0,0,0,0,0
62311,2,1,1984,0,0,0,0,0,0,0,0,0,0
62312,1,1,1984,0,0,0,0,0,0,0,0,0,0
62312,2,1,1984,0,0,0,0,0,0,0,0,0,0
62313,1,1,1984,0,0,0,0,0,0,0,0,0,0
62314,1,1,1984,0,0,0,0,0,0,0,0,0,0
62314,2,1,1984,0,0,6,0,0,0,0,0,0,0
62315,0,1,1984,0,0,0,0,0,0,0,0,0,0
62315,1,1,1984,0,0,16,0,0,0,0,0,0,0
62316,1,1,1984,19,19,19,19,19,19,19,19,19,19
62316,2,1,1984,21,9,16,23,13,10,0,24,24,19
62317,1,1,1984,0,0,0,0,0,0,0,0,0,0
62317,2,1,1984,0,0,0,0,0,0,0,0,0,0
62318,1,1,1984,7,11,0,0,0,0,0,0,0,0
62318,2,1,1984,0,0,0,0,0,0,13,0,0,0
62318,3,1,1984,0,0,0,0,14,0,0,0,0,0
62319,1,1,1984,0,0,0,0,0,0,0,0,0,0
62319,2,1,1984,8,8,8,8,8,8,8,8,8,8
62320,0,1,1984,0,0,0,0,0,0,0,0,0,0
62320,1,1,1984,0,5,0,4,0,0,0,30,42,0
62321,1,1,1984,18,18,18,18,18,18,18,18,18,18
62321,2,1,1984,0,0,0,0,0,0,0,0,0,0
62322,1,1,1984,0,0,0,0,0,0,0,0,0,0
62323,1,1,1984,0,0,0,0,0,0,0,0,0,0
62324,1,1,1984,0,0,0,0,0,0,0,0,0,0
62324,2,1,1984,0,0,0,0,0,0,0,0,0,0
62324,3,1,1984,0,0,6,0,0,0,0,14,0,7
62325,1,1,1984,11,11,11,11,11,11,11,11,11,11
62326,1,1,1984,0,0,0,0,0,0,0,0,0,0
62327,1,1,1984,0,0,11,0,0,0,0,0,0,0
62327,2,1,1984,0,0,0,0,0,0,0,0,0,3
62328,0,1,1984,0,0,0,0,0,0,0,0,0,0
62328,1,1,1984,0,0,0,0,0,0,0,0,0,0
62329,1,1,1984,0,0,0,0,0,0,0,0,0,0
62330,1,1,1984,18,18,18,18,18,18,18,18,18,18
62331,0,1,1984,26,26,26,26,26,26,26,26,26,26
62331,1,1,1984,0,14,18,0,21,0,20,0,25,0
62332,1,1,1984,34,34,34,34,34,34,34,34,34,34
62333,1,1,1984,5,0,0,0,0,10,0,0,0,0
62333,2,1,1984,0,0,0,0,0,0,0,0,0,0
62333,3,1,1984,0,0,0,0,0,0,0,0,17,0
62334,1,1,1984,0,0,0,0,22,0,0,0,0,5
62334,2,1,1984,0,12,0,0,0,0,0,0,0,0
62335,0,1,1984,0,0,0,0,0,0,0,0,0,0
62335,0,2,1984,0,0,0,0,0,0,0,0,0,0
62335,1,1,1984,0,0,0,0,0,0,0,0,0,0
62336,1,1,1984,0,0,0,0,0,0,0,0,0,0
62336,2,1,1984,0,0,0,0,0,0,0,0,0,0
62337,1,1,1984,0,0,0,0,0,0,0,0,0,0
62337,2,1,1984,0,0,0,0,0,0,0,0,0,0
62338,1,1,1984,0,0,0,0,0,0,0,0,0,0
62338,2,1,1984,0,0,0,0,0,0,0,0,0,0
62338,3,1,1984,23,0,0,0,0,0,0,0,0,0
62339,1,1,1984,0,0,0,26,0,0,0,0,0,0
62339,2,1,1984,0,0,0,0,0,0,0,0,3,0
62340,1,1,1984,0,0,0,0,0,18,12,0,24,22
62341,0,1,1984,0,0,0,0,0,0,0,0,0,0
62341,1,1,1984,10,0,28,0,14,11,0,0,13,23
62342,1,1,1984,0,0,0,0,0,0,0,0,0,0
62342,2,1,1984,0,0,0,0,0,0,0,0,0,0
62343,1,1,1984,0,0,0,0,0,0,0,0,0,0
62344,0,1,1984,0,0,0,0,0,0,0,0,0,0
62344,1,1,1984,0,9,0,0,0,0,0,0,0,0
62345,1,1,1984,0,0,0,0,0,0,0,0,0,0
62345,2,1,1984,0,0,0,0,0,0,0,0,0,0
62345,3,1,1984,0,0,0,0,0,0,0,0,0,0
62346,1,1,1984,18,18,18,18,18,18,18,18,18,18
62347,0,1,1984,15,18,0,18,8,28,36,17,34,17
62347,1,1,1984,0,0,0,0,0,0,32,0,0,0
62348,1,1,1984,16,16,16,16,16,16,16,16,16,16
62349,0,1,1984,31,31,31,31,31,31,31,31,31,31
62349,1,1,1984,0,0,19,11,0,12,0,0,17,0
62350,1,1,1984,0,0,0,0,0,0,0,0,0,0
62350,2,1,1984,0,0,0,0,0,0,0,0,0,0
62351,1,1,1984,21,21,21,21,21,21,21,21,21,21
62352,0,1,1984,13,13,13,13,13,13,13,13,13,13
62352,1,1,1984,0,0,0,0,0,10,0,0,0,0
62353,1,1,1984,14,14,14,14,14,14,14,14,14,14
62353,2,1,1984,0,0,0,0,0,0,0,0,0,0
62354,1,1,1984,14,14,14,14,14,14,14,14,14,14
62355,1,1,1984,8,8,8,8,8,8,8,8,8,8
62355,2,1,1984,0,17,0,10,0,6,9,16,16,17
62356,1,1,1984,17,17,17,17,17,17,17,17,17,17
62356,2,1,1984,0,0,0,0,0,0,0,0,0,0
62357,1,1,1984,0,0,0,0,0,0,0,0,0,0
62358,1,1,1984,20,20,20,20,20,20,20,20,20,20
62358,2,1,1984,0,0,0,0,0,0,0,0,0,0
62359,0,1,1984,0,0,0,0,0,0,0,0,0,0
62359,1,1,1984,0,0,0,0,0,0,0,0,0,0
62360,0,1,1984,0,0,7,14,0,0,0,16,0,0
62360,1,1,1984,0,0,0,0,0,0,0,0,0,24
62361,1,1,1984,0,0,0,0,0,0,0,0,0,0
62362,1,1,1984,6,6,6,6,6,6,6,6,6,6
62363,1,1,1984,0,0,4,0,0,0,0,23,0,19
62364,1,1,1984,0,0,0,0,0,0,0,0,0,0
62365,0,1,1984,0,0,0,0,0,0,0,0,0,0
62365,1,1,1984,0,0,19,0,0,0,22,16,0,0
62366,1,1,1984,18,6,0,0,0,0,7,0,0,0
62367,1,1,1984,0,0,0,0,0,0,0,0,0,0
62367,2,1,1984,0,18,0,0,0,10,0,0,21,9
62368,1,1,1984,16,16,16,16,16,16,16,16,16,16
62369,1,1,1984,12,12,12,12,12,12,12,12,12,12
62370,1,1,1984,19,19,19,19,19,19,19,19,19,19
62371,1,1,1984,0,0,0,0,0,0,0,0,0,0
62372,0,1,1984,0,0,0,0,0,0,0,0,0,0
62372,1,1,1984,0,0,0,12,0,0,0,0,0,0
62373,0,1,1984,0,0,0,0,0,0,0,0,0,0
62373,1,1,1984,0,0,0,16,0,0,0,0,1,0
62374,1,1,1984,12,12,12,12,12,12,12,12,12,12
62375,0,1,1984,21,21,21,21,21,21,21,21,21,21
62375,1,1,1984,19,17,0,18,9,13,21,8,6,15
62376,1,1,1984,26,26,26,26,26,26,26,26,26,26
62377,1,1,1984,0,0,0,0,0,0,0,0,0,0
62378,1,1,1984,16,16,20,14,2,15,14,21,12,9
62379,1,1,1984,0,0,0,0,0,0,0,0,0,0
62380,1,1,1984,0,0,0,0,0,0,0,0,0,0
62381,1,1,1984,0,0,0,0,0,0,0,0,0,0
62382,1,1,1984,0,0,0,0,0,0,0,0,0,0
62383,1,1,1984,9,9,9,9,9,9,9,9,9,9
62384,1,1,1984,16,16,16,16,16,16,16,16,16,16
62385,1,1,1984,3,3,3,3,3,3,3,3,3,3
62386,1,1,1984,30,30,30,30,30,30,30,30,30,30
62386,2,1,1984,0,0,0,0,0,0,0,0,0,0
62387,0,1,1984,6,6,6,6,6,6,6,6,6,6
62387,1,1,1984,13,0,21,11,18,8,0,0,33,0
62388,1,1,1984,0,0,0,0,0,0,0,0,0,0
62388,2,1,1984,0,0,0,0,0,0,0,0,0,0
62389,1,1,1984,0,0,0,0,0,0,0,0,0,0
62389,2,1,1984,0,0,0,0,0,0,0,0,0,0
62390,1,1,1984,0,18,0,0,0,0,0,0,0,0
62390,2,1,1984,0,0,0,0,0,0,0,0,0,0
62391,0,1,1984,0,0,0,0,0,0,0,0,0,0
62391,1,1,1984,0,0,0,0,0,0,0,0,0,0
62392,1,1,1984,2,2,2,2,2,2,2,2,2,2
62392,2,1,1984,0,0,0,0,0,0,0,0,0,0
62393,0,1,1984,0,7,0,0,0,0,0,0,0,0
62393,1,1,1984,0,0,0,0,0,0,0,0,0,0
62394,1,1,1984,21,32,22,32,27,11,5,28,15,19
62395,1,1,1984,11,11,11,11,11,11,11,11,11,11
62395,2,1,1984,9,0,0,0,0,0,0,0,15,0
62396,1,1,1984,14,14,14,14,14,14,14,14,14,14
62397,1,1,1984,0,0,0,0,0,0,0,0,0,0
62397,2,1,1984,0,0,0,0,0,0,0,0,0,0
62398,1,1,1984,0,0,0,0,0,0,0,17,11,0
62398,2,1,1984,13,0,0,0,0,0,0,0,0,0
62399,1,1,1984,0,0,0,0,0,0,0,0,0,0
62399,2,1,1984,20,0,0,0,0,0,0,0,0,0
62400,1,1,1984,22,22,22,22,22,22,22,22,22,22
62400,2,1,1984,0,0,0,0,0,0,0,0,0,0
62401,1,1,1984,0,0,0,0,0,0,0,0,0,0
62401,2,1,1984,0,0,0,0,0,0,0,0,0,0
62402,1,1,1984,21,0,13,7,28,33,0,17,18,15
62402,2,1,1984,9,0,0,0,0,0,0,0,0,0
62403,1,1,1984,0,0,0,0,0,0,0,0,0,0
62403,2,1,1984,0,0,0,0,0,0,0,0,0,0
62404,1,1,1984,8,8,8,8,8,8,8,8,8,8
62404,2,1,1984,4,0,13,12,7,24,17,7,13,24
62405,0,1,1984,14,0,0,21,0,13,0,29,14,0
62405,1,1,1984,0,12,0,19,17,0,0,0,0,11
62406,1,1,1984,0,0,0,0,0,0,0,0,0,0
62406,2,1,1984,0,0,0,0,0,0,0,0,0,0
62407,1,1,1984,0,0,0,0,0,0,0,0,0,0
62408,1,1,1984,0,8,0,0,0,6,0,0,0,0
62409,1,1,1984,15,15,15,15,15,15,15,15,15,15
62410,1,1,1984,6,0,0,9,0,0,0,0,0,0
62410,2,1,1984,0,0,0,0,0,0,0,0,0,0
62411,1,1,1984,20,20,20,20,20,20,20,20,20,20
62412,1,1,1984,12,12,9,0,20,14,5,11,13,8
62412,2,1,1984,0,0,0,0,0,0,0,0,0,0
62413,1,1,1984,0,0,0,0,0,0,0,0,0,0
62413,2,1,1984,0,0,0,0,0,0,0,0,0,0
62413,3,1,1984,0,0,0,0,0,0,0,10,0,0
62414,1,1,1984,17,17,17,17,17,17,17,17,17,17
62415,1,1,1984,28,28,28,28,28,28,28,28,28,28
62416,1,1,1984,11,11,11,11,11,11,11,11,11,11
62416,2,1,1984,0,0,7,0,0,0,0,0,0,0
62417,1,1,1984,0,0,0,0,0,0,0,0,0,0
62417,2,1,1984,0,0,0,0,0,0,0,0,0,13
62418,1,1,1984,0,0,0,0,0,0,0,0,0,0
62418,2,1,1984,0,0,0,0,0,0,0,0,0,0
62419,0,1,1984,0,0,0,0,0,0,0,0,0,0
62419,1,1,1984,0,0,0,0,0,0,0,0,0,0
62420,1,1,1984,0,0,0,0,0,0,0,0,0,0
62420,2,1,1984,0,0,0,0,0,0,0,0,0,0
62421,0,1,1984,0,0,0,0,0,0,0,0,0,0
62421,1,1,1984,0,0,0,0,0,0,6,0,0,0
62422,1,1,1984,0,0,0,0,0,0,0,0,0,0
62423,0,1,1984,9,0,0,0,10,12,0,6,15,0
62423,1,1,1984,8,12,17,18,14,10,18,20,11,10
62423,2,1,1984,2,2,2,2,2,2,2,2,2,2
62424,0,1,1984,7,7,7,7,7,7,7,7,7,7
62424,1,1,1984,0,0,0,0,0,0,6,0,0,0
62425,1,1,1984,2,2,2,2,2,2,2,2,2,2
62426,1,1,1984,0,0,0,0,0,0,0,0,0,0
62426,2,1,1984,0,0,0,0,0,0,0,12,0,0
62427,1,1,1984,0,0,0,0,0,0,0,0,0,0