ST_CASE,VEH_NO,PER_NO,YEAR,P1,P2,P3,P4,P5,P6,P7,P8,P9,P10
62428,1,1,1984,0,0,0,0,0,0,0,0,0,0
62428,2,1,1984,9,9,9,9,9,9,9,9,9,9
62429,1,1,1984,0,0,0,0,0,0,0,0,0,0
62429,2,1,1984,0,0,0,0,0,0,0,0,0,0
62430,1,1,1984,0,0,0,0,0,0,0,0,0,0
62430,2,1,1984,0,0,0,6,0,0,0,0,0,0
62430,3,1,1984,0,0,0,0,0,0,0,0,0,0
62431,1,1,1984,0,0,0,0,0,0,0,0,0,0
62432,1,1,1984,0,0,0,0,0,0,0,0,0,0
62432,2,1,1984,0,0,0,0,0,0,0,0,0,0
62433,1,1,1984,4,4,4,4,4,4,4,4,4,4
62434,0,1,1984,0,0,0,0,0,0,0,0,0,0
62434,1,1,1984,0,0,0,0,0,0,0,0,0,0
62435,1,1,1984,0,0,0,0,0,0,0,0,0,0
62435,2,1,1984,0,0,0,0,0,0,0,0,0,0
62435,3,1,1984,0,0,15,0,0,0,0,0,0,0
62436,1,1,1984,9,9,9,9,9,9,9,9,9,9
62436,2,1,1984,0,0,0,14,0,16,0,0,0,11
62437,1,1,1984,21,21,21,21,21,21,21,21,21,21
62438,1,1,1984,4,4,4,4,4,4,4,4,4,4
62439,0,1,1984,0,0,0,0,0,0,0,0,0,0
62439,1,1,1984,0,0,0,0,0,0,0,0,0,0
62440,1,1,1984,0,0,0,0,0,0,0,0,0,0
62440,2,1,1984,0,0,0,0,0,0,0,0,0,0
62441,1,1,1984,6,6,6,6,6,6,6,6,6,6
62442,1,1,1984,17,17,17,17,17,17,17,17,17,17
62443,1,1,1984,0,0,0,0,0,0,0,0,0,0
62443,2,1,1984,0,0,0,0,0,0,0,0,0,0
62444,1,1,1984,0,0,0,0,0,0,0,0,10,0
62444,2,1,1984,0,0,0,0,0,0,0,0,0,0
62445,0,1,1984,24,24,24,24,24,24,24,24,24,24
62445,1,1,1984,0,21,18,0,36,0,0,7,24,28
62446,1,1,1984,10,10,10,10,10,10,10,10,10,10
62447,1,1,1984,13,13,13,13,13,13,13,13,13,13
62448,1,1,1984,0,0,0,0,0,0,0,0,0,0
62448,2,1,1984,0,0,0,0,0,0,0,0,0,0
62449,1,1,1984,8,8,8,8,8,8,8,8,8,8
62450,1,1,1984,9,9,9,9,9,9,9,9,9,9
62451,1,1,1984,22,22,22,22,22,22,22,22,22,22
62452,1,1,1984,0,0,0,0,0,0,0,0,0,0
62453,1,1,1984,13,13,13,13,13,13,13,13,13,13
62454,0,1,1984,0,0,0,0,0,0,0,0,0,0
62454,1,1,1984,26,17,25,7,12,11,13,12,2,8
62455,1,1,1984,0,0,0,0,0,0,0,0,0,0
62456,1,1,1984,32,32,32,32,32,32,32,32,32,32
62456,2,1,1984,0,12,0,0,0,0,0,0,0,0
62457,0,1,1984,0,0,0,0,0,0,0,0,0,0
62457,1,1,1984,0,0,0,0,0,0,0,0,0,0
62458,0,1,1984,21,21,21,21,21,21,21,21,21,21
62458,1,1,1984,21,0,0,0,0,0,0,0,6,0
62458,2,1,1984,0,0,0,0,0,0,0,0,0,0
62459,1,1,1984,13,13,13,13,13,13,13,13,13,13
62460,1,1,1984,3,3,3,3,3,3,3,3,3,3
62461,1,1,1984,18,0,0,12,0,0,0,12,24,0
62462,0,1,1984,0,0,0,0,0,0,0,0,0,0
62462,1,1,1984,0,0,0,0,0,0,0,0,0,0
62463,1,1,1984,15,15,15,15,15,15,15,15,15,15
62464,1,1,1984,20,20,20,20,20,20,20,20,20,20
62465,1,1,1984,1,1,1,1,1,1,1,1,1,1
62466,1,1,1984,10,10,10,10,10,10,10,10,10,10
62467,1,1,1984,6,0,19,0,10,14,0,19,0,11
62468,0,1,1984,14,14,14,14,14,14,14,14,14,14
62468,1,1,1984,32,29,8,0,0,24,0,0,0,0
62469,1,1,1984,22,7,10,14,0,0,8,12,11,14
62470,1,1,1984,35,0,13,26,13,0,11,24,31,8
62471,1,1,1984,14,14,14,14,14,14,14,14,14,14
62472,1,1,1984,2,2,2,2,2,2,2,2,2,2
62473,1,1,1984,0,0,0,0,0,0,0,0,0,0
62474,1,1,1984,0,0,0,0,0,0,0,0,0,0
62474,2,1,1984,31,0,25,29,11,4,16,14,10,9
62475,1,1,1984,23,23,23,23,23,23,23,23,23,23
62476,1,1,1984,0,13,19,0,23,21,9,12,15,0
62477,1,1,1984,23,23,23,23,23,23,23,23,23,23
62478,1,1,1984,0,0,0,0,0,0,0,0,0,0
62479,1,1,1984,5,5,5,5,5,5,5,5,5,5
62480,1,1,1984,10,10,10,10,10,10,10,10,10,10
62481,1,1,1984,0,0,0,0,0,0,0,0,0,0
62482,1,1,1984,0,0,0,0,0,0,0,0,0,0
62483,1,1,1984,23,23,23,23,23,23,23,23,23,23
62484,0,1,1984,0,0,0,0,0,0,0,0,0,0
62484,1,1,1984,0,0,0,0,22,0,0,0,0,0
62485,1,1,1984,0,0,0,0,0,0,0,0,0,0
62485,2,1,1984,0,0,0,0,0,0,0,0,0,0
62486,0,1,1984,0,0,0,0,0,0,0,0,0,0
62486,1,1,1984,0,0,0,0,0,0,0,0,0,0
62487,1,1,1984,11,4,22,0,13,10,19,0,10,6
62488,1,1,1984,20,27,12,20,16,18,7,16,13,10
62489,0,1,1984,0,27,0,11,0,0,0,5,12,0
62489,1,1,1984,19,19,19,19,19,19,19,19,19,19
62490,1,1,1984,20,20,20,20,20,20,20,20,20,20
62491,1,1,1984,13,13,13,13,13,13,13,13,13,13
62492,1,1,1984,0,0,0,0,0,0,0,0,0,0
62492,2,1,1984,0,0,0,0,0,0,0,0,0,0
62493,1,1,1984,11,11,11,11,11,11,11,11,11,11
62493,2,1,1984,0,0,0,0,0,0,0,0,0,17
62494,1,1,1984,0,0,0,0,0,0,0,0,0,0
62494,2,1,1984,0,0,0,0,0,0,0,0,0,0
62495,1,1,1984,15,15,15,15,15,15,15,15,15,15
62495,2,1,1984,21,21,21,21,21,21,21,21,21,21
62496,1,1,1984,22,22,22,22,22,22,22,22,22,22
62496,2,1,1984,12,12,12,12,12,12,12,12,12,12
62497,1,1,1984,19,19,19,19,19,19,19,19,19,19
62498,1,1,1984,16,16,16,16,16,16,16,16,16,16
62499,1,1,1984,20,20,20,20,20,20,20,20,20,20
62499,2,1,1984,0,0,0,0,0,0,0,2,0,0
62500,1,1,1984,0,0,19,14,24,14,0,26,0,21
62501,0,1,1984,0,0,0,0,0,0,0,0,0,0
62501,1,1,1984,0,0,0,0,19,0,0,24,0,0
62502,1,1,1984,0,0,0,0,0,0,0,0,0,0
62502,2,1,1984,0,0,0,0,0,0,0,0,0,0
62503,1,1,1984,0,3,0,0,0,0,0,0,0,0
62503,2,1,1984,0,0,0,0,0,0,0,0,0,0
62504,0,1,1984,0,0,0,0,0,0,0,0,0,0
62504,1,1,1984,0,19,0,17,0,9,0,0,0,15
62505,1,1,1984,0,0,0,0,0,0,0,0,0,0
62505,2,1,1984,0,0,0,0,0,0,0,0,0,12
62505,3,1,1984,0,0,0,0,0,0,0,0,0,0
62506,2,1,1984,0,0,0,0,0,0,0,0,0,0
62506,3,1,1984,0,0,0,0,0,0,0,0,0,0
62507,1,1,1984,0,0,0,0,0,0,0,0,0,0
62507,2,1,1984,0,0,0,0,0,0,0,0,0,0
62507,3,1,1984,0,0,0,0,0,0,0,0,0,0
62508,0,1,1984,0,0,0,0,0,0,0,0,0,0
62508,1,1,1984,0,0,0,0,0,0,0,0,0,0
62509,1,1,1984,0,0,30,0,0,0,0,0,0,0
62509,2,1,1984,0,0,0,0,0,0,0,0,0,0
62510,1,1,1984,0,9,0,0,33,13,0,0,0,0
62510,2,1,1984,10,10,10,10,10,10,10,10,10,10
62511,1,1,1984,8,8,8,8,8,8,8,8,8,8
62512,1,1,1984,5,5,5,5,5,5,5,5,5,5
62512,2,1,1984,0,0,0,0,0,0,0,0,0,0
62513,1,1,1984,0,0,0,0,0,0,0,0,0,0
62513,2,1,1984,4,4,4,4,4,4,4,4,4,4
62514,1,1,1984,0,0,0,0,0,0,0,0,0,0
62514,2,1,1984,0,0,0,0,0,0,0,0,0,0
62515,1,1,1984,22,22,22,22,22,22,22,22,22,22
62515,2,1,1984,0,0,0,0,0,0,0,0,0,0
62516,1,1,1984,0,0,0,0,0,0,0,0,6,0
62516,2,1,1984,0,0,0,0,0,0,0,0,0,0
62517,1,1,1984,0,0,26,0,0,0,0,0,0,0
62518,1,1,1984,0,0,0,0,0,0,0,0,0,0
62519,1,1,1984,0,0,10,2,0,15,0,0,0,0
62519,2,1,1984,0,0,0,0,0,0,0,0,0,0
62520,1,1,1984,0,0,0,0,0,0,0,0,0,0
62521,1,1,1984,26,17,11,26,19,15,10,7,21,12
62521,2,1,1984,7,7,7,7,7,7,7,7,7,7
62522,1,1,1984,0,0,0,0,0,0,0,0,0,0
62522,2,1,1984,0,0,0,0,0,0,5,0,0,0
62523,1,1,1984,30,30,30,30,30,30,30,30,30,30
62523,2,1,1984,18,25,18,19,19,10,18,10,14,15
62524,1,1,1984,0,0,0,0,0,0,0,0,0,0
62524,2,1,1984,0,0,0,0,0,0,0,0,0,0
62525,1,1,1984,4,3,9,19,0,11,0,0,0,27
62526,1,1,1984,0,0,0,0,0,0,0,0,0,0
62526,2,1,1984,0,0,0,0,0,0,0,0,0,0
62527,0,1,1984,0,0,0,0,8,12,0,18,0,0
62527,1,1,1984,0,13,0,0,0,0,0,0,0,0
62528,1,1,1984,24,24,24,24,24,24,24,24,24,24
62529,1,1,1984,25,25,25,25,25,25,25,25,25,25
62530,1,1,1984,0,0,0,0,0,0,0,0,0,0
62530,2,1,1984,0,0,0,0,0,0,0,0,0,0
62531,1,1,1984,0,0,0,20,2,0,0,0,15,0
62531,2,1,1984,0,0,0,0,0,0,0,0,0,0
62532,1,1,1984,0,0,0,0,0,0,0,0,0,0
62532,2,1,1984,0,0,0,0,0,0,0,0,0,0
62533,1,1,1984,0,0,0,0,0,0,0,0,0,0
62533,2,1,1984,0,0,0,0,0,0,0,0,0,0
62534,1,1,1984,0,0,0,0,0,0,0,0,0,0
62534,2,1,1984,0,0,0,0,0,0,0,0,0,0
62535,1,1,1984,0,0,0,0,0,0,0,0,0,0
62535,2,1,1984,6,0,0,0,0,0,15,0,0,0
62536,1,1,1984,5,0,0,0,0,0,0,0,0,0
62537,1,1,1984,0,0,9,0,0,0,10,0,0,0
62537,2,1,1984,0,0,0,17,0,0,0,0,0,0
62538,1,1,1984,0,0,0,0,0,0,0,0,0,0
62538,2,1,1984,0,6,16,20,0,14,12,0,23,19
62539,1,1,1984,7,7,7,7,7,7,7,7,7,7
62540,1,1,1984,31,31,31,31,31,31,31,31,31,31
62541,1,1,1984,17,17,17,17,17,17,17,17,17,17
62542,1,1,1984,9,9,9,9,9,9,9,9,9,9
62543,1,1,1984,0,0,0,0,0,0,0,0,0,0
62544,0,1,1984,0,0,0,0,0,0,0,0,0,0
62544,1,1,1984,0,0,0,0,7,0,0,0,0,0
62545,1,1,1984,0,0,0,0,0,0,0,0,0,0
62546,1,1,1984,0,22,0,20,13,0,7,0,0,0
62547,1,1,1984,22,22,22,22,22,22,22,22,22,22
62548,0,1,1984,14,14,14,14,14,14,14,14,14,14
62548,1,1,1984,8,0,0,0,0,19,0,0,7,27
62549,0,1,1984,45,45,45,45,45,45,45,45,45,45
62549,1,1,1984,0,0,5,0,0,0,15,0,0,17
62550,1,1,1984,20,20,20,20,20,20,20,20,20,20
62551,0,1,1984,31,31,31,31,31,31,31,31,31,31
62551,1,1,1984,11,29,12,14,11,12,13,24,5,20
62552,1,1,1984,13,13,13,13,13,13,13,13,13,13
62553,1,1,1984,24,24,24,24,24,24,24,24,24,24
62554,1,1,1984,11,45,20,24,5,17,16,9,22,27
62555,0,1,1984,26,26,26,26,26,26,26,26,26,26
62555,1,1,1984,0,0,8,0,0,0,13,0,0,0
62556,1,1,1984,18,18,18,18,18,18,18,18,18,18
62557,0,1,1984,0,0,0,0,0,0,0,0,0,0
62557,1,1,1984,0,0,0,0,0,0,0,0,0,0
62558,1,1,1984,40,40,40,40,40,40,40,40,40,40
62559,1,1,1984,20,0,12,21,4,22,8,12,21,23
62561,1,1,1984,6,6,6,6,6,6,6,6,6,6
62562,1,1,1984,0,0,0,16,0,0,0,0,0,0
62563,1,1,1984,0,0,0,0,0,0,0,16,0,0
62564,1,1,1984,0,0,0,0,10,0,11,33,14,30
62565,1,1,1984,12,12,12,12,12,12,12,12,12,12
62566,0,1,1984,0,0,0,0,0,0,0,0,0,0
62566,1,1,1984,18,18,18,18,18,18,18,18,18,18
62567,1,1,1984,22,22,22,22,22,22,22,22,22,22
62568,1,1,1984,0,14,5,17,2,15,9,8,0,8
62569,1,1,1984,18,18,18,18,18,18,18,18,18,18
62570,0,1,1984,0,0,0,0,0,0,0,0,0,0
62570,1,1,1984,0,0,0,0,0,0,0,0,0,0
62571,1,1,1984,24,21,24,25,5,3,20,7,15,12
62572,1,1,1984,0,0,0,0,0,0,0,0,0,0
62572,2,1,1984,0,0,0,0,0,0,0,0,0,0
62573,1,1,1984,0,0,0,0,0,0,0,0,0,0
62574,1,1,1984,15,15,15,15,15,15,15,15,15,15
62575,1,1,1984,31,31,31,31,31,31,31,31,31,31
62575,2,1,1984,0,0,0,0,0,0,0,0,0,0
62576,0,1,1984,13,13,13,13,13,13,13,13,13,13
62576,1,1,1984,0,0,0,0,0,0,0,0,0,0
62577,1,1,1984,23,23,23,23,23,23,23,23,23,23
62578,1,1,1984,0,0,0,0,0,0,0,0,0,0
62579,1,1,1984,0,0,0,0,0,24,0,0,0,0
62579,2,1,1984,0,0,0,0,0,0,6,0,0,0
62580,1,1,1984,0,0,0,0,0,0,0,0,0,0
62581,1,1,1984,0,0,0,0,0,0,0,0,0,0
62581,2,1,1984,0,4,0,0,6,8,0,0,18,0
62582,1,1,1984,0,0,0,0,0,0,0,0,0,0
62582,2,1,1984,0,6,0,0,0,0,0,0,0,0
62582,3,1,1984,0,0,0,0,0,0,0,0,0,0
62583,1,1,1984,0,0,0,0,0,0,0,0,0,0
62583,2,1,1984,0,0,0,0,0,0,0,0,0,0
62584,1,1,1984,15,15,15,15,15,15,15,15,15,15
62584,2,1,1984,0,0,0,0,0,0,0,0,0,13
62585,1,1,1984,0,0,0,0,0,0,0,0,0,0
62585,2,1,1984,0,0,0,0,0,0,0,0,0,0
62586,1,1,1984,0,0,0,0,0,0,0,0,0,0
62586,2,1,1984,0,0,0,0,0,0,0,0,0,0
62587,1,1,1984,25,25,25,25,25,25,25,25,25,25
62587,2,1,1984,6,6,6,6,6,6,6,6,6,6
62588,1,1,1984,0,0,0,0,0,0,0,0,0,0
62588,2,1,1984,0,0,0,0,0,0,0,0,0,0
62589,1,1,1984,10,10,10,10,10,10,10,10,10,10
62589,2,1,1984,0,0,0,0,0,0,0,0,0,0
62590,1,1,1984,0,0,0,0,0,0,0,0,0,0
62590,2,1,1984,0,0,0,0,0,12,0,0,0,0
62591,1,1,1984,0,0,0,0,0,0,0,0,0,0
62591,2,1,1984,0,0,0,0,0,0,0,0,0,0
62592,0,1,1984,0,0,12,0,0,0,0,12,0,0
62592,1,1,1984,0,0,0,0,0,0,0,0,0,0
62593,1,1,1984,21,21,21,21,21,21,21,21,21,21
62593,2,1,1984,0,0,10,0,0,0,0,0,0,0
62593,3,1,1984,0,0,0,0,0,0,0,0,0,0
62594,1,1,1984,12,12,12,12,12,12,12,12,12,12
62595,1,1,1984,4,23,13,24,13,4,9,3,9,17
62596,1,1,1984,0,0,0,0,0,0,0,0,0,0
62597,1,1,1984,0,0,0,0,0,0,0,0,0,0
62597,2,1,1984,0,12,0,0,0,0,0,0,0,0
62598,1,1,1984,19,19,19,19,19,19,19,19,19,19
62599,1,1,1984,0,0,9,9,18,0,0,0,0,0
62599,2,1,1984,30,30,30,30,30,30,30,30,30,30
62600,1,1,1984,0,0,0,0,0,0,0,0,0,0
62601,1,1,1984,18,18,18,18,18,18,18,18,18,18
62602,0,1,1984,22,22,22,22,22,22,22,22,22,22
62602,1,1,1984,0,34,0,0,0,0,0,0,18,0
62603,1,1,1984,20,20,20,20,20,20,20,20,20,20
62604,1,1,1984,15,15,15,15,15,15,15,15,15,15
62604,2,1,1984,11,0,0,0,0,0,0,0,0,0
62604,3,1,1984,0,0,7,0,0,0,0,0,0,0
62605,1,1,1984,0,0,0,0,0,0,0,0,0,0
62606,1,1,1984,16,35,0,0,22,35,0,12,16,0
62606,2,2,1984,0,0,0,0,0,0,0,0,0,0
62607,1,1,1984,4,4,4,4,4,4,4,4,4,4
62608,1,1,1984,3,3,3,3,3,3,3,3,3,3
62609,1,1,1984,0,0,0,0,0,0,0,0,0,0
62609,2,1,1984,0,0,0,0,0,0,0,26,0,0
62610,1,1,1984,0,0,0,0,0,0,0,0,0,0
62611,1,1,1984,29,29,29,29,29,29,29,29,29,29
62612,0,1,1984,19,19,19,19,19,19,19,19,19,19
62612,1,1,1984,0,0,0,0,12,0,0,13,0,0
62613,1,1,1984,23,23,23,23,23,23,23,23,23,23
62614,1,1,1984,0,0,0,0,0,0,0,0,0,0
62614,2,1,1984,0,0,0,0,0,0,0,0,0,0
62614,3,1,1984,0,0,0,0,0,0,0,0,5,0
62614,4,1,1984,0,0,0,0,0,0,0,0,0,0
62615,1,1,1984,0,0,0,0,0,0,0,0,0,0
62615,2,1,1984,0,0,9,0,10,0,0,0,0,0
62615,3,1,1984,0,0,0,0,3,0,0,0,0,0
62615,4,1,1984,0,0,0,0,3,0,0,0,0,0
62616,1,1,1984,0,0,0,0,0,0,0,0,0,0
62616,2,1,1984,0,0,0,0,0,0,0,0,0,0
62617,1,1,1984,30,30,30,30,30,30,30,30,30,30
62617,2,1,1984,6,6,6,6,6,6,6,6,6,6
62618,1,1,1984,16,16,16,16,16,16,16,16,16,16
62618,2,1,1984,0,3,0,0,0,0,30,0,0,13
62619,1,1,1984,9,9,9,9,9,9,9,9,9,9
62619,2,1,1984,16,0,17,14,8,30,20,22,11,15
62620,1,1,1984,0,0,0,0,0,0,0,0,0,0
62620,2,1,1984,0,0,0,0,0,0,0,0,0,0
62621,1,1,1984,0,17,0,0,0,0,0,0,0,0
62621,2,1,1984,0,0,0,0,0,0,0,0,0,0
62622,1,1,1984,0,0,0,0,0,0,0,0,0,0
62622,2,1,1984,0,0,0,0,0,0,0,0,0,0
62623,1,1,1984,0,0,0,0,0,0,0,0,0,0
62623,2,1,1984,0,0,0,0,0,0,0,0,0,0
62623,3,1,1984,0,0,0,0,8,0,0,0,0,0
62624,1,1,1984,0,0,0,0,0,0,0,0,0,0
62624,2,1,1984,0,0,0,0,0,0,0,0,0,0
62625,1,1,1984,3,3,3,3,3,3,3,3,3,3
62625,2,1,1984,0,0,0,10,0,0,0,8,0,0
62626,1,1,1984,10,10,10,10,10,10,10,10,10,10
62626,2,1,1984,0,0,0,0,0,0,0,0,0,0
62627,1,1,1984,0,0,0,0,0,0,0,0,0,0
62628,1,1,1984,19,19,19,19,19,19,19,19,19,19
62629,1,1,1984,0,0,0,0,20,0,0,0,0,0
62629,2,1,1984,24,24,24,24,24,24,24,24,24,24
62630,1,1,1984,0,0,0,0,0,0,0,0,0,0
62630,2,1,1984,0,0,0,0,0,0,0,0,0,0
62631,1,1,1984,19,19,19,19,19,19,19,19,19,19
62631,2,1,1984,0,0,0,0,0,0,0,0,0,13
62632,1,1,1984,0,0,0,0,0,0,0,0,0,0
62632,2,1,1984,0,0,0,0,0,0,0,0,0,0
62633,1,1,1984,3,3,3,3,3,3,3,3,3,3
62633,2,1,1984,0,0,0,0,0,0,0,0,0,0
62633,3,1,1984,0,0,0,0,0,0,0,0,0,0
62634,1,1,1984,0,0,5,0,0,0,0,0,0,0
62634,2,1,1984,0,0,0,0,0,0,0,0,0,0
62635,1,1,1984,0,0,0,0,0,0,0,0,0,0
62635,2,1,1984,0,0,0,0,0,0,0,0,0,0
62636,1,1,1984,0,0,0,0,0,0,0,0,0,0
62636,2,1,1984,0,0,0,0,0,0,0,0,0,0
62637,1,1,1984,0,0,0,0,0,0,0,0,0,0
62637,2,1,1984,0,0,0,0,0,0,0,0,0,0
62638,0,1,1984,0,0,0,0,0,0,0,0,0,0
62638,0,2,1984,18,0,8,0,4,9,0,0,6,0
62638,0,3,1984,8,0,6,4,19,19,0,18,12,0
62638,1,1,1984,18,10,3,10,25,13,13,20,9,22
62639,1,1,1984,21,21,21,21,21,21,21,21,21,21
62639,2,1,1984,0,0,14,0,0,0,0,0,0,23
62640,1,1,1984,26,26,26,26,26,26,26,26,26,26
62641,1,1,1984,0,0,0,0,0,0,0,0,0,0
62641,2,1,1984,13,21,0,0,20,0,14,7,0,13
62642,1,1,1984,9,9,9,9,9,9,9,9,9,9
62643,1,1,1984,7,7,7,7,7,7,7,7,7,7
62644,1,1,1984,0,0,0,0,0,0,0,0,0,0
62645,1,1,1984,10,10,10,10,10,10,10,10,10,10
62646,1,1,1984,0,0,0,0,0,0,0,0,0,0
62647,0,1,1984,0,0,0,0,0,0,0,0,0,0
62647,1,1,1984,0,0,0,0,0,0,0,0,0,0
62648,1,1,1984,17,17,17,17,17,17,17,17,17,17
62649,1,1,1984,19,19,19,19,19,19,19,19,19,19
62650,1,1,1984,15,15,15,15,15,15,15,15,15,15
62651,1,1,1984,13,13,13,13,13,13,13,13,13,13
62652,1,1,1984,0,0,0,0,0,0,0,0,0,0
62653,1,1,1984,0,23,11,16,25,10,20,13,22,21
62654,1,1,1984,0,0,0,0,0,0,0,0,0,0
62655,1,1,1984,22,7,16,14,11,0,0,0,0,0
62656,1,1,1984,0,0,0,0,0,0,0,0,0,0
62657,1,1,1984,0,6,0,0,0,0,16,11,0,0
62658,1,1,1984,15,15,15,15,15,15,15,15,15,15
62659,1,1,1984,11,11,11,11,11,11,11,11,11,11
62660,0,1,1984,0,15,0,29,27,20,15,12,40,22
62660,1,1,1984,0,22,0,15,0,0,12,0,0,0
62661,1,1,1984,18,18,18,18,18,18,18,18,18,18
62662,1,1,1984,0,0,0,0,0,0,0,0,0,0
62663,1,1,1984,15,15,15,15,15,15,15,15,15,15
62664,1,1,1984,6,6,6,6,6,6,6,6,6,6
62665,1,1,1984,12,14,18,23,30,22,0,0,28,23
62666,1,1,1984,0,0,0,0,0,0,0,0,0,0
62667,1,1,1984,21,21,21,21,21,21,21,21,21,21
62668,1,1,1984,0,0,0,0,0,0,0,0,0,0
62669,0,1,1984,0,0,0,0,0,0,0,0,0,0
62669,1,1,1984,14,7,17,21,14,20,0,11,21,11
62670,1,1,1984,0,0,0,0,0,0,0,0,0,0
62671,0,1,1984,4,4,4,4,4,4,4,4,4,4
62671,1,1,1984,0,0,0,0,0,8,19,0,0,0
62672,0,1,1984,0,0,0,0,0,0,0,0,0,0
62672,1,1,1984,0,0,0,0,0,0,0,0,0,0
62673,0,1,1984,0,0,0,0,0,0,0,0,0,0
62673,1,1,1984,8,8,8,8,8,8,8,8,8,8
62674,0,1,1984,0,0,0,0,0,0,0,0,0,0
62674,1,1,1984,11,11,11,11,11,11,11,11,11,11
62675,1,1,1984,8,8,8,8,8,8,8,8,8,8
62676,1,1,1984,23,23,23,23,23,23,23,23,23,23
62677,1,1,1984,0,0,0,0,0,0,0,0,0,0
62678,1,1,1984,6,9,7,0,0,17,24,0,6,2
62679,1,1,1984,24,24,24,24,24,24,24,24,24,24
62680,1,1,1984,8,8,8,8,8,8,8,8,8,8
62681,1,1,1984,1,1,1,1,1,1,1,1,1,1
62682,1,1,1984,16,16,16,16,16,16,16,16,16,16
62683,1,1,1984,31,31,31,31,31,31,31,31,31,31
62684,1,1,1984,23,17,17,15,19,19,0,16,17,13
62685,1,1,1984,12,12,12,12,12,12,12,12,12,12
62686,1,1,1984,17,17,17,17,17,17,17,17,17,17
62687,1,1,1984,24,24,24,24,24,24,24,24,24,24
62688,1,1,1984,0,0,0,0,15,0,0,0,0,0
62689,1,1,1984,10,10,10,10,10,10,10,10,10,10
62690,1,1,1984,32,32,32,32,32,32,32,32,32,32
62691,1,1,1984,25,25,25,25,25,25,25,25,25,25
62692,1,1,1984,19,22,16,15,19,15,23,28,15,14
62693,1,1,1984,0,0,0,0,0,0,0,0,0,0
62694,1,1,1984,8,12,17,0,23,12,13,0,21,23
62695,1,1,1984,11,11,11,11,11,11,11,11,11,11
62695,2,1,1984,0,19,0,0,0,19,0,0,0,0
62696,1,1,1984,9,9,9,9,9,9,9,9,9,9
62696,2,1,1984,0,0,0,0,0,0,0,0,0,0
62697,1,1,1984,0,0,0,0,0,0,0,0,0,0
62697,2,1,1984,0,0,0,0,0,0,0,0,0,0
62698,1,1,1984,15,15,15,15,15,15,15,15,15,15
62698,2,1,1984,0,0,0,0,0,0,0,0,0,0
62698,3,1,1984,0,10,0,0,0,0,20,0,12,0
62698,4,1,1984,5,33,6,0,9,11,0,0,0,0
62699,1,1,1984,0,0,0,0,0,0,0,0,0,0
62700,0,1,1984,32,21,7,0,0,0,0,0,20,0
62700,1,1,1984,20,20,20,20,20,20,20,20,20,20
62701,1,1,1984,11,11,11,11,11,11,11,11,11,11
62702,1,1,1984,10,12,18,17,13,11,33,24,14,8
62703,0,1,1984,10,10,10,10,10,10,10,10,10,10
62703,1,1,1984,0,0,0,0,12,17,4,5,16,26
62704,1,1,1984,27,27,27,27,27,27,27,27,27,27
62704,2,1,1984,0,0,0,0,0,0,0,0,0,0
62704,3,1,1984,0,15,0,0,0,0,0,0,0,0
62705,1,1,1984,22,22,22,22,22,22,22,22,22,22
62705,2,1,1984,6,17,18,13,16,8,11,19,8,4
62705,3,1,1984,0,0,8,0,0,0,0,0,0,0
62706,1,1,1984,11,21,25,32,19,11,19,28,22,19
62707,1,1,1984,26,26,26,26,26,26,26,26,26,26
62707,2,1,1984,0,0,0,0,0,0,0,0,0,0
62708,1,1,1984,19,19,19,19,19,19,19,19,19,19
62709,1,1,1984,0,0,0,0,0,0,0,0,0,0
62709,2,1,1984,0,0,12,31,9,0,0,0,21,34
62710,1,1,1984,0,0,0,0,0,0,0,0,0,13
62711,1,1,1984,0,0,0,0,0,0,0,0,0,0
62711,2,1,1984,0,0,0,0,0,0,0,0,0,0
62711,3,1,1984,0,0,0,8,0,0,0,0,0,0
62711,4,1,1984,0,0,0,0,0,0,0,0,0,9
62711,5,1,1984,0,0,0,0,0,0,0,0,0,0
62712,1,1,1984,8,8,8,8,8,8,8,8,8,8
62713,1,1,1984,0,0,6,0,0,10,0,7,0,0
62713,2,1,1984,12,0,22,0,19,11,0,7,11,0
62714,1,1,1984,0,0,0,0,0,0,0,0,0,0
62715,1,1,1984,0,0,0,0,0,0,0,0,0,0
62715,2,1,1984,0,0,0,0,0,0,0,0,0,0
62716,1,1,1984,19,19,19,19,19,19,19,19,19,19