ST_CASE,VEH_NO,PER_NO,YEAR,P1,P2,P3,P4,P5,P6,P7,P8,P9,P10
62717,0,1,1984,15,0,0,0,3,19,0,0,10,31
62717,0,2,1984,0,0,0,0,0,0,0,7,0,20
62717,1,1,1984,21,21,21,21,21,21,21,21,21,21
62718,0,1,1984,41,41,41,41,41,41,41,41,41,41
62718,1,1,1984,0,0,0,0,0,0,0,0,0,0
62719,1,1,1984,22,22,22,22,22,22,22,22,22,22
62719,2,1,1984,24,24,24,24,24,24,24,24,24,24
62720,0,1,1984,0,0,0,0,0,0,0,0,0,0
62720,1,1,1984,0,0,0,25,21,19,0,0,0,0
62721,1,1,1984,0,0,0,0,0,0,0,0,0,19
62721,2,1,1984,0,0,0,0,0,0,0,0,8,0
62721,3,1,1984,0,0,0,0,0,0,0,0,0,0
62722,1,1,1984,12,12,12,12,12,12,12,12,12,12
62722,2,1,1984,0,0,0,0,0,0,0,0,0,0
62723,1,1,1984,0,0,0,0,0,0,0,0,0,0
62724,0,1,1984,0,0,0,0,0,0,0,0,0,0
62724,1,1,1984,0,28,19,0,32,0,0,5,0,16
62725,1,1,1984,12,12,12,12,12,12,12,12,12,12
62726,1,1,1984,0,0,0,34,0,5,0,13,0,0
62726,2,1,1984,0,0,0,0,0,0,0,0,0,0
62727,1,1,1984,0,0,0,0,0,0,0,0,0,0
62727,2,1,1984,0,0,11,0,0,0,0,0,0,0
62727,3,1,1984,0,0,0,0,0,0,0,0,0,0
62728,1,1,1984,0,0,0,0,0,0,0,0,0,0
62728,2,1,1984,0,0,0,0,0,0,0,0,0,0
62729,1,1,1984,0,9,0,0,0,0,0,0,0,0
62729,2,1,1984,0,0,0,0,0,0,0,0,0,0
62730,1,1,1984,3,3,3,3,3,3,3,3,3,3
62731,1,1,1984,6,6,6,6,6,6,6,6,6,6
62732,1,1,1984,15,15,15,15,15,15,15,15,15,15
62733,1,1,1984,18,21,12,20,26,9,23,10,11,21
62734,1,1,1984,0,0,0,20,0,11,12,0,12,0
62735,1,1,1984,0,0,0,0,0,0,0,0,0,0
62736,1,1,1984,0,0,0,0,0,0,0,0,0,0
62737,1,1,1984,5,5,5,5,5,5,5,5,5,5
62738,1,1,1984,0,0,0,0,0,0,0,0,0,0
62738,2,1,1984,19,0,0,21,0,16,0,15,12,0
62738,3,1,1984,31,0,17,13,7,0,0,5,13,15
62739,0,1,1984,0,0,0,0,0,0,0,0,0,0
62739,1,1,1984,18,21,13,18,27,36,9,14,16,17
62740,1,1,1984,0,0,0,0,0,0,0,0,0,0
62740,2,1,1984,0,0,0,0,0,0,0,0,0,0
62741,1,1,1984,0,0,0,0,0,0,0,0,0,0
62741,2,1,1984,0,0,0,0,0,0,0,0,0,0
62742,0,1,1984,0,0,0,0,0,0,0,0,0,0
62742,1,1,1984,27,0,0,0,25,0,3,0,4,0
62743,1,1,1984,11,11,17,28,43,16,27,20,24,4
62743,2,1,1984,0,0,0,0,0,0,0,0,13,0
62744,0,1,1984,19,26,0,0,0,0,19,19,28,34
62744,1,1,1984,11,0,13,0,13,15,0,0,16,0
62745,1,1,1984,0,0,0,0,0,0,0,0,0,0
62746,1,1,1984,0,0,0,0,0,0,0,0,0,0
62746,2,1,1984,0,10,0,0,0,0,0,0,0,0
62747,0,1,1984,0,0,0,0,0,0,0,0,0,0
62747,1,1,1984,0,0,0,0,0,0,0,0,0,0
62748,1,1,1984,39,39,39,39,39,39,39,39,39,39
62749,1,1,1984,22,22,22,22,22,22,22,22,22,22
62749,2,1,1984,0,0,0,0,0,0,0,0,0,0
62750,0,1,1984,26,26,26,26,26,26,26,26,26,26
62750,1,1,1984,0,11,0,0,15,16,0,0,0,15
62751,1,1,1984,13,13,13,13,13,13,13,13,13,13
62751,2,1,1984,11,11,11,11,11,11,11,11,11,11
62752,1,1,1984,22,22,22,22,22,22,22,22,22,22
62753,1,1,1984,16,16,16,16,16,16,16,16,16,16
62754,1,1,1984,35,35,35,35,35,35,35,35,35,35
62755,1,1,1984,0,0,0,0,0,0,0,0,0,0
62756,0,1,1984,0,0,0,12,0,33,0,6,0,0
62756,1,1,1984,0,0,0,0,0,0,0,12,0,24
62756,2,1,1984,0,0,0,0,0,0,0,0,0,0
62757,1,1,1984,0,0,0,0,0,0,0,0,0,0
62757,2,1,1984,0,0,0,25,0,0,0,0,15,0
62758,0,1,1984,0,0,0,0,0,0,0,0,0,0
62758,1,1,1984,0,0,0,14,13,7,16,10,0,0
62759,1,1,1984,24,24,24,24,24,24,24,24,24,24
62759,2,1,1984,0,0,0,0,0,0,0,37,0,0
62760,1,1,1984,0,0,0,0,0,0,0,0,0,0
62760,2,1,1984,0,0,0,0,0,0,0,0,0,0
62761,1,1,1984,0,11,0,0,0,0,0,0,0,0
62761,2,1,1984,0,0,0,0,0,0,0,0,0,0
62762,1,1,1984,5,0,19,0,0,0,15,0,0,0
62762,2,1,1984,0,0,0,0,0,0,0,0,0,0
62763,1,1,1984,0,0,0,0,0,0,0,0,0,0
62763,2,1,1984,0,8,11,0,0,7,0,0,0,0
62764,1,1,1984,17,12,0,15,0,14,0,2,0,3
62764,2,1,1984,0,0,0,0,0,0,0,0,0,0
62765,1,1,1984,0,0,0,0,0,0,0,0,0,0
62765,2,1,1984,0,19,0,8,0,0,0,0,0,0
62766,1,1,1984,38,38,38,38,38,38,38,38,38,38
62766,2,1,1984,11,15,0,15,20,0,17,21,0,0
62767,1,1,1984,0,0,0,0,0,0,0,0,0,0
62767,2,1,1984,0,0,0,0,0,0,0,0,0,0
62768,1,1,1984,9,9,9,9,9,9,9,9,9,9
62768,2,1,1984,0,10,0,0,0,0,0,0,0,0
62769,0,1,1984,28,28,28,28,28,28,28,28,28,28
62769,1,1,1984,13,0,0,0,0,24,0,0,0,0
62769,2,1,1984,0,0,0,0,0,0,11,0,0,0
62770,1,1,1984,0,0,0,24,0,0,0,0,0,0
62770,2,1,1984,27,27,27,27,27,27,27,27,27,27
62771,1,1,1984,12,12,12,12,12,12,12,12,12,12
62771,2,1,1984,13,13,13,13,13,13,13,13,13,13
62772,1,1,1984,0,0,0,0,0,0,0,0,0,0
62772,2,1,1984,26,26,26,26,26,26,26,26,26,26
62773,0,1,1984,14,14,14,14,14,14,14,14,14,14
62773,1,1,1984,0,0,0,0,0,0,0,0,0,0
62774,1,1,1984,18,18,18,18,18,18,18,18,18,18
62775,1,1,1984,0,0,0,0,0,0,0,0,0,0
62776,1,1,1984,14,14,14,14,14,14,14,14,14,14
62777,1,1,1984,0,29,0,0,0,0,0,0,0,11
62778,1,1,1984,0,0,0,0,0,0,0,0,0,0
62779,0,1,1984,22,0,18,0,27,12,6,0,23,31
62779,1,1,1984,22,22,22,22,22,22,22,22,22,22
62779,2,1,1984,19,7,10,12,16,10,13,21,7,4
62779,3,1,1984,0,0,0,0,0,0,0,0,0,0
62780,0,1,1984,0,0,0,0,0,0,0,0,0,0
62780,1,1,1984,0,0,0,0,0,0,0,0,10,0
62781,1,1,1984,18,18,18,18,18,18,18,18,18,18
62781,2,1,1984,0,0,0,0,0,0,0,0,7,0
62781,3,1,1984,0,0,0,0,0,0,0,0,0,17
62782,1,1,1984,12,12,12,12,12,12,12,12,12,12
62783,1,1,1984,25,25,25,25,25,25,25,25,25,25
62784,1,1,1984,0,0,0,0,0,0,0,0,0,0
62785,0,1,1984,0,0,0,0,0,0,0,0,0,0
62785,1,1,1984,0,0,0,0,0,0,0,0,0,0
62786,0,1,1984,0,0,0,0,0,0,0,0,0,0
62786,1,1,1984,0,0,0,0,0,0,0,0,0,0
62787,1,1,1984,7,7,7,7,7,7,7,7,7,7
62787,2,1,1984,0,0,0,0,0,0,0,0,0,0
62787,3,1,1984,0,0,0,0,0,0,0,0,0,14
62788,1,1,1984,0,0,0,0,0,0,0,0,0,0
62788,2,1,1984,0,0,0,0,0,0,0,0,0,0
62789,0,1,1984,0,0,0,0,0,0,0,0,0,0
62789,1,1,1984,0,5,36,20,15,0,0,0,0,26
62790,1,1,1984,11,11,11,11,11,11,11,11,11,11
62791,0,1,1984,7,7,7,7,7,7,7,7,7,7
62791,1,1,1984,0,10,27,19,0,32,0,11,0,30
62792,1,1,1984,10,10,10,10,10,10,10,10,10,10
62792,2,1,1984,0,0,0,0,0,0,0,0,26,0
62793,1,1,1984,0,0,0,0,0,0,0,0,0,0
62793,2,1,1984,22,0,0,9,0,0,0,0,15,0
62794,1,1,1984,3,3,3,3,3,3,3,3,3,3
62794,2,1,1984,0,0,0,0,0,0,0,0,0,0
62795,1,1,1984,0,0,0,25,13,13,0,22,0,0
62795,2,1,1984,0,0,0,0,0,0,0,0,0,0
62796,1,1,1984,13,13,13,13,13,13,13,13,13,13
62796,2,1,1984,0,0,0,0,0,0,0,0,0,0
62797,0,1,1984,0,0,0,0,0,0,0,0,0,0
62797,1,1,1984,0,0,0,0,0,0,18,0,0,0
62798,1,1,1984,14,14,14,14,14,14,14,14,14,14
62798,2,1,1984,0,0,0,0,0,0,29,0,0,0
62799,1,1,1984,14,14,14,14,14,14,14,14,14,14
62799,2,1,1984,0,0,0,0,16,0,0,0,0,0
62800,1,1,1984,0,0,3,0,0,0,0,0,0,0
62800,2,1,1984,26,26,26,26,26,26,26,26,26,26
62801,1,1,1984,27,27,27,27,27,27,27,27,27,27
62801,2,1,1984,0,13,0,0,0,0,0,0,0,0
62802,1,1,1984,23,23,23,23,23,23,23,23,23,23
62802,2,1,1984,0,0,20,0,0,0,0,0,0,0
62803,1,1,1984,24,24,24,24,24,24,24,24,24,24
62804,1,1,1984,0,0,0,0,0,0,0,0,0,0
62804,2,1,1984,0,0,0,0,0,0,0,10,0,0
62805,1,1,1984,0,0,0,17,0,0,0,0,0,0
62805,2,1,1984,0,0,0,0,0,0,0,0,0,0
62806,1,1,1984,17,17,17,17,17,17,17,17,17,17
62806,2,1,1984,0,0,0,0,0,0,0,0,0,0
62807,1,1,1984,15,17,17,19,14,8,10,8,12,11
62808,1,1,1984,0,0,0,0,0,0,0,0,0,0
62809,1,1,1984,0,0,0,0,0,0,0,0,0,0
62809,2,1,1984,0,0,0,0,0,0,6,0,0,0
62810,1,1,1984,0,0,4,0,11,23,5,0,12,0
62810,2,1,1984,0,0,0,0,0,0,0,0,0,0
62811,1,1,1984,0,0,0,0,0,0,0,0,0,0
62811,2,1,1984,0,0,0,0,0,0,0,0,0,0
62812,1,1,1984,0,0,0,0,0,0,0,0,0,0
62813,1,1,1984,17,17,17,17,17,17,17,17,17,17
62813,2,1,1984,0,0,0,0,0,0,0,0,0,0
62814,0,1,1984,0,0,37,12,0,6,0,0,0,13
62814,1,1,1984,0,0,0,13,0,0,0,0,0,0
62815,1,1,1984,15,15,15,15,15,15,15,15,15,15
62816,1,1,1984,0,0,0,0,0,0,0,0,0,0
62816,2,1,1984,15,15,15,15,15,15,15,15,15,15
62816,3,1,1984,0,0,0,0,0,0,0,0,0,0
62817,0,1,1984,0,0,0,0,0,0,0,0,0,0
62817,1,1,1984,5,0,0,0,0,21,0,14,0,0
62818,1,1,1984,0,0,0,20,7,0,0,12,0,25
62819,1,1,1984,30,30,30,30,30,30,30,30,30,30
62820,1,1,1984,3,3,3,3,3,3,3,3,3,3
62821,1,1,1984,0,0,0,0,0,0,0,0,0,0
62821,2,1,1984,0,0,0,0,0,0,0,0,0,0
62822,1,1,1984,0,0,0,0,0,0,0,0,0,17
62822,2,1,1984,0,0,11,0,0,0,0,0,0,0
62823,0,1,1984,8,0,0,0,0,17,10,27,0,0
62823,1,1,1984,0,0,0,0,0,0,0,0,0,0
62824,1,1,1984,12,12,12,12,12,12,12,12,12,12
62825,0,1,1984,6,6,6,6,6,6,6,6,6,6
62825,1,1,1984,0,4,0,10,0,0,17,17,0,23
62826,1,1,1984,16,16,16,16,16,16,16,16,16,16
62827,0,1,1984,0,0,0,0,0,0,0,0,0,0
62827,1,1,1984,0,0,0,0,0,0,0,0,0,0
62828,0,1,1984,22,22,22,22,22,22,22,22,22,22
62828,1,1,1984,5,5,5,5,5,5,5,5,5,5
62829,1,1,1984,0,0,0,0,0,0,0,0,0,0
62830,0,1,1984,0,0,0,0,0,0,0,0,0,0
62830,1,1,1984,0,0,0,0,0,0,0,0,0,14
62831,1,1,1984,27,27,27,27,27,27,27,27,27,27
62833,1,1,1984,27,27,27,27,27,27,27,27,27,27
62834,1,1,1984,0,0,0,0,0,0,0,0,0,0
62835,1,1,1984,11,11,11,11,11,11,11,11,11,11
62836,0,1,1984,26,26,26,26,26,26,26,26,26,26
62836,1,1,1984,0,0,0,22,0,0,0,0,0,0
62837,1,1,1984,23,23,23,23,23,23,23,23,23,23
62838,1,1,1984,4,4,4,4,4,4,4,4,4,4
62839,0,1,1984,18,18,18,18,18,18,18,18,18,18
62839,1,1,1984,18,4,10,0,21,0,6,18,14,20
62840,1,1,1984,15,15,15,15,15,15,15,15,15,15
62841,0,1,1984,0,0,0,0,0,0,0,0,0,0
62841,1,1,1984,0,0,0,0,0,0,0,0,0,0
62842,0,1,1984,0,0,0,0,0,0,0,0,0,0
62842,1,1,1984,12,0,0,0,0,0,0,0,0,0
62843,0,1,1984,0,0,0,0,0,0,0,0,0,0
62843,0,2,1984,0,0,0,0,0,0,0,0,0,0
62843,1,1,1984,0,0,0,0,0,0,0,0,0,0
62844,0,1,1984,0,0,0,0,0,0,0,0,0,0
62844,1,1,1984,0,0,0,0,5,0,0,0,0,0
62845,1,1,1984,0,0,0,0,0,0,0,0,0,0
62846,0,1,1984,0,0,0,0,0,0,0,0,0,0
62846,1,1,1984,0,0,0,0,0,17,0,0,0,0
62847,1,1,1984,10,10,10,10,10,10,10,10,10,10
62848,0,1,1984,0,0,0,0,0,0,0,0,0,0
62848,1,1,1984,0,0,0,0,0,0,6,0,0,0
62849,1,1,1984,0,0,0,0,0,0,0,0,0,0
62850,1,1,1984,12,12,12,12,12,12,12,12,12,12
62850,2,1,1984,0,0,0,0,0,22,0,0,0,12
62851,1,1,1984,14,0,0,0,0,0,0,0,0,0
62852,1,1,1984,8,8,8,8,8,8,8,8,8,8
62853,1,1,1984,0,0,0,0,0,0,0,0,0,0
62854,0,1,1984,18,18,18,18,18,18,18,18,18,18
62854,1,1,1984,0,0,0,0,0,0,0,0,2,0
62855,1,1,1984,20,20,20,20,20,20,20,20,20,20
62856,1,1,1984,0,0,0,0,0,0,0,0,0,0
62857,1,1,1984,9,9,9,9,9,9,9,9,9,9
62858,1,1,1984,7,7,7,7,7,7,7,7,7,7
62859,1,1,1984,15,15,15,15,15,15,15,15,15,15
62860,1,1,1984,16,16,16,16,16,16,16,16,16,16
62861,1,1,1984,13,13,13,13,13,13,13,13,13,13
62862,1,1,1984,0,0,0,0,0,0,0,0,0,0
62863,1,1,1984,32,32,32,32,32,32,32,32,32,32
62864,1,1,1984,8,8,8,8,8,8,8,8,8,8
62865,1,1,1984,19,0,0,0,0,0,0,0,29,0
62866,1,1,1984,0,0,0,0,0,0,0,0,0,0
62867,1,1,1984,22,22,22,22,22,22,22,22,22,22
62868,1,1,1984,33,33,33,33,33,33,33,33,33,33
62869,1,1,1984,10,16,0,11,21,19,12,0,26,18
62870,0,1,1984,34,34,34,34,34,34,34,34,34,34
62870,1,1,1984,14,11,8,18,15,11,12,21,9,8
62871,1,1,1984,12,12,12,12,12,12,12,12,12,12
62872,1,1,1984,0,0,0,0,0,0,0,0,0,0
62873,1,1,1984,15,15,15,15,15,15,15,15,15,15
62874,1,1,1984,0,0,0,0,0,0,0,0,0,0
62875,1,1,1984,0,0,0,0,0,0,0,0,0,0
62876,1,1,1984,19,19,17,12,18,41,22,14,23,21
62877,1,1,1984,27,27,27,27,27,27,27,27,27,27
62878,1,1,1984,0,0,0,0,0,0,0,0,0,0
62878,2,1,1984,11,0,0,2,0,0,0,0,0,0
62879,1,1,1984,0,0,0,0,0,0,0,0,0,0
62879,2,1,1984,0,0,0,0,0,0,0,0,0,0
62880,1,1,1984,0,0,0,0,0,0,0,0,0,0
62880,2,1,1984,0,0,0,0,0,0,0,0,0,0
62881,1,1,1984,0,0,0,0,0,0,0,0,0,0
62881,2,1,1984,0,0,0,0,0,0,0,0,0,0
62882,0,1,1984,13,13,13,13,13,13,13,13,13,13
62882,1,1,1984,17,17,17,17,17,17,17,17,17,17
62882,2,1,1984,0,0,0,0,0,0,0,16,0,0
62883,1,1,1984,0,0,0,0,0,0,0,15,0,0
62883,2,1,1984,0,0,0,0,0,0,0,0,0,0
62884,1,1,1984,0,0,0,0,0,0,0,0,0,0
62884,2,1,1984,0,0,0,0,0,0,0,0,0,0
62885,1,1,1984,0,0,0,0,0,0,0,0,0,0
62885,2,1,1984,0,0,0,0,0,0,0,0,0,0
62886,1,1,1984,10,10,10,10,10,10,10,10,10,10
62886,2,1,1984,2,2,2,2,2,2,2,2,2,2
62887,1,1,1984,20,13,17,20,3,14,11,10,24,9
62887,2,1,1984,0,0,0,0,0,0,0,0,0,0
62887,3,1,1984,0,0,20,0,11,0,0,10,0,0
62888,1,1,1984,9,9,9,9,9,9,9,9,9,9
62888,2,1,1984,16,0,0,20,28,0,0,8,0,11
62889,0,1,1984,0,6,0,21,0,5,0,0,0,4
62889,1,1,1984,0,0,0,0,0,0,0,0,0,0
62890,1,1,1984,11,11,30,0,3,13,16,0,23,14
62890,2,1,1984,0,0,0,0,0,0,0,0,0,0
62890,3,1,1984,0,0,0,0,0,0,0,0,0,3
62891,1,1,1984,0,0,0,0,0,0,0,0,0,0
62891,2,1,1984,0,0,0,0,0,0,0,0,0,0
62892,1,1,1984,19,19,19,19,19,19,19,19,19,19
62892,2,1,1984,0,0,0,0,0,0,0,0,0,17
62892,3,1,1984,0,0,0,0,0,0,0,0,0,0
62893,1,1,1984,0,0,0,0,0,0,0,0,0,0
62893,2,1,1984,0,0,0,0,0,0,0,0,0,0
62894,0,1,1984,0,0,0,0,14,0,0,0,0,0
62894,0,2,1984,0,0,21,0,19,18,0,9,13,28
62894,1,1,1984,21,21,21,21,21,21,21,21,21,21
62895,1,1,1984,9,9,9,9,9,9,9,9,9,9
62895,2,1,1984,0,0,0,0,0,0,0,0,0,0
62896,1,1,1984,0,0,0,0,0,0,0,0,0,0
62896,2,1,1984,21,21,21,21,21,21,21,21,21,21
62897,1,1,1984,0,20,0,0,5,0,0,0,12,0
62897,2,1,1984,0,12,4,6,0,0,0,0,13,0
62897,3,1,1984,0,0,12,11,0,25,28,0,0,19
62898,1,1,1984,15,14,6,13,27,8,5,29,20,9
62899,1,1,1984,0,0,0,41,0,0,0,0,0,0
62899,2,1,1984,0,0,0,0,0,0,0,0,0,0
62899,3,1,1984,0,0,0,0,0,0,0,0,0,0
62900,1,1,1984,7,7,7,7,7,7,7,7,7,7
62900,2,1,1984,0,0,0,0,0,0,0,0,0,0
62901,1,1,1984,0,0,0,0,0,0,0,0,0,0
62901,2,1,1984,0,0,0,0,0,0,0,0,0,0
62902,1,1,1984,0,0,0,35,11,0,0,36,0,0
62902,2,1,1984,10,0,11,0,0,0,0,0,3,0
62903,1,1,1984,19,19,19,19,19,19,19,19,19,19
62903,2,1,1984,15,15,15,15,15,15,15,15,15,15
62904,1,1,1984,0,0,0,0,0,0,0,0,0,0
62904,2,1,1984,0,0,0,0,0,0,0,0,0,0
62905,1,2,1984,0,0,0,0,0,0,0,0,0,0
62906,1,1,1984,18,18,18,18,18,18,18,18,18,18
62906,2,1,1984,8,8,8,8,8,8,8,8,8,8
62907,1,1,1984,7,7,7,7,7,7,7,7,7,7
62907,2,1,1984,14,14,14,14,14,14,14,14,14,14
62908,1,1,1984,16,16,16,16,16,16,16,16,16,16
62908,2,1,1984,0,0,0,0,0,0,0,0,8,0
62909,1,1,1984,20,20,20,20,20,20,20,20,20,20
62909,2,1,1984,17,17,17,17,17,17,17,17,17,17
62910,1,1,1984,27,27,27,27,27,27,27,27,27,27
62911,1,1,1984,0,0,0,0,0,0,0,0,0,0
62912,1,1,1984,0,0,0,0,0,0,0,0,0,0
62912,2,1,1984,0,0,0,0,0,0,0,0,0,0
62913,0,1,1984,40,40,40,40,40,40,40,40,40,40
62913,1,1,1984,11,0,0,0,0,28,25,16,26,0
62914,1,1,1984,12,12,12,12,12,12,12,12,12,12
62914,2,1,1984,0,5,0,0,0,0,0,15,0,13
62915,0,1,1984,0,0,0,0,0,0,0,0,0,0
62915,1,1,1984,31,8,8,7,15,22,18,17,16,14
62916,1,1,1984,0,0,0,0,0,0,0,0,0,25
62916,2,1,1984,22,0,0,0,0,16,0,0,0,0
62917,0,1,1984,0,0,0,0,0,0,0,0,0,0
62917,1,1,1984,0,0,0,0,0,0,0,0,0,0
62918,1,1,1984,15,15,15,15,15,15,15,15,15,15
62919,0,1,1984,5,5,5,5,5,5,5,5,5,5
62919,1,1,1984,0,0,0,0,22,0,0,0,0,0
62920,0,1,1984,6,6,6,6,6,6,6,6,6,6
62920,1,1,1984,0,0,0,0,0,0,0,0,0,17
62921,1,1,1984,0,0,0,0,0,0,0,0,0,0
62921,2,1,1984,0,0,0,0,0,0,0,0,0,0
62922,0,1,1984,0,0,0,0,0,0,0,0,0,0
62922,1,1,1984,0,9,0,0,0,0,0,0,2,0
62923,0,1,1984,26,26,26,26,26,26,26,26,26,26
62923,1,1,1984,0,0,0,0,2,12,0,0,0,0
62924,1,1,1984,0,0,0,0,0,0,0,0,0,0
62924,2,1,1984,0,0,0,0,0,7,0,0,0,0
62925,1,1,1984,0,0,0,0,0,0,0,0,0,0
62926,1,1,1984,0,0,0,0,0,0,0,0,0,25
62927,1,1,1984,0,0,0,0,0,0,0,0,0,0
62927,2,1,1984,0,0,0,0,0,0,0,0,0,0
62927,3,1,1984,0,0,0,0,0,0,0,0,0,0
62928,1,1,1984,0,0,0,0,0,0,0,0,0,0
62928,2,1,1984,0,0,0,0,0,0,0,0,0,0
62929,1,1,1984,11,11,11,11,11,11,11,11,11,11
62929,2,1,1984,0,0,0,0,0,0,0,0,0,0
62930,1,1,1984,7,7,7,7,7,7,7,7,7,7
62931,0,1,1984,6,6,6,6,6,6,6,6,6,6
62931,1,1,1984,32,0,0,0,0,0,0,0,0,0
62932,0,1,1984,22,22,22,22,22,22,22,22,22,22
62932,1,1,1984,0,0,0,0,0,0,0,0,0,0
62933,1,1,1984,0,0,0,0,0,0,0,0,0,0
62933,2,1,1984,25,25,25,25,25,25,25,25,25,25
62934,1,1,1984,0,0,0,0,0,0,0,0,0,0
62934,2,1,1984,27,0,0,0,0,0,0,0,0,0
62935,1,1,1984,0,0,0,0,0,0,0,0,0,0
62936,1,1,1984,0,0,0,0,0,0,0,0,0,0
62937,0,1,1984,0,0,0,0,0,0,0,0,0,0
62937,1,1,1984,21,21,21,21,21,21,21,21,21,21
62938,0,1,1984,0,0,0,0,0,0,0,0,0,0
62938,0,2,1984,0,25,0,0,12,13,0,0,10,6
62938,0,3,1984,23,38,26,12,22,36,0,12,29,25
62938,1,1,1984,2,2,2,2,2,2,2,2,2,2
62939,1,1,1984,0,0,0,0,0,0,0,0,0,0
62939,2,1,1984,0,0,14,11,21,26,0,0,0,8
62940,1,1,1984,20,20,20,20,20,20,20,20,20,20
62941,1,1,1984,19,19,19,19,19,19,19,19,19,19
62941,2,1,1984,0,0,0,0,0,0,0,21,0,0
62942,1,1,1984,0,0,0,0,0,0,0,0,0,0
62942,2,1,1984,12,15,0,20,0,0,13,8,0,17
62943,1,1,1984,0,0,0,3,0,0,0,0,0,0
62943,2,1,1984,0,0,0,0,0,0,0,0,0,0
62944,1,1,1984,0,0,0,0,0,0,0,0,0,0
62945,1,1,1984,0,0,0,0,0,0,0,0,0,0
62945,2,1,1984,0,0,0,0,0,0,0,0,0,0
62946,1,1,1984,0,0,0,0,0,0,0,0,0,0
62946,2,1,1984,0,0,0,9,0,0,0,0,0,0
62947,0,1,1984,0,0,0,0,0,0,0,0,0,0
62947,1,1,1984,15,10,11,11,13,6,9,10,8,10
62948,1,1,1984,15,15,15,15,15,15,15,15,15,15
62948,2,1,1984,0,0,0,0,0,0,0,16,0,16
62949,1,1,1984,0,0,0,0,0,0,0,0,0,0
62949,2,1,1984,0,0,0,0,0,0,0,0,0,0
62949,3,1,1984,0,0,0,10,0,0,0,0,0,0
62950,1,1,1984,0,0,0,0,0,0,0,0,0,0
62950,2,1,1984,0,0,0,0,0,0,0,0,0,0
62951,1,1,1984,8,8,8,8,8,8,8,8,8,8
62951,2,1,1984,0,0,0,0,0,0,0,0,0,0
62952,1,1,1984,0,0,0,0,0,0,0,0,0,0
62952,2,1,1984,0,0,0,0,0,0,0,0,0,0
62953,1,1,1984,12,19,15,13,12,16,8,26,18,13
62953,2,1,1984,0,0,0,0,0,0,0,0,0,0
62953,3,1,1984,0,0,0,0,0,0,0,0,0,0
62954,1,1,1984,24,23,8,9,25,26,19,21,14,13
62954,2,1,1984,16,0,0,0,0,23,23,20,0,0
62955,1,1,1984,0,0,0,0,0,0,0,0,0,0
62955,2,1,1984,0,0,0,0,0,0,0,9,0,0
62956,1,1,1984,42,42,42,42,42,42,42,42,42,42
62956,2,1,1984,0,0,0,0,0,0,0,0,0,0
62957,1,1,1984,18,18,18,18,18,18,18,18,18,18
62957,2,1,1984,20,18,26,19,15,0,3,41,7,0
62957,3,1,1984,13,0,6,8,3,0,0,9,0,0
62958,1,1,1984,0,0,0,0,0,0,0,0,0,0
62958,2,1,1984,0,0,0,0,0,0,0,0,0,0
62959,1,1,1984,0,0,0,0,0,0,0,0,0,0
62959,2,1,1984,3,3,3,3,3,3,3,3,3,3
62960,1,1,1984,17,17,17,17,17,17,17,17,17,17
62960,2,1,1984,0,0,0,0,0,0,0,0,0,0
62960,3,1,1984,0,0,0,0,0,0,0,0,0,0
62961,1,1,1984,12,8,16,7,19,10,8,15,20,15
62961,2,1,1984,19,19,19,19,19,19,19,19,19,19
62962,1,1,1984,0,0,0,0,0,0,0,0,0,0
62962,2,1,1984,13,13,13,13,13,13,13,13,13,13
62963,1,1,1984,5,5,5,5,5,5,5,5,5,5
62964,1,1,1984,19,19,19,19,19,19,19,19,19,19
62965,0,1,1984,0,0,0,0,0,0,0,0,0,0
62965,1,1,1984,0,0,0,0,0,0,0,0,0,30
62966,1,1,1984,23,23,23,23,23,23,23,23,23,23
62967,1,1,1984,0,0,29,0,0,0,0,0,0,0
62967,2,1,1984,0,0,0,0,0,0,0,0,0,0
62967,3,1,1984,0,0,0,0,0,0,16,0,0,0
62967,4,1,1984,0,0,0,0,0,0,0,0,0,0
62968,1,1,1984,19,19,19,19,19,19,19,19,19,19
62968,2,1,1984,5,5,5,5,5,5,5,5,5,5
62969,1,1,1984,5,5,5,5,5,5,5,5,5,5
62969,2,1,1984,0,0,0,0,0,0,0,0,0,0
62970,1,1,1984,0,0,0,0,0,0,0,0,0,0
62970,2,1,1984,4,9,14,22,21,27,14,18,0,7
62971,0,1,1984,0,0,0,0,15,0,27,0,0,0