ST_CASE,VEH_NO,PER_NO,YEAR,P1,P2,P3,P4,P5,P6,P7,P8,P9,P10
62971,1,1,1984,0,0,0,0,0,0,0,19,8,0
62971,2,1,1984,20,0,0,0,0,0,0,0,0,0
62972,1,1,1984,0,0,0,0,0,0,0,0,0,0
62972,2,1,1984,0,0,0,0,0,0,0,0,0,0
62973,1,1,1984,22,22,22,22,22,22,22,22,22,22
62974,1,1,1984,0,18,7,0,0,0,7,0,0,0
62974,2,1,1984,8,0,12,11,2,0,0,3,0,0
62975,0,1,1984,15,15,15,15,15,15,15,15,15,15
62975,1,1,1984,0,22,5,9,0,23,16,24,16,7
62976,1,1,1984,0,0,0,0,0,0,0,0,0,0
62977,1,1,1984,0,0,0,0,0,0,0,0,0,0
62977,2,1,1984,0,0,0,0,0,0,0,0,0,0
62978,1,1,1984,0,0,0,0,0,0,0,0,0,0
62978,2,1,1984,0,0,0,0,0,0,0,0,0,0
62979,1,1,1984,0,0,0,0,0,0,0,0,0,0
62979,2,1,1984,0,0,0,0,0,0,0,0,13,0
62979,3,1,1984,0,0,0,0,0,0,0,0,0,0
62979,4,1,1984,0,0,0,0,0,0,17,0,0,0
62979,5,1,1984,0,0,0,0,0,10,0,0,0,0
62980,1,1,1984,0,0,0,0,0,0,0,0,0,0
62980,2,1,1984,12,0,0,0,13,0,0,15,0,5
62981,1,1,1984,0,0,0,0,0,0,0,0,0,0
62981,2,1,1984,0,0,0,0,0,0,0,0,0,0
62982,0,1,1984,26,15,7,0,0,30,0,20,0,27
62982,0,2,1984,4,4,4,4,4,4,4,4,4,4
62982,1,1,1984,0,0,0,0,0,0,0,0,7,18
62982,3,1,1984,24,4,15,17,18,0,21,0,20,0
62982,4,1,1984,0,7,21,21,15,0,0,0,16,0
62983,1,1,1984,0,12,7,31,12,9,0,12,0,13
62983,2,1,1984,12,12,12,12,12,12,12,12,12,12
62983,3,1,1984,25,13,13,0,0,0,0,20,16,0
62984,1,1,1984,5,5,5,5,5,5,5,5,5,5
62984,2,1,1984,0,0,0,0,0,16,0,0,0,0
62985,1,1,1984,26,7,18,7,9,27,10,6,15,23
62986,0,1,1984,14,32,20,9,24,18,0,29,13,36
62986,1,1,1984,0,0,0,0,0,0,0,0,0,0
62987,1,1,1984,6,6,6,6,6,6,6,6,6,6
62988,1,1,1984,0,0,38,0,0,0,0,0,11,0
62989,1,1,1984,0,0,0,0,0,0,0,0,0,0
62990,1,1,1984,25,25,25,25,25,25,25,25,25,25
62991,1,1,1984,34,26,16,26,19,8,0,0,23,12
62992,1,1,1984,0,0,0,0,0,0,0,0,0,0
62993,1,1,1984,21,21,21,21,21,21,21,21,21,21
62994,1,1,1984,22,22,22,22,22,22,22,22,22,22
62995,1,1,1984,21,21,21,21,21,21,21,21,21,21
62996,1,1,1984,10,10,10,10,10,10,10,10,10,10
62997,1,1,1984,8,8,8,8,8,8,8,8,8,8
62998,1,1,1984,0,0,0,0,0,0,0,0,0,0
62999,1,1,1984,9,7,0,0,0,0,0,0,0,0
63000,1,1,1984,0,0,0,0,0,0,0,0,0,0
63001,1,1,1984,0,0,0,0,0,0,0,0,0,0
63002,0,1,1984,0,0,0,0,0,0,0,0,0,0
63002,1,1,1984,5,15,24,29,14,31,11,10,18,14
63003,1,1,1984,10,10,10,10,10,10,10,10,10,10
63004,1,1,1984,15,38,20,24,28,25,0,18,9,16
63005,1,1,1984,11,11,11,11,11,11,11,11,11,11
63006,1,1,1984,0,0,0,0,0,0,0,0,0,0
63007,1,1,1984,0,0,0,0,0,0,0,0,0,0
63008,0,1,1984,4,4,4,4,4,4,4,4,4,4
63008,1,1,1984,15,12,0,12,28,0,18,0,0,12
63008,2,1,1984,0,15,5,0,11,17,24,13,17,0
63009,1,1,1984,0,0,0,0,0,0,0,0,0,0
63009,2,1,1984,0,0,0,0,0,0,0,0,0,0
63010,1,1,1984,13,13,13,13,13,13,13,13,13,13
63010,2,1,1984,0,0,0,0,0,0,0,0,0,0
63011,1,1,1984,2,2,2,2,2,2,2,2,2,2
63012,0,1,1984,5,5,5,5,5,5,5,5,5,5
63012,1,1,1984,16,16,16,16,16,16,16,16,16,16
63013,1,1,1984,16,16,16,16,16,16,16,16,16,16
63013,2,1,1984,8,8,8,8,8,8,8,8,8,8
63015,1,1,1984,0,0,0,0,0,0,0,0,0,0
63015,2,1,1984,0,0,0,0,0,0,0,0,0,0
63016,1,1,1984,0,0,0,0,0,0,0,0,0,0
63016,2,1,1984,0,0,0,8,0,0,0,0,14,0
63017,1,1,1984,16,16,16,16,16,16,16,16,16,16
63018,1,1,1984,0,0,0,0,0,0,0,0,0,0
63019,1,1,1984,7,7,7,7,7,7,7,7,7,7
63019,2,1,1984,0,0,0,0,0,0,0,0,0,0
63020,1,1,1984,0,0,0,0,0,0,0,0,0,0
63020,2,1,1984,25,25,25,25,25,25,25,25,25,25
63021,0,1,1984,26,26,26,26,26,26,26,26,26,26
63021,1,1,1984,0,0,0,0,0,0,0,0,0,0
63022,1,1,1984,0,8,12,14,17,0,9,10,10,23
63022,2,1,1984,0,0,0,0,0,15,0,0,5,0
63023,1,1,1984,6,6,6,6,6,6,6,6,6,6
63023,2,1,1984,0,0,0,0,0,0,0,36,0,0
63023,3,1,1984,0,0,0,27,0,0,0,0,24,0
63024,0,1,1984,0,0,0,0,0,0,0,0,0,0
63024,1,1,1984,0,0,15,12,24,15,0,0,0,0
63025,1,1,1984,12,12,12,12,12,12,12,12,12,12
63026,1,1,1984,24,24,24,24,24,24,24,24,24,24
63027,1,1,1984,0,0,0,0,0,0,0,14,0,0
63027,2,1,1984,14,14,14,14,14,14,14,14,14,14
63028,1,1,1984,0,0,0,0,0,0,0,13,0,0
63028,2,1,1984,0,0,0,0,0,0,0,0,0,0
63028,3,1,1984,0,0,0,0,0,0,0,0,0,0
63029,0,1,1984,0,0,0,0,0,0,0,0,0,0
63029,1,1,1984,0,0,0,0,0,0,0,0,0,0
63030,1,1,1984,20,0,0,0,0,0,0,0,0,0
63030,2,1,1984,20,11,0,0,0,0,13,0,14,15
63031,1,1,1984,15,15,13,28,21,9,8,22,21,14
63032,0,1,1984,0,0,0,0,0,0,0,0,0,0
63032,1,1,1984,0,0,0,0,0,0,0,0,0,0
63033,1,1,1984,0,0,0,0,0,0,0,0,0,0
63033,2,1,1984,0,0,0,0,0,0,0,0,0,0
63034,1,1,1984,0,0,0,0,0,0,0,0,0,18
63034,2,1,1984,0,0,0,0,0,0,0,0,0,0
63035,1,1,1984,0,0,0,0,0,0,0,0,0,0
63036,1,1,1984,0,0,0,0,7,0,0,0,0,0
63037,1,1,1984,0,0,0,0,0,0,0,0,0,0
63037,2,1,1984,30,0,0,0,0,0,0,0,0,19
63038,0,1,1984,8,27,0,29,39,12,13,31,43,24
63038,1,1,1984,0,0,0,4,0,0,0,0,0,0
63039,1,1,1984,21,21,21,21,21,21,21,21,21,21
63040,1,1,1984,17,17,17,17,17,17,17,17,17,17
63041,1,1,1984,41,41,41,41,41,41,41,41,41,41
63042,1,1,1984,0,0,0,0,0,0,0,0,0,0
63042,2,1,1984,0,0,0,0,0,0,0,0,0,0
63043,1,1,1984,0,0,0,5,0,0,0,0,0,16
63044,0,1,1984,0,0,0,0,0,0,0,0,0,0
63044,1,1,1984,20,0,0,4,0,11,8,0,0,0
63045,0,1,1984,0,0,0,0,0,0,0,0,0,0
63045,1,1,1984,0,0,0,0,0,0,0,0,0,8
63046,1,1,1984,0,0,0,0,0,0,0,0,0,0
63046,2,1,1984,0,0,0,0,0,0,0,0,0,0
63047,1,1,1984,0,0,10,18,0,19,0,0,0,0
63047,2,1,1984,0,0,0,0,0,0,0,0,0,0
63048,1,1,1984,0,0,0,0,0,0,0,0,0,0
63048,2,1,1984,0,0,0,0,0,0,0,0,0,0
63049,1,1,1984,9,9,9,9,9,9,9,9,9,9
63049,2,1,1984,0,0,0,0,0,0,0,0,0,0
63049,3,1,1984,0,0,0,0,0,0,0,0,6,0
63050,1,1,1984,16,16,16,16,16,16,16,16,16,16
63051,0,1,1984,0,0,0,0,0,0,0,0,0,0
63051,1,1,1984,12,12,12,12,12,12,12,12,12,12
63052,1,1,1984,0,0,0,0,0,0,0,0,0,0
63052,2,1,1984,0,0,10,0,0,0,0,0,0,0
63053,0,1,1984,0,0,0,0,0,0,0,0,0,0
63053,1,1,1984,0,6,0,0,0,0,0,25,0,0
63054,0,1,1984,0,0,0,0,0,0,0,0,0,0
63054,1,1,1984,0,0,0,0,0,0,0,0,0,0
63055,0,1,1984,0,0,0,0,0,0,0,0,0,0
63055,1,1,1984,17,17,17,17,17,17,17,17,17,17
63056,1,1,1984,18,18,18,18,18,18,18,18,18,18
63057,1,1,1984,22,22,22,22,22,22,22,22,22,22
63057,2,1,1984,8,0,0,0,0,0,21,0,0,0
63058,1,1,1984,0,0,0,0,0,0,0,0,0,0
63059,1,1,1984,0,0,0,0,0,0,0,0,0,0
63059,2,1,1984,13,0,0,5,15,7,9,6,0,0
63060,1,1,1984,0,0,0,0,0,0,0,0,0,0
63061,1,1,1984,0,0,0,0,19,0,0,14,0,0
63061,2,1,1984,0,0,0,0,0,0,0,0,0,0
63061,3,1,1984,0,0,0,0,0,0,0,0,0,0
63062,1,1,1984,18,18,18,18,18,18,18,18,18,18
63063,1,1,1984,19,19,19,19,19,19,19,19,19,19
63063,2,1,1984,0,0,0,0,0,0,0,0,0,0
63064,1,1,1984,8,8,8,8,8,8,8,8,8,8
63065,1,1,1984,0,0,0,0,10,0,0,0,0,0
63065,2,1,1984,0,0,0,0,0,0,0,0,0,0
63066,1,1,1984,0,0,0,0,4,0,0,0,0,31
63066,2,1,1984,0,0,0,0,0,0,0,0,0,0
63066,3,1,1984,22,0,18,8,0,0,8,0,0,0
63066,4,1,1984,0,0,0,25,0,0,0,0,17,24
63067,1,1,1984,0,0,0,0,0,0,0,0,0,0
63067,2,1,1984,0,0,0,0,0,0,5,0,0,0
63068,1,1,1984,0,0,0,0,0,0,0,0,0,0
63068,2,1,1984,0,0,0,0,0,0,0,0,15,0
63069,1,1,1984,19,10,17,22,0,2,16,14,0,8
63069,2,1,1984,0,0,0,0,0,0,0,0,0,0
63070,0,1,1984,0,0,0,0,0,0,0,0,0,0
63070,1,1,1984,21,0,0,4,0,0,0,0,0,0
63071,1,1,1984,26,26,26,26,26,26,26,26,26,26
63072,1,1,1984,0,0,0,0,0,0,16,0,0,13
63073,1,1,1984,0,0,0,0,0,0,0,0,0,0
63073,2,1,1984,0,0,0,0,0,0,0,0,0,0
63074,0,1,1984,0,0,0,0,0,0,0,0,0,0
63074,1,1,1984,23,0,0,0,0,0,0,0,0,0
63075,0,1,1984,0,0,0,0,0,0,0,0,0,0
63075,1,1,1984,0,0,0,0,0,0,0,0,0,0
63076,1,1,1984,11,11,11,11,11,11,11,11,11,11
63077,1,1,1984,15,15,15,15,15,15,15,15,15,15
63078,1,1,1984,5,5,5,5,5,5,5,5,5,5
63078,2,1,1984,0,0,0,0,0,0,0,0,0,0
63079,1,1,1984,0,0,0,0,0,0,0,0,0,0
63079,2,1,1984,0,0,0,0,0,0,0,0,0,0
63079,3,1,1984,0,0,0,0,0,0,0,0,0,0
63079,4,1,1984,0,0,0,0,0,0,0,0,0,0
63079,5,1,1984,0,0,0,0,0,0,0,0,0,0
63079,6,1,1984,0,0,0,0,0,0,0,0,0,0
63079,7,1,1984,0,0,0,0,0,0,0,0,0,0
63080,1,1,1984,15,15,15,15,15,15,15,15,15,15
63081,0,1,1984,0,0,0,0,0,0,0,0,0,0
63081,1,1,1984,0,0,0,0,0,0,0,0,0,0
63082,0,1,1984,21,21,21,21,21,21,21,21,21,21
63082,1,1,1984,27,12,11,17,25,8,13,23,9,14
63083,1,1,1984,3,3,3,3,3,3,3,3,3,3
63083,2,1,1984,0,0,0,0,0,0,0,0,0,0
63083,3,1,1984,0,0,11,0,0,0,0,0,0,0
63084,0,1,1984,0,0,0,0,0,0,0,0,0,0
63084,1,1,1984,11,11,11,11,11,11,11,11,11,11
63085,0,1,1984,0,0,0,0,0,0,0,0,0,0
63085,1,1,1984,0,11,0,0,0,26,0,0,0,0
63086,1,1,1984,0,0,0,0,0,0,0,0,0,0
63087,1,1,1984,22,22,22,22,22,22,22,22,22,22
63088,1,1,1984,17,17,17,17,17,17,17,17,17,17
63089,0,1,1984,0,0,0,0,0,0,0,0,0,0
63089,1,1,1984,7,7,7,7,7,7,7,7,7,7
63090,0,1,1984,24,24,24,24,24,24,24,24,24,24
63090,1,1,1984,0,0,0,0,0,0,0,0,0,0
63091,1,1,1984,13,23,0,14,0,31,11,2,24,11
63092,1,1,1984,17,17,17,17,17,17,17,17,17,17
63093,0,1,1984,0,0,0,0,0,0,0,0,0,0
63093,0,2,1984,0,0,0,0,0,0,0,0,0,0
63093,1,1,1984,0,0,0,0,0,0,0,0,0,0
63094,1,1,1984,20,9,15,5,12,17,20,19,15,10
63095,1,1,1984,0,0,0,0,0,0,0,0,0,0
63096,0,1,1984,0,0,0,0,0,0,0,0,0,0
63096,1,1,1984,0,0,0,0,0,26,0,0,0,0
63097,0,1,1984,0,0,0,0,0,0,0,0,0,0
63097,1,1,1984,0,0,0,0,0,0,0,0,0,0
63098,0,1,1984,0,0,0,0,0,0,0,0,0,0
63098,1,1,1984,0,0,0,0,0,0,0,0,0,0
63099,0,1,1984,0,0,0,0,0,0,0,0,0,0
63099,1,1,1984,0,0,0,0,0,0,0,0,0,0
63100,1,1,1984,0,0,0,0,12,0,0,0,20,24
63101,0,1,1984,0,0,0,0,0,0,0,0,0,0
63101,1,1,1984,9,0,30,10,22,8,9,0,16,0
63102,1,1,1984,4,4,4,4,4,4,4,4,4,4
63103,1,1,1984,3,3,3,3,3,3,3,3,3,3
63104,1,1,1984,19,19,19,19,19,19,19,19,19,19
63105,1,1,1984,13,13,13,13,13,13,13,13,13,13
63106,0,1,1984,8,8,8,8,8,8,8,8,8,8
63106,1,1,1984,9,0,25,14,0,14,0,0,10,0
63107,1,1,1984,0,0,0,0,0,0,0,0,0,0
63108,1,1,1984,7,0,0,21,0,17,21,6,0,0
63109,0,1,1984,0,0,0,17,0,0,0,0,0,0
63109,1,1,1984,0,0,0,0,0,0,0,0,0,0
63110,1,1,1984,14,14,14,14,14,14,14,14,14,14
63111,1,1,1984,14,14,14,14,14,14,14,14,14,14
63112,0,1,1984,0,0,0,0,0,0,0,9,0,0
63112,1,1,1984,0,0,0,0,0,0,0,0,0,0
63113,1,1,1984,0,0,0,0,0,0,0,0,0,0
63114,0,1,1984,0,0,0,0,0,0,0,0,0,0
63114,1,1,1984,0,0,0,0,0,0,0,0,0,0
63115,1,1,1984,31,0,18,0,0,0,8,0,0,12
63116,1,1,1984,13,13,13,13,13,13,13,13,13,13
63117,1,1,1984,9,9,9,9,9,9,9,9,9,9
63118,0,1,1984,0,0,0,0,0,0,0,0,0,0
63118,1,1,1984,0,0,0,0,0,0,0,0,0,0
63119,0,1,1984,0,0,0,0,0,0,0,0,0,0
63119,1,1,1984,0,0,0,0,0,0,0,0,0,0
63120,1,1,1984,7,7,7,7,7,7,7,7,7,7
63121,1,1,1984,6,6,6,6,6,6,6,6,6,6
63122,1,1,1984,0,0,0,0,0,0,0,0,0,0
63123,1,1,1984,0,0,0,0,0,0,0,0,0,0
63124,1,1,1984,2,2,2,2,2,2,2,2,2,2
63125,1,1,1984,56,56,56,56,56,56,56,56,56,56
63126,1,1,1984,23,23,23,23,23,23,23,23,23,23
63127,0,1,1984,29,27,24,15,10,8,25,7,19,16
63127,1,1,1984,0,6,0,0,0,0,0,7,0,0
63128,1,1,1984,21,21,21,21,21,21,21,21,21,21
63129,1,1,1984,22,22,22,22,22,22,22,22,22,22
63130,0,1,1984,0,0,0,0,0,0,0,0,0,0
63130,1,1,1984,0,0,0,0,0,0,0,0,0,0
63131,0,1,1984,23,23,23,23,23,23,23,23,23,23
63131,1,1,1984,0,0,0,0,0,0,0,0,0,0
63132,1,1,1984,10,10,10,10,10,10,10,10,10,10
63132,2,1,1984,14,0,0,0,0,0,0,0,19,13
63133,1,1,1984,14,14,14,14,14,14,14,14,14,14
63134,0,1,1984,33,33,33,33,33,33,33,33,33,33
63134,1,1,1984,0,0,0,0,0,0,0,0,0,16
63135,1,1,1984,0,0,12,0,0,0,0,0,0,0
63135,2,1,1984,0,0,0,0,0,0,0,0,0,0
63136,1,1,1984,19,12,20,0,21,4,21,0,23,20
63137,1,1,1984,7,0,0,0,0,0,0,0,0,0
63137,2,1,1984,0,0,0,0,0,0,0,0,0,0
63138,1,1,1984,0,0,0,0,0,0,0,0,0,0
63138,2,1,1984,0,0,0,0,0,0,0,0,0,0
63139,1,1,1984,0,0,0,0,0,0,0,0,0,0
63139,2,1,1984,0,0,0,0,0,0,0,0,0,0
63140,1,1,1984,17,25,0,11,7,20,16,21,0,19
63141,0,1,1984,0,0,0,20,0,33,0,35,0,0
63141,1,1,1984,0,0,0,0,11,0,0,0,17,0
63142,0,1,1984,0,0,0,0,0,0,0,0,0,0
63142,1,1,1984,0,0,0,0,0,0,0,0,0,0
63143,1,1,1984,0,0,0,0,0,0,0,0,0,0
63143,2,1,1984,10,26,23,0,20,22,14,28,11,12
63144,0,1,1984,3,3,3,3,3,3,3,3,3,3
63144,1,1,1984,0,0,0,0,0,0,0,0,12,0
63145,1,1,1984,8,11,19,14,26,11,0,18,21,24
63145,2,1,1984,13,0,0,0,0,14,0,0,0,0
63146,1,1,1984,22,22,22,22,22,22,22,22,22,22
63147,1,1,1984,20,20,20,20,20,20,20,20,20,20
63148,1,1,1984,19,19,19,19,19,19,19,19,19,19
63149,1,1,1984,0,0,0,0,0,0,0,0,0,0
63149,2,1,1984,0,15,8,0,14,0,0,0,0,0
63150,0,1,1984,9,9,9,9,9,9,9,9,9,9
63150,1,1,1984,0,0,0,0,26,0,10,0,0,0
63151,0,1,1984,14,20,5,16,0,15,35,6,21,15
63151,1,1,1984,0,0,0,20,0,0,0,0,0,0
63152,1,1,1984,0,0,0,0,0,0,0,0,0,0
63152,2,1,1984,0,0,0,0,0,0,0,0,0,0
63153,0,1,1984,0,0,0,0,0,0,0,0,0,0
63153,1,1,1984,0,0,0,0,0,0,0,0,0,0
63154,0,1,1984,0,0,0,0,0,0,0,0,0,0
63154,1,1,1984,0,0,0,0,0,0,0,0,0,0
63155,0,1,1984,25,13,21,15,37,26,42,16,33,15
63155,1,1,1984,0,26,0,0,0,0,0,0,0,0
63156,1,1,1984,0,0,0,0,0,0,0,0,0,0
63156,2,1,1984,0,11,0,5,0,8,0,18,0,0
63157,1,1,1984,0,0,0,0,0,0,0,0,0,0
63158,1,1,1984,15,15,15,15,15,15,15,15,15,15
63159,0,1,1984,29,29,29,29,29,29,29,29,29,29
63159,1,1,1984,0,0,0,0,0,0,0,0,0,0
63159,2,1,1984,0,0,0,0,0,0,0,0,0,0
63160,0,1,1984,23,23,23,23,23,23,23,23,23,23
63160,1,1,1984,0,0,0,13,0,0,0,0,0,11
63161,1,1,1984,17,17,17,17,17,17,17,17,17,17
63161,2,1,1984,0,0,0,0,0,0,16,0,0,0
63162,1,1,1984,21,21,21,21,21,21,21,21,21,21
63162,2,1,1984,0,0,0,14,0,0,0,0,0,0
63163,1,1,1984,9,9,9,9,9,9,9,9,9,9
63164,0,1,1984,0,0,0,0,0,0,0,0,0,0
63164,1,1,1984,0,0,0,13,0,7,0,0,0,0
63165,1,1,1984,0,0,0,0,0,0,0,0,0,0
63165,2,1,1984,23,23,23,23,23,23,23,23,23,23
63166,1,1,1984,16,16,16,16,16,16,16,16,16,16
63167,1,1,1984,18,18,18,18,18,18,18,18,18,18
63168,1,1,1984,0,0,0,0,0,0,0,0,0,0
63169,1,1,1984,0,0,0,0,0,0,0,0,0,0
63169,2,1,1984,0,0,0,0,0,0,0,0,0,0
63170,0,1,1984,0,0,0,0,0,0,0,0,0,0
63170,0,2,1984,34,0,7,0,34,0,0,0,16,0
63170,1,1,1984,0,16,0,0,0,0,0,0,0,0
63171,1,1,1984,18,18,18,18,18,18,18,18,18,18
63172,0,1,1984,0,0,0,0,0,0,0,0,0,0
63172,1,1,1984,16,16,16,16,16,16,16,16,16,16
63173,1,1,1984,8,8,8,8,8,8,8,8,8,8
63174,1,1,1984,8,8,8,8,8,8,8,8,8,8
63174,2,1,1984,15,15,15,15,15,15,15,15,15,15
63175,1,1,1984,0,0,0,0,0,0,0,0,0,0
63175,2,1,1984,11,11,11,11,11,11,11,11,11,11
63176,1,1,1984,0,0,0,0,0,0,0,0,0,0
63176,2,1,1984,0,12,0,0,0,0,0,0,0,0
63176,3,1,1984,0,4,0,0,0,0,0,0,0,0
63177,1,1,1984,0,0,0,0,0,0,0,0,0,0
63177,2,1,1984,6,6,6,6,6,6,6,6,6,6
63178,0,1,1984,41,41,41,41,41,41,41,41,41,41
63178,1,1,1984,0,0,0,0,0,14,0,0,0,0
63179,1,1,1984,33,14,14,11,3,6,20,22,14,9
63180,1,1,1984,23,23,23,23,23,23,23,23,23,23
63180,2,1,1984,18,18,18,18,18,18,18,18,18,18
63180,3,1,1984,0,0,0,0,26,0,0,0,0,0
63181,1,1,1984,0,12,25,18,5,10,17,18,6,17
63181,2,1,1984,0,0,0,0,0,0,0,0,0,0
63182,1,1,1984,11,11,11,11,11,11,11,11,11,11
63183,1,1,1984,17,17,17,17,17,17,17,17,17,17
63184,1,1,1984,20,20,20,20,20,20,20,20,20,20
63185,1,1,1984,0,0,0,0,0,0,0,0,0,0
63186,1,1,1984,0,0,0,0,0,0,0,0,0,0
63186,2,1,1984,0,0,0,0,0,0,0,0,0,0
63187,0,1,1984,18,18,18,18,18,18,18,18,18,18
63187,1,1,1984,14,15,9,5,11,7,16,22,18,27
63188,1,1,1984,0,0,0,0,0,0,0,0,0,0
63189,0,1,1984,0,0,0,0,0,0,0,0,0,0
63189,1,1,1984,0,0,0,0,0,0,0,0,0,0
63189,2,1,1984,0,0,0,0,0,0,0,0,0,0
63190,1,1,1984,0,0,0,0,0,0,0,0,0,0
63190,2,1,1984,0,0,0,0,0,0,0,0,0,0
63192,1,1,1984,17,17,17,17,17,17,17,17,17,17
63193,1,1,1984,0,0,0,0,0,0,0,0,0,0
63193,2,1,1984,0,0,0,0,0,0,0,0,0,0
63193,3,1,1984,0,0,0,0,0,0,0,0,0,0
63194,1,1,1984,0,0,0,0,0,0,0,0,0,0
63194,2,1,1984,0,0,0,0,0,9,0,0,0,0
63195,1,1,1984,0,0,0,0,0,0,10,0,0,0
63195,2,1,1984,9,0,0,21,7,0,0,0,0,0
63196,1,1,1984,0,0,0,0,0,0,0,0,0,0
63196,2,1,1984,0,0,0,0,5,15,0,0,0,0
63196,3,1,1984,0,0,0,0,0,0,0,0,0,15
63196,4,1,1984,0,0,0,0,0,0,0,0,0,10
63197,1,1,1984,3,3,3,3,3,3,3,3,3,3
63197,2,1,1984,0,0,0,0,0,0,15,0,0,0
63198,1,1,1984,21,21,21,21,21,21,21,21,21,21
63198,2,1,1984,0,0,0,0,0,0,0,0,0,0
63198,3,1,1984,0,15,8,0,8,11,6,3,16,13
63199,1,1,1984,20,20,20,20,20,20,20,20,20,20
63199,2,1,1984,0,0,0,0,0,0,0,0,12,0
63199,3,1,1984,0,0,0,0,7,0,0,0,0,0
63200,1,1,1984,0,0,20,12,12,0,16,0,17,4
63200,2,1,1984,0,0,0,0,0,0,0,0,0,0
63201,0,1,1984,0,0,0,0,0,0,0,0,0,0
63201,2,1,1984,0,0,0,0,0,0,0,0,0,0
63202,1,1,1984,25,25,25,25,25,25,25,25,25,25
63203,0,1,1984,0,0,0,0,0,0,0,0,0,0
63203,1,1,1984,0,6,0,0,0,0,21,0,0,0
63204,1,1,1984,0,0,0,0,0,0,0,0,0,0
63204,2,1,1984,28,28,28,28,28,28,28,28,28,28
63205,1,1,1984,15,15,15,15,15,15,15,15,15,15
63206,0,1,1984,11,0,0,26,0,0,0,8,0,16
63206,1,1,1984,0,0,0,0,0,0,0,0,0,12
63207,1,1,1984,0,0,0,0,0,0,0,0,0,0
63208,1,1,1984,0,0,0,0,0,0,0,0,0,0
63208,2,1,1984,0,0,0,0,0,0,0,0,0,0
63209,1,1,1984,17,17,17,17,17,17,17,17,17,17
63210,1,1,1984,15,15,15,15,15,15,15,15,15,15
63210,2,1,1984,0,0,0,0,0,0,0,0,0,0
63211,1,1,1984,15,15,15,15,15,15,15,15,15,15
63212,1,1,1984,24,24,24,24,24,24,24,24,24,24
63212,2,1,1984,0,0,0,0,0,0,0,8,0,21
63213,1,1,1984,28,28,28,28,28,28,28,28,28,28
63213,2,1,1984,0,0,0,0,0,0,0,0,0,0
63214,0,1,1984,21,21,21,21,21,21,21,21,21,21
63214,1,1,1984,0,0,0,14,0,0,0,9,0,0
63215,1,1,1984,34,34,34,34,34,34,34,34,34,34
63215,2,1,1984,5,5,5,5,5,5,5,5,5,5
63216,1,1,1984,34,34,34,34,34,34,34,34,34,34
63216,2,1,1984,0,0,0,7,0,0,0,0,0,0
63217,1,1,1984,0,0,0,0,0,0,0,0,0,0
63217,2,1,1984,13,13,13,13,13,13,13,13,13,13
63218,1,1,1984,19,19,19,19,19,19,19,19,19,19
63219,1,1,1984,20,20,20,20,20,20,20,20,20,20
63220,1,1,1984,17,17,17,17,17,17,17,17,17,17
63220,2,1,1984,0,0,0,14,22,0,18,0,0,0
63221,0,1,1984,22,22,22,22,22,22,22,22,22,22
63221,1,1,1984,0,0,0,0,0,0,0,0,0,0
63222,1,1,1984,21,21,21,21,21,21,21,21,21,21
63223,1,1,1984,0,0,0,0,0,0,0,0,0,0
63224,1,1,1984,20,20,20,20,20,20,20,20,20,20
63224,2,1,1984,0,0,0,0,0,0,0,0,0,0
63225,1,1,1984,8,8,8,8,8,8,8,8,8,8
63225,2,1,1984,0,0,0,0,0,0,0,0,0,0
63226,1,1,1984,3,0,0,0,0,0,0,0,0,0
63227,0,1,1984,0,0,0,0,0,0,0,0,0,0
63227,1,1,1984,0,9,0,0,0,0,0,0,0,0
63228,0,1,1984,0,0,2,0,0,0,0,0,0,0
63228,1,1,1984,0,0,0,0,0,0,0,0,0,0
63229,0,1,1984,0,0,0,0,0,0,0,0,0,0
63229,1,1,1984,0,0,0,0,0,0,0,0,0,0
63230,1,1,1984,9,9,9,9,9,9,9,9,9,9
63231,2,1,1984,0,0,0,0,0,0,0,0,0,0
63232,1,1,1984,0,10,16,0,0,0,25,14,20,10
63233,0,1,1984,0,0,0,0,0,0,0,0,0,0
63233,1,1,1984,0,0,0,0,0,0,0,0,0,0
63234,1,1,1984,0,0,0,0,0,0,0,0,0,0
63234,2,1,1984,0,0,0,0,0,0,0,0,0,0
63235,1,1,1984,0,0,0,0,0,0,0,0,0,25
63236,1,1,1984,0,0,0,0,0,0,0,0,0,0
63236,2,1,1984,0,0,0,0,0,0,0,0,0,0
63237,1,1,1984,0,0,0,0,0,0,0,0,0,0
63237,2,1,1984,0,0,0,0,0,0,0,0,0,0