ST_CASE,VEH_NO,PER_NO,YEAR,P1,P2,P3,P4,P5,P6,P7,P8,P9,P10
63768,1,1,1984,20,20,20,20,20,20,20,20,20,20
63768,2,1,1984,0,0,0,0,0,0,15,21,0,13
63769,1,1,1984,19,19,19,19,19,19,19,19,19,19
63769,2,1,1984,0,0,0,0,0,0,0,0,0,0
63770,1,1,1984,17,17,17,17,17,17,17,17,17,17
63770,2,1,1984,0,16,8,0,0,0,0,0,14,0
63771,1,1,1984,0,0,0,0,0,0,0,0,0,0
63771,2,1,1984,22,22,22,22,22,22,22,22,22,22
63772,1,1,1984,0,0,23,0,0,0,0,0,0,0
63772,2,1,1984,0,0,0,0,0,0,0,0,0,0
63773,1,1,1984,28,28,28,28,28,28,28,28,28,28
63774,1,1,1984,12,12,12,12,12,12,12,12,12,12
63775,1,1,1984,19,19,19,19,19,19,19,19,19,19
63776,1,1,1984,29,29,29,29,29,29,29,29,29,29
63777,1,1,1984,11,11,11,11,11,11,11,11,11,11
63778,1,1,1984,0,0,0,0,0,0,0,0,0,0
63778,2,1,1984,0,0,0,0,0,0,0,0,0,0
63779,1,1,1984,27,27,27,27,27,27,27,27,27,27
63780,1,1,1984,0,0,0,0,0,0,0,0,0,0
63780,2,1,1984,0,0,0,0,0,0,0,0,0,0
63780,3,1,1984,0,0,0,0,0,0,0,0,0,0
63781,1,1,1984,0,0,0,0,0,0,0,0,0,0
63781,2,1,1984,0,0,0,0,0,0,0,0,0,0
63782,0,1,1984,0,0,0,0,0,0,0,0,0,0
63782,1,1,1984,0,0,0,0,0,0,0,0,0,0
63782,2,1,1984,0,0,0,0,0,0,6,0,0,0
63782,3,1,1984,0,0,0,0,0,0,0,0,0,0
63783,0,1,1984,0,0,0,0,0,0,0,0,0,0
63783,1,1,1984,32,8,23,0,0,0,6,0,0,0
63784,1,1,1984,22,22,22,22,22,22,22,22,22,22
63785,1,1,1984,9,9,9,9,9,9,9,9,9,9
63785,2,1,1984,8,8,8,8,8,8,8,8,8,8
63786,0,1,1984,16,16,16,16,16,16,16,16,16,16
63786,1,1,1984,0,0,0,0,0,0,0,11,0,0
63786,2,1,1984,0,0,0,0,17,0,0,0,0,0
63787,0,1,1984,0,0,0,0,0,0,0,0,0,0
63787,1,1,1984,0,10,0,0,0,0,0,0,0,0
63788,0,1,1984,30,30,30,30,30,30,30,30,30,30
63788,1,1,1984,19,19,19,19,19,19,19,19,19,19
63789,1,1,1984,0,0,0,0,0,0,0,0,0,0
63789,2,1,1984,0,0,0,0,0,0,0,0,0,0
63790,1,1,1984,0,0,15,17,6,0,0,0,32,8
63791,0,1,1984,0,0,0,0,0,0,0,0,0,0
63791,1,1,1984,0,0,0,0,0,0,0,0,0,13
63792,0,1,1984,23,0,29,8,29,41,12,22,19,12
63792,1,1,1984,0,0,0,0,0,12,0,0,0,0
63793,1,1,1984,25,15,16,9,23,19,32,15,44,15
63794,1,1,1984,15,15,15,15,15,15,15,15,15,15
63795,1,1,1984,18,18,18,18,18,18,18,18,18,18
63796,1,1,1984,7,7,7,7,7,7,7,7,7,7
63797,1,1,1984,0,0,0,0,0,0,0,0,0,0
63798,1,1,1984,0,0,0,0,0,0,0,0,0,0
63799,1,1,1984,0,0,0,0,0,0,0,0,0,0
63800,1,1,1984,0,0,0,0,0,0,0,0,0,0
63801,1,1,1984,0,0,0,0,0,0,0,0,0,0
63801,2,1,1984,0,0,0,0,0,0,0,0,0,0
63802,0,1,1984,14,14,14,14,14,14,14,14,14,14
63802,1,1,1984,0,0,0,0,0,0,0,0,0,0
63803,1,1,1984,0,0,0,0,0,0,0,0,0,0
63803,2,1,1984,24,24,24,24,24,24,24,24,24,24
63804,1,1,1984,0,0,0,0,0,0,0,0,0,0
63805,1,1,1984,15,15,15,15,15,15,15,15,15,15
63806,1,1,1984,0,0,0,0,0,0,0,0,0,0
63806,2,1,1984,0,0,0,0,6,0,0,0,0,0
63807,1,1,1984,0,0,0,0,0,0,0,0,0,0
63808,1,1,1984,21,21,21,21,21,21,21,21,21,21
63809,0,1,1984,20,20,20,20,20,20,20,20,20,20
63809,1,1,1984,0,0,0,0,0,0,0,0,0,0
63811,0,1,1984,0,11,0,11,0,0,0,0,0,0
63811,1,1,1984,0,16,0,0,15,0,0,0,0,0
63812,1,1,1984,2,2,2,2,2,2,2,2,2,2
63813,1,1,1984,0,0,0,0,0,0,0,0,0,0
63814,0,1,1984,0,0,0,0,0,0,0,0,0,0
63814,1,1,1984,0,0,0,0,0,0,0,0,0,0
63815,1,1,1984,7,7,7,7,7,7,7,7,7,7
63816,0,1,1984,0,0,0,0,0,0,0,0,0,0
63816,1,1,1984,18,8,0,8,0,0,0,0,0,0
63817,1,1,1984,58,58,58,58,58,58,58,58,58,58
63817,2,1,1984,0,0,0,0,0,0,17,0,4,0
63818,0,1,1984,0,30,15,16,10,18,18,27,18,18
63818,1,1,1984,0,0,10,0,0,0,0,0,6,9
63819,1,1,1984,0,0,0,0,0,0,0,0,0,0
63820,0,1,1984,13,13,20,14,18,28,20,30,18,15
63820,0,2,1984,0,0,13,24,24,11,12,15,17,0
63820,1,1,1984,0,0,0,0,0,0,0,0,0,0
63821,1,1,1984,0,0,0,0,0,0,0,0,0,0
63821,2,1,1984,0,0,0,0,0,0,0,0,0,0
63822,0,1,1984,16,16,16,16,16,16,16,16,16,16
63822,1,1,1984,11,0,0,7,0,19,0,6,18,0
63823,1,1,1984,0,12,0,0,0,0,0,0,0,0
63823,2,1,1984,0,0,0,9,0,0,0,18,0,0
63824,0,1,1984,0,0,0,0,0,0,0,0,0,0
63824,1,1,1984,0,0,0,0,0,0,0,0,0,0
63825,1,1,1984,29,29,29,29,29,29,29,29,29,29
63825,2,1,1984,0,7,0,0,0,0,0,0,0,0
63825,3,1,1984,0,0,0,0,0,0,0,0,0,0
63826,1,1,1984,0,0,0,0,0,0,0,0,0,0
63826,2,1,1984,12,12,12,12,12,12,12,12,12,12
63827,1,1,1984,0,0,0,0,0,0,0,0,0,0
63828,1,1,1984,17,17,17,17,17,17,17,17,17,17
63828,2,1,1984,0,0,0,0,0,0,0,0,0,0
63829,1,1,1984,0,0,0,0,0,0,0,0,0,0
63829,2,1,1984,0,0,0,0,0,0,0,0,0,4
63830,0,1,1984,0,0,0,0,0,0,0,0,0,0
63830,1,1,1984,0,0,0,0,0,0,0,0,0,0
63831,1,1,1984,0,0,0,0,0,0,0,0,0,0
63831,2,1,1984,0,0,0,0,0,0,0,0,0,0
63832,0,1,1984,28,28,28,28,28,28,28,28,28,28
63832,1,1,1984,0,0,0,7,0,0,0,0,0,0
63833,0,1,1984,20,20,20,20,20,20,20,20,20,20
63833,1,1,1984,0,0,18,0,0,10,0,9,0,0
63834,1,1,1984,18,18,18,18,18,18,18,18,18,18
63834,2,1,1984,0,0,0,0,0,0,13,0,0,0
63835,1,1,1984,21,21,28,18,0,29,11,21,34,14
63836,0,1,1984,0,0,0,0,0,0,0,0,0,0
63836,1,1,1984,0,0,0,0,0,0,0,0,0,19
63837,1,1,1984,0,0,0,0,0,0,0,0,0,0
63837,2,1,1984,0,0,0,0,0,0,0,0,0,0
63838,1,1,1984,4,4,4,4,4,4,4,4,4,4
63839,1,1,1984,10,10,10,10,10,10,10,10,10,10
63840,1,1,1984,11,11,11,11,11,11,11,11,11,11
63840,2,1,1984,0,0,0,0,0,0,0,0,0,0
63841,1,1,1984,16,16,16,16,16,16,16,16,16,16
63842,1,1,1984,0,0,0,0,0,0,0,0,0,0
63843,1,1,1984,0,0,0,0,0,0,0,0,0,0
63843,2,1,1984,0,0,0,0,0,0,0,0,0,0
63844,0,1,1984,38,38,38,38,38,38,38,38,38,38
63844,1,1,1984,13,0,0,0,6,0,0,0,0,0
63845,1,1,1984,8,8,8,8,8,8,8,8,8,8
63846,1,1,1984,10,10,10,10,10,10,10,10,10,10
63846,2,1,1984,46,0,15,0,20,13,0,0,0,0
63847,1,1,1984,20,20,20,20,20,20,20,20,20,20
63847,2,1,1984,0,15,0,0,14,0,0,17,0,0
63848,1,1,1984,16,16,16,16,16,16,16,16,16,16
63848,2,1,1984,0,0,0,0,0,0,0,0,0,0
63848,3,1,1984,9,0,0,0,0,0,0,24,0,0
63849,1,1,1984,42,42,42,42,42,42,42,42,42,42
63849,2,1,1984,0,0,0,0,0,0,0,0,24,0
63850,1,1,1984,0,0,0,0,0,0,0,0,0,0
63850,2,1,1984,0,0,0,0,0,0,0,0,0,0
63851,1,1,1984,18,18,18,18,18,18,18,18,18,18
63852,0,1,1984,0,0,0,0,0,0,0,0,0,0
63852,1,1,1984,21,21,21,21,21,21,21,21,21,21
63853,1,1,1984,21,21,21,21,21,21,21,21,21,21
63854,1,1,1984,11,11,11,11,11,11,11,11,11,11
63854,2,1,1984,0,0,0,0,0,0,0,0,0,0
63855,0,1,1984,0,0,0,0,0,0,0,0,0,0
63855,1,1,1984,0,0,0,0,0,0,0,0,0,0
63856,1,1,1984,16,16,16,16,16,16,16,16,16,16
63857,1,1,1984,17,17,17,17,17,17,17,17,17,17
63857,2,1,1984,0,0,0,0,0,0,0,0,0,0
63858,1,1,1984,3,3,3,3,3,3,3,3,3,3
63859,1,1,1984,0,0,0,0,0,0,0,0,0,0
63859,2,1,1984,26,26,26,26,26,26,26,26,26,26
63860,1,1,1984,21,21,21,21,21,21,21,21,21,21
63860,2,1,1984,0,0,0,0,0,0,0,0,0,0
63861,0,1,1984,0,0,0,0,0,0,0,0,0,0
63861,1,1,1984,0,0,0,0,0,0,0,0,17,0
63862,1,1,1984,0,0,0,0,0,0,0,0,0,0
63862,2,1,1984,0,0,0,0,0,0,0,0,0,0
63863,0,1,1984,0,0,0,0,0,0,0,0,0,0
63863,1,1,1984,0,19,0,0,0,0,0,0,0,0
63864,1,1,1984,0,0,0,0,0,0,0,0,0,0
63864,2,1,1984,0,0,0,0,0,0,0,0,0,0
63865,1,1,1984,23,23,23,23,23,23,23,23,23,23
63866,0,1,1984,0,0,0,0,0,0,0,0,0,0
63866,1,1,1984,20,0,0,0,0,0,0,15,0,23
63867,1,1,1984,6,6,6,6,6,6,6,6,6,6
63868,1,1,1984,9,9,9,9,9,9,9,9,9,9
63868,2,1,1984,0,0,0,0,0,0,0,0,0,0
63869,1,1,1984,0,0,0,0,0,0,0,0,0,0
63870,1,1,1984,6,6,6,6,6,6,6,6,6,6
63870,2,1,1984,0,0,0,8,0,0,0,0,0,0
63871,0,1,1984,31,31,31,31,31,31,31,31,31,31
63871,1,1,1984,15,15,15,15,15,15,15,15,15,15
63871,2,1,1984,0,0,0,0,0,0,0,0,0,9
63872,1,1,1984,9,9,9,9,9,9,9,9,9,9
63872,2,1,1984,0,0,0,0,11,0,0,0,0,0
63873,1,1,1984,19,19,19,19,19,19,19,19,19,19
63874,1,1,1984,27,27,27,27,27,27,27,27,27,27
63874,2,1,1984,0,0,0,0,0,5,0,0,0,0
63875,1,1,1984,13,13,13,13,13,13,13,13,13,13
63875,2,1,1984,0,0,0,0,0,0,0,0,0,0
63876,1,1,1984,44,44,44,44,44,44,44,44,44,44
63876,2,1,1984,6,0,0,0,0,0,0,0,0,0
63877,0,1,1984,0,0,0,0,0,0,0,0,0,0
63877,1,1,1984,0,0,0,0,0,0,0,0,0,0
63878,1,1,1984,16,16,16,16,16,16,16,16,16,16
63878,2,1,1984,3,3,3,3,3,3,3,3,3,3
63878,3,1,1984,0,0,0,0,0,0,0,0,0,0
63879,1,1,1984,0,0,0,0,0,0,0,0,0,0
63879,2,1,1984,0,0,0,0,0,0,0,0,0,0
63880,0,1,1984,0,0,0,0,0,0,0,0,0,0
63880,1,1,1984,0,0,0,0,0,0,0,0,0,0
63881,2,1,1984,22,0,0,17,4,0,0,19,0,15
63882,1,1,1984,29,29,29,29,29,29,29,29,29,29
63882,2,1,1984,12,12,12,12,12,12,12,12,12,12
63883,1,1,1984,15,15,15,15,15,15,15,15,15,15
63884,0,1,1984,15,15,15,15,15,15,15,15,15,15
63884,1,1,1984,34,17,16,16,28,3,14,15,18,11
63885,1,1,1984,26,26,26,26,26,26,26,26,26,26
63885,2,1,1984,13,0,0,0,0,0,0,13,0,0
63886,1,1,1984,0,0,0,0,0,0,0,0,0,0
63887,0,1,1984,0,0,0,0,15,0,29,0,0,0
63887,1,1,1984,0,0,0,0,0,0,0,0,18,0
63888,1,1,1984,16,16,16,16,16,16,16,16,16,16
63888,2,1,1984,0,0,0,0,0,0,0,0,0,0
63889,1,1,1984,9,9,9,9,9,9,9,9,9,9
63890,0,1,1984,0,0,0,0,0,0,0,0,0,0
63890,1,1,1984,0,0,0,0,0,0,0,0,0,0
63891,1,1,1984,11,11,11,11,11,11,11,11,11,11
63891,2,1,1984,22,22,22,22,22,22,22,22,22,22
63891,3,1,1984,0,0,0,0,0,0,0,0,9,0
63892,0,1,1984,21,21,21,21,21,21,21,21,21,21
63892,1,1,1984,0,7,0,0,0,0,0,0,0,0
63893,1,1,1984,10,10,10,10,10,10,10,10,10,10
63894,1,1,1984,8,8,8,8,8,8,8,8,8,8
63895,0,1,1984,28,28,28,28,28,28,28,28,28,28
63895,1,1,1984,21,11,12,13,17,0,20,0,20,15
63896,1,1,1984,20,20,20,20,20,20,20,20,20,20
63897,0,1,1984,0,0,0,0,0,0,0,0,0,0
63897,0,2,1984,0,4,0,0,0,0,0,0,0,0
63897,0,3,1984,0,0,0,0,0,14,0,0,0,0
63897,1,1,1984,10,18,10,17,9,29,22,29,22,12
63898,0,1,1984,2,2,2,2,2,2,2,2,2,2
63898,1,1,1984,17,11,7,24,19,15,14,4,0,20
63899,0,1,1984,3,3,3,3,3,3,3,3,3,3
63899,1,1,1984,0,0,15,0,0,0,0,0,0,0
63900,0,1,1984,24,24,24,24,24,24,24,24,24,24
63900,1,1,1984,0,0,0,0,13,0,0,0,0,0
63901,1,1,1984,0,0,0,0,0,0,0,0,0,0
63902,1,1,1984,28,28,28,28,28,28,28,28,28,28
63903,1,1,1984,0,0,0,0,0,0,0,0,0,0
63903,2,1,1984,0,0,0,0,0,0,0,0,0,0
63904,1,1,1984,0,0,0,0,0,0,0,0,0,0
63904,2,1,1984,0,0,0,0,0,0,0,0,0,0
63905,1,1,1984,0,0,0,0,0,0,0,0,0,0
63906,0,1,1984,0,0,0,0,0,0,0,0,0,0
63906,1,1,1984,0,0,0,0,0,0,0,0,0,0
63907,1,1,1984,0,0,0,0,0,0,0,0,0,0
63907,2,1,1984,0,0,0,0,0,0,0,0,0,0
63908,0,1,1984,26,26,26,26,26,26,26,26,26,26
63908,1,1,1984,0,0,0,0,0,0,0,0,0,0
63908,2,1,1984,0,0,0,0,0,0,0,0,11,16
63909,1,1,1984,29,29,29,29,29,29,29,29,29,29
63910,1,1,1984,20,20,20,20,20,20,20,20,20,20
63911,1,1,1984,0,0,0,0,0,0,0,0,0,0
63911,2,1,1984,0,0,0,0,0,0,0,0,0,0
63912,0,1,1984,21,21,21,21,21,21,21,21,21,21
63912,0,2,1984,0,22,0,6,38,9,30,17,24,56
63912,2,1,1984,0,0,0,0,0,0,0,0,0,0
63912,3,1,1984,0,0,11,0,9,0,0,0,0,0
63913,1,1,1984,21,21,21,21,21,21,21,21,21,21
63914,1,1,1984,24,24,24,24,24,24,24,24,24,24
63915,1,1,1984,9,9,9,9,9,9,9,9,9,9
63916,0,1,1984,0,0,0,0,0,0,0,0,0,0
63916,1,1,1984,0,0,0,0,0,0,0,0,0,0
63917,0,1,1984,0,0,0,0,0,0,0,0,0,0
63917,1,1,1984,0,0,0,0,0,0,0,0,0,0
63918,1,1,1984,0,0,0,0,0,0,0,0,0,0
63918,2,1,1984,0,0,0,0,0,0,0,0,0,0
63919,1,1,1984,0,0,0,0,0,0,0,0,0,0
63919,2,1,1984,4,0,0,0,0,0,0,0,0,0
63920,1,1,1984,0,0,0,0,0,0,0,0,0,0
63921,0,1,1984,0,0,0,0,0,0,0,0,0,0
63921,1,1,1984,0,0,0,0,0,0,0,0,0,0
63921,2,1,1984,0,0,0,0,0,0,0,0,0,0
63921,3,1,1984,0,0,19,0,0,20,0,0,0,0
63922,1,1,1984,13,13,13,13,13,13,13,13,13,13
63923,1,1,1984,0,0,0,0,0,0,0,0,0,18
63924,0,1,1984,17,19,0,22,19,21,18,35,15,19
63924,1,1,1984,0,0,0,19,0,7,0,0,0,0
63925,0,1,1984,35,35,35,35,35,35,35,35,35,35
63925,1,1,1984,0,26,0,0,0,0,0,0,0,0
63926,1,1,1984,21,21,21,21,21,21,21,21,21,21
63927,1,1,1984,15,15,15,15,15,15,15,15,15,15
63927,2,1,1984,14,0,14,0,24,9,0,16,6,0
63928,1,1,1984,25,25,25,25,25,25,25,25,25,25
63929,1,1,1984,0,0,0,0,0,0,0,0,0,0
63929,2,1,1984,0,0,0,0,0,0,0,0,0,0
63929,3,1,1984,0,0,0,0,0,0,0,0,0,0
63930,1,1,1984,24,24,24,24,24,24,24,24,24,24
63931,1,1,1984,0,0,0,0,0,0,0,0,0,0
63932,1,1,1984,8,8,8,8,8,8,8,8,8,8
63933,1,1,1984,9,9,9,9,9,9,9,9,9,9
63933,2,1,1984,0,0,0,0,0,0,0,0,0,0
63934,1,1,1984,19,19,19,19,19,19,19,19,19,19
63934,2,1,1984,0,0,0,0,0,0,0,0,0,0
63935,1,1,1984,0,0,0,0,0,0,0,0,0,0
63936,1,1,1984,0,0,0,0,0,0,0,0,0,0
63936,2,1,1984,0,0,0,0,0,0,0,0,0,7
63937,0,1,1984,0,0,0,0,22,0,0,0,0,0
63937,1,1,1984,0,28,0,0,0,0,0,0,0,0
63938,0,1,1984,9,0,0,0,18,0,27,0,10,0
63938,1,1,1984,0,0,0,0,0,0,0,0,0,0
63939,0,1,1984,0,0,0,0,0,0,0,0,0,0
63939,1,1,1984,0,0,0,0,0,0,0,0,0,0
63940,0,1,1984,0,0,0,0,0,0,18,0,0,0
63940,1,1,1984,0,0,0,0,0,0,0,0,0,0
63941,1,1,1984,11,11,11,11,11,11,11,11,11,11
63941,2,1,1984,8,8,8,8,8,8,8,8,8,8
63942,0,1,1984,0,0,0,0,0,10,19,0,0,0
63942,1,1,1984,0,0,0,0,0,0,0,0,0,0
63943,0,1,1984,28,22,33,36,27,24,12,12,17,32
63943,1,1,1984,0,0,0,0,10,0,0,24,21,0
63944,1,1,1984,0,24,22,19,6,17,0,3,16,19
63945,0,1,1984,0,0,0,0,0,0,0,0,0,0
63945,1,1,1984,0,0,0,0,2,0,0,0,0,0
63945,2,1,1984,0,0,0,0,0,0,0,0,0,0
63946,0,1,1984,19,22,11,4,15,20,17,26,0,29
63946,1,1,1984,0,0,0,0,0,0,0,0,0,0
63947,1,1,1984,22,22,22,22,22,22,22,22,22,22
63947,2,1,1984,5,13,0,4,0,11,17,13,21,28
63948,1,1,1984,0,0,0,9,0,0,0,0,0,0
63948,2,1,1984,0,0,0,0,0,0,0,0,0,0
63948,3,1,1984,0,0,0,0,0,0,0,0,0,0
63948,4,1,1984,0,0,0,0,0,0,0,0,0,0
63949,1,1,1984,2,2,2,2,2,2,2,2,2,2
63950,1,1,1984,0,0,0,0,0,0,0,0,0,0
63950,2,1,1984,0,0,0,0,0,0,0,0,2,0
63951,1,1,1984,0,0,0,0,0,0,0,0,0,0
63951,2,1,1984,0,0,0,4,0,0,15,0,0,12
63951,3,1,1984,0,22,0,33,0,0,0,0,0,27
63952,1,1,1984,0,3,0,0,11,0,11,0,0,0
63952,2,1,1984,9,10,0,0,18,0,0,7,0,5
63953,1,1,1984,30,30,30,30,30,30,30,30,30,30
63954,1,1,1984,25,25,25,25,25,25,25,25,25,25
63955,1,1,1984,0,0,0,0,0,0,0,0,0,0
63956,0,1,1984,3,3,3,3,3,3,3,3,3,3
63956,0,2,1984,19,28,19,25,27,19,13,16,26,29
63956,1,1,1984,24,24,24,24,24,24,24,24,24,24
63957,0,1,1984,0,0,0,0,0,0,0,0,0,0
63957,1,1,1984,0,0,0,0,0,0,0,0,0,0
63958,1,1,1984,0,0,0,0,0,0,0,0,0,0
63958,2,1,1984,0,0,0,0,0,0,0,0,0,0
63959,0,1,1984,0,0,0,0,0,0,0,0,0,0
63959,1,1,1984,0,0,0,0,0,0,0,0,0,0
63960,1,1,1984,0,0,0,0,0,0,0,0,0,0
63960,2,1,1984,0,0,0,0,0,0,0,0,0,0
63961,1,1,1984,0,0,0,0,0,0,0,0,0,0
63961,2,1,1984,7,6,0,0,0,0,0,0,0,0
63961,3,1,1984,0,0,0,0,0,0,0,0,0,0
63962,0,1,1984,0,0,0,0,0,0,0,0,0,0
63962,1,1,1984,0,0,0,0,0,0,0,0,0,0
63963,1,1,1984,28,28,28,28,28,28,28,28,28,28
63963,2,1,1984,0,0,0,0,0,0,0,0,0,0
63964,1,1,1984,19,19,19,19,19,19,19,19,19,19
63964,2,1,1984,0,0,0,0,0,0,0,0,0,0
63965,0,1,1984,0,0,0,0,0,0,0,0,0,0
63965,1,1,1984,0,0,0,0,0,0,0,0,0,0
63966,0,1,1984,0,0,0,0,0,0,0,0,0,0
63966,1,1,1984,0,0,0,0,0,0,0,14,0,0
63966,2,1,1984,23,3,10,27,14,6,13,21,9,12
63967,1,1,1984,0,0,0,0,0,0,0,0,0,0
63967,2,1,1984,0,16,0,21,0,0,0,0,0,0
63967,3,1,1984,0,0,0,0,0,0,0,0,0,0
63968,1,1,1984,10,10,10,10,10,10,10,10,10,10
63968,2,1,1984,10,10,10,10,10,10,10,10,10,10
63969,1,1,1984,12,12,12,12,12,12,12,12,12,12
63969,2,1,1984,0,0,0,0,0,0,0,0,0,0
63970,1,1,1984,7,7,7,7,7,7,7,7,7,7
63971,1,1,1984,15,15,15,15,15,15,15,15,15,15
63972,1,1,1984,0,0,0,0,0,0,0,0,0,0
63972,2,1,1984,0,0,0,0,0,0,0,0,0,5
63973,1,1,1984,0,0,0,0,0,0,0,0,0,4
63973,2,1,1984,0,0,0,0,0,0,0,10,0,0
63974,1,1,1984,9,9,9,9,9,9,9,9,9,9
63974,2,1,1984,0,0,0,0,0,0,0,0,0,0
63975,0,1,1984,0,0,0,0,0,0,0,0,0,0
63975,0,2,1984,0,0,0,0,0,0,0,0,0,0
63975,0,3,1984,0,0,0,0,0,0,0,0,0,0
63975,1,1,1984,11,11,11,11,11,11,11,11,11,11
63976,1,2,1984,28,28,28,28,28,28,28,28,28,28
63977,1,1,1984,11,11,11,11,11,11,11,11,11,11
63977,2,1,1984,0,0,0,0,0,0,0,0,0,0
63977,3,1,1984,0,0,0,0,0,0,0,0,0,0
63978,0,1,1984,32,32,32,32,32,32,32,32,32,32
63978,1,1,1984,0,0,31,15,0,30,0,23,26,0
63978,2,1,1984,13,0,0,0,0,0,0,0,0,0
63979,1,1,1984,1,1,1,1,1,1,1,1,1,1
63980,1,1,1984,25,25,25,25,25,25,25,25,25,25
63980,2,1,1984,11,11,11,11,11,11,11,11,11,11
63981,1,1,1984,19,19,19,19,19,19,19,19,19,19
63982,1,1,1984,16,16,16,16,16,16,16,16,16,16
63982,2,1,1984,6,6,6,6,6,6,6,6,6,6
63983,0,1,1984,0,33,26,23,11,23,0,20,0,16
63983,1,1,1984,0,0,0,0,0,0,13,0,18,15
63984,1,1,1984,24,24,24,24,24,24,24,24,24,24
63984,2,1,1984,22,22,22,22,22,22,22,22,22,22
63985,0,1,1984,0,0,0,0,0,0,0,0,0,0
63985,1,1,1984,0,0,16,18,8,0,0,0,0,17
63986,1,1,1984,22,22,22,22,22,22,22,22,22,22
63986,2,1,1984,0,0,0,0,0,0,0,0,0,0
63986,3,1,1984,0,0,0,0,0,0,0,0,0,0
63987,1,1,1984,23,23,23,23,23,23,23,23,23,23
63987,2,1,1984,0,0,0,0,0,0,0,0,0,0
63987,3,1,1984,0,0,0,0,0,0,0,0,0,0
63987,4,1,1984,0,0,0,0,0,0,0,0,0,0
63988,0,1,1984,0,0,0,0,0,0,0,0,0,0
63988,1,1,1984,0,0,0,0,0,0,0,0,0,0
63989,0,1,1984,27,27,27,27,27,27,27,27,27,27
63989,1,1,1984,0,0,0,0,0,0,0,0,0,0
63990,1,1,1984,0,0,0,0,0,0,0,0,0,0
63990,2,1,1984,13,13,13,13,13,13,13,13,13,13
63991,1,1,1984,23,23,23,23,23,23,23,23,23,23
63991,2,1,1984,0,0,0,0,0,0,0,0,0,0
63992,1,1,1984,19,19,19,19,19,19,19,19,19,19
63992,2,1,1984,4,4,4,4,4,4,4,4,4,4
63993,0,1,1984,17,17,17,17,17,17,17,17,17,17
63993,1,1,1984,0,0,0,0,0,0,0,0,0,0
63994,1,1,1984,0,0,0,13,9,0,11,0,18,0
63995,1,1,1984,29,29,29,29,29,29,29,29,29,29
63996,1,1,1984,24,24,24,24,24,24,24,24,24,24
63997,1,1,1984,18,0,0,0,0,0,0,9,0,0
63997,2,1,1984,8,8,8,8,8,8,8,8,8,8
63998,1,1,1984,0,0,0,0,0,0,0,0,0,0
63998,2,1,1984,12,12,12,12,12,12,12,12,12,12
63999,1,1,1984,24,24,24,24,24,24,24,24,24,24
64000,0,1,1984,0,0,0,0,0,0,0,0,0,0
64000,1,1,1984,0,0,0,0,0,7,0,0,12,0
64001,1,1,1984,0,0,0,0,0,0,0,0,0,0
64002,0,1,1984,25,25,25,25,25,25,25,25,25,25
64002,1,1,1984,0,24,8,0,0,0,0,0,0,0
64002,2,1,1984,14,0,0,8,13,29,0,33,11,0
64002,3,1,1984,0,16,0,10,20,0,0,0,8,16
64003,1,1,1984,0,0,0,0,0,0,0,0,0,0
64003,2,1,1984,0,0,0,0,0,0,0,0,0,23
64004,0,1,1984,0,0,0,0,0,0,0,0,0,0
64004,1,1,1984,0,0,0,2,0,0,0,0,0,0
64005,1,1,1984,5,5,5,5,5,5,5,5,5,5
64006,1,1,1984,0,0,0,0,0,0,0,0,0,0
64006,2,1,1984,0,0,0,0,0,0,0,0,17,0
64007,1,1,1984,5,5,5,5,5,5,5,5,5,5
64008,1,1,1984,18,18,18,18,18,18,18,18,18,18
64009,1,1,1984,14,14,14,14,14,14,14,14,14,14
64009,2,1,1984,29,29,29,29,29,29,29,29,29,29
64010,1,1,1984,12,12,12,12,12,12,12,12,12,12
64011,1,1,1984,0,0,0,0,0,0,0,0,0,0
64011,2,1,1984,0,0,0,0,0,0,0,0,0,0
64012,1,1,1984,17,17,17,17,17,17,17,17,17,17
64012,2,1,1984,0,0,0,0,0,0,0,0,0,0
64012,3,1,1984,0,0,0,0,0,0,0,0,0,0
64013,1,1,1984,0,0,0,0,0,0,0,0,0,0
64014,1,1,1984,15,15,15,15,15,15,15,15,15,15
64014,2,1,1984,0,0,10,0,0,0,0,0,0,0
64015,1,1,1984,0,0,0,0,0,0,29,0,0,0