ST_CASE,VEH_NO,PER_NO,YEAR,P1,P2,P3,P4,P5,P6,P7,P8,P9,P10
64015,2,1,1984,0,14,0,0,0,0,0,0,0,0
64016,0,1,1984,22,22,22,22,22,22,22,22,22,22
64016,1,1,1984,0,0,22,0,0,0,0,0,0,0
64017,1,1,1984,0,0,0,0,0,0,0,0,0,0
64017,2,1,1984,0,0,0,0,0,0,0,0,0,0
64018,1,1,1984,0,0,0,0,12,0,0,6,0,0
64018,2,1,1984,0,0,0,0,0,0,0,0,0,0
64019,1,1,1984,0,0,0,0,0,0,0,0,0,0
64020,1,1,1984,18,18,18,18,18,18,18,18,18,18
64021,0,1,1984,0,0,0,0,0,0,0,0,0,0
64021,1,1,1984,0,0,0,0,0,0,0,29,0,0
64021,2,1,1984,0,0,0,0,0,0,0,0,0,0
64022,1,1,1984,14,14,14,14,14,14,14,14,14,14
64023,1,1,1984,0,0,12,0,0,10,37,13,0,15
64024,0,1,1984,4,4,4,4,4,4,4,4,4,4
64024,0,2,1984,0,0,0,0,0,0,0,0,0,0
64024,1,1,1984,0,0,0,0,0,0,0,0,0,0
64025,0,1,1984,24,24,24,24,24,24,24,24,24,24
64025,1,1,1984,0,0,0,0,0,0,0,0,0,0
64026,0,1,1984,23,23,23,23,23,23,23,23,23,23
64026,1,1,1984,0,0,0,0,0,0,0,0,0,0
64027,1,1,1984,10,10,10,10,10,10,10,10,10,10
64027,2,1,1984,0,0,0,0,0,12,0,0,0,0
64027,3,1,1984,0,0,0,0,0,0,18,0,0,11
64028,0,1,1984,25,0,31,17,14,14,21,26,32,19
64028,1,1,1984,0,0,0,21,0,12,16,0,0,21
64029,1,1,1984,25,25,25,25,25,25,25,25,25,25
64029,2,1,1984,0,0,0,0,0,0,12,0,0,0
64030,1,1,1984,22,27,0,20,15,10,19,22,12,22
64031,1,1,1984,15,15,15,15,15,15,15,15,15,15
64032,1,1,1984,1,1,1,1,1,1,1,1,1,1
64032,2,1,1984,0,0,0,0,0,0,0,0,0,0
64033,1,1,1984,27,27,27,27,27,27,27,27,27,27
64033,2,1,1984,0,0,0,0,0,0,0,0,0,0
64034,0,1,1984,0,0,0,0,0,0,0,0,0,0
64034,1,1,1984,0,0,0,0,0,0,0,0,0,0
64035,1,1,1984,27,27,27,27,27,27,27,27,27,27
64036,1,1,1984,3,3,3,3,3,3,3,3,3,3
64036,2,1,1984,0,0,0,0,0,0,0,0,0,0
64037,1,1,1984,26,26,26,26,26,26,26,26,26,26
64038,1,1,1984,0,0,0,0,0,0,0,0,0,0
64039,1,1,1984,0,0,0,0,13,0,0,0,16,0
64040,1,1,1984,19,19,19,19,19,19,19,19,19,19
64040,2,1,1984,0,0,0,0,0,0,0,0,0,0
64041,0,1,1984,0,0,0,15,0,0,0,0,0,0
64041,1,1,1984,0,0,0,0,0,0,0,0,0,0
64042,1,1,1984,25,25,25,25,25,25,25,25,25,25
64042,2,1,1984,0,0,0,0,0,0,0,0,0,0
64043,1,1,1984,0,0,0,0,0,0,0,0,0,0
64043,2,1,1984,0,0,0,0,0,0,0,0,0,0
64044,0,1,1984,5,5,5,5,5,5,5,5,5,5
64044,0,2,1984,0,4,6,0,0,14,7,0,6,0
64044,1,1,1984,0,0,0,0,0,0,0,0,0,0
64045,1,1,1984,21,21,27,6,22,19,12,11,30,0
64046,1,1,1984,10,10,10,10,10,10,10,10,10,10
64047,1,1,1984,0,0,0,0,0,0,0,0,0,0
64047,2,1,1984,0,0,0,0,0,0,0,0,0,0
64048,1,1,1984,0,0,0,0,0,0,0,0,0,0
64048,2,1,1984,0,0,0,0,0,0,0,0,0,0
64049,1,1,1984,18,0,0,0,0,0,0,0,0,13
64049,2,1,1984,0,0,0,0,0,0,0,0,0,0
64049,3,1,1984,0,0,0,0,0,0,0,0,0,0
64050,1,1,1984,0,0,10,11,21,26,0,0,19,14
64050,2,1,1984,0,0,9,0,0,0,23,0,0,0
64051,0,1,1984,29,29,29,29,29,29,29,29,29,29
64051,1,1,1984,0,0,0,0,0,0,0,0,0,0
64052,1,1,1984,0,0,0,0,0,0,0,0,0,0
64053,1,1,1984,0,0,0,0,0,0,0,0,0,0
64053,2,1,1984,0,0,0,0,0,0,0,0,0,0
64054,1,1,1984,23,23,23,23,23,23,23,23,23,23
64055,1,1,1984,0,0,0,0,0,0,0,0,10,0
64055,2,1,1984,0,0,0,0,0,0,0,0,0,0
64056,1,1,1984,15,15,15,15,15,15,15,15,15,15
64057,1,1,1984,21,21,21,21,21,21,21,21,21,21
64057,2,1,1984,0,0,0,0,0,0,0,0,0,0
64058,1,1,1984,0,6,5,5,26,11,0,7,9,23
64059,1,1,1984,7,7,7,7,7,7,7,7,7,7
64060,1,1,1984,0,0,0,0,0,0,0,0,0,0
64061,0,1,1984,0,0,0,0,0,0,0,0,0,0
64061,1,1,1984,0,0,0,0,0,0,0,0,0,0
64062,1,1,1984,4,0,0,0,0,0,0,0,0,4
64062,2,1,1984,3,3,3,3,3,3,3,3,3,3
64063,1,1,1984,0,0,0,0,0,0,0,0,0,0
64063,2,1,1984,0,0,0,0,0,0,0,0,0,0
64064,1,1,1984,0,0,0,0,0,0,0,0,0,0
64064,2,1,1984,0,0,0,0,0,0,0,0,0,0
64065,1,1,1984,0,0,0,0,0,0,0,0,0,0
64065,2,1,1984,0,20,0,0,0,0,0,21,0,0
64066,1,1,1984,15,15,15,15,15,15,15,15,15,15
64067,1,1,1984,0,15,10,5,0,14,5,14,0,0
64067,2,1,1984,0,0,0,0,0,0,0,0,0,0
64068,1,1,1984,18,18,18,18,18,18,18,18,18,18
64069,1,1,1984,0,0,0,0,0,0,0,0,0,0
64069,2,1,1984,0,0,0,0,0,0,0,0,0,0
64070,1,1,1984,0,0,0,0,0,0,0,0,0,0
64070,2,1,1984,0,0,0,0,0,0,0,0,0,0
64071,1,1,1984,0,0,0,0,0,0,0,0,0,0
64072,0,1,1984,0,0,0,0,0,0,0,0,0,0
64072,1,1,1984,0,0,0,0,0,0,0,0,0,0
64073,1,1,1984,0,0,0,0,0,0,0,0,0,0
64073,2,1,1984,0,0,0,0,0,0,0,20,0,0
64074,1,1,1984,0,0,0,0,0,0,0,0,0,0
64075,1,1,1984,0,0,0,0,0,0,0,0,0,0
64075,2,1,1984,27,0,0,0,0,0,8,0,0,0
64076,1,1,1984,0,0,0,0,0,0,0,0,0,0
64077,1,1,1984,0,0,0,0,0,0,0,0,0,0
64077,2,1,1984,0,0,0,0,0,0,0,0,0,0
64078,1,1,1984,0,0,0,0,0,0,0,0,0,0
64078,2,1,1984,0,0,0,0,0,0,0,0,0,0
64078,3,1,1984,0,0,0,0,0,0,0,0,0,0
64079,0,1,1984,12,12,12,12,12,12,12,12,12,12
64079,1,1,1984,7,0,0,0,0,0,0,0,10,0
64080,0,1,1984,0,0,0,0,0,0,0,0,0,20
64080,1,1,1984,0,0,0,0,0,8,0,17,0,0
64081,1,1,1984,0,0,0,0,0,0,0,0,0,0
64081,2,1,1984,0,0,0,0,15,0,0,0,0,0
64082,0,1,1984,0,0,0,0,0,0,0,0,0,0
64082,1,1,1984,0,0,0,0,0,0,0,0,0,0
64083,1,1,1984,0,0,16,0,0,11,8,9,9,0
64083,2,1,1984,0,19,0,0,0,0,0,0,0,0
64084,1,1,1984,0,0,0,0,0,0,0,0,0,0
64085,1,1,1984,26,26,26,26,26,26,26,26,26,26
64086,1,1,1984,0,0,0,0,0,0,0,0,0,0
64086,2,1,1984,0,0,0,0,0,0,0,0,0,0
64087,1,1,1984,0,0,0,14,0,0,0,0,0,0
64088,1,1,1984,0,0,0,0,0,0,7,0,0,0
64088,2,1,1984,0,0,0,0,0,0,0,0,0,0
64089,1,1,1984,16,16,16,16,16,16,16,16,16,16
64090,0,1,1984,0,0,0,0,0,0,0,0,0,0
64090,1,1,1984,0,0,0,0,0,0,0,0,0,0
64091,0,1,1984,26,20,0,0,0,0,0,0,35,24
64091,0,2,1984,0,0,0,0,0,0,0,0,0,0
64091,0,3,1984,0,0,0,0,0,0,0,0,0,0
64091,1,1,1984,0,11,0,0,0,0,0,0,0,0
64092,0,1,1984,0,0,0,0,0,0,0,0,0,0
64092,1,1,1984,0,0,0,0,0,0,0,0,0,0
64093,1,1,1984,20,20,20,20,20,20,20,20,20,20
64093,2,1,1984,0,0,0,0,0,0,0,0,0,0
64094,0,1,1984,6,6,6,6,6,6,6,6,6,6
64094,1,1,1984,0,0,0,0,0,0,0,0,0,0
64095,1,1,1984,0,17,0,0,0,0,0,0,0,0
64095,2,1,1984,0,0,0,0,0,0,0,0,0,0
64095,3,1,1984,0,0,0,0,0,0,0,0,0,0
64096,1,1,1984,6,6,6,6,6,6,6,6,6,6
64097,0,1,1984,0,22,0,12,10,0,17,9,0,0
64097,1,1,1984,0,0,0,0,0,0,0,0,0,0
64097,2,1,1984,0,0,0,0,0,0,0,0,0,0
64098,0,1,1984,46,46,46,46,46,46,46,46,46,46
64098,1,1,1984,0,0,0,0,0,0,0,0,0,0
64099,1,1,1984,0,0,0,0,0,0,0,0,0,0
64099,2,1,1984,0,0,0,0,0,0,0,0,0,0
64100,1,1,1984,0,26,0,0,0,0,14,18,0,0
64100,2,1,1984,0,0,0,0,0,0,0,0,0,0
64101,1,1,1984,6,6,6,6,6,6,6,6,6,6
64102,1,1,1984,0,0,0,0,0,0,0,0,0,0
64102,2,1,1984,0,4,0,0,0,0,0,0,11,0
64103,1,1,1984,0,0,0,0,0,0,0,0,0,0
64103,2,1,1984,0,0,0,0,0,0,0,0,0,0
64104,1,1,1984,13,0,0,0,18,0,0,0,0,0
64104,2,1,1984,0,0,0,0,0,0,0,0,0,0
64105,1,1,1984,0,0,0,0,0,0,0,0,0,0
64105,2,1,1984,12,16,18,5,11,17,9,7,5,23
64106,1,1,1984,25,25,25,25,25,25,25,25,25,25
64107,1,1,1984,0,0,0,0,0,0,0,0,0,0
64107,2,1,1984,0,0,0,0,0,0,0,0,0,0
64108,1,1,1984,0,0,0,0,0,0,0,0,0,0
64108,2,1,1984,0,0,0,0,0,0,0,0,0,0
64109,0,1,1984,0,0,0,0,0,0,0,0,0,0
64109,1,1,1984,0,0,0,7,0,0,0,8,0,44
64109,2,1,1984,0,0,0,0,0,0,0,0,0,0
64109,3,1,1984,0,0,0,0,0,0,0,0,0,0
64111,1,1,1984,0,0,0,0,0,0,0,0,0,0
64111,2,1,1984,0,0,0,0,0,0,0,0,0,0
64112,0,1,1984,0,0,0,0,0,0,0,0,0,0
64112,1,1,1984,0,0,0,0,0,0,0,0,0,0
64113,1,1,1984,12,11,0,0,0,5,0,7,0,0
64114,1,1,1984,15,15,15,15,15,15,15,15,15,15
64115,1,1,1984,15,14,18,17,12,21,0,16,10,10
64115,2,1,1984,0,0,0,0,0,0,0,0,0,0
64115,3,1,1984,0,16,0,0,0,0,0,0,0,0
64116,0,1,1984,0,0,0,0,0,0,0,0,0,0
64116,1,1,1984,0,0,0,0,0,0,12,13,0,0
64117,1,1,1984,0,0,0,0,0,0,0,0,0,0
64118,1,1,1984,22,22,22,22,22,22,22,22,22,22
64119,1,1,1984,11,11,11,11,11,11,11,11,11,11
64119,2,1,1984,0,0,0,0,0,0,0,0,0,0
64120,0,1,1984,26,26,26,26,26,26,26,26,26,26
64120,1,1,1984,0,0,0,0,0,0,0,0,0,0
64121,0,1,1984,0,0,0,0,0,0,0,0,0,0
64121,1,1,1984,0,0,11,0,27,0,0,0,0,0
64122,0,1,1984,0,0,0,0,0,0,0,0,0,0
64122,1,1,1984,0,0,0,0,0,0,0,0,0,0
64123,1,1,1984,0,0,0,0,0,0,0,0,0,0
64124,1,1,1984,0,0,0,0,0,0,0,0,0,0
64125,1,1,1984,0,0,0,0,0,0,0,0,0,0
64126,1,1,1984,0,0,0,0,0,0,0,0,0,0
64126,2,1,1984,0,0,7,5,0,0,0,12,13,22
64127,1,1,1984,19,19,19,19,19,19,19,19,19,19
64128,0,1,1984,0,22,0,0,0,0,0,0,0,0
64128,1,1,1984,0,0,0,0,7,0,0,0,0,0
64129,1,1,1984,0,0,0,0,0,0,0,0,0,0
64130,0,1,1984,0,0,0,0,0,0,0,0,0,0
64130,1,1,1984,0,0,0,0,0,0,0,0,0,0
64131,1,1,1984,16,16,16,16,16,16,16,16,16,16
64131,2,1,1984,0,0,0,0,0,0,0,0,0,0
64131,3,1,1984,0,0,0,0,0,0,0,0,0,0
64132,1,1,1984,22,22,22,22,22,22,22,22,22,22
64133,1,1,1984,0,0,0,0,0,0,0,0,0,0
64134,1,1,1984,0,0,0,0,0,0,0,0,0,0
64134,2,1,1984,0,0,0,0,0,0,0,0,0,19
64135,1,1,1984,12,12,12,12,12,12,12,12,12,12
64136,0,1,1984,20,20,20,20,20,20,20,20,20,20
64136,1,1,1984,17,0,9,19,0,17,24,0,0,11
64137,0,1,1984,0,0,0,0,0,0,0,0,0,0
64137,1,1,1984,0,0,0,0,0,0,0,0,0,0
64138,1,1,1984,20,0,0,20,0,0,14,0,27,21
64139,0,1,1984,0,0,0,0,0,0,0,0,0,0
64139,1,1,1984,0,0,0,0,0,0,0,0,0,0
64140,0,1,1984,0,0,0,0,0,0,0,0,0,0
64140,1,1,1984,0,0,0,0,0,0,0,0,0,0
64141,0,1,1984,0,0,0,0,0,0,0,0,0,0
64141,1,1,1984,0,0,0,0,0,0,0,0,0,0
64141,2,1,1984,0,0,0,0,0,0,0,0,0,0
64142,0,1,1984,0,0,0,0,0,0,0,0,0,0
64142,1,1,1984,19,19,19,19,19,19,19,19,19,19
64143,1,1,1984,0,0,0,0,0,0,0,0,0,0
64144,2,1,1984,0,0,0,0,0,0,0,0,0,0
64145,1,1,1984,0,0,0,0,0,0,0,0,0,0
64146,1,1,1984,25,25,25,25,25,25,25,25,25,25
64146,2,1,1984,0,0,13,7,0,0,0,0,0,0
64147,0,1,1984,0,0,0,0,0,0,0,0,0,0
64147,1,1,1984,15,15,15,15,15,15,15,15,15,15
64148,1,1,1984,20,20,20,20,20,20,20,20,20,20
64148,2,1,1984,0,0,5,0,0,17,0,0,0,0
64149,1,1,1984,21,21,21,21,21,21,21,21,21,21
64149,2,1,1984,0,0,0,0,0,0,0,0,0,0
64150,1,1,1984,13,13,13,13,13,13,13,13,13,13
64151,1,1,1984,16,16,16,16,16,16,16,16,16,16
64151,2,1,1984,14,0,0,0,0,0,0,0,0,16
64152,1,1,1984,0,22,0,0,0,0,0,0,0,0
64152,2,1,1984,0,0,0,0,0,0,0,0,0,0
64152,3,1,1984,0,0,0,0,0,0,0,0,0,0
64153,1,1,1984,0,0,0,0,0,0,0,0,0,0
64154,1,1,1984,0,0,0,0,0,0,0,0,0,0
64154,2,1,1984,0,0,0,0,0,0,0,0,0,0
64155,1,1,1984,11,11,11,11,11,11,11,11,11,11
64155,2,1,1984,0,0,0,0,15,0,0,0,0,0
64155,3,1,1984,15,0,0,0,0,0,0,0,0,0
64156,1,1,1984,37,37,37,37,37,37,37,37,37,37
64156,2,1,1984,0,0,0,0,0,0,0,0,0,0
64157,1,1,1984,0,0,0,0,0,0,0,23,0,0
64157,2,1,1984,0,0,0,0,0,0,0,0,0,0
64158,0,1,1984,0,0,0,0,0,0,0,0,0,0
64158,1,1,1984,0,0,17,0,0,0,0,0,26,0
64159,1,1,1984,31,31,31,31,31,31,31,31,31,31
64160,1,1,1984,0,0,0,0,0,0,0,0,0,0
64161,1,1,1984,9,9,9,9,9,9,9,9,9,9
64162,1,1,1984,18,18,18,18,18,18,18,18,18,18
64163,1,1,1984,0,0,0,0,0,0,0,0,0,0
64164,1,1,1984,17,10,22,3,0,19,8,0,0,0
64164,2,1,1984,0,0,0,0,0,0,0,0,0,23
64165,1,1,1984,17,17,17,17,17,17,17,17,17,17
64166,1,1,1984,15,15,15,15,15,15,15,15,15,15
64167,1,1,1984,0,0,0,0,0,0,0,0,0,0
64168,1,1,1984,15,15,15,15,15,15,15,15,15,15
64168,2,1,1984,0,0,0,10,0,0,0,0,0,0
64168,3,1,1984,0,0,0,0,0,0,0,0,0,0
64168,4,1,1984,0,0,0,0,0,0,0,0,0,0
64169,1,1,1984,0,0,0,0,0,0,0,0,0,0
64169,2,1,1984,0,0,0,0,0,0,0,0,0,0
64170,1,1,1984,25,25,25,25,25,25,25,25,25,25
64171,1,1,1984,3,3,3,3,3,3,3,3,3,3
64172,1,1,1984,28,28,28,28,28,28,28,28,28,28
64173,1,1,1984,0,0,0,0,11,0,0,0,6,0
64173,2,1,1984,21,21,21,21,21,21,21,21,21,21
64174,1,1,1984,0,0,0,0,0,0,0,0,0,0
64175,0,1,1984,16,16,16,16,16,16,16,16,16,16
64175,1,1,1984,15,15,15,15,15,15,15,15,15,15
64176,1,1,1984,20,0,0,0,30,0,11,17,17,0
64176,2,1,1984,0,0,0,25,0,0,0,13,0,0
64177,0,1,1984,33,33,33,33,33,33,33,33,33,33
64177,1,1,1984,0,0,12,0,0,0,0,0,0,0
64178,0,1,1984,23,23,23,23,23,23,23,23,23,23
64178,1,1,1984,0,0,0,0,0,0,0,0,0,0
64179,1,1,1984,17,17,17,17,17,17,17,17,17,17
64179,2,1,1984,0,0,0,0,0,0,0,0,0,0
64179,3,1,1984,0,0,0,0,21,0,0,0,0,0
64180,0,1,1984,0,0,0,0,0,0,0,0,0,0
64180,1,1,1984,6,6,6,6,6,6,6,6,6,6
64181,1,1,1984,0,0,0,0,0,0,0,0,0,0
64181,2,1,1984,0,16,0,0,8,0,0,5,0,0
64181,3,1,1984,0,0,0,0,0,0,0,0,0,0
64182,0,1,1984,29,29,29,29,29,29,29,29,29,29
64182,1,1,1984,0,0,0,0,0,0,0,0,0,0
64183,1,1,1984,22,22,22,22,22,22,22,22,22,22
64183,2,1,1984,0,0,0,0,0,0,0,0,0,0
64184,1,1,1984,0,0,0,0,0,0,0,0,0,0
64184,2,1,1984,0,0,0,12,0,0,0,0,0,0
64184,3,1,1984,0,0,0,0,0,0,0,0,0,0
64184,4,1,1984,0,0,0,0,0,0,0,0,0,0
64185,0,1,1984,32,14,18,26,13,26,15,21,19,0
64185,1,1,1984,3,0,0,0,0,0,14,0,0,0
64186,0,1,1984,29,29,29,29,29,29,29,29,29,29
64186,1,1,1984,0,6,0,18,0,0,0,22,0,12
64187,0,1,1984,12,12,12,12,12,12,12,12,12,12
64187,1,1,1984,7,7,7,7,7,7,7,7,7,7
64188,1,1,1984,0,0,0,0,0,0,0,0,0,0
64188,2,1,1984,7,0,22,0,17,0,0,9,0,0
64189,0,1,1984,9,9,9,9,9,9,9,9,9,9
64189,1,1,1984,0,0,0,0,0,0,0,0,0,0
64189,2,1,1984,0,0,0,0,0,0,0,0,0,0
64190,1,1,1984,0,0,0,0,0,0,0,0,0,0
64190,2,1,1984,0,0,0,0,0,0,0,0,0,0
64191,0,1,1984,0,0,0,0,0,0,0,0,0,0
64191,0,2,1984,15,26,21,0,25,0,17,9,0,0
64191,1,1,1984,4,0,0,14,0,0,0,0,0,0
64192,1,1,1984,0,0,0,0,0,0,0,0,0,0
64192,2,1,1984,0,0,0,0,0,0,0,0,0,0
64192,3,1,1984,0,0,0,0,0,0,0,0,0,0
64192,4,1,1984,0,0,0,0,0,0,0,0,0,0
64193,1,1,1984,0,0,0,0,0,0,0,0,0,0
64194,1,1,1984,0,0,0,0,0,0,0,0,0,0
64195,0,1,1984,32,32,32,32,32,32,32,32,32,32
64195,1,1,1984,0,0,0,0,0,0,0,0,0,0
64196,1,1,1984,0,0,0,0,0,0,0,0,0,0
64196,2,1,1984,0,0,0,0,0,0,0,0,0,0
64197,1,1,1984,13,13,13,13,13,13,13,13,13,13
64198,1,1,1984,14,14,14,14,14,14,14,14,14,14
64198,2,1,1984,0,0,0,0,0,14,0,0,0,0
64199,1,1,1984,0,0,0,0,0,0,0,0,0,0
64199,2,1,1984,0,0,0,0,0,0,0,0,0,0
64200,1,1,1984,15,19,13,29,23,15,20,32,19,6
64200,2,1,1984,0,0,0,0,0,0,0,0,0,23
64201,1,1,1984,20,20,20,20,20,20,20,20,20,20
64202,1,1,1984,0,0,0,0,0,0,0,0,0,0
64203,1,1,1984,36,24,25,0,23,29,0,42,25,22
64204,1,1,1984,16,16,16,16,16,16,16,16,16,16
64204,2,1,1984,10,14,0,0,0,0,0,0,0,22
64205,1,1,1984,20,20,20,20,20,20,20,20,20,20
64205,2,1,1984,0,0,0,0,0,0,0,0,0,0
64206,1,1,1984,18,18,18,18,18,18,18,18,18,18
64206,2,1,1984,0,0,0,0,0,0,0,0,0,0
64207,1,1,1984,10,10,10,10,10,10,10,10,10,10
64208,1,1,1984,15,15,15,15,15,15,15,15,15,15
64208,2,1,1984,0,0,4,21,18,0,0,0,0,0
64209,1,1,1984,19,14,12,19,30,11,25,17,14,21
64210,1,1,1984,17,0,23,15,0,20,0,0,0,8
64210,2,1,1984,23,23,23,23,23,23,23,23,23,23
64211,1,1,1984,16,16,16,16,16,16,16,16,16,16
64212,1,1,1984,0,0,0,0,0,0,0,0,0,0
64212,2,1,1984,0,0,0,0,0,0,0,0,0,0
64213,0,1,1984,0,0,0,0,0,0,0,0,0,0
64213,1,1,1984,0,0,0,0,0,0,0,0,0,0
64214,1,1,1984,0,0,9,0,0,0,0,0,0,0
64214,2,1,1984,0,0,0,0,0,0,0,0,0,0
64215,1,1,1984,0,0,0,0,0,0,0,0,0,0
64215,2,1,1984,0,11,0,0,0,0,0,0,0,0
64216,1,1,1984,4,4,4,4,4,4,4,4,4,4
64217,1,1,1984,18,18,18,18,18,18,18,18,18,18
64217,2,1,1984,0,0,0,0,0,0,0,14,0,0
64218,1,1,1984,10,10,10,10,10,10,10,10,10,10
64218,2,1,1984,0,0,0,0,0,0,0,15,0,0
64219,1,1,1984,0,0,0,0,0,0,0,0,0,0
64220,0,1,1984,18,18,18,18,18,18,18,18,18,18
64220,1,1,1984,0,0,18,3,9,17,0,17,0,18
64221,1,1,1984,16,16,16,16,16,16,16,16,16,16
64222,1,1,1984,24,24,24,24,24,24,24,24,24,24
64223,0,1,1984,0,0,0,0,0,0,0,0,0,0
64223,1,1,1984,0,0,0,0,0,0,0,0,0,0
64224,0,1,1984,0,0,0,0,0,0,0,0,0,0
64224,1,1,1984,0,0,0,0,0,0,0,0,0,0
64225,0,1,1984,0,0,0,0,0,0,0,0,0,0
64225,1,1,1984,0,0,0,0,0,0,0,24,0,0
64226,0,1,1984,0,0,0,0,0,0,0,0,0,0
64226,1,1,1984,0,0,0,0,0,0,0,0,0,0
64227,1,1,1984,16,16,16,16,16,16,16,16,16,16
64228,1,1,1984,0,0,0,0,0,0,0,0,0,0
64228,2,1,1984,0,0,0,0,12,0,0,0,0,0
64229,1,1,1984,22,22,22,22,22,22,22,22,22,22
64230,1,1,1984,7,7,7,7,7,7,7,7,7,7
64230,2,1,1984,0,0,0,0,0,0,0,0,0,0
64231,0,1,1984,0,0,0,0,0,0,0,0,0,0
64231,0,2,1984,0,0,0,0,0,0,0,0,0,0
64231,1,1,1984,0,0,0,0,9,0,0,0,22,0
64232,0,1,1984,33,33,33,33,33,33,33,33,33,33
64232,1,1,1984,31,0,0,0,0,0,21,0,0,9
64233,1,1,1984,17,17,17,17,17,17,17,17,17,17
64234,1,1,1984,12,12,12,12,12,12,12,12,12,12
64235,1,1,1984,9,9,9,9,9,9,9,9,9,9
64236,1,1,1984,29,29,29,29,29,29,29,29,29,29
64236,2,1,1984,0,0,0,0,0,0,0,0,0,0
64237,1,1,1984,17,17,17,17,17,17,17,17,17,17
64238,0,1,1984,0,0,0,0,0,0,0,0,0,0
64238,1,1,1984,0,0,0,12,0,0,0,0,0,0
64238,2,1,1984,0,0,0,0,13,0,0,0,0,0
64239,1,1,1984,0,0,0,0,0,0,0,0,0,0
64239,2,1,1984,0,0,0,0,0,0,0,0,0,0
64240,1,1,1984,15,15,15,15,15,15,15,15,15,15
64240,2,1,1984,0,0,0,0,5,0,0,0,0,0
64240,3,1,1984,0,0,0,0,0,0,0,0,0,0
64241,1,1,1984,0,0,0,0,0,0,0,0,0,0
64242,1,1,1984,0,0,0,0,0,0,0,0,0,0
64243,1,1,1984,21,21,21,21,21,21,21,21,21,21
64243,2,1,1984,0,0,0,0,0,0,0,0,0,0
64243,3,1,1984,0,0,0,0,0,0,0,0,0,0
64244,1,1,1984,32,32,32,32,32,32,32,32,32,32
64245,1,1,1984,14,14,14,14,14,14,14,14,14,14
64245,2,1,1984,0,14,0,0,0,0,0,0,0,0
64246,1,1,1984,21,21,21,21,21,21,21,21,21,21
64246,2,1,1984,10,21,0,0,0,25,0,31,0,0
64247,1,1,1984,0,0,0,0,0,0,0,0,0,0
64247,2,1,1984,0,0,0,0,0,0,0,0,0,0
64248,0,1,1984,0,0,0,0,0,0,0,0,0,0
64248,1,1,1984,0,0,0,0,0,2,0,0,0,0
64249,1,1,1984,0,0,0,0,0,0,0,0,0,0
64249,2,1,1984,0,0,0,0,0,0,0,0,0,0
64249,3,1,1984,0,0,0,0,0,0,0,0,0,0
64250,1,1,1984,0,0,0,0,0,0,0,0,0,0
64250,2,1,1984,0,0,0,0,0,0,0,0,0,0
64250,3,1,1984,0,0,0,0,0,0,0,0,0,0
64251,1,1,1984,20,20,20,20,20,20,20,20,20,20
64251,2,1,1984,0,0,0,0,0,16,0,0,0,0
64252,1,1,1984,0,0,0,0,0,0,0,0,0,0
64253,1,1,1984,18,18,18,18,18,18,18,18,18,18
64253,2,1,1984,0,0,0,0,0,0,0,0,0,0
64254,1,1,1984,9,9,9,9,9,9,9,9,9,9
64255,1,1,1984,0,0,0,0,0,0,0,0,0,0
64255,2,1,1984,0,0,0,0,0,0,0,0,0,0
64256,1,1,1984,0,0,0,0,0,0,0,0,0,0
64256,2,1,1984,0,0,0,0,0,0,0,0,0,0
64257,1,1,1984,0,0,0,0,0,0,0,0,0,0
64257,2,1,1984,0,0,0,0,0,0,0,0,0,0
64258,1,1,1984,0,0,0,0,0,0,0,0,0,0
64258,2,1,1984,0,0,0,0,0,0,0,0,0,0
64259,1,1,1984,0,0,0,0,0,0,0,0,0,0
64259,2,1,1984,0,0,0,0,0,0,0,0,0,0
64259,3,1,1984,0,0,0,0,0,0,0,0,0,0
64260,1,1,1984,14,14,14,14,14,14,14,14,14,14
64261,1,1,1984,0,0,0,0,0,0,0,0,0,0
64262,1,1,1984,19,19,19,19,19,19,19,19,19,19
64263,1,1,1984,0,0,0,0,13,0,0,0,0,0
64264,1,1,1984,0,0,0,0,0,0,0,0,0,0
64264,2,1,1984,0,0,0,0,0,0,0,0,0,0
64264,3,1,1984,0,0,0,0,0,0,0,0,0,0
64265,1,1,1984,5,5,5,5,5,5,5,5,5,5
64265,2,1,1984,0,0,0,0,0,0,0,0,0,0
64266,0,1,1984,0,0,0,0,0,0,0,0,0,0
64266,1,1,1984,0,0,0,0,0,15,0,0,0,0
64267,1,1,1984,0,10,0,0,0,0,0,0,0,0
64267,2,1,1984,0,0,0,0,0,0,0,0,0,0
64268,0,1,1984,0,0,0,0,0,0,0,0,0,0
64268,1,1,1984,0,0,0,0,0,0,0,15,0,0
64269,1,1,1984,0,0,0,0,0,0,0,0,0,0
64270,1,1,1984,0,0,0,0,0,0,6,0,0,0
64271,1,1,1984,0,0,0,0,0,0,0,0,3,0