ST_CASE,VEH_NO,PER_NO,YEAR,P1,P2,P3,P4,P5,P6,P7,P8,P9,P10
64272,1,1,1984,0,0,0,0,0,0,0,0,0,0
64272,2,1,1984,0,0,0,0,0,0,0,0,0,0
64273,1,1,1984,14,9,24,13,29,0,6,0,27,5
64274,0,1,1984,0,0,0,0,0,0,0,0,0,0
64274,1,1,1984,0,0,0,0,0,0,0,0,0,0
64275,1,1,1984,0,3,12,0,0,4,0,7,31,9
64276,1,1,1984,22,22,22,22,22,22,22,22,22,22
64277,1,1,1984,21,21,21,21,21,21,21,21,21,21
64277,2,1,1984,0,0,0,19,0,0,0,0,0,0
64277,3,1,1984,0,0,11,0,0,0,0,0,0,0
64278,1,1,1984,13,13,13,13,13,13,13,13,13,13
64279,1,1,1984,3,3,3,3,3,3,3,3,3,3
64280,1,1,1984,6,6,6,6,6,6,6,6,6,6
64281,1,1,1984,0,0,0,0,0,0,0,0,0,0
64282,1,1,1984,0,0,0,0,0,0,0,0,0,0
64282,2,1,1984,0,0,0,0,0,0,0,0,0,0
64283,0,1,1984,0,36,0,0,0,0,15,0,0,0
64283,1,1,1984,0,0,0,0,0,0,0,0,0,10
64284,1,1,1984,0,0,0,0,0,0,0,0,25,0
64284,2,1,1984,0,0,0,0,0,0,0,0,0,0
64285,1,1,1984,13,13,13,13,13,13,13,13,13,13
64285,2,1,1984,0,0,0,0,0,22,0,0,0,0
64286,0,1,1984,0,0,0,0,0,0,0,0,0,0
64286,1,1,1984,4,4,4,4,4,4,4,4,4,4
64287,1,1,1984,0,0,0,0,0,0,0,0,0,0
64288,1,1,1984,0,0,0,0,0,0,0,0,0,0
64288,2,1,1984,0,0,0,0,0,0,0,0,0,0
64289,1,1,1984,2,2,2,2,2,2,2,2,2,2
64290,0,1,1984,0,0,0,0,0,0,0,0,0,0
64290,1,1,1984,0,0,0,0,0,0,14,0,0,0
64291,1,1,1984,8,8,8,8,8,8,8,8,8,8
64292,1,1,1984,0,0,0,0,0,0,0,0,0,0
64293,1,1,1984,0,0,0,0,0,0,0,0,0,0
64293,2,1,1984,0,0,0,0,0,0,0,0,0,0
64294,1,1,1984,7,7,7,7,7,7,7,7,7,7
64294,2,1,1984,0,27,0,0,0,9,8,0,0,0
64295,1,1,1984,10,10,10,10,10,10,10,10,10,10
64296,1,1,1984,21,21,21,21,21,21,21,21,21,21
64296,2,1,1984,0,0,0,0,0,0,0,0,0,0
64297,1,1,1984,19,19,19,19,19,19,19,19,19,19
64297,2,1,1984,4,4,4,4,4,4,4,4,4,4
64298,1,1,1984,9,9,9,9,9,9,9,9,9,9
64298,2,1,1984,0,0,0,0,6,12,0,0,0,6
64299,1,1,1984,8,8,8,8,8,8,8,8,8,8
64299,2,1,1984,0,0,0,0,0,0,14,0,0,23
64300,1,1,1984,11,11,11,11,11,11,11,11,11,11
64300,2,1,1984,8,8,8,8,8,8,8,8,8,8
64301,0,1,1984,0,0,0,0,0,0,0,0,0,0
64301,1,1,1984,17,33,12,17,0,18,0,5,2,25
64302,1,1,1984,0,0,0,0,0,0,0,0,0,0
64303,1,1,1984,0,0,0,0,0,0,0,0,0,0
64303,2,1,1984,0,0,0,0,0,0,0,0,0,0
64304,1,1,1984,0,0,0,0,0,0,0,0,0,0
64305,0,1,1984,0,0,0,0,0,20,0,0,4,0
64305,1,1,1984,0,0,0,0,0,0,0,0,0,0
64306,1,1,1984,11,0,16,11,9,7,13,14,30,21
64306,2,1,1984,0,0,0,0,0,13,15,0,5,0
64307,1,1,1984,0,0,0,17,0,13,0,0,0,5
64308,0,1,1984,16,12,0,17,0,0,37,8,25,0
64308,1,1,1984,0,0,0,0,0,0,0,0,0,0
64309,1,1,1984,19,19,19,19,19,19,19,19,19,19
64310,1,1,1984,5,5,5,5,5,5,5,5,5,5
64310,2,1,1984,0,0,0,0,0,0,0,0,0,0
64311,1,1,1984,20,20,20,20,20,20,20,20,20,20
64311,2,1,1984,0,15,18,4,6,0,16,0,30,0
64312,1,1,1984,0,0,0,0,0,0,0,0,0,0
64312,2,1,1984,0,0,0,0,0,0,0,0,0,2
64313,1,1,1984,0,0,0,0,0,0,0,0,0,0
64313,2,1,1984,0,0,0,0,0,0,0,0,0,0
64313,3,1,1984,0,0,0,0,0,0,0,0,0,0
64313,4,1,1984,0,0,0,0,0,0,0,0,0,28
64313,5,1,1984,0,0,0,0,0,0,0,0,0,0
64314,1,1,1984,0,0,0,0,0,0,0,0,0,0
64315,1,1,1984,0,0,0,0,0,0,0,0,0,0
64315,2,1,1984,0,0,0,0,0,0,0,0,0,0
64315,3,1,1984,0,0,0,0,0,0,0,0,0,0
64316,1,1,1984,4,10,6,6,32,11,8,19,32,8
64316,2,1,1984,0,0,0,0,16,0,0,0,0,0
64317,1,1,1984,19,19,19,19,19,19,19,19,19,19
64318,1,1,1984,0,0,0,0,0,0,0,0,0,0
64319,1,1,1984,0,11,0,0,0,0,0,0,0,0
64319,2,1,1984,24,24,24,24,24,24,24,24,24,24
64320,1,1,1984,0,0,0,0,0,0,0,0,0,0
64321,1,1,1984,22,22,22,22,22,22,22,22,22,22
64322,1,1,1984,0,0,0,0,0,0,0,0,0,0
64322,2,1,1984,0,0,0,0,0,0,0,0,0,0
64322,3,1,1984,0,0,0,0,10,0,3,0,0,0
64323,0,1,1984,0,0,0,0,0,0,0,0,0,0
64323,1,1,1984,0,0,0,0,0,0,0,0,0,0
64324,1,1,1984,13,13,13,13,13,13,13,13,13,13
64324,2,1,1984,0,0,0,0,0,0,0,0,0,0
64325,1,1,1984,0,0,0,0,0,0,0,0,0,0
64325,2,1,1984,1,1,1,1,1,1,1,1,1,1
64326,1,1,1984,7,7,7,7,7,7,7,7,7,7
64326,2,1,1984,0,11,0,0,0,0,0,0,0,0
64326,3,1,1984,0,0,0,0,0,0,0,0,0,0
64326,4,1,1984,0,9,0,0,10,0,13,0,0,0
64326,5,1,1984,3,0,0,0,0,0,20,18,14,20
64327,1,1,1984,0,0,0,0,0,0,0,0,0,0
64328,1,1,1984,0,0,0,0,0,0,0,0,0,0
64328,2,1,1984,0,0,0,0,0,0,0,0,0,0
64328,3,1,1984,0,0,0,0,0,0,0,0,0,0
64328,4,1,1984,0,0,0,0,0,0,0,0,0,0
64329,1,1,1984,21,21,21,21,21,21,21,21,21,21
64330,1,1,1984,25,25,25,25,25,25,25,25,25,25
64330,2,1,1984,0,0,0,0,0,8,0,6,0,0
64331,1,1,1984,23,4,8,0,14,14,11,17,8,13
64331,2,1,1984,0,0,0,0,0,0,0,0,0,0
64332,0,1,1984,0,0,0,0,0,0,0,0,0,0
64332,1,1,1984,20,29,0,0,0,0,40,23,0,0
64333,1,1,1984,13,13,13,13,13,13,13,13,13,13
64334,1,1,1984,0,0,0,0,0,0,0,0,0,0
64334,2,1,1984,0,0,0,0,0,0,0,0,0,0
64335,1,1,1984,7,7,7,7,7,7,7,7,7,7
64336,1,1,1984,22,22,22,22,22,22,22,22,22,22
64336,2,1,1984,0,0,0,0,0,0,0,0,0,0
64337,1,1,1984,0,0,0,0,0,0,0,0,0,0
64337,2,1,1984,0,13,0,0,5,0,0,0,0,0
64338,1,1,1984,8,8,8,8,8,8,8,8,8,8
64339,0,1,1984,33,33,33,33,33,33,33,33,33,33
64339,1,1,1984,0,0,0,0,0,0,0,0,0,0
64340,1,1,1984,11,11,11,11,11,11,11,11,11,11
64341,1,1,1984,0,0,0,0,0,0,0,0,0,0
64342,1,1,1984,12,12,12,12,12,12,12,12,12,12
64343,1,1,1984,0,0,0,0,0,0,0,0,0,0
64344,1,1,1984,0,0,0,0,0,0,0,0,0,0
64344,2,1,1984,6,6,6,6,6,6,6,6,6,6
64345,1,1,1984,0,0,0,0,0,0,0,0,0,0
64345,2,1,1984,0,0,0,0,0,0,0,0,0,0
64346,0,1,1984,0,0,0,0,0,0,0,0,0,0
64346,1,1,1984,0,0,0,0,0,0,0,19,0,0
64347,1,1,1984,0,0,0,0,8,0,0,0,0,0
64347,2,1,1984,0,0,0,0,0,0,0,0,0,0
64348,1,1,1984,0,0,0,18,0,0,23,9,18,15
64348,2,1,1984,0,0,0,0,0,0,0,0,26,0
64349,0,1,1984,0,0,0,0,0,0,0,0,6,0
64349,1,1,1984,18,18,18,18,18,18,18,18,18,18
64349,2,1,1984,0,0,0,0,0,0,0,0,0,0
64350,1,1,1984,9,9,9,9,9,9,9,9,9,9
64350,2,1,1984,15,13,16,36,0,11,23,38,16,20
64351,1,1,1984,16,16,16,16,16,16,16,16,16,16
64352,1,1,1984,19,19,19,19,19,19,19,19,19,19
64353,1,1,1984,0,0,0,0,0,0,0,0,0,0
64354,1,1,1984,0,0,0,0,0,0,0,0,0,0
64355,0,1,1984,0,0,0,0,0,0,0,0,0,0
64355,1,1,1984,0,0,0,0,0,0,0,0,0,0
64356,1,1,1984,0,19,0,0,0,0,0,0,0,0
64356,2,1,1984,0,0,0,0,0,12,0,0,0,0
64357,0,1,1984,34,34,34,34,34,34,34,34,34,34
64357,1,1,1984,0,0,0,0,0,0,0,0,0,0
64357,2,1,1984,0,0,0,0,25,0,0,0,8,0
64358,1,1,1984,0,0,0,0,0,0,0,0,0,0
64359,1,1,1984,0,4,0,0,0,0,15,0,0,0
64359,2,1,1984,0,0,0,0,0,0,0,0,0,20
64360,1,1,1984,0,0,0,0,0,0,0,0,0,0
64361,1,1,1984,21,21,21,21,21,21,21,21,21,21
64362,0,1,1984,20,20,20,20,20,20,20,20,20,20
64362,1,1,1984,35,5,26,22,8,11,0,6,11,0
64363,1,1,1984,18,18,18,18,18,18,18,18,18,18
64364,1,1,1984,3,3,3,3,3,3,3,3,3,3
64365,1,1,1984,0,0,0,0,0,0,0,0,0,0
64365,2,1,1984,0,0,0,13,0,14,0,0,0,0
64366,1,1,1984,0,0,0,0,0,0,0,0,0,0
64367,1,1,1984,0,0,0,0,0,0,0,0,0,0
64368,1,1,1984,0,0,0,0,0,0,0,0,0,0
64369,0,1,1984,0,0,0,0,0,0,0,0,0,0
64369,1,1,1984,0,0,0,0,0,0,0,0,0,0
64370,0,1,1984,0,0,0,0,0,0,0,0,0,0
64370,1,1,1984,0,0,0,0,0,0,0,0,0,0
64371,1,1,1984,0,0,0,0,0,0,0,0,0,0
64371,2,1,1984,0,0,0,0,0,0,0,0,0,0
64372,1,1,1984,0,0,13,0,0,0,0,0,0,0
64373,1,1,1984,18,0,8,0,0,0,23,0,3,0
64373,2,1,1984,0,0,0,0,0,0,0,0,0,0
64374,1,1,1984,0,0,0,0,0,0,0,0,0,0
64375,0,1,1984,21,21,21,21,21,21,21,21,21,21
64375,1,1,1984,0,14,0,0,14,26,0,0,0,0
64376,1,1,1984,0,0,0,0,0,0,5,0,13,0
64376,2,1,1984,0,0,0,0,0,0,0,0,0,4
64377,0,1,1984,18,20,12,0,12,9,18,23,0,34
64377,1,1,1984,0,0,0,0,0,0,0,0,0,0
64378,0,1,1984,0,0,0,0,0,0,0,0,0,0
64378,1,1,1984,0,0,0,0,0,5,0,0,15,0
64379,1,1,1984,17,17,17,17,17,17,17,17,17,17
64380,0,1,1984,16,16,16,16,16,16,16,16,16,16
64380,1,1,1984,0,0,0,0,0,0,0,0,0,0
64381,1,1,1984,0,0,0,0,0,0,0,0,0,0
64381,2,1,1984,0,0,0,0,0,0,0,0,0,13
64382,1,1,1984,0,0,0,0,0,0,0,0,0,0
64382,2,1,1984,13,0,0,0,0,0,0,0,0,0
64382,3,1,1984,0,0,0,0,11,0,0,13,0,0
64383,1,1,1984,0,0,0,0,0,0,0,0,0,0
64383,2,1,1984,0,0,0,10,0,0,0,0,0,0
64383,3,1,1984,0,0,0,0,0,0,0,0,0,0
64384,1,1,1984,0,0,0,0,0,0,0,0,0,0
64385,0,1,1984,0,0,0,0,0,0,0,0,0,0
64385,1,1,1984,0,0,0,0,0,0,0,0,0,8
64386,1,1,1984,0,0,0,0,0,0,0,0,0,0
64386,2,1,1984,0,0,17,0,0,0,0,0,0,0
64387,1,1,1984,0,20,0,24,0,0,0,16,20,32
64387,2,1,1984,0,12,17,0,0,0,0,0,0,0
64388,1,1,1984,25,25,25,25,25,25,25,25,25,25
64389,1,1,1984,0,0,0,0,0,0,0,0,0,0
64390,1,1,1984,0,0,0,0,0,0,0,0,0,0
64390,2,1,1984,0,0,0,0,0,0,0,0,0,0
64390,3,1,1984,0,0,0,0,0,0,0,0,0,0
64391,1,1,1984,0,0,0,0,0,0,0,0,0,0
64391,2,1,1984,0,0,0,0,0,0,0,0,0,0
64392,1,1,1984,0,0,0,0,0,0,0,0,0,0
64392,2,1,1984,0,0,0,0,0,0,0,0,0,0
64393,0,1,1984,0,0,0,0,0,0,0,0,0,0
64393,1,1,1984,0,11,0,0,0,0,0,0,0,0
64394,1,1,1984,18,0,0,0,0,0,0,0,23,0
64394,2,1,1984,0,0,0,0,0,0,0,0,0,0
64395,1,1,1984,0,0,0,0,0,0,0,0,0,0
64396,1,1,1984,0,0,5,0,0,0,0,0,0,0
64396,2,1,1984,0,0,0,0,0,0,0,0,0,0
64397,1,2,1984,0,0,0,0,0,0,0,0,0,0
64398,1,1,1984,0,0,0,0,0,0,0,0,0,0
64399,0,1,1984,0,0,0,0,0,0,0,0,0,0
64399,1,1,1984,0,0,0,0,0,0,0,16,0,0
64400,0,1,1984,20,20,20,20,20,20,20,20,20,20
64400,1,1,1984,0,0,0,12,0,0,18,0,0,0
64401,0,1,1984,16,16,16,16,16,16,16,16,16,16
64402,1,1,1984,0,0,0,0,0,0,0,0,0,0
64402,2,1,1984,0,0,0,0,0,0,0,0,0,0
64403,0,1,1984,0,0,0,0,0,0,0,0,0,0
64403,1,1,1984,0,0,0,0,0,0,0,0,0,0
64404,1,1,1984,0,0,16,0,0,0,0,0,0,11
64404,2,1,1984,0,0,0,0,0,0,0,0,0,0
64405,0,1,1984,0,0,0,0,0,0,0,0,0,0
64405,1,1,1984,0,0,0,0,0,0,0,0,0,0
64406,0,1,1984,0,0,0,0,0,0,0,0,0,0
64406,1,1,1984,0,0,0,0,0,0,0,0,0,0
64407,1,1,1984,16,16,16,16,16,16,16,16,16,16
64408,0,1,1984,0,0,0,0,0,0,0,0,0,0
64408,1,1,1984,0,0,0,0,0,0,0,0,0,23
64409,0,1,1984,0,0,0,0,0,0,0,0,0,0
64409,1,1,1984,0,0,0,0,0,0,0,0,0,0
64410,1,1,1984,0,0,0,0,0,0,0,0,0,0
64410,2,1,1984,0,0,0,0,0,0,0,0,0,0
64411,0,1,1984,0,0,11,0,5,0,0,0,11,10
64411,1,1,1984,23,25,9,0,0,15,25,0,32,0
64412,1,1,1984,0,0,0,0,0,0,0,0,0,0
64412,2,1,1984,0,0,0,0,0,0,0,0,0,0
64413,0,1,1984,0,8,0,0,0,0,0,20,39,0
64413,1,1,1984,21,0,12,0,9,0,7,0,23,0
64414,1,1,1984,0,0,0,0,0,0,0,0,0,0
64414,2,1,1984,0,0,0,0,0,0,0,0,0,0
64415,0,1,1984,19,34,17,33,34,43,24,12,23,42
64415,1,1,1984,13,14,21,9,24,14,15,7,19,14
64416,1,1,1984,8,8,8,8,8,8,8,8,8,8
64417,1,1,1984,0,0,11,0,0,10,0,0,0,0
64418,1,1,1984,25,25,25,25,25,25,25,25,25,25
64418,2,1,1984,0,0,0,0,0,0,0,0,0,0
64418,3,1,1984,10,7,19,0,0,0,0,0,0,0
64419,1,1,1984,10,10,10,10,10,10,10,10,10,10
64420,1,1,1984,19,21,0,29,17,22,0,5,9,10
64421,0,1,1984,0,0,0,0,0,0,0,0,0,0
64421,1,1,1984,11,0,0,0,0,0,0,0,0,0
64422,1,1,1984,0,0,0,0,0,0,0,0,0,0
64422,2,1,1984,0,0,0,0,0,0,0,0,0,0
64423,1,1,1984,0,0,0,0,0,0,0,0,12,0
64424,1,1,1984,21,21,21,21,21,21,21,21,21,21
64425,0,1,1984,14,14,14,14,14,14,14,14,14,14
64425,1,1,1984,0,0,0,0,0,0,0,0,0,0
64426,1,1,1984,8,8,8,8,8,8,8,8,8,8
64427,1,1,1984,0,0,0,0,0,0,0,0,0,0
64428,0,1,1984,0,0,0,0,0,0,0,0,0,0
64428,1,1,1984,0,0,0,13,21,0,0,0,19,0
64429,1,1,1984,20,20,20,20,20,20,20,20,20,20
64429,2,1,1984,0,0,0,0,6,0,0,0,0,0
64430,0,1,1984,17,17,17,17,17,17,17,17,17,17
64430,1,1,1984,27,0,0,0,0,0,0,0,10,0
64431,0,1,1984,0,0,0,0,0,0,0,0,0,0
64431,1,1,1984,0,0,0,0,0,0,0,0,0,0
64432,1,1,1984,0,0,0,0,0,0,0,0,0,0
64433,1,1,1984,0,0,0,0,0,0,0,0,0,0
64434,0,1,1984,0,0,0,0,0,0,0,0,0,0
64434,1,1,1984,0,0,0,0,0,0,20,0,0,0
64435,1,1,1984,0,0,0,0,0,0,0,0,0,0
64436,1,1,1984,25,25,25,25,25,25,25,25,25,25
64437,1,1,1984,0,0,0,0,0,0,0,0,0,0
64437,2,1,1984,0,0,0,0,0,0,0,0,0,0
64438,1,1,1984,9,9,9,9,9,9,9,9,9,9
64438,2,1,1984,10,11,8,14,6,8,20,19,13,0
64439,1,1,1984,8,8,8,8,8,8,8,8,8,8
64440,1,1,1984,0,22,0,0,0,0,0,0,0,0
64440,2,1,1984,0,0,0,0,0,0,0,0,0,0
64441,0,1,1984,0,0,0,0,0,0,0,0,0,0
64441,1,1,1984,0,0,0,0,0,0,0,0,0,0
64442,1,1,1984,0,0,12,0,0,3,0,0,0,0
64442,2,1,1984,0,0,0,0,0,0,0,0,0,0
64443,1,1,1984,0,0,0,0,0,0,0,0,0,0
64444,1,1,1984,0,0,0,0,0,0,0,0,0,0
64445,1,1,1984,0,0,0,0,0,0,0,0,0,0
64445,2,1,1984,0,0,0,19,0,0,0,0,0,9
64445,3,1,1984,0,0,0,0,0,0,0,0,0,0
64446,0,1,1984,0,0,0,0,0,0,0,0,0,0
64446,1,1,1984,0,5,0,0,0,0,0,0,0,0
64447,1,1,1984,23,23,23,23,23,23,23,23,23,23
64448,1,2,1984,23,0,22,15,21,10,20,0,5,0
64449,1,1,1984,0,0,0,0,0,0,0,0,0,0
64450,1,1,1984,0,0,0,0,0,2,0,0,0,0
64450,2,1,1984,0,0,0,0,0,0,0,0,0,0
64451,1,1,1984,19,25,14,15,8,13,17,0,8,14
64452,1,1,1984,0,0,0,0,0,0,0,0,0,0
64452,2,1,1984,0,0,0,0,0,0,0,0,0,0
64453,1,1,1984,7,7,7,7,7,7,7,7,7,7
64453,2,1,1984,0,0,0,0,0,0,0,0,0,0
64453,3,1,1984,0,0,0,0,0,0,0,0,0,0
64454,1,1,1984,22,22,22,22,22,22,22,22,22,22
64455,1,1,1984,18,0,23,12,0,12,10,26,8,15
64456,1,1,1984,0,0,0,0,0,0,20,0,0,11
64457,1,1,1984,0,0,0,0,0,0,0,0,0,0
64457,2,1,1984,0,0,0,0,0,0,0,0,0,0
64458,1,1,1984,3,3,3,3,3,3,3,3,3,3
64458,2,1,1984,0,0,0,0,0,0,0,0,0,0
64459,1,1,1984,22,14,0,0,15,14,0,0,0,0
64460,1,1,1984,0,0,0,0,0,0,0,0,0,0
64460,2,1,1984,0,8,0,0,0,0,0,10,0,0
64461,1,1,1984,19,19,19,19,19,19,19,19,19,19
64461,2,1,1984,7,7,7,7,7,7,7,7,7,7
64462,1,1,1984,19,19,19,19,19,19,19,19,19,19
64463,1,1,1984,12,12,12,12,12,12,12,12,12,12
64464,1,1,1984,0,0,0,0,0,0,0,0,0,0
64465,1,1,1984,0,0,0,0,0,0,0,0,0,0
64465,2,1,1984,0,0,0,0,0,0,0,10,0,0
64466,1,1,1984,22,22,22,22,22,22,22,22,22,22
64467,1,1,1984,16,16,16,16,16,16,16,16,16,16
64468,1,1,1984,6,6,6,6,6,6,6,6,6,6
64468,2,1,1984,0,0,0,0,0,0,0,0,11,0
64469,1,1,1984,22,22,22,22,22,22,22,22,22,22
64469,2,1,1984,0,0,0,32,0,0,0,0,0,0
64470,1,1,1984,25,25,25,25,25,25,25,25,25,25
64471,1,1,1984,22,22,22,22,22,22,22,22,22,22
64472,1,1,1984,0,0,0,0,0,0,0,0,0,0
64473,1,1,1984,13,13,13,13,13,13,13,13,13,13
64474,1,1,1984,14,14,14,14,14,14,14,14,14,14
64475,1,1,1984,22,22,22,22,22,22,22,22,22,22
64476,1,1,1984,0,0,0,0,0,0,0,0,0,0
64477,1,1,1984,12,12,12,12,12,12,12,12,12,12
64477,2,1,1984,0,0,0,0,0,0,0,0,0,0
64478,1,1,1984,10,10,10,10,10,10,10,10,10,10
64479,0,1,1984,7,7,7,7,7,7,7,7,7,7
64479,1,1,1984,21,21,21,21,21,21,21,21,21,21
64480,1,1,1984,0,0,0,0,0,0,0,0,0,0
64480,2,1,1984,9,0,0,0,0,0,0,0,0,0
64480,3,1,1984,0,0,0,0,0,0,0,0,0,0
64481,0,1,1984,0,0,0,0,0,0,0,0,0,0
64481,1,1,1984,0,0,0,0,0,0,0,0,0,6
64482,1,1,1984,9,9,9,9,9,9,9,9,9,9
64482,2,1,1984,0,0,0,0,14,0,0,4,0,0
64483,0,1,1984,0,0,0,0,0,0,0,0,0,0
64483,1,1,1984,0,0,0,0,17,0,0,0,0,0
64484,1,1,1984,9,0,0,16,0,0,12,0,0,0
64484,2,1,1984,0,0,0,8,0,0,0,0,0,0
64484,3,1,1984,0,0,0,0,0,0,0,0,11,0
64484,4,1,1984,0,0,0,0,0,0,0,0,0,0
64484,5,1,1984,0,0,0,0,0,0,21,0,0,0
64485,0,1,1984,0,0,0,0,0,0,0,0,0,0
64485,1,1,1984,0,0,0,0,0,0,0,0,0,0
64486,1,1,1984,27,27,27,27,27,27,27,27,27,27
64487,1,1,1984,21,21,21,21,21,21,21,21,21,21
64488,1,1,1984,0,0,0,0,0,0,0,0,0,0
64488,2,1,1984,0,11,0,0,0,0,0,0,0,0
64489,1,1,1984,18,18,18,18,18,18,18,18,18,18
64490,0,1,1984,16,16,16,16,16,16,16,16,16,16
64490,1,1,1984,0,0,0,0,0,0,0,0,0,0
64491,1,1,1984,13,13,13,13,13,13,13,13,13,13
64492,1,1,1984,7,7,7,7,7,7,7,7,7,7
64492,2,1,1984,0,0,0,0,0,0,0,0,0,0
64493,0,1,1984,0,0,0,0,0,0,0,0,0,0
64493,1,1,1984,0,0,0,0,0,0,0,0,0,0
64494,1,1,1984,31,0,0,0,0,0,0,0,33,0
64494,2,1,1984,0,0,13,0,0,0,0,0,0,0
64494,3,1,1984,15,0,0,0,0,0,0,0,14,12
64495,1,1,1984,21,21,21,21,21,21,21,21,21,21
64496,0,1,1984,21,21,21,21,21,21,21,21,21,21
64496,1,1,1984,0,0,0,0,0,0,1,0,0,0
64497,1,1,1984,12,12,12,12,12,12,12,12,12,12
64498,1,1,1984,3,3,3,3,3,3,3,3,3,3
64499,1,1,1984,0,0,0,0,8,0,0,0,10,0
64500,1,1,1984,0,0,0,0,0,0,0,0,0,0
64500,2,1,1984,0,0,0,0,0,0,0,0,0,0
64501,1,1,1984,0,0,0,0,0,0,0,0,0,0
64501,2,1,1984,0,27,0,0,0,0,0,0,0,0
64502,1,1,1984,19,19,19,19,19,19,19,19,19,19
64503,0,1,1984,0,0,28,0,0,0,0,17,0,0
64503,1,1,1984,0,0,0,0,0,0,0,0,0,0
64504,1,1,1984,0,0,0,0,0,0,0,0,0,0
64504,2,1,1984,0,0,0,0,0,0,9,0,0,0
64505,1,1,1984,0,0,0,0,0,0,0,0,0,21
64505,2,1,1984,0,0,0,0,0,0,0,0,0,0
64506,1,1,1984,32,0,0,0,0,17,0,0,0,0
64507,1,1,1984,21,21,0,0,6,0,0,12,16,9
64508,0,1,1984,0,0,0,0,0,0,0,0,0,0
64508,1,1,1984,0,0,0,0,0,0,0,0,0,0
64509,1,1,1984,0,0,0,0,0,11,0,0,0,0
64509,2,1,1984,0,0,0,0,0,0,0,0,0,18
64510,1,1,1984,0,0,0,0,0,13,0,0,0,8
64510,2,1,1984,0,0,0,0,0,0,0,0,0,0
64511,0,1,1984,0,16,0,22,5,13,17,9,0,7
64511,0,2,1984,0,0,0,0,0,0,0,0,0,0
64511,1,1,1984,24,0,18,0,29,31,17,0,34,37
64512,0,1,1984,0,0,0,0,0,0,0,0,0,0
64512,1,1,1984,0,0,0,0,0,0,0,0,0,0
64513,1,1,1984,14,14,14,14,14,14,14,14,14,14
64513,2,1,1984,0,0,20,0,0,0,0,0,0,0
64514,1,1,1984,0,0,0,0,0,0,0,0,0,0
64514,2,1,1984,0,0,0,0,16,0,0,0,0,0
64514,3,1,1984,0,0,0,0,0,0,0,11,0,0
64515,1,1,1984,5,5,5,5,5,5,5,5,5,5
64515,2,1,1984,0,0,0,0,0,0,0,0,0,0
64516,0,1,1984,0,0,17,0,0,16,0,0,0,19
64516,1,1,1984,0,0,12,0,0,0,20,0,0,0
64517,0,1,1984,0,0,0,0,0,0,0,0,0,0
64517,1,1,1984,4,4,4,4,4,4,4,4,4,4
64518,1,1,1984,0,0,0,0,0,0,0,0,0,0
64518,2,1,1984,0,0,0,0,0,0,0,0,0,0
64519,1,4,1984,18,18,18,18,18,18,18,18,18,18
64520,1,1,1984,0,0,0,0,0,0,0,0,0,0
64520,2,1,1984,0,0,0,0,0,0,0,19,0,0
64521,1,1,1984,0,0,8,0,0,0,7,0,0,0
64521,2,1,1984,0,0,0,0,0,0,0,0,0,0
64522,1,1,1984,0,0,0,0,5,0,0,0,0,0
64522,2,1,1984,0,0,0,0,0,0,0,0,0,0
64523,0,1,1984,0,0,0,0,0,0,0,0,0,0
64523,1,1,1984,0,0,0,0,0,0,0,0,0,0
64524,1,1,1984,0,0,0,0,0,0,0,0,0,0
64524,2,1,1984,0,0,0,0,0,0,0,0,0,0
64525,1,1,1984,9,13,19,25,9,15,25,26,21,13
64526,1,1,1984,14,16,17,13,17,19,17,17,9,19
64527,1,1,1984,0,0,0,0,0,0,0,0,0,7
64527,2,1,1984,0,3,0,0,0,0,0,0,0,0
64528,0,1,1984,14,26,21,5,35,0,19,20,27,23
64528,1,1,1984,0,0,0,0,0,0,0,0,0,0
64529,1,1,1984,0,0,0,0,0,0,0,0,0,0
64530,0,1,1984,0,0,0,0,0,0,10,0,0,0
64530,1,1,1984,0,0,0,0,0,0,0,0,0,0
64530,2,1,1984,0,12,0,0,0,0,0,0,0,0
64531,1,1,1984,14,14,14,14,14,14,14,14,14,14
64532,1,1,1984,10,9,10,21,6,22,4,14,19,16
64532,2,1,1984,0,0,0,0,0,0,0,0,0,0
64533,0,1,1984,0,0,0,0,0,0,0,0,0,0
64533,1,1,1984,0,0,0,0,0,0,0,0,0,0
64533,3,1,1984,0,0,0,0,0,0,0,0,0,0
64533,4,1,1984,0,0,0,0,0,0,0,0,0,0
64533,5,1,1984,0,0,0,0,0,0,0,17,0,0
64533,6,1,1984,0,0,0,0,0,0,0,0,0,0
64533,7,1,1984,0,0,0,0,0,0,0,0,0,0
64533,8,1,1984,0,0,0,0,0,0,0,0,14,0
64533,9,1,1984,0,0,0,0,0,0,0,0,0,0
64533,10,1,1984,0,0,0,0,0,0,0,0,0,0
64533,11,1,1984,0,0,0,0,0,0,0,0,0,0
64533,12,1,1984,0,0,0,0,0,0,14,0,0,0
64534,0,1,1984,0,0,0,0,0,0,7,0,0,0
64534,1,1,1984,0,0,0,0,0,0,0,0,0,0
64535,0,1,1984,0,0,0,0,0,0,0,42,0,0
64535,1,1,1984,0,0,0,0,0,9,0,0,0,0